 AS V1.42 Beta [Bld 311] - Source File main.asm - Page 1 - 9/11/2026 13:29:43


       1/       0 :                     ; Copyright (C) 2020 Sean Gonsalves
       2/       0 :                     ;
       3/       0 :                     ; Neo CD SD Loader system ROM patch
       4/       0 :                     ; This file is part of Neo CD SD Loader.
       5/       0 :                     ;
       6/       0 :                     ; This program is free software; you can redistribute it and/or modify
       7/       0 :                     ; it under the terms of the GNU General Public License as published by
       8/       0 :                     ; the Free Software Foundation; either version 2, or (at your option)
       9/       0 :                     ; any later version.
      10/       0 :                     ;
      11/       0 :                     ; This program is distributed in the hope that it will be useful,
      12/       0 :                     ; but WITHOUT ANY WARRANTY; without even the implied warranty of
      13/       0 :                     ; MERCHANTABILITY or FITNESS FOR A PARTICULAR PURPOSE.  See the
      14/       0 :                     ; GNU General Public License for more details.
      15/       0 :                     ;
      16/       0 :                     ; You should have received a copy of the GNU General Public License
      17/       0 :                     ; along with this program; see the file COPYING.  If not, write to
      18/       0 :                     ; the Free Software Foundation, Inc., 51 Franklin Street,
      19/       0 :                     ; Boston, MA 02110-1301, USA.
      20/       0 :                     
      21/       0 :                     ; For FRONT, TOP-SP1, TOP-SP1-2 and TOP-SP1-3
      22/       0 :                     
      23/       0 :                         cpu 68000
      24/       0 :                         supmode on
      25/       0 :                     
      26/       0 :                     ;MAMEDEBUG equ 1        ; Uncomment to assemble for MAME debugging
      27/       0 :                     ;DEBUGBUILD equ 1		; Uncomment to enable debug messages
      28/       0 :                     ;LOADTEST equ 1		    ; Uncomment to enable CD data load with B press
      29/       0 :                     
      30/       0 : =>DEFINED               IFNDEF TARGET
      31/       0 :                             ERROR "TARGET is undefined"
      32/       0 : [30]                    ENDIF
      33/       0 :                     
      34/       0 :                         INCLUDE "defs.asm"
(1)    1/       0 :                     ; Copyright (C) 2020 Sean Gonsalves
(1)    2/       0 :                     ;
(1)    3/       0 :                     ; This file is part of Neo CD SD Loader.
(1)    4/       0 :                     ;
(1)    5/       0 :                     ; This program is free software; you can redistribute it and/or modify
(1)    6/       0 :                     ; it under the terms of the GNU General Public License as published by
(1)    7/       0 :                     ; the Free Software Foundation; either version 2, or (at your option)
(1)    8/       0 :                     ; any later version.
(1)    9/       0 :                     ;
(1)   10/       0 :                     ; This program is distributed in the hope that it will be useful,
(1)   11/       0 :                     ; but WITHOUT ANY WARRANTY; without even the implied warranty of
(1)   12/       0 :                     ; MERCHANTABILITY or FITNESS FOR A PARTICULAR PURPOSE.  See the
(1)   13/       0 :                     ; GNU General Public License for more details.
(1)   14/       0 :                     ;
(1)   15/       0 :                     ; You should have received a copy of the GNU General Public License
(1)   16/       0 :                     ; along with this program; see the file COPYING.  If not, write to
(1)   17/       0 :                     ; the Free Software Foundation, Inc., 51 Franklin Street,
(1)   18/       0 :                     ; Boston, MA 02110-1301, USA.
(1)   19/       0 :                     
(1)   20/       0 :                     ; Hard DIPs:
(1)   21/       0 : =$0                 DIPSW_SETTINGS  equ 0   ; Settings mode
(1)   22/       0 : =$1                 DIPSW_CHUTES    equ 1   ; Number of coin chutes
(1)   23/       0 : =$2                 DIPSW_CTRL      equ 2   ; Mahjong controller enable
(1)   24/       0 : =$3                 DIPSW_ID0       equ 3   ; Multiplayer ID
(1)   25/       0 : =$4                 DIPSW_ID1       equ 4   ; Multiplayer ID
(1)   26/       0 : =$5                 DIPSW_MULTI     equ 5   ; Multiplayer enable
 AS V1.42 Beta [Bld 311] - Source File main.asm(defs.asm) - Page 2 - 9/11/2026 13:29:43


(1)   27/       0 : =$6                 DIPSW_FREEPLAY  equ 6   ; Freeplay enable
(1)   28/       0 : =$7                 DIPSW_FREEZE    equ 7   ; Freeze frame
(1)   29/       0 :                     
(1)   30/       0 :                     ; Header values
(1)   31/       0 : =$108               HEADER_NGH        equ $108      ; Game's NGH
(1)   32/       0 : =$116               HEADER_SDIPS_JP   equ $116      ; JP soft DIPs layout
(1)   33/       0 : =$11A               HEADER_SDIPS_US   equ $11A      ; US soft DIPs layout
(1)   34/       0 : =$11E               HEADER_SDIPS_EU   equ $11E      ; EU soft DIPs layout
(1)   35/       0 :                     
(1)   36/       0 :                     ; VRAM zones:
(1)   37/       0 : =$0                 SCB1            equ $0000   ; Sprite tilemaps
(1)   38/       0 : =$7000              FIXMAP          equ $7000   ; Fix tilemap
(1)   39/       0 : =$8000              SCB2            equ $8000   ; Sprite shrink values
(1)   40/       0 : =$8200              SCB3            equ $8200   ; Sprite Y positions, heights and flags
(1)   41/       0 : =$8400              SCB4            equ $8400   ; Sprite X positions
(1)   42/       0 :                     
(1)   43/       0 :                     ; Basic colors:
(1)   44/       0 : =$8000              BLACK           equ $8000
(1)   45/       0 : =$4700              MIDRED          equ $4700
(1)   46/       0 : =$4F00              RED             equ $4F00
(1)   47/       0 : =$2070              MIDGREEN        equ $2070
(1)   48/       0 : =$20F0              GREEN           equ $20F0
(1)   49/       0 : =$1007              MIDBLUE         equ $1007
(1)   50/       0 : =$100F              BLUE            equ $100F
(1)   51/       0 : =$6770              MIDYELLOW       equ $6770
(1)   52/       0 : =$6FF0              YELLOW          equ $6FF0
(1)   53/       0 : =$5707              MIDMAGENTA      equ $5707
(1)   54/       0 : =$5F0F              MAGENTA         equ $5F0F
(1)   55/       0 : =$3077              MIDCYAN         equ $3077
(1)   56/       0 : =$30FF              CYAN            equ $30FF
(1)   57/       0 : =$6F70              ORANGE          equ $6F70
(1)   58/       0 : =$7777              MIDGREY         equ $7777
(1)   59/       0 : =$7FFF              WHITE           equ $7FFF
(1)   60/       0 :                     
(1)   61/       0 :                     ; Memory zones:
(1)   62/       0 : =$100000            RAMSTART        equ $100000   ; 68k work RAM
(1)   63/       0 : =$400000            PALETTES        equ $400000   ; Palette RAM
(1)   64/       0 : =$401FFE            BACKDROP        equ PALETTES+(16*2*256)-2
(1)   65/       0 : =$800000            MEMCARD         equ $800000   ; Memory card
(1)   66/       0 : =$C00000            SYSROM          equ $C00000   ; System ROM
(1)   67/       0 :                     
(1)   68/       0 :                     ; Registers:
(1)   69/       0 : =$300000            REG_P1CNT       equ $300000
(1)   70/       0 : =$300001            REG_DIPSW       equ $300001   ; Dipswitches/Watchdog
(1)   71/       0 : =$320000            REG_SOUND       equ $320000   ; Z80 I/O
(1)   72/       0 : =$320001            REG_STATUS_A    equ $320001
(1)   73/       0 : =$340000            REG_P2CNT       equ $340000
(1)   74/       0 : =$380000            REG_STATUS_B    equ $380000
(1)   75/       0 : =$380001            REG_POUTPUT     equ $380001   ; Joypad port outputs
(1)   76/       0 : =$380011            REG_CRDBANK     equ $380011
(1)   77/       0 : =$380021            REG_SLOT        equ $380021   ; Slot select
(1)   78/       0 :                     
(1)   79/       0 : =$3A0001            REG_NOSHADOW    equ $3A0001   ; Video output normal/dark
(1)   80/       0 : =$3A0011            REG_SHADOW      equ $3A0011
(1)   81/       0 : =$3A0013            REG_SWPROM      equ $3A0013
(1)   82/       0 : =$3A0019            REG_CRDNORMAL   equ $3A0019
(1)   83/       0 : =$3A000B            REG_BRDFIX      equ $3A000B   ; Use embedded fix tileset
(1)   84/       0 : =$3A001B            REG_CRTFIX      equ $3A001B   ; Use game fix tileset
(1)   85/       0 : =$3A000F            REG_PALBANK1    equ $3A000F   ; Use palette bank 1
(1)   86/       0 : =$3A001F            REG_PALBANK0    equ $3A001F   ; Use palette bank 0 (default)
 AS V1.42 Beta [Bld 311] - Source File main.asm(defs.asm) - Page 3 - 9/11/2026 13:29:43


(1)   87/       0 :                     
(1)   88/       0 : =$3C0000            REG_VRAMADDR    equ $3C0000
(1)   89/       0 : =$3C0002            REG_VRAMRW      equ $3C0002
(1)   90/       0 : =$3C0004            REG_VRAMMOD     equ $3C0004
(1)   91/       0 : =$3C0006            REG_LSPCMODE    equ $3C0006
(1)   92/       0 : =$3C0008            REG_TIMERHIGH   equ $3C0008
(1)   93/       0 : =$3C000A            REG_TIMERLOW    equ $3C000A
(1)   94/       0 : =$3C000C            REG_IRQACK      equ $3C000C
(1)   95/       0 : =$3C000E            REG_TIMERSTOP   equ $3C000E
(1)   96/       0 :                     
(1)   97/       0 : =$FF0105            REG_TRANSAREA   equ $FF0105
(1)   98/       0 : =$FF0111            REG_DISBLSPR	equ $FF0111
(1)   99/       0 : =$FF0115            REG_DISBLFIX	equ $FF0115
(1)  100/       0 : =$FF0119            REG_ENVIDEO		equ $FF0119
(1)  101/       0 : =$FF011C            REG_CDCONFIG    equ $FF011C
(1)  102/       0 : =$FF0121            REG_UPMAPSPR    equ $FF0121
(1)  103/       0 : =$FF0123            REG_UPMAPPCM    equ $FF0123
(1)  104/       0 : =$FF0127            REG_UPMAPZ80    equ $FF0127
(1)  105/       0 : =$FF0129            REG_UPMAPFIX    equ $FF0129
(1)  106/       0 : =$FF0141            REG_UPUNMAPSPR  equ $FF0141
(1)  107/       0 : =$FF0143            REG_UPUNMAPPCM  equ $FF0143
(1)  108/       0 : =$FF0147            REG_UPUNMAPZ80  equ $FF0147
(1)  109/       0 : =$FF0149            REG_UPUNMAPFIX  equ $FF0149
(1)  110/       0 : =$FF0161            REG_CDDINPUT    equ $FF0161
(1)  111/       0 : =$FF0163            REG_CDDOUTPUT   equ $FF0163
(1)  112/       0 : =$FF0165            REG_CDDCTRL     equ $FF0165
(1)  113/       0 : =$FF016F            REG_UPLOAD_EN   equ $FF016F
(1)  114/       0 : =$FF0181            REG_CDRST       equ $FF0181
(1)  115/       0 : =$FF0183            REG_Z80RST      equ $FF0183
(1)  116/       0 : =$FF01A1            REG_SPRBANK     equ $FF01A1
(1)  117/       0 : =$FF01A3            REG_PCMBANK     equ $FF01A3
(1)  118/       0 :                     
(1)  119/       0 :                     ; System ROM calls:
(1)  120/       0 : =$C00438            SYS_INT1          equ $C00438
(1)  121/       0 : =$C00444            SYS_RETURN        equ $C00444
(1)  122/       0 : =$C0044A            SYS_IO            equ $C0044A
(1)  123/       0 : =$C00450            SYS_CREDIT_CHECK  equ $C00450
(1)  124/       0 : =$C00456            SYS_CREDIT_DOWN   equ $C00456
(1)  125/       0 : =$C0045C            SYS_READ_CALENDAR equ $C0045C   ; MVS only
(1)  126/       0 : =$C00468            SYS_CARD          equ $C00468
(1)  127/       0 : =$C0046E            SYS_CARD_ERROR    equ $C0046E
(1)  128/       0 : =$C00474            SYS_HOWTOPLAY     equ $C00474   ; MVS only
(1)  129/       0 : =$C004C2            SYS_FIX_CLEAR     equ $C004C2
(1)  130/       0 : =$C004C8            SYS_LSP_1ST       equ $C004C8   ; Clear sprites
(1)  131/       0 : =$C004CE            SYS_MESS_OUT      equ $C004CE
(1)  132/       0 : =$C0055E            SYS_CDPLAYER      equ $C0055E
(1)  133/       0 :                     
(1)  134/       0 :                     ; RAM locations:
(1)  135/       0 : =$10FD80            BIOS_SYSTEM_MODE  equ $10FD80
(1)  136/       0 : =$10FD82            BIOS_MVS_FLAG     equ $10FD82
(1)  137/       0 : =$10FD83            BIOS_COUNTRY_CODE equ $10FD83
(1)  138/       0 : =$10FD84            BIOS_GAME_DIP     equ $10FD84   ; Start of soft DIPs settings (up to $10FD93)
(1)  139/       0 :                     
(1)  140/       0 :                     ; Set by SYS_IO:
(1)  141/       0 : =$10FD94            BIOS_P1STATUS   equ $10FD94
(1)  142/       0 : =$10FD95            BIOS_P1PREVIOUS equ $10FD95
(1)  143/       0 : =$10FD96            BIOS_P1CURRENT  equ $10FD96
(1)  144/       0 : =$10FD97            BIOS_P1CHANGE   equ $10FD97
(1)  145/       0 : =$10FD98            BIOS_P1REPEAT   equ $10FD98
(1)  146/       0 : =$10FD99            BIOS_P1TIMER    equ $10FD99
 AS V1.42 Beta [Bld 311] - Source File main.asm(defs.asm) - Page 4 - 9/11/2026 13:29:43


(1)  147/       0 :                     
(1)  148/       0 : =$10FD9A            BIOS_P2STATUS   equ $10FD9A
(1)  149/       0 : =$10FD9B            BIOS_P2PREVIOUS equ $10FD9B
(1)  150/       0 : =$10FD9C            BIOS_P2CURRENT  equ $10FD9C
(1)  151/       0 : =$10FD9D            BIOS_P2CHANGE   equ $10FD9D
(1)  152/       0 : =$10FD9E            BIOS_P2REPEAT   equ $10FD9E
(1)  153/       0 : =$10FD99            BIOS_P2TIMER    equ $10FD99
(1)  154/       0 :                     
(1)  155/       0 : =$10FDAC            BIOS_STATCURNT    equ $10FDAC
(1)  156/       0 : =$10FDAD            BIOS_STATCHANGE   equ $10FDAD
(1)  157/       0 : =$10FDAE            BIOS_USER_REQUEST equ $10FDAE
(1)  158/       0 : =$10FDAF            BIOS_USER_MODE    equ $10FDAF
(1)  159/       0 : =$10FDB4            BIOS_START_FLAG   equ $10FDB4
(1)  160/       0 : =$10FDBE            BIOS_MESS_POINT   equ $10FDBE
(1)  161/       0 : =$10FDC2            BIOS_MESS_BUSY    equ $10FDC2
(1)  162/       0 :                     
(1)  163/       0 :                     ; Memory card:
(1)  164/       0 : =$10FDC4            BIOS_CRDF       equ $10FDC4   ; Byte: function to perform when calling BIOSF_CRDACCESS
(1)  165/       0 : =$10FDC6            BIOS_CRDRESULT  equ $10FDC6   ; Byte: 00 on success, else 80+ and encodes the error
(1)  166/       0 : =$10FDC8            BIOS_CRDPTR     equ $10FDC8   ; Longword: pointer to read from/write to
(1)  167/       0 : =$10FDCC            BIOS_CRDSIZE    equ $10FDCC   ; Word: how much data to read/write from/to card
(1)  168/       0 : =$10FDCE            BIOS_CRDNGH     equ $10FDCE   ; Word: usually game NGH. Unique identifier for the game that owns the save file
(1)  169/       0 : =$10FDD0            BIOS_CRDFILE    equ $10FDD0   ; Word: each NGH has up to 16 save files associated with
(1)  170/       0 :                     
(1)  171/       0 :                     ; Calendar, MVS only (in BCD):
(1)  172/       0 : =$10FDD2            BIOS_YEAR       equ $10FDD2   ; Last 2 digits of year
(1)  173/       0 : =$10FDD3            BIOS_MONTH      equ $10FDD3
(1)  174/       0 : =$10FDD4            BIOS_DAY        equ $10FDD4
(1)  175/       0 : =$10FDD5            BIOS_WEEKDAY    equ $10FDD5   ; Sunday = 0, Monday = 1 ... Saturday = 6
(1)  176/       0 : =$10FDD6            BIOS_HOUR       equ $10FDD6   ; 24 hour time
(1)  177/       0 : =$10FDD7            BIOS_MINUTE     equ $10FDD7
(1)  178/       0 : =$10FDD8            BIOS_SECOND     equ $10FDD8
(1)  179/       0 :                     
(1)  180/       0 : =$10FDDA            BIOS_SELECT_TIMER equ $10FDDA ; Byte: game start countdown
(1)  181/       0 : =$10FE80            BIOS_DEVMODE      equ $10FE80 ; Byte: non-zero for developer mode
(1)  182/       0 :                     
(1)  183/       0 :                     ; Upload system ROM call:
(1)  184/       0 : =$10FEF4            BIOS_UPDEST     equ $10FEF4   ; Longword
(1)  185/       0 : =$10FEF8            BIOS_UPSRC      equ $10FEF8   ; Longword
(1)  186/       0 : =$10FEFC            BIOS_UPSIZE     equ $10FEFC   ; Longword
(1)  187/       0 : =$10FEDA            BIOS_UPZONE     equ $10FEDA   ; Byte: zone (0=PRG, 1=FIX, 2=SPR, 3=Z80, 4=PCM, 5=PAT)
(1)  188/       0 : =$10FEDB            BIOS_UPBANK     equ $10FEDB   ; Byte: bank
(1)  189/       0 :                     
(1)  190/       0 : =$D00046            SOUND_STOP      equ $D00046
(1)  191/       0 :                     
(1)  192/       0 :                     ; Inputs:
(1)  193/       0 : =$0                 CNT_UP	        equ 0
(1)  194/       0 : =$1                 CNT_DOWN		equ 1
(1)  195/       0 : =$2                 CNT_LEFT		equ 2
(1)  196/       0 : =$3                 CNT_RIGHT		equ 3
(1)  197/       0 : =$4                 CNT_A	        equ 4
(1)  198/       0 : =$5                 CNT_B	        equ 5
(1)  199/       0 : =$6                 CNT_C	        equ 6
(1)  200/       0 : =$7                 CNT_D	        equ 7
(1)  201/       0 : =$0                 CNT_START1      equ 0
(1)  202/       0 : =$1                 CNT_SELECT1     equ 1
(1)  203/       0 : =$2                 CNT_START2      equ 2
(1)  204/       0 : =$3                 CNT_SELECT2     equ 3
(1)  205/       0 :                     
      35/       0 :                     	INCLUDE "equ.asm"
 AS V1.42 Beta [Bld 311] - Source File main.asm(equ.asm) - Page 5 - 9/11/2026 13:29:43


(1)    1/       0 :                     ; Copyright (C) 2020 Sean Gonsalves
(1)    2/       0 :                     ;
(1)    3/       0 :                     ; This file is part of Neo CD SD Loader.
(1)    4/       0 :                     ;
(1)    5/       0 :                     ; This program is free software; you can redistribute it and/or modify
(1)    6/       0 :                     ; it under the terms of the GNU General Public License as published by
(1)    7/       0 :                     ; the Free Software Foundation; either version 2, or (at your option)
(1)    8/       0 :                     ; any later version.
(1)    9/       0 :                     ;
(1)   10/       0 :                     ; This program is distributed in the hope that it will be useful,
(1)   11/       0 :                     ; but WITHOUT ANY WARRANTY; without even the implied warranty of
(1)   12/       0 :                     ; MERCHANTABILITY or FITNESS FOR A PARTICULAR PURPOSE.  See the
(1)   13/       0 :                     ; GNU General Public License for more details.
(1)   14/       0 :                     ;
(1)   15/       0 :                     ; You should have received a copy of the GNU General Public License
(1)   16/       0 :                     ; along with this program; see the file COPYING.  If not, write to
(1)   17/       0 :                     ; the Free Software Foundation, Inc., 51 Franklin Street,
(1)   18/       0 :                     ; Boston, MA 02110-1301, USA.
(1)   19/       0 :                     
(1)   20/       0 : =$0                 VERSION_MAJ     equ 0
(1)   21/       0 : =$63                VERSION_MIN     equ 99  ; TEMP: bumped for dev testing so the MCU always sees a version
(1)   22/       0 :                                             ; mismatch and auto-reflashes from whatever .wad is on the SD
(1)   23/       0 :                                             ; card on every boot, regardless of whether this patched menu
(1)   24/       0 :                                             ; itself boots correctly. Restore to 11 for a real release.
(1)   25/       0 :                     
(1)   26/       0 : =$1E                SSAVER_TIMEOUT  equ 30
(1)   27/       0 :                     
(1)   28/       0 : =$110804            FixMapBuffer    equ $110804 ; "FixSaveBuffer"
(1)   29/       0 :                     
(1)   30/       0 :                     ; HW registers:
(1)   31/       0 : =$C1E000            CPLDREG_DATA    equ $C1E000
(1)   32/       0 : =$C1E100            CPLDREG_EXEC    equ $C1E100
(1)   33/       0 : =$C1E200            CPLDREG_STAT    equ $C1E200
(1)   34/       0 :                     
(1)   35/       0 : =$FF                BG_CODE         equ 255
(1)   36/       0 : =$FE                EXCEED_CODE     equ 254
(1)   37/       0 :                     
(1)   38/       0 : =$111204            CDSectorBuffer  equ $111204
(1)   39/       0 : =$800               CD_SECTOR_SIZE  equ 2048
(1)   40/       0 :                     
(1)   41/       0 : =$800001            SAVE_DATA1      equ MEMCARD+1         ; See doc.odt for format
(1)   42/       0 : =$800009            SAVE_DATA2      equ MEMCARD+9         ; See doc.odt for format (3, 5, 7 locations are used by CD bios)
(1)   43/       0 :                     
(1)   44/       0 : =$C8                MAX_FILES       equ 200               ; Total max, 97 officially released games
(1)   45/       0 : =$C8                MAX_MENU_LIST	equ	MAX_FILES         ; Max entries for currently select letter
(1)   46/       0 : =$F                 MAX_MENU_LINES  equ 15                ; Max lines displayed at once
(1)   47/       0 : =$1A                MAX_FILENAME    equ 25+1              ; Max length of file name, null included
(1)   48/       0 :                     
(1)   49/       0 : =$2F3FE             TIMEOUT_ACK     equ 193534            ; 5.167us, ~1s
(1)   50/       0 : =$BD038             TIMEOUT_EXEC    equ 774200            ; 5.167us, ~4s
(1)   51/       0 :                     
(1)   52/       0 : =$5                 CHAR_BOX        equ 5
(1)   53/       0 : =$6                 CHAR_BOX_CHECKED equ 6
(1)   54/       0 : =$10                CHAR_ARROW_LEFT equ 16
(1)   55/       0 : =$11                CHAR_ARROW_RIGHT equ 17
(1)   56/       0 : =$12                CHAR_ARROW_UP   equ 18
(1)   57/       0 : =$13                CHAR_ARROW_DOWN equ 19
(1)   58/       0 :                     
(1)   59/       0 : =$18                MSGBOX_WIDTH    equ 24
(1)   60/       0 : =$E                 MSGBOX_HEIGHT   equ 14
 AS V1.42 Beta [Bld 311] - Source File main.asm(equ.asm) - Page 6 - 9/11/2026 13:29:43


(1)   61/       0 :                     
(1)   62/       0 : =$1E                IGM_WIDTH    equ 30
(1)   63/       0 : =$E                 IGM_HEIGHT   equ 14
(1)   64/       0 :                     
(1)   65/       0 : =$8                 MAX_CHEAT_LINES equ 8
(1)   66/       0 : =$18                MAX_CHEAT_DESC  equ 24      ; This must match the value in the Python converter script
(1)   67/       0 :                     
(1)   68/       0 : =$0                 MCU_CMD_TEST        equ 0
(1)   69/       0 : =$1                 MCU_CMD_GETID       equ 1
(1)   70/       0 : =$2                 MCU_CMD_GETSTATUS   equ 2
(1)   71/       0 : =$3                 MCU_CMD_UPDATE      equ 3
(1)   72/       0 : =$4                 MCU_CMD_RESET       equ 4
(1)   73/       0 : =$5                 MCU_CMD_INITSD      equ 5
(1)   74/       0 : =$6                 MCU_CMD_GETGAMES    equ 6
(1)   75/       0 : =$7                 MCU_CMD_SELECTGAME  equ 7
(1)   76/       0 : =$8                 MCU_CMD_LOADSECT    equ 8
(1)   77/       0 : =$9                 MCU_CMD_CDDA        equ 9
(1)   78/       0 : =$A                 MCU_CMD_DUMPROM    	equ 10
(1)   79/       0 : =$B                 MCU_CMD_GETSAVES    equ 11
(1)   80/       0 : =$C                 MCU_CMD_STORESAVE   equ 12
(1)   81/       0 : =$D                 MCU_CMD_LOADSAVE    equ 13
(1)   82/       0 :                     
(1)   83/       0 : =$0                 SCREEN_IDLE     equ 0
(1)   84/       0 : =$1                 SCREEN_MAIN     equ 1
(1)   85/       0 :                     ;SCREEN_ROMDUMP  equ 2          ; Unused
(1)   86/       0 :                     ;SCREEN_COMMTEST equ 3          ; Unused
(1)   87/       0 :                     ;SCREEN_ID       equ 4          ; Unused
(1)   88/       0 :                     ;SCREEN_DEBUGSD  equ 5          ; Unused
(1)   89/       0 :                     ;SCREEN_DEBUGISO equ 6          ; Unused
(1)   90/       0 : =$7                 SCREEN_MENU     equ 7
(1)   91/       0 : =$8                 SCREEN_STORE_SAVE equ 8
(1)   92/       0 : =$9                 SCREEN_LOAD_SAVE equ 9
(1)   93/       0 : =$A                 SCREEN_SETTINGS equ 10
(1)   94/       0 :                     ; ID 11 used for debug, see ui.asm
(1)   95/       0 : =$C                 SCREEN_ABOUT    equ 12
(1)   96/       0 : =$D                 SCREEN_SSAVER   equ 13
(1)   97/       0 : =$F                 SCREEN_MSGBOX   equ 15
(1)   98/       0 :                     
(1)   99/       0 : =$58                TILE_CURSOR  	equ     $58		; Tile number for the letter cursor
(1)  100/       0 :                     
(1)  101/       0 : =$1                 SPR_BG			equ		1       ; Sprite numbers
(1)  102/       0 : =$15                SPR_LOGO		equ		21
(1)  103/       0 : =$20                SPR_LETTERS		equ		32
(1)  104/       0 : =$3C                SPR_LETTER_CUR	equ     60
(1)  105/       0 : =$3E                SPR_ARROW_L 	equ     62
(1)  106/       0 : =$3F                SPR_ARROW_R 	equ     63
(1)  107/       0 :                     
(1)  108/       0 : =$41                SFX_MOVE        equ     $41
(1)  109/       0 : =$42                SFX_POS         equ     $42
(1)  110/       0 : =$43                SFX_NEG         equ     $43
(1)  111/       0 : =$44                SFX_VAL         equ     $44
(1)  112/       0 : =$45                SFX_EXIT        equ     $45
(1)  113/       0 :                     
(1)  114/       0 :                     ; These should all be the same for all BIOS versions
(1)  115/       0 : =$10F6B6            CDLoadBusy          equ $10F6B6
(1)  116/       0 : =$10F656            CDValidFlag         equ $10F656
(1)  117/       0 : =$110004            FirstPRGSector      equ $110004
(1)  118/       0 : =$11C80C            ProgressBarCodePtr  equ $11C80C
(1)  119/       0 : =$7688              SectorCounter       equ $7688
(1)  120/       0 : =$7DE2              SectorLoadCounter   equ $7DE2
 AS V1.42 Beta [Bld 311] - Source File main.asm(equ.asm) - Page 7 - 9/11/2026 13:29:43


(1)  121/       0 : =$7EDB              BankCounter         equ $7EDB   ; BIOS_UPBANK
(1)  122/       0 : =$7EDE              FirstLoadBank       equ $7EDE
(1)  123/       0 : =$7EE2              SectorReqDest		equ $7EE2
(1)  124/       0 : =$7EF4              SectorLoadDest      equ $7EF4   ; BIOS_UPDEST
(1)  125/       0 : =$7EF8              SectorLoadBuffer    equ $7EF8   ; BIOS_UPSRC
(1)  126/       0 : =$7EFC              SectorLoadSize      equ $7EFC   ; BIOS_UPSIZE
(1)  127/       0 :                     
(1)  128/       0 :                     ENDIAN_CHG_L MACRO reg      ; DD CC BB AA
(1)  129/       0 :                         rol.w   #8,reg          ; DD CC AA BB
(1)  130/       0 :                         swap.l  reg             ; AA BB DD CC
(1)  131/       0 :                         rol.w   #8,reg          ; AA BB CC DD
(1)  132/       0 :                         ENDM
(1)  133/       0 :                     
(1)  134/       0 :                     MCUCMD MACRO cmd
(1)  135/       0 :                         move.b  #cmd,d3
(1)  136/       0 :                         jsr     MCUCommand
(1)  137/       0 :                         ENDM
(1)  138/       0 :                     
(1)  139/       0 :                     TESTCHANGE MACRO btn
(1)  140/       0 :                         move.b  BIOS_P1CHANGE,d0
(1)  141/       0 :                         or.b    BIOS_P2CHANGE,d0
(1)  142/       0 :                         andi.b  #(2^btn),d0
(1)  143/       0 :                         ENDM
(1)  144/       0 :                     
(1)  145/       0 :                     TESTREPEAT MACRO btn
(1)  146/       0 :                         move.b  BIOS_P1REPEAT,d0
(1)  147/       0 :                         or.b    BIOS_P2REPEAT,d0
(1)  148/       0 :                         andi.b  #(2^btn),d0
(1)  149/       0 :                         ENDM
(1)  150/       0 :                     
(1)  151/       0 :                     FIXPOS FUNCTION x,y,(FIXMAP+y+(x*32))
(1)  152/       0 :                     
(1)  153/       0 :                     DIIRQ MACRO
(1)  154/       0 :                         move.b  d0,REG_DIPSW
(1)  155/       0 :                     	move.w  sr,-(a7)
(1)  156/       0 :                     	ori.w   #$0700,sr
(1)  157/       0 :                     	ENDM
(1)  158/       0 :                     
(1)  159/       0 :                     ENIRQ MACRO
(1)  160/       0 :                     	move.w  #7,REG_IRQACK
(1)  161/       0 :                     	move.w  (a7)+,sr
(1)  162/       0 :                     	ENDM
(1)  163/       0 :                     
      36/       0 :                     	INCLUDE "ram.asm"
(1)    1/       0 :                     ; Copyright (C) 2020 Sean Gonsalves
(1)    2/       0 :                     ;
(1)    3/       0 :                     ; This file is part of Neo CD SD Loader.
(1)    4/       0 :                     ;
(1)    5/       0 :                     ; This program is free software; you can redistribute it and/or modify
(1)    6/       0 :                     ; it under the terms of the GNU General Public License as published by
(1)    7/       0 :                     ; the Free Software Foundation; either version 2, or (at your option)
(1)    8/       0 :                     ; any later version.
(1)    9/       0 :                     ;
(1)   10/       0 :                     ; This program is distributed in the hope that it will be useful,
(1)   11/       0 :                     ; but WITHOUT ANY WARRANTY; without even the implied warranty of
(1)   12/       0 :                     ; MERCHANTABILITY or FITNESS FOR A PARTICULAR PURPOSE.  See the
(1)   13/       0 :                     ; GNU General Public License for more details.
(1)   14/       0 :                     ;
(1)   15/       0 :                     ; You should have received a copy of the GNU General Public License
(1)   16/       0 :                     ; along with this program; see the file COPYING.  If not, write to
 AS V1.42 Beta [Bld 311] - Source File main.asm(ram.asm) - Page 8 - 9/11/2026 13:29:43


(1)   17/       0 :                     ; the Free Software Foundation, Inc., 51 Franklin Street,
(1)   18/       0 :                     ; Boston, MA 02110-1301, USA.
(1)   19/       0 :                     
(1)   20/       0 :                     FileEntry STRUCT
(1)   21/       0 :                     Index       ds.w 1
(1)   22/       2 :                     FileName	ds.b MAX_FILENAME
(1)   23/      1C :                     Reserved    ds.b 4
(1)   24/       0 : =$20                FileEntry ENDSTRUCT
(1)   25/       0 :                     
(1)   26/       0 : =>FALSE                 IF FileEntry_LEN <> 32
(1)   27/       0 :                             FATAL "\aFileEntry isn't == 32 !"
(1)   28/       0 : [26]                    ENDIF
(1)   29/       0 :                     
(1)   30/       0 : =$1920              FILE_LIST_LEN equ (MAX_FILES+1)*FileEntry_LEN    ; +1 for space to store the end-of-list entry
(1)   31/       0 :                     
(1)   32/       0 : =>FALSE                 IF (FILE_LIST_LEN # 16) <> 0
(1)   33/       0 :                             FATAL "\aFILE_LIST_LEN isn't a multiple of 16 !"
(1)   34/       0 : [32]                    ENDIF
(1)   35/       0 :                     
(1)   36/       0 : =$1A4               FIXMAPBUFFER_SIZE equ IGM_WIDTH * IGM_HEIGHT
(1)   37/       0 : =>FALSE                 IF FIXMAPBUFFER_SIZE < MSGBOX_WIDTH * MSGBOX_HEIGHT
(1)   38/       0 :                             FATAL "\aFIXMAPBUFFER_SIZE too small !"
(1)   39/       0 : [37]                    ENDIF
(1)   40/       0 : =>FALSE                 IF FIXMAPBUFFER_SIZE > $500
(1)   41/       0 :                             FATAL "\aFIXMAPBUFFER_SIZE too large ! Must be under $500"
(1)   42/       0 : [40]                    ENDIF
(1)   43/       0 :                     
(1)   44/       0 :                     	PADDING ON
(1)   45/       0 :                     
(1)   46/       0 :                     ; ---- Starting here, values are in work RAM, so they'll get overwritten by the game ! ----
(1)   47/  10D000 :                     	ORG $10D000
(1)   48/  10D000 :                     FileCursor		ds.b 1 	; File cursor position
(1)   49/  10D001 :                     FileCursorPrev	ds.b 1 	;
(1)   50/  10D002 :                     MenuShift		ds.b 1 	; File list starting position, for scrolling
(1)   51/  10D003 :                     RefreshFlags	ds.b 1 	; Bit0:Refresh file list, Bit1:Refresh letter cursor, Bit2:Refresh file cursor, Bit6:Card was removed, Bit7:Reset main menu
(1)   52/  10D004 :                     TotalFileCount	ds.w 1 	; Total count
(1)   53/  10D006 :                     LetterGameCount	ds.b 1 	; File count in selected letter category
(1)   54/  10D007 :                     LetterCursor	ds.b 1  ; Used as index in MenuLetterList
(1)   55/  10D008 :                     LetterCursorPrev	ds.b 1
(1)   56/  10D009 :                     <padding>
(1)   56/  10D00A :                     LetterCursorX	ds.w 1  ; Used as 10.6 fixed point
(1)   57/  10D00C :                     ActiveLetters   ds.l 1  ; Bitmap of the enabled letters in the menu, bits 26~0 used, # is LSB
(1)   58/  10D010 :                     LetterCount     ds.b 1  ; Number of active letters, equivalent to ActiveLetters set bit count
(1)   59/  10D011 :                     <padding>
(1)   59/  10D012 :                     LettersXPos     ds.w 1  ; Leftmost X position of active letters group, for centering
(1)   60/  10D014 :                     UITemp          ds.b 1  ; General purpose
(1)   61/  10D015 :                     ScrollTimer     ds.b 1  ; Scrolling speed timer
(1)   62/  10D016 :                     ScrollX         ds.b 1  ; Scrolling shift (in chars)
(1)   63/  10D017 :                     
(1)   64/  10D017 :                     DebugDIP1       ds.b 1
(1)   65/  10D018 :                     DebugDIP2       ds.b 1
(1)   66/  10D019 :                     
(1)   67/  10D019 :                     <padding>
(1)   67/  10D01A :                     DBGTotal        ds.l 1
(1)   68/  10D01E :                     DBGPass         ds.l 1
(1)   69/  10D022 :                     DBGWrong        ds.l 1
(1)   70/  10D026 :                     DBGTimeout      ds.l 1
(1)   71/  10D02A :                     DBGLast         ds.l 1
(1)   72/  10D02E :                     
(1)   73/  10D02E :                     CurrentScreen   ds.w 1
 AS V1.42 Beta [Bld 311] - Source File main.asm(ram.asm) - Page 9 - 9/11/2026 13:29:43


(1)   74/  10D030 :                     LastScreen      ds.w 1
(1)   75/  10D032 :                     FrameCounter    ds.w 1
(1)   76/  10D034 :                     MCUStatus       ds.b 1
(1)   77/  10D035 :                     
(1)   78/  10D035 :                     <padding>
(1)   78/  10D036 :                     CurrentScreenPrev ds.w 1
(1)   79/  10D038 :                     ;FixMapBuffer    ds.w MSGBOX_WIDTH*MSGBOX_HEIGHT
(1)   80/  10D038 :                     CurrentMsgBox   ds.b 1
(1)   81/  10D039 :                     <padding>
(1)   81/  10D03A :                     MsgBoxExitCall  ds.l 1
(1)   82/  10D03E :                     
(1)   83/  10D03E :                     FileNameBuffer  ds.b 16+1   ; For save files
(1)   84/  10D04F :                     FileNameCursor  ds.b 1
(1)   85/  10D050 :                     
(1)   86/  10D050 :                     SSaverTimer     ds.b 1
(1)   87/  10D051 :                     <padding>
(1)   87/  10D052 :                     ssaver_vars     ds.w 4*4    ; X, Y, VX, VY - All values in 10.6
(1)   88/  10D072 :                     
(1)   89/  10D072 :                     RetryCounter    ds.b 1
(1)   90/  10D073 :                     
(1)   91/  10D073 : =>TRUE              	if TARGET==1
(1)   92/  10D073 :                     CDDReadBuffer   ds.b 10
(1)   93/  10D07D :                     CDDStatus       ds.b 1
(1)   94/  10D07E :                     CDDCommand      ds.b 1
(1)   95/  10D07F : [91]                    ENDIF
(1)   96/  10D07F :                     
(1)   97/  10D07F :                     RAMEndA:
(1)   98/  10D07F : =>FALSE                 IF RAMEndA > $110000
(1)   99/  10D07F :                             FATAL "\aRAM A allocation is too large !"
(1)  100/  10D07F : [98]                    ENDIF
(1)  101/  10D07F :                     
(1)  102/  10D07F :                     ; ---- Starting here, values are in system RAM, so they should be kept intact when a game runs ----
(1)  103/  10D07F :                     
(1)  104/  11C100 :                     	ORG $11C100
(1)  105/  11C100 :                     MCUReplyBuffer	ds.b 64
(1)  106/  11C140 :                     FixValueList	ds.l 16	; List of values (max 16) used by WriteFix codes $F0+
(1)  107/  11C180 :                     CDSectorCount	ds.w 1	; Length of data to load (1 CD sector = 4 SD sectors)
(1)  108/  11C182 :                     MSFCounter      ds.l 1
(1)  109/  11C186 :                     PCERROR			ds.l 1	; For error screen
(1)  110/  11C18A :                     FixWriteConfig	ds.w 1 	; ORed with fix tilemap data to set bank and palette
(1)  111/  11C18C :                     SettingCountry  ds.b 1  ; JAPAN, USA, EUROPE, BRAZIL
(1)  112/  11C18D :                     SettingSSaver   ds.b 1
(1)  113/  11C18E :                     SettingLEDIdle  ds.b 1
(1)  114/  11C18F :                     SettingLEDLoad  ds.b 1
(1)  115/  11C190 :                     SettingSFX      ds.b 1
(1)  116/  11C191 :                     SettingBootAnim ds.b 1
(1)  117/  11C192 :                     SettingLoadAnim ds.b 1
(1)  118/  11C193 :                     LastMCUCmd      ds.b 1
(1)  119/  11C194 :                     MCUCmdParams    ds.b 32 ; Does this need to be aligned ?
(1)  120/  11C1B4 :                     IsLoading       ds.b 1
(1)  121/  11C1B5 :                     TimeOutStage    ds.b 1
(1)  122/  11C1B6 :                     PollStatus      ds.b 1
(1)  123/  11C1B7 :                     SetMCUConfig    ds.b 1
(1)  124/  11C1B8 :                     MCUVersion      ds.w 1
(1)  125/  11C1BA :                     CDDAPending     ds.b 1
(1)  126/  11C1BB :                     CustomBGLoaded  ds.b 1
(1)  127/  11C1BC :                     IsInIGM         ds.b 1
(1)  128/  11C1BD :                     IGMCursor       ds.b 1
(1)  129/  11C1BE :                     PrevIGMCursor   ds.b 1
(1)  130/  11C1BF :                     IGMCursorShift  ds.b 1
 AS V1.42 Beta [Bld 311] - Source File main.asm(ram.asm) - Page 10 - 9/11/2026 13:29:43


(1)  131/  11C1C0 :                     IGMItems        ds.b 1
(1)  132/  11C1C1 :                     IGMMode         ds.b 1  ; Selection, Cheats or Soft DIPs
(1)  133/  11C1C2 :                     SDIPAddr        ds.l 1
(1)  134/  11C1C6 :                     SDIPCount       ds.b 1  ; Number of soft DIPs entries
(1)  135/  11C1C7 :                         ALIGN 2
(1)  136/  11C1C8 :                     SDIPItems       ds.b (14*4)+1   ; This MUST be word-aligned
(1)  137/  11C201 :                     <padding>
(1)  137/  11C202 :                     CheatsBitmap    ds.l 1  ; Each bit is an enable flag for a cheat (max. 32)
(1)  138/  11C206 :                     CheatDataAddr   ds.l 1
(1)  139/  11C20A :                     FlagSelectStart ds.b 1
(1)  140/  11C20B :                     VBLCheatActions ds.b 64 ; This must be large enough to contain all the action codes of all cheats for a given game
(1)  141/  11C24B :                     <padding>
(1)  141/  11C24C :                     PaletteBuffer   ds.w 16*2
(1)  142/  11C28C :                     CustomBGBackdrop  ds.w 1
(1)  143/  11C28E :                     LastBGGameIndex ds.b 1  ; File index of the game whose bg.bmp is currently shown, $FF = none yet
(1)  144/  11C28F :                     BGSilentReload  ds.b 1  ; Non-zero while LoadGameBG is (re)loading a bg live, so the decoder
(1)  145/  11C290 :                                             ; doesn't blank the whole sprite layer like it does during the one-time
(1)  146/  11C290 :                                             ; boot load (that would flash the screen blank on every game switch)
(1)  147/  11C290 :                     LastFileCursor    ds.b 1
(1)  148/  11C291 :                     LastMenuShift     ds.b 1
(1)  149/  11C292 :                     LastLetterCursor  ds.b 1
(1)  150/  11C293 :                     CursorsValid    ds.b 1  ; Non-zero when FileCursor and LetterCursor are valid, used to restore cursor to last game loaded
(1)  151/  11C294 :                     CardEvent       ds.b 1  ; Becomes non-zero when the card was removed or inserted 
(1)  152/  11C295 :                     LoadAnimSlowdown  ds.b 1
(1)  153/  11C296 :                     VBLVectorCopy   ds.l 1	; Backup of the game's VBL vector, used for the IGM
(1)  154/  11C29A :                     ;    ALIGN 2
(1)  155/  11C29A :                     ;SSBuffer        ds.b 256   ; This MUST be word-aligned
(1)  156/  11C29A :                     ;CurDataBlock    ds.w 1
(1)  157/  11C29A :                     ;SSSP            ds.l 1  ; Stack pointer at the time the IGM was opened
(1)  158/  11C29A :                     
(1)  159/  11C29A :                     RAMEndB:
(1)  160/  11C29A : =>FALSE                 IF RAMEndB > $11C800
(1)  161/  11C29A :                             FATAL "\aRAM B allocation is too large !"
(1)  162/  11C29A : [160]                   ENDIF
(1)  163/  11C29A :                     
(1)  164/  11C900 :                     	ORG $11C900
(1)  165/  11C900 :                     FileList	    ds.b FILE_LIST_LEN
(1)  166/  11E220 :                     MenuIndexList   ds.b MAX_MENU_LIST
(1)  167/  11E2E8 :                     GUBuffer        ds.b 512   ; General Use - Must be at least 256+1 bytes for LFNs
(1)  168/  11E4E8 :                     
(1)  169/  11E4E8 :                     RAMEndC:
(1)  170/  11E4E8 : =>FALSE                 IF RAMEndC > $11F000
(1)  171/  11E4E8 :                             FATAL "\aRAM C allocation is too large !"
(1)  172/  11E4E8 : [170]                   ENDIF
(1)  173/  11E4E8 :                     
(1)  174/  11F000 :                     	ORG $11F000
(1)  175/  11F000 :                     FixBankBuffer   ds.b 4096   ; Only first half of fix bank is enough
(1)  176/  120000 :                     
(1)  177/  120000 :                     RAMEndD:
(1)  178/  120000 : =>FALSE                 IF RAMEndD > $120000
(1)  179/  120000 :                             FATAL "\aRAM D allocation is too large !"
(1)  180/  120000 : [178]                   ENDIF
(1)  181/  120000 :                     
      37/  120000 :                         INCLUDE "vectors.asm"
(1)    1/  120000 :                     ; Copyright (C) 2020 Sean Gonsalves
(1)    2/  120000 :                     ;
(1)    3/  120000 :                     ; This file is part of Neo CD SD Loader.
(1)    4/  120000 :                     ;
(1)    5/  120000 :                     ; This program is free software; you can redistribute it and/or modify
(1)    6/  120000 :                     ; it under the terms of the GNU General Public License as published by
 AS V1.42 Beta [Bld 311] - Source File main.asm(vectors.asm) - Page 11 - 9/11/2026 13:29:43


(1)    7/  120000 :                     ; the Free Software Foundation; either version 2, or (at your option)
(1)    8/  120000 :                     ; any later version.
(1)    9/  120000 :                     ;
(1)   10/  120000 :                     ; This program is distributed in the hope that it will be useful,
(1)   11/  120000 :                     ; but WITHOUT ANY WARRANTY; without even the implied warranty of
(1)   12/  120000 :                     ; MERCHANTABILITY or FITNESS FOR A PARTICULAR PURPOSE.  See the
(1)   13/  120000 :                     ; GNU General Public License for more details.
(1)   14/  120000 :                     ;
(1)   15/  120000 :                     ; You should have received a copy of the GNU General Public License
(1)   16/  120000 :                     ; along with this program; see the file COPYING.  If not, write to
(1)   17/  120000 :                     ; the Free Software Foundation, Inc., 51 Franklin Street,
(1)   18/  120000 :                     ; Boston, MA 02110-1301, USA.
(1)   19/  120000 :                     
(1)   20/  C00408 :                         ORG $C00408
(1)   21/  C00408 : 4EF9 00C1 E900      	jmp     ErrBus
(1)   22/  C0040E :                     
(1)   23/  C0040E :                         ORG $C0040E
(1)   24/  C0040E : 4EF9 00C1 E920      	jmp     ErrAddr
(1)   25/  C00414 :                     
(1)   26/  C00414 :                         ORG $C00414
(1)   27/  C00414 : 4EF9 00C1 E940      	jmp     ErrIllegal
(1)   28/  C0041A :                     
(1)   29/  C00426 :                         ORG $C00426
(1)   30/  C00426 : 4EF9 00C1 E960      	jmp     ErrGeneric
(1)   31/  C0042C :                     
(1)   32/  C0042C :                         ORG $C0042C
(1)   33/  C0042C : 4EF9 00C1 E980      	jmp     ErrUninit
(1)   34/  C00432 :                     
      38/  C00432 : =>TRUE                  IF TARGET==1
      39/  C00432 : =>FALSE                     IF MOMPASS==1
      40/  C00432 :                                 MESSAGE "Using FRONT-SP1 patches"
      41/  C00432 : [39]                        ENDIF
      42/  C00432 :                             INCLUDE "patchesfront.asm"
(1)    1/  C00432 :                     ; Copyright (C) 2021 Sean Gonsalves
(1)    2/  C00432 :                     ;
(1)    3/  C00432 :                     ; Neo CD SD Loader system ROM patch
(1)    4/  C00432 :                     ; This file is part of Neo CD SD Loader.
(1)    5/  C00432 :                     ;
(1)    6/  C00432 :                     ; This program is free software; you can redistribute it and/or modify
(1)    7/  C00432 :                     ; it under the terms of the GNU General Public License as published by
(1)    8/  C00432 :                     ; the Free Software Foundation; either version 2, or (at your option)
(1)    9/  C00432 :                     ; any later version.
(1)   10/  C00432 :                     ;
(1)   11/  C00432 :                     ; This program is distributed in the hope that it will be useful,
(1)   12/  C00432 :                     ; but WITHOUT ANY WARRANTY; without even the implied warranty of
(1)   13/  C00432 :                     ; MERCHANTABILITY or FITNESS FOR A PARTICULAR PURPOSE.  See the
(1)   14/  C00432 :                     ; GNU General Public License for more details.
(1)   15/  C00432 :                     ;
(1)   16/  C00432 :                     ; You should have received a copy of the GNU General Public License
(1)   17/  C00432 :                     ; along with this program; see the file COPYING.  If not, write to
(1)   18/  C00432 :                     ; the Free Software Foundation, Inc., 51 Franklin Street,
(1)   19/  C00432 :                     ; Boston, MA 02110-1301, USA.
(1)   20/  C00432 :                     
(1)   21/  C00432 : =$C0F29A            CheckCDValid        equ $C0F29A
(1)   22/  C00432 : =$C0F55C            CDCheckDoneEnd      equ $C0F55C
(1)   23/  C00432 : =$C0FD94            JTFileLoaders       equ $C0FD94
(1)   24/  C00432 : =$C0D3EC            MainLoopEnd         equ $C0D3EC
(1)   25/  C00432 : =$C0F248            StartGameCD         equ $C0F248
(1)   26/  C00432 : =$C0EFF4            CDPControllerStuff  equ $C0EFF4
(1)   27/  C00432 : =$C0D6E6            ProcessCDDACmds     equ $C0D6E6
 AS V1.42 Beta [Bld 311] - Source File main.asm(patchesfront.asm) - Page 12 - 9/11/2026 13:29:43


(1)   28/  C00432 : =$C1474A            MemCardMenu         equ $C1474A
(1)   29/  C00432 : =$C0D5DE            ReadCDDAFromZ80End  equ $C0D5DE
(1)   30/  C00432 : =$C174C8            SpriteInitData      equ $C174C8
(1)   31/  C00432 : =$C209A0            CDPPalData          equ $C209A0
(1)   32/  C00432 : =$C0D326            RegionPatch         equ $C0D326 ; "not.b d1" instruction to patch in InitRAM original system ROM routine
(1)   33/  C00432 : =$C0ED80            DrawProgressAnimation equ $C0ED80
(1)   34/  C00432 :                     
(1)   35/  C0B486 :                         ORG $C0B486					; Replacement to avoid using DMA copy in DMAClearPalettes
(1)   36/  C0B486 : 4EF9 00C1 C876      	jmp DMAClearPalettes
(1)   37/  C0B4CC :                     	ORG $C0B4CC                 ; Replacement to avoid using DMA copy in DMAClearPCMDRAM
(1)   38/  C0B4CC : 4EF9 00C1 C8BE      	jmp DMAClearPCMDRAM
(1)   39/  C0C0D6 :                     	ORG $C0C0D6					; Replacement to avoid using DMA copy
(1)   40/  C0C0D6 : 00C1 C83C           	dc.l UploadDMABytes
(1)   41/  C0C0DE :                     	ORG $C0C0DE					; Replacement to avoid using DMA copy
(1)   42/  C0C0DE : 00C1 C83C           	dc.l UploadDMABytes
(1)   43/  C0C218 :                     	ORG $C0C218					; Avoid using DMA copy in UploadPRGCopyLongwords
(1)   44/  C0C218 : 4E71                	nop
(1)   45/  C0C21A : 4E71                	nop
(1)   46/  C0C21C : 4E71                	nop
(1)   47/  C0C21E : 4E71                	nop
(1)   48/  C0C244 :                     	ORG $C0C244					; Avoid using DMA copy in UploadPalCopyLongwords
(1)   49/  C0C244 : 4E71                	nop
(1)   50/  C0C246 : 4E71                	nop
(1)   51/  C0C248 : 4E71                	nop
(1)   52/  C0C24A : 4E71                	nop
(1)   53/  C0C264 :                     	ORG $C0C264					; Avoid using DMA copy in UploadSPRDMAWords
(1)   54/  C0C264 : 4E71                	nop
(1)   55/  C0C266 : 4E71                	nop
(1)   56/  C0C268 : 4E71                	nop
(1)   57/  C0C26A : 4E71                	nop
(1)   58/  C0C26C :                     	;ORG $C0BDF2				; Avoid using DMA copy in UploadPCMDMABytes
(1)   59/  C0C26C :                     	;nop                        ; Leave this removed ! Was causing data corruption during IGLs
(1)   60/  C0C26C :                     	;nop
(1)   61/  C0C26C :                     	;nop
(1)   62/  C0C26C :                     	;nop
(1)   63/  C0C398 :                     	ORG $C0C398					; Avoid using DMA copy in UploadZ80DMABytes
(1)   64/  C0C398 : 4E71                	nop
(1)   65/  C0C39A : 4E71                	nop
(1)   66/  C0C39C : 4E71                	nop
(1)   67/  C0C39E : 4E71                	nop
(1)   68/  C0C3C0 :                     	ORG $C0C3C0					; Avoid using DMA copy in UploadPRGDMAWords
(1)   69/  C0C3C0 : 4E71                	nop
(1)   70/  C0C3C2 : 4E71                	nop
(1)   71/  C0C3C4 : 4E71                	nop
(1)   72/  C0C3C6 : 4E71                	nop
(1)   73/  C0C3DC :                     	ORG $C0C3DC					; Avoid using DMA copy in UploadPalDMAWords
(1)   74/  C0C3DC : 4E71                	nop
(1)   75/  C0C3DE : 4E71                	nop
(1)   76/  C0C3E0 : 4E71                	nop
(1)   77/  C0C3E2 : 4E71                	nop
(1)   78/  C0C404 :                     	ORG $C0C404					; Replace RunDMADirect for UploadPRGDMAWords, UploadPalDMAWords and UploadSPRDMAWords
(1)   79/  C0C404 : 4EF9 00C1 C7E6      	jmp    RunDMADirect         ;RunDMADirectMulti
(1)   80/  C0C47C :                         ORG $C0C47C
(1)   81/  C0C47C : 4EF9 00C1 C934      	jmp    CopyBytesToWordCPU	; Cache-to-DRAM copy speed optimization attempt to speed up PCM loads
(1)   82/  C0C482 :                     
(1)   83/  C0C83A :                     	ORG $C0C83A
(1)   84/  C0C83A : 00C1 94A4           	dc.l   CDPlayerVBLProc		; Replace pointer to CDPlayerVBLProc by one to new code
(1)   85/  C0C83E :                     
(1)   86/  C0C998 :                     	ORG $C0C998
(1)   87/  C0C998 : 4EF9 00C1 D792          jmp    FrontIGMVBLInsert
 AS V1.42 Beta [Bld 311] - Source File main.asm(patchesfront.asm) - Page 13 - 9/11/2026 13:29:43


(1)   88/  C0C99E :                     
(1)   89/  C0C99E :                     	; ADDED in 0.11
(1)   90/  C0CF1C :                     	ORG $C0CF1C
(1)   91/  C0CF1C : 4EB9 00C1 9190      	jsr    CountryNoBrazil		; Force soft DIPs init to Japan region if region is set to Brazil
(1)   92/  C0CF22 : 4E71                	nop
(1)   93/  C0CF24 :                     
(1)   94/  C0CD08 :                     	ORG $C0CD08
(1)   95/  C0CD08 : 4EB9 00C1 908C      	jsr    ConsoleStart
(1)   96/  C0CD0E :                     
(1)   97/  C0CF72 :                         ORG $C0CF72
(1)   98/  C0CF72 : 4EB9 00C1 91A2      	jsr    LoadDebugDIPs		; Insertion - Called at game start
(1)   99/  C0CF78 : 4E71                	nop
(1)  100/  C0CF7A :                     
(1)  101/  C0CE46 :                         ORG $C0CE46
(1)  102/  C0CE46 : 4EF9 00C1 91B0      	jmp    InitSoftDIPs			; Insertion - Called just before game start in ReadCDDAFlagSDIPs
(1)  103/  C0CE4C :                     
(1)  104/  C0D114 :                         ORG $C0D114
(1)  105/  C0D114 : 4EF9 00C1 9002      	jmp    PUPPETStuff			; Insertion - Called at startup, initializes some new stuff
(1)  106/  C0D11A :                     
(1)  107/  C0D2E4 :                         ORG $C0D2E4
(1)  108/  C0D2E4 : 4EB9 00C1 9170          jsr    InitRAM  			; Insertion - Avoid tripping some in-game copy protections and set nationality
(1)  109/  C0D2EA : 4E71                	nop
(1)  110/  C0D2EC :                     
(1)  111/  C0D32C :                     	ORG $C0D32C
(1)  112/  C0D32C : 4E71                	nop                         ; Disable getting nationality from jumpers
(1)  113/  C0D32E : 4E71                	nop
(1)  114/  C0D330 :                     
(1)  115/  C0D3DC :                     	ORG $C0D3DC
(1)  116/  C0D3DC : 4EF9 00C1 915A      	jmp    CDPLAYER_Init		; Insertion - Make call SYS_CDPLAYER re-init the SD card and values in RAM
(1)  117/  C0D3E2 :                     
(1)  118/  C0D442 :                     	ORG $C0D442
(1)  119/  C0D442 : 4EF9 00C1 D7B0      	jmp    FrontCheatInsert     ; Insert call in SYSTEM_IO call
(1)  120/  C0D448 :                     
(1)  121/  C0D572 :                     	ORG $C0D572
(1)  122/  C0D572 : 4EF9 00C1 D12A      	jmp    ProcessZ80CDDA       ; Insertion - ReadCDDAFromZ80
(1)  123/  C0D578 :                     
(1)  124/  C0DB80 :                         ORG $C0DB80                 ; Insertion - BIOSF_CDDACMD
(1)  125/  C0DB80 : 4EF9 00C1 D14C          jmp    BIOSF_CDDACMD
(1)  126/  C0DB86 :                     
(1)  127/  C0EBEC :                     	ORG $C0EBEC
(1)  128/  C0EBEC : 4E75                	rts                         ; Disables PushCDOp
(1)  129/  C0EBEE :                     
(1)  130/  C0EBEE :                         ; Disables CDC IRQ handling - Maybe not needed
(1)  131/  C0C880 :                     	ORG $C0C880
(1)  132/  C0C880 : 13FC 0020 00FF 000F 	move.b #$20,$FF000F
(1)  133/  C0C888 : 13C0 0030 0001          move.b d0,REG_DIPSW
(1)  134/  C0C88E : 4E73                    rte
(1)  135/  C0C890 :                     
(1)  136/  C0DEFC :                         ORG $C0DEFC
(1)  137/  C0DEFC : 4EF9 00C1 D7C2          jmp    DoCDDComm            ; CDD IRQ handling, DoCDDComm hijack - Needed to open/close tray
(1)  138/  C0DF02 :                     
(1)  139/  C0DF02 :                     	;ORG $C0E712
(1)  140/  C0DF02 :                     	;jmp    DrawProgressAnimation	; Replaces custom loading animation code with current sector display
(1)  141/  C0DF02 :                     
(1)  142/  C0EF0A :                     	ORG $C0EF0A
(1)  143/  C0EF0A : 4EF9 00C1 9EB6      	jmp    SetupMain			; Added to InitCDPlayerScreen (was ParseSDFiles)
(1)  144/  C0EF10 :                     
(1)  145/  C0EF40 :                     	ORG $C0EF40
(1)  146/  C0EF40 : 6000 008C           	bra    $C0EFCE             	; Skip CD player interface updating, just go to rts - Not needed anymore ?
(1)  147/  C0EF44 :                     
 AS V1.42 Beta [Bld 311] - Source File main.asm(patchesfront.asm) - Page 14 - 9/11/2026 13:29:43


(1)  148/  C0EF44 : =>UNDEFINED             IFDEF MAMEDEBUG
(1)  149/  C0EF44 :                     	ORG $C0EB96
(1)  150/  C0EF44 :                     	rts
(1)  151/  C0EF44 : =>TRUE              	ELSE
(1)  152/  C0F29A :                     	ORG $C0F29A
(1)  153/  C0F29A : 4E71                	nop							; Disable CDValidFlag check
(1)  154/  C0F29C : 4E71                	nop
(1)  155/  C0F29E : 4E71                	nop
(1)  156/  C0F2A0 : 4E71                	nop
(1)  157/  C0F2A2 : 4E71                	nop                         ; Disable CD mech detection in CheckCDValid
(1)  158/  C0F2A4 : 4E71                	nop                         ; Overwrite up to movem.l ...
(1)  159/  C0F2A6 : 4E71                	nop
(1)  160/  C0F2A8 : 4E71                	nop
(1)  161/  C0F2AA : 4E71                	nop
(1)  162/  C0F2AC : 4E71                	nop
(1)  163/  C0F2AE : 4E71                	nop
(1)  164/  C0F2B0 : 4E71                	nop
(1)  165/  C0F2B2 : [148]               	ENDIF
(1)  166/  C0F2B2 :                     
(1)  167/  C0F2C8 :                     	ORG $C0F2C8
(1)  168/  C0F2C8 : 4E71                	nop							; Disable "WAIT A MOMENT" message
(1)  169/  C0F2CA : 4E71                	nop
(1)  170/  C0F2CC :                     
(1)  171/  C0F2F2 :                     	ORG $C0F2F2
(1)  172/  C0F2F2 : 4E71                	nop							; Disable "WAIT A MOMENT" message (again)
(1)  173/  C0F2F4 : 4E71                	nop
(1)  174/  C0F2F6 :                     
(1)  175/  C0F316 :                     	ORG $C0F316
(1)  176/  C0F316 : 4EB9 00C1 D066      	jsr     LoadCDSectorFromSD	; Load first sector (CD001...)
(1)  177/  C0F31C : 13C0 0030 0001      	move.b  d0,REG_DIPSW
(1)  178/  C0F322 : 6018                	bra     $C0F33C				; Skip first sector loading wait, there's no more CD :)
(1)  179/  C0F324 :                     
(1)  180/  C0F324 :                     	; ADDED in 0.11
(1)  181/  C0F4A2 :                     	ORG $C0F4A2
(1)  182/  C0F4A2 : 4EB9 00C1 9190      	jsr     CountryNoBrazil     ; Force LOGO file choice to Japan if region set to Brazil
(1)  183/  C0F4A8 : 4E71                	nop
(1)  184/  C0F4AA :                     
(1)  185/  C0F4E8 :                     	ORG $C0F4E8                 ; LOGO file loading
(1)  186/  C0F4E8 : 4EB9 00C1 D066      	jsr     LoadCDSectorFromSD
(1)  187/  C0F4EE : 4EB9 00C0 C0A2      	jsr     $C0C0A2             ; "UploadData2"
(1)  188/  C0F4F4 : 4A79 0010 F688      	tst.w   $10F688				; "SectorCounter"
(1)  189/  C0F4FA : 6720                	beq     $C0F51C				; No more sectors to load: go to rts
(1)  190/  C0F4FC : 60EA                	bra     $C0F4E8
(1)  191/  C0F4FE :                     
(1)  192/  C0F522 :                         ORG $C0F522
(1)  193/  C0F522 : 4EF9 00C1 936E      	jmp     CDCheckDone         ; Insertion - Used to detect validity of "CD"
(1)  194/  C0F528 :                     
(1)  195/  C0F658 :                     	ORG $C0F658                 ; "GetCDFileList"
(1)  196/  C0F658 : 4A79 0010 F688      	tst.w   $10F688				; "SectorCounter"
(1)  197/  C0F65E : 676E                	beq     $C0F6CE				; No more sectors to load: go to rts
(1)  198/  C0F660 : 4EB9 00C1 D066      	jsr     LoadCDSectorFromSD
(1)  199/  C0F666 : 6002                	bra     $C0F66A
(1)  200/  C0F668 :                     
(1)  201/  C0F7AC :                     	ORG $C0F7AC					; Disable waiting for CD Op to be processed
(1)  202/  C0F7AC : 4E75                	rts
(1)  203/  C0F7AE :                     
(1)  204/  C0F7AE : =>UNDEFINED             IFDEF DEBUGBUILD
(1)  205/  C0F7AE :                     	ORG $C0FAAE
(1)  206/  C0F7AE :                     	bra     $C0FAD2				; Prevent loading custom loading screens
(1)  207/  C0F7AE :                     	ORG $C0FB0C
 AS V1.42 Beta [Bld 311] - Source File main.asm(patchesfront.asm) - Page 15 - 9/11/2026 13:29:43


(1)  208/  C0F7AE :                     	bra     $C0FB34             ; Same
(1)  209/  C0F7AE : [204]               	ENDIF
(1)  210/  C0F7AE :                     	
(1)  211/  C0F834 :                     	ORG $C0F834					; Disable waiting for CD to stop after IPL load
(1)  212/  C0F834 : 4EB9 00C1 930A      	jsr     LoadingFinished     ; Insertion
(1)  213/  C0F83A : 4E71                	nop
(1)  214/  C0F83C :                     
(1)  215/  C0FC6E :                     	ORG $C0FC6E					; Disable waiting for CD to stop after BIOSF_LOADFILE
(1)  216/  C0FC6E : 4EB9 00C1 930A      	jsr     LoadingFinished     ; Insertion
(1)  217/  C0FC74 : 4E71                	nop
(1)  218/  C0FC76 :                     
(1)  219/  C0D3A6 :                     	ORG $C0D3A6
(1)  220/  C0D3A6 : 4EB9 00C1 D0E6      	jsr     StopCDDA
(1)  221/  C0D3AC : 4E71                	nop
(1)  222/  C0D3AE :                     
(1)  223/  C0D42C :                     	ORG $C0D42C
(1)  224/  C0D42C : 4EB9 00C1 E840      	jsr     SYSTEM_IO_WDKICK
(1)  225/  C0D432 :                     
(1)  226/  C0FD86 :                     	ORG $C0FD86
(1)  227/  C0FD86 : 4EF9 00C1 9320      	jmp     LoadFile			; Patch original LoadFile
(1)  228/  C0FD8C :                     
(1)  229/  C0FD8C :                         ;ORG $C0FF98                ; TESTING: Called in LoadPRGSectorsPatch
(1)  230/  C0FD8C :                         ;jmp     LoadPRGVectorTable  ; Avoid using DMA in LoadPRGSectors - Double Dragon needs this
(1)  231/  C0FD8C :                     
(1)  232/  C0FF3A :                         ORG $C0FF3A ;C0FF0E
(1)  233/  C0FF3A : 4EF9 00C1 91E0          jmp     LoadPRGSectorsPatch ; Direct copy
(1)  234/  C10148 :                         ORG $C10148 ;C100F6
(1)  235/  C10148 : 4EF9 00C1 9266          jmp     LoadSPRSectorsPatch ; Direct copy
(1)  236/  C101EA :                         ORG $C101EA
(1)  237/  C101EA : 303C 07FF               move.w  #$7FF,d0			; Fix original system ROM Z80 RAM clearing bug - Thanks Justin !
(1)  238/  C102B2 :                         ORG $C102B2 ;C10262
(1)  239/  C102B2 : 4EF9 00C1 92B6          jmp     LoadPCMSectorsPatch ; Direct copy
(1)  240/  C102B8 :                     
(1)  241/  C104FC :                     	ORG $C104FC
(1)  242/  C104FC : 4EB9 00C1 D066      	jsr     LoadCDSectorFromSD	; Load sector in SearchForFile
(1)  243/  C10502 : 6002                	bra     $C10506				; Skip waiting
(1)  244/  C10504 :                     
(1)  245/  C106EE :                     	ORG $C106EE					; WaitForCD
(1)  246/  C106EE : 4EB9 00C1 D066      	jsr     LoadCDSectorFromSD
(1)  247/  C106F4 : 4E75                	rts
(1)  248/  C106F6 :                     
(1)  249/  C10732 :                     	ORG $C10732					; WaitForNewSector (useless now ?)
(1)  250/  C10732 : 4EB9 00C1 D066      	jsr     LoadCDSectorFromSD
(1)  251/  C10738 : 4E75                	rts
(1)  252/  C1073A :                     
(1)  253/  C10774 :                     	ORG $C10774					; WaitForCD2
(1)  254/  C10774 : 4EB9 00C1 D066      	jsr     LoadCDSectorFromSD
(1)  255/  C1077A : 4E75                	rts
(1)  256/  C1077C :                     
(1)  257/  C10878 :                     	ORG $C10878					; WaitForLoaded
(1)  258/  C10878 : 4EB9 00C1 D066      	jsr     LoadCDSectorFromSD
(1)  259/  C1087E : 4E75                	rts
(1)  260/  C10880 :                     
(1)  261/  C10934 :                     	ORG $C10934
(1)  262/  C10934 : 4EF9 00C1 93B4          jmp     LoadFromCD			; Patch original "LoadFromCD" (multiple calls)
(1)  263/  C1093A :                     
(1)  264/  C10BF8 :                         ORG $C10BF8
(1)  265/  C10BF8 : 4E71                    nop                         ; Disable LC8951->DRAM DMA, shouldn't be used anyways
(1)  266/  C10BFA : 4E71                    nop
(1)  267/  C10BFC : 4E71                    nop
 AS V1.42 Beta [Bld 311] - Source File main.asm(patchesfront.asm) - Page 16 - 9/11/2026 13:29:43


(1)  268/  C10BFE :                     
(1)  269/  C11E96 :                     	ORG $C11E96
(1)  270/  C11E96 : 4E75                	rts
(1)  271/  C11E98 :                     	;;jsr     $C0B278			; Just jump to ClearSprites ?
(1)  272/  C11E98 :                     	;lea     $100040,a6        	; Disable CD player display and erase finger cursor from splash screen
(1)  273/  C11E98 :                     	;move.b  #0,4(a6)			; Sprite height
(1)  274/  C11E98 :                     	;bra     $C16CF2			; "SpriteUpdateVRAM"
(1)  275/  C11E98 :                     	
(1)  276/  C16EFA :                     	ORG $C16EFA
(1)  277/  C16EFA : 7001                	moveq.l #1,d0
(1)  278/  C16EFC : 1B40 764E           	move.b  d0,$764E(a5)
(1)  279/  C16F00 : 1B40 7656           	move.b  d0,$7656(a5)		; Init "CDValidFlag" to 1 instead of 0 to kickstart CD checking
(1)  280/  C16F04 :                     
(1)  281/  C20BD2 :                     	ORG $C20BD2
(1)  282/  C20BD2 : 4CF0                	dc.w $4CF0					; Make the loading bar green, just for fun :]
(1)  283/  C20BD4 : 5AF0                	dc.w $5AF0
(1)  284/  C20BD6 : 28F0                	dc.w $28F0
(1)  285/  C20BD8 : 24F0                	dc.w $24F0
(1)  286/  C20BDA : 20D0                	dc.w $20D0
(1)  287/  C20BDC :                     
(1)  288/  C20BDC :                     	PADDING ON
(1)  289/  C20BDC :                     
(1)  290/  C20BDC : =>UNDEFINED             IFDEF DEBUGBUILD
(1)  291/  C20BDC :                     	ORG $C20C10   				; Define palette #3 during loading screen for debug text
(1)  292/  C20BDC :                     	dc.w BLACK, WHITE, BLACK
(1)  293/  C20BDC : [290]                   ENDIF
(1)  294/  C20BDC :                         
(1)  295/  C16EF0 :                         ORG $C16EF0
(1)  296/  C16EF0 : 4EB9 00C1 90D8          jsr SetLEDStartup
(1)  297/  C16EF6 : 4E71                    nop
(1)  298/  C16EF8 : 4E71                    nop
(1)  299/  C16EFA :                     
(1)  300/  C16EFA :                     
(1)  301/  C16F90 :                         ORG $C16F90
(1)  302/  C16F90 : 4EB9 00C1 D15C          jsr     SplashInit          ; Patch up to before $C16FA4
(1)  303/  C16F96 : 4E71                    nop
(1)  304/  C16F98 : 4E71                    nop
(1)  305/  C16F9A : 4E71                    nop
(1)  306/  C16F9C : 4E71                    nop
(1)  307/  C16F9E : 4E71                    nop
(1)  308/  C16FA0 : 4E71                    nop
(1)  309/  C16FA2 : 4E71                    nop
(1)  310/  C16FA4 :                     
(1)  311/  C1727A :                         ORG $C1727A
(1)  312/  C1727A : 4EB9 00C1 D18E      	jsr     SplashStartCurve
(1)  313/  C17280 : 4E71                	nop
(1)  314/  C17282 :                     
(1)  315/  C172E2 :                         ORG $C172E2
(1)  316/  C172E2 : 4EB9 00C1 D1AA      	jsr     SplashLetterCurve
(1)  317/  C172E8 :                     
(1)  318/  C1747C :                     	ORG $C1747C
(1)  319/  C1747C : 1D42 0004           	move.b  d2,(4,a6)			; Sprite height bugfix :)
(1)  320/  C17480 :                     
(1)  321/  C1745E :                     	ORG $C1745E
(1)  322/  C1745E : 4EB9 00C1 D1C2      	jsr     SplashMapSprite     ; Patch MapSprite to switch between CD and SD card sprite map
(1)  323/  C17464 : 4E71                    nop                         ; Patch up to before $C1746C
(1)  324/  C17466 : 4E71                    nop
(1)  325/  C17468 : 4E71                    nop
(1)  326/  C1746A : 4E71                    nop
(1)  327/  C1746C :                     
 AS V1.42 Beta [Bld 311] - Source File main.asm(patchesfront.asm) - Page 17 - 9/11/2026 13:29:43


(1)  328/  C0CF02 :                         ORG $C0CF02
(1)  329/  C0CF02 : 4EF9 00C1 D1E4          jmp     InstallPalettes
(1)  330/  C0CF08 :                     
(1)  331/  C0CF08 :                     
(1)  332/  C209A0 :                         ORG $C209A0
(1)  333/  C209A0 :                     	BINCLUDE "gfxdata\menu_font.pal"	; Replaces palette (0) used for fix
(1)  334/  C209C0 :                         ORG $C209C0
(1)  335/  C209C0 :                     	BINCLUDE "gfxdata\menu_picto.pal"	; Replaces palette (1) used for fix
(1)  336/  C209E0 :                     	; Palette (2) is used for msgbox text, leave it alone
(1)  337/  C20A00 :                         ORG $C20A00
(1)  338/  C20A00 :                     	BINCLUDE "gfxdata\menu_font_hl.pal"	; Replaces palette (3) used for fix
(1)  339/  C20AA0 :                         ORG $C20AA0
(1)  340/  C20AA0 :                     	BINCLUDE "gfxdata\tile_scroll_bg.pal" 	; Replaces CD player bg palette (8)
(1)  341/  C20AC0 :                         ORG $C20AC0
(1)  342/  C20AC0 :                     	BINCLUDE "gfxdata\letter_cursor.pal" 	; Replaces buttons palette (9)
(1)  343/  C20AE0 :                         ORG $C20AE0
(1)  344/  C20AE0 :                     	BINCLUDE "gfxdata\menu_logo.pal" 	    ; Replaces R vu-meter palette (10)
(1)  345/  C20B00 :                         ORG $C20B00
(1)  346/  C20B00 :                     	BINCLUDE "gfxdata\menu_letters.pal" 	; Replaces cursor palette (11)
(1)  347/  C20B20 :                         ORG $C20B20
(1)  348/  C20B20 :                     	BINCLUDE "gfxdata\scroll_shadow.pal" 	; Replaces buttons palette (12)
(1)  349/  C20B40 :                     
(1)  350/  C30000 :                     	ORG $C30000
(1)  351/  C30000 :                     	BINCLUDE "z80\z80.bin"
(1)  352/  C31000 :                     
(1)  353/  C5D0B0 :                     	ORG $C3FEB0+$1D200
(1)  354/  C5D0B0 :                     	BINCLUDE "sfx\sfx.bin"
(1)  355/  C5F1B0 :                     
(1)  356/  C5F1B0 :                     	; DataFix = $C5FEB0 (first bank), there are 8 banks
(1)  357/  C5F1B0 :                     	; Bank #0: Standard SFIX 8x8 charset
(1)  358/  C5F1B0 :                     	; Bank #1: Standard SFIX 8x16 charset top
(1)  359/  C5F1B0 :                     	; Bank #2: Standard SFIX 8x16 charset bottom
(1)  360/  C5F1B0 :                     	; Bank #3: Palette test, CD player 8x16 charset top, emptyness
(1)  361/  C5F1B0 :                     	; Bank #4: CD player 8x8 charset, 8x16 charset bottom, emptyness
(1)  362/  C5F1B0 :                     	; Bank #5: CD player message box tiles and Japanese chars
(1)  363/  C5F1B0 :                     	; Bank #6: Loading screen box and progressbar, emptyness
(1)  364/  C5F1B0 :                     	; Bank #7: Loading screen juggling monkey
(1)  365/  C5F1B0 :                     
(1)  366/  C5FEB0 :                         ORG $C5FEB0                                ; Overwrite bank #0: $C5FEB0+(0*$2000)=$C5FEB0
(1)  367/  C5FEB0 :                     FixBankZero:
(1)  368/  C5FEB0 :                     	BINCLUDE "gfxdata\fix_alphabet_bank.bin"   ; Replace with un-shittized standard font
(1)  369/  C61EB0 :                     
(1)  370/  C61EB0 :                     FixSizeCheckA:
(1)  371/  C61EB0 : =>FALSE                 IF FixSizeCheckA > $C5FEB0+$2000
(1)  372/  C61EB0 :                             FATAL "\aFix file #1 is larger than 8kB !"
(1)  373/  C61EB0 : [371]                   ENDIF
(1)  374/  C61EB0 :                     
(1)  375/  C69EB0 :                     	ORG $C69EB0 				               ; Overwrite bank #5: $C5FEB0+(5*$2000)=$C69EB0
(1)  376/  C69EB0 :                     	BINCLUDE "gfxdata\fix_menu_bank.bin"	   ; Replace with menu font & pictos
(1)  377/  C6BEB0 :                     
(1)  378/  C6BEB0 :                     FixSizeCheckB:
(1)  379/  C6BEB0 : =>FALSE                 IF FixSizeCheckB > $C69EB0+$2000
(1)  380/  C6BEB0 :                             FATAL "\aFix file #2 is larger than 8kB !"
(1)  381/  C6BEB0 : [379]                   ENDIF
(1)  382/  C6BEB0 :                     
(1)  383/  C6BEB0 : =>UNDEFINED             IFDEF DEBUGBUILD
(1)  384/  C6BEB0 :                     	ORG $C6DEB0 				               ; Overwrite bank #7: $C5FEB0+(7*$2000)=$C6DEB0
(1)  385/  C6BEB0 :                     	BINCLUDE "gfxdata\fix_alphabet_bank.bin"   ; Replace with un-shittized standard font
(1)  386/  C6BEB0 : [383]                   ENDIF
(1)  387/  C6BEB0 :                     
 AS V1.42 Beta [Bld 311] - Source File main.asm(patchesfront.asm) - Page 18 - 9/11/2026 13:29:43


(1)  388/  C6BEB0 :                     	; DataSprites = $C6FEB0
(1)  389/  C6FEB0 :                         ORG $C6FEB0
(1)  390/  C6FEB0 :                     	BINCLUDE "gfxdata\sprites.bin"
(1)  391/  C74DB0 :                     SpriteDataEnd:
(1)  392/  C74DB0 : =>FALSE                 IF SpriteDataEnd > $C6FEB0+(4*64*128)
(1)  393/  C74DB0 :                             FATAL "\aSprite data overflows banks 0~3 !"
(1)  394/  C74DB0 : [392]                   ENDIF
(1)  395/  C74DB0 :                     
      43/  C74DB0 : =>FALSE                 ELSEIF TARGET==2
      44/  C74DB0 :                             IF MOMPASS==1
      45/  C74DB0 :                                 MESSAGE "Using TOP-SP1-1/2 patches"
      46/  C74DB0 : [44]                        ENDIF
      47/  C74DB0 :                             INCLUDE "patches1-2.asm"
      48/  C74DB0 : =>FALSE                 ELSEIF TARGET==3
      49/  C74DB0 :                             IF MOMPASS==1
      50/  C74DB0 :                                 MESSAGE "Using TOP-SP1-3 patches"
      51/  C74DB0 : [49]                        ENDIF
      52/  C74DB0 :                             INCLUDE "patches3.asm"
      53/  C74DB0 : [38]                    ENDIF
      54/  C74DB0 :                     
      55/  C74DB0 :                     	; Added code starts here
      56/  C74DB0 :                         ; Approx 30kB of free space starting at $C19000
      57/  C19000 :                     	ORG $C19000
      58/  C19000 : 0063                	dc.w VERSION_MAJ<<8+VERSION_MIN    ; DO NOT MOVE ! MCU uses this to check correct version of menu is flashed
      59/  C19002 :                     
      60/  C19002 :                     PUPPETStuff:
      61/  C19002 :                         ; Copied from original routine
      62/  C19002 : 33FC 0000 00FF 0000 	move.w  #0,$FF0000
      63/  C1900A : 33FC 0550 00FF 0002 	move.w  #$550,$FF0002
      64/  C19012 : 33FC 0731 00FF 0004     move.w  #$731,$FF0004
      65/  C1901A : 13FC 00FE 00FF 0011     move.b  #$FE,$FF0011
      66/  C19022 : 13FC 003C 00FF 000E     move.b  #$3C,$FF000E
      67/  C1902A : 33FC 0007 003C 000C 	move.w  #7,REG_IRQACK
      68/  C19032 : 027C F8FF           	andi.w  #$F8FF,sr
      69/  C19036 :                         ; Added
      70/  C19036 : 33FC 0000 0010 D050 	move.w  #0,SSaverTimer
      71/  C1903E : 13FC 0001 0010 F6DC 	move.b  #1,$10F6DC           ; Prevents a leftover debug routine (?) from being triggered. See $C0D7CC.
      72/  C19046 :                         ; Get MCU FW version to load MCUVersion
      73/  C19046 : 33FC FFFF 0011 C1B8     move.w  #$FFFF,MCUVersion    ; Invalidate
      74/  C1904E : (MACRO)[0]              MCUCMD  MCU_CMD_GETID
      74/  C1904E : 163C 0001               move.b  #MCU_CMD_GETID,d3
      74/  C19052 : 4EB9 00C1 C996          jsr     MCUCommand
      75/  C19058 : 6530                    bcs     .done                ; Can't show errors at this early boot stage, just ignore
      76/  C1905A :                         ; Read 24 bytes from the MCU (see doc) CHANGED
      77/  C1905A : 363C 000C               move.w  #12,d3
      78/  C1905E : 4EB9 00C1 CA9E          jsr     MCURead4WordsMult
      79/  C19064 : 1039 0011 C100          move.b  MCUReplyBuffer,d0
      80/  C1906A : 0200 00F0               andi.b  #$F0,d0
      81/  C1906E : B03C 00F0               cmp.b   #$F0,d0
      82/  C19072 : 6616                    bne     .done                ; Can't show errors at this early boot stage, just ignore
      83/  C19074 : 41F9 0011 C10D          lea     MCUReplyBuffer+13,a0
      84/  C1907A : 1018                    move.b  (a0)+,d0
      85/  C1907C : 13C0 0011 C1B8          move.b  d0,MCUVersion
      86/  C19082 : 1010                    move.b  (a0),d0
      87/  C19084 : 13C0 0011 C1B9          move.b  d0,MCUVersion+1
      88/  C1908A :                     .done:
      89/  C1908A : 4E75                	rts
      90/  C1908C :                     	
      91/  C1908C :                     
      92/  C1908C :                     ConsoleStart:
 AS V1.42 Beta [Bld 311] - Source File main.asm - Page 19 - 9/11/2026 13:29:43


      93/  C1908C :                         ; Copied from original routine
      94/  C1908C : 13FC 0000 00FF 0119     move.b  #0,REG_ENVIDEO
      95/  C19094 :                         ; Added
      96/  C19094 : 7000                	moveq.l #0,d0
      97/  C19096 : 13C0 0011 C1BC      	move.b  d0,IsInIGM
      98/  C1909C : 33C0 0011 C18A      	move.w  d0,FixWriteConfig
      99/  C190A2 : 13C0 0010 D017      	move.b  d0,DebugDIP1
     100/  C190A8 : 13C0 0010 D018      	move.b  d0,DebugDIP2
     101/  C190AE : 33C0 0010 D050      	move.w  d0,SSaverTimer
     102/  C190B4 : 13C0 0011 C1BB          move.b  d0,CustomBGLoaded
     103/  C190BA : 13C0 0011 C293          move.b  d0,CursorsValid
     104/  C190C0 : 13C0 0011 C294          move.b  d0,CardEvent
     105/  C190C6 : 4EB9 00C1 C4E4      	jsr     LoadSettings
     106/  C190CC : 303C 0600           	move.w  #$0600,d0           ; Stop CDDA - Now useless ?
     107/  C190D0 : 4EB9 00C1 D0F8      	jsr     CDDACommand
     108/  C190D6 : 4E75                	rts
     109/  C190D8 :                     
     110/  C190D8 :                     
     111/  C190D8 :                     SetLEDStartup:
     112/  C190D8 : 50F9 0011 C1B7          st.b    SetMCUConfig
     113/  C190DE : 4EF9 00C1 90E4          jmp     GetMCUStatus
     114/  C190E4 :                     
     115/  C190E4 :                     
     116/  C190E4 :                     GetMCUStatus:
     117/  C190E4 : 7800                    moveq.l #0,d4
     118/  C190E6 : 13C4 0011 C194          move.b  d4,MCUCmdParams
     119/  C190EC : 4A39 0011 C1B7          tst.b   SetMCUConfig
     120/  C190F2 : 6722                    beq     .noset
     121/  C190F4 : 1839 0011 C18E          move.b  SettingLEDIdle,d4
     122/  C190FA : 5204                    addq.b  #1,d4
     123/  C190FC : E70C                    lsl.b   #3,d4
     124/  C190FE : 8839 0011 C18F          or.b    SettingLEDLoad,d4
     125/  C19104 : 5204                    addq.b  #1,d4
     126/  C19106 : 0004 0080               ori.b   #$80,d4
     127/  C1910A : 13C4 0011 C194          move.b  d4,MCUCmdParams
     128/  C19110 : 4239 0011 C1B7      	clr.b   SetMCUConfig
     129/  C19116 :                     .noset:
     130/  C19116 : (MACRO)[1]              MCUCMD  MCU_CMD_GETSTATUS
     130/  C19116 : 163C 0002               move.b  #MCU_CMD_GETSTATUS,d3
     130/  C1911A : 4EB9 00C1 C996          jsr     MCUCommand
     131/  C19120 : 6408                    bcc     .notimeout
     132/  C19122 : 4EB9 00C1 98F2          jsr     DispErrorTimeout
     133/  C19128 : 4E75                    rts
     134/  C1912A :                     .notimeout:
     135/  C1912A : 4EB9 00C1 CA9A          jsr     MCURead4Words
     136/  C19130 : 4EB9 00C1 CADA          jsr     CheckACK
     137/  C19136 : 6402                    bcc     .cmdok
     138/  C19138 : 4E75                    rts
     139/  C1913A :                     .cmdok:
     140/  C1913A : 1039 0011 C101          move.b  MCUReplyBuffer+1,d0
     141/  C19140 : 13C0 0010 D034          move.b  d0,MCUStatus
     142/  C19146 : 0800 0006               btst.l  #6,d0
     143/  C1914A : 670C                    beq     .nocardevent
     144/  C1914C : 4239 0011 C293          clr.b   CursorsValid
     145/  C19152 : 50F9 0011 C294          st.b    CardEvent
     146/  C19158 :                     .nocardevent:
     147/  C19158 : 4E75                    rts
     148/  C1915A :                     
     149/  C1915A :                     
     150/  C1915A :                     CDPLAYER_Init:
 AS V1.42 Beta [Bld 311] - Source File main.asm - Page 20 - 9/11/2026 13:29:43


     151/  C1915A :                         ; This is run when a game exits to the CD player interface
     152/  C1915A : 33FC 0000 0011 C18A 	move.w  #$0000,FixWriteConfig
     153/  C19162 : 33FC 0000 0010 D050 	move.w  #0,SSaverTimer
     154/  C1916A : 4EF9 00C0 D3EC      	jmp     MainLoopEnd
     155/  C19170 :                     
     156/  C19170 :                     
     157/  C19170 :                     InitRAM:
     158/  C19170 : =>TRUE                  IF TARGET==1
     159/  C19170 : 422D 7E84               clr.b   $7E84(a5)			; Copied from original routine
     160/  C19174 : 422D 7E85               clr.b   $7E85(a5)			; Make MSFMismatchCntr non-zero to make Robo Army happy
     161/  C19178 : =>FALSE                 ELSE
     162/  C19178 :                     	clr.l   $775C(a5)			; CDLidCompareB - Copied from original routine
     163/  C19178 :                     	st.b    $7E85(a5)			; Make MSFMismatchCntr non-zero to make Robo Army happy
     164/  C19178 : [158]                   ENDIF
     165/  C19178 : 4E75                    rts
     166/  C1917A :                     
     167/  C1917A :                     
     168/  C1917A :                     ResetCountry:
     169/  C1917A : 3039 00FF 011C          move.w  REG_CDCONFIG,d0
     170/  C19180 : E048                    lsr.w   #8,d0
     171/  C19182 : 4600                    not.b   d0
     172/  C19184 : 0200 0003               andi.b  #3,d0
     173/  C19188 : 13C0 0011 C18C          move.b  d0,SettingCountry
     174/  C1918E : 4E75                    rts
     175/  C19190 :                         
     176/  C19190 :                     CountryNoBrazil:
     177/  C19190 : 1039 0010 FD83      	move.b  BIOS_COUNTRY_CODE,d0
     178/  C19196 : B03C 0003           	cmp.b   #3,d0
     179/  C1919A : 6202                	bhi     .notbr
     180/  C1919C : 7000                	moveq.l #0,d0
     181/  C1919E :                     .notbr:
     182/  C1919E : E548                	lsl.w   #2,d0
     183/  C191A0 : 4E75                	rts
     184/  C191A2 :                     
     185/  C191A2 :                     LoadDebugDIPs:
     186/  C191A2 : 10F9 0010 D017          move.b  DebugDIP1,(a0)+		; Uses a0 set by original routine
     187/  C191A8 : 10F9 0010 D018          move.b  DebugDIP2,(a0)+		; Init debug DIPs to custom values instead of zero
     188/  C191AE : 4E75                    rts
     189/  C191B0 :                     
     190/  C191B0 :                     InitSoftDIPs:
     191/  C191B0 : 1018                	move.b  (a0)+,d0			; Copied from original routine
     192/  C191B2 : E808                	lsr.b   #4,d0				; Init soft DIPs to default values
     193/  C191B4 : 12C0                	move.b  d0,(a1)+
     194/  C191B6 : 51CF FFF8           	dbra    d7,InitSoftDIPs
     195/  C191BA : 13C0 0030 0001      	move.b  d0,REG_DIPSW		; Just to be sure
     196/  C191C0 : 4EB9 00C1 D3E4          jsr     LoadSDIPs			; Load soft DIPs from SD card if there are any
     197/  C191C6 : 4E75                    rts
     198/  C191C8 :                     
     199/  C191C8 :                     
     200/  C191C8 :                     	INCLUDE "loading.asm"
(1)    1/  C191C8 :                     ; Copyright (C) 2020 Sean Gonsalves
(1)    2/  C191C8 :                     ;
(1)    3/  C191C8 :                     ; This file is part of Neo CD SD Loader.
(1)    4/  C191C8 :                     ;
(1)    5/  C191C8 :                     ; This program is free software; you can redistribute it and/or modify
(1)    6/  C191C8 :                     ; it under the terms of the GNU General Public License as published by
(1)    7/  C191C8 :                     ; the Free Software Foundation; either version 2, or (at your option)
(1)    8/  C191C8 :                     ; any later version.
(1)    9/  C191C8 :                     ;
(1)   10/  C191C8 :                     ; This program is distributed in the hope that it will be useful,
 AS V1.42 Beta [Bld 311] - Source File main.asm(loading.asm) - Page 21 - 9/11/2026 13:29:43


(1)   11/  C191C8 :                     ; but WITHOUT ANY WARRANTY; without even the implied warranty of
(1)   12/  C191C8 :                     ; MERCHANTABILITY or FITNESS FOR A PARTICULAR PURPOSE.  See the
(1)   13/  C191C8 :                     ; GNU General Public License for more details.
(1)   14/  C191C8 :                     ;
(1)   15/  C191C8 :                     ; You should have received a copy of the GNU General Public License
(1)   16/  C191C8 :                     ; along with this program; see the file COPYING.  If not, write to
(1)   17/  C191C8 :                     ; the Free Software Foundation, Inc., 51 Franklin Street,
(1)   18/  C191C8 :                     ; Boston, MA 02110-1301, USA.
(1)   19/  C191C8 :                     
(1)   20/  C191C8 :                     InitLoad:
(1)   21/  C191C8 : 4EB9 00C1 93B4          jsr     LoadFromCD
(1)   22/  C191CE : 2B7C 0011 1204 7EF8     move.l  #CDSectorBuffer,SectorLoadBuffer(a5)
(1)   23/  C191D6 : 2B7C 0000 0800 7EFC     move.l  #2048,SectorLoadSize(a5)
(1)   24/  C191DE : 4E75                    rts
(1)   25/  C191E0 :                     
(1)   26/  C191E0 :                     LoadPRGSectorsPatch:
(1)   27/  C191E0 : 4EB9 00C1 91C8      	jsr     InitLoad
(1)   28/  C191E6 : 202D 7EE2               move.l  SectorReqDest(a5),d0
(1)   29/  C191EA : 6618                    bne.s   .notfirst
(1)   30/  C191EC :                     
(1)   31/  C191EC : 2B7C 0011 0004 7EF4     move.l  #FirstPRGSector,SectorLoadDest(a5)
(1)   32/  C191F4 : 4EB9 00C1 CE18          jsr     LoadPRGSectorFromSD
(1)   33/  C191FA : 42AD 7732               clr.l   $7732(a5)
(1)   34/  C191FE : 203C 0000 0800          move.l  #2048,d0                    ; Second sector
(1)   35/  C19204 :                     
(1)   36/  C19204 :                     .notfirst:
(1)   37/  C19204 : 2B40 7EF4               move.l  d0,SectorLoadDest(a5)
(1)   38/  C19208 :                     
(1)   39/  C19208 :                     .loadPRGsectors:
(1)   40/  C19208 : 4EB9 00C1 CE18          jsr     LoadPRGSectorFromSD
(1)   41/  C1920E : 4EB9 00C1 92D6          jsr     UpdateLoadAnim
(1)   42/  C19214 : 4A6D 7688               tst.w   SectorCounter(a5)
(1)   43/  C19218 : 66EE                    bne.s   .loadPRGsectors
(1)   44/  C1921A :                     
(1)   45/  C1921A :                     	; Detect and auto-patch SSRPG's EXT_SYS.PRG
(1)   46/  C1921A : 0CAD 0013 2000 7EE2     cmp.l   #$132000,SectorReqDest(a5)
(1)   47/  C19222 : 663C                	bne     .notssrpg
(1)   48/  C19224 : 0CB9 4E45 4F47 0013 	cmp.l   #$4E454F47,$132000	; Check for "NEOG" at $132000
           C1922C : 2000               
(1)   49/  C1922E : 6630                	bne     .notssrpg
(1)   50/  C19230 :                     	; Pretty sure we just loaded EXT_SYS.PRG at this point: patch it
(1)   51/  C19230 :                     	; Thanks Justin !
(1)   52/  C19230 : 23FC 4E75 4E75 0013 	move.l  #$4E754E75,$13201A	; rts rts
           C19238 : 201A               
(1)   53/  C1923A : 23FC 4E71 4EF9 0013 	move.l  #$4E714EF9,$13201E	; nop jmp.l
           C19242 : 201E               
(1)   54/  C19244 : 23FC 00C0 0552 0013 	move.l  #$00C00552,$132022  ; $C00552 (BIOSF_LOADFILE)
           C1924C : 2022               
(1)   55/  C1924E : 23FC 4EF9 00C0 0013 	move.l  #$4EF900C0,$132026  ; jmp.l $C00552 (BIOSF_LOADFILE_NOANIM)
           C19256 : 2026               
(1)   56/  C19258 : 33FC 0564 0013 202A 	move.w  #$0564,$13202A
(1)   57/  C19260 :                     
(1)   58/  C19260 :                     .notssrpg:
(1)   59/  C19260 : 4EF9 00C1 9336          jmp     LoadPRGVectorTable
(1)   60/  C19266 :                     
(1)   61/  C19266 :                     
(1)   62/  C19266 :                     LoadSPRSectorsPatch:
(1)   63/  C19266 : 4EB9 00C1 91C8      	jsr     InitLoad
(1)   64/  C1926C :                     
(1)   65/  C1926C :                     .loadSPRsectors:
 AS V1.42 Beta [Bld 311] - Source File main.asm(loading.asm) - Page 22 - 9/11/2026 13:29:43


(1)   66/  C1926C : 202D 7EF4               move.l  SectorLoadDest(a5),d0
(1)   67/  C19270 : 0C80 0010 0000          cmpi.l  #$100000,d0
(1)   68/  C19276 : 651C                    blo     .noteob                     ; Reached end of bank ?
(1)   69/  C19278 : 2B7C 0000 0000 7EF4     move.l  #0,SectorLoadDest(a5)       ; Go to next bank
(1)   70/  C19280 : 102D 7EDE               move.b  FirstLoadBank(a5),d0
(1)   71/  C19284 : 5200                    addq.b  #1,d0
(1)   72/  C19286 : 1B40 7EDE               move.b  d0,FirstLoadBank(a5)
(1)   73/  C1928A : 1B40 7EDB               move.b  d0,BankCounter(a5)
(1)   74/  C1928E : 13C0 00FF 01A1          move.b  d0,REG_SPRBANK
(1)   75/  C19294 :                     .noteob:
(1)   76/  C19294 : 4EB9 00C1 CE74          jsr     LoadSPRSectorFromSD
(1)   77/  C1929A : 4EB9 00C1 92D6          jsr     UpdateLoadAnim
(1)   78/  C192A0 : 4A6D 7688               tst.w   SectorCounter(a5)
(1)   79/  C192A4 : 66C6                    bne.s   .loadSPRsectors             ; Loaded all sectors ?
(1)   80/  C192A6 :                     
(1)   81/  C192A6 : 13C0 00FF 0141          move.b  d0,REG_UPUNMAPSPR
(1)   82/  C192AC : 13FC 0000 00FF 0111     move.b  #0,REG_DISBLSPR
(1)   83/  C192B4 : 4E75                    rts
(1)   84/  C192B6 :                         
(1)   85/  C192B6 :                         
(1)   86/  C192B6 :                     LoadPCMSectorsPatch:
(1)   87/  C192B6 : 4EB9 00C1 91C8      	jsr     InitLoad
(1)   88/  C192BC :                         
(1)   89/  C192BC :                     .loadPCMsectors:
(1)   90/  C192BC : 4EB9 00C1 CF3E          jsr     LoadPCMSectorFromSD
(1)   91/  C192C2 : 4EB9 00C1 92D6          jsr     UpdateLoadAnim
(1)   92/  C192C8 : 4A6D 7688               tst.w   SectorCounter(a5)
(1)   93/  C192CC : 66EE                    bne.s   .loadPCMsectors
(1)   94/  C192CE :                     
(1)   95/  C192CE : 13C0 00FF 0143          move.b  d0,REG_UPUNMAPPCM
(1)   96/  C192D4 : 4E75                    rts
(1)   97/  C192D6 :                         
(1)   98/  C192D6 :                         
(1)   99/  C192D6 :                     UpdateLoadAnim:
(1)  100/  C192D6 : 48E7 FFFE               movem.l d0-a6,-(sp)
(1)  101/  C192DA : 2079 0011 C80C          movea.l ProgressBarCodePtr,a0
(1)  102/  C192E0 : 4E90                    jsr     (a0)
(1)  103/  C192E2 : 4A39 0011 C192          tst.b   SettingLoadAnim
(1)  104/  C192E8 : 6714                    beq     .fast
(1)  105/  C192EA : 1039 0011 C295          move.b  LoadAnimSlowdown,d0
(1)  106/  C192F0 : 5200                    addq.b  #1,d0
(1)  107/  C192F2 : 13C0 0011 C295          move.b  d0,LoadAnimSlowdown
(1)  108/  C192F8 : 0200 0007               andi.b  #7,d0
(1)  109/  C192FC : 6606                    bne     .skip
(1)  110/  C192FE :                     .fast:
(1)  111/  C192FE : 4EB9 00C0 ED80          jsr     DrawProgressAnimation
(1)  112/  C19304 :                     .skip:
(1)  113/  C19304 : 4CDF 7FFF               movem.l (sp)+,d0-a6
(1)  114/  C19308 : 4E75                    rts
(1)  115/  C1930A :                     
(1)  116/  C1930A :                     
(1)  117/  C1930A :                     LoadingFinished:
(1)  118/  C1930A : 13C0 0030 0001          move.b  d0,REG_DIPSW
(1)  119/  C19310 : 13FC 0001 0010 F6C3     move.b  #1,$10F6C3          ; Copied from original routine
(1)  120/  C19318 : 4239 0011 C1B4          clr.b   IsLoading           ; Added
(1)  121/  C1931E : 4E75                    rts
(1)  122/  C19320 :                     
(1)  123/  C19320 :                     
(1)  124/  C19320 :                     LoadFile:
(1)  125/  C19320 : =>UNDEFINED             IFDEF DEBUGBUILD
 AS V1.42 Beta [Bld 311] - Source File main.asm(loading.asm) - Page 23 - 9/11/2026 13:29:43


(1)  126/  C19320 :                     	jsr     DebugDispFileName
(1)  127/  C19320 : [125]               	ENDIF
(1)  128/  C19320 :                     
(1)  129/  C19320 :                         ; Copied from original routine
(1)  130/  C19320 :                         ; TODO: Is this still needed ?
(1)  131/  C19320 : 7000                	moveq.l #0,d0
(1)  132/  C19322 : 1039 0010 F6C2          move.b  $10F6C2,d0			; "FileTypeCode"
(1)  133/  C19328 : E508                    lsl.b   #2,d0
(1)  134/  C1932A : 41F9 00C0 FD94          lea     JTFileLoaders,a0
(1)  135/  C19330 : 2070 0000               movea.l 0(a0,d0),a0
(1)  136/  C19334 : 4ED0                    jmp     (a0)
(1)  137/  C19336 :                         
(1)  138/  C19336 :                     
(1)  139/  C19336 :                     LoadPRGVectorTable:
(1)  140/  C19336 :                         ; Copy everything from FirstPRGSector to the vector table at 0 except the VBL IRQ vector
(1)  141/  C19336 : 13FC 0000 003A 0013     move.b  #0,REG_SWPROM
(1)  142/  C1933E : 23F9 0011 006C 0010     move.l  $11006C,$10F6EE     ; VBLRoutine2,VBLVectorCopy(a5)
           C19346 : F6EE               
(1)  143/  C19348 : 207C 0011 0004          movea.l #FirstPRGSector,a0
(1)  144/  C1934E : 227C 0000 0000          movea.l #0,a1
(1)  145/  C19354 : 3E3C 0034               move.w  #104/2,d7
(1)  146/  C19358 :                     .copy1:
(1)  147/  C19358 : 32D8                    move.w  (a0)+,(a1)+
(1)  148/  C1935A : 5347                    subq.w  #1,d7
(1)  149/  C1935C : 66FA                    bne     .copy1
(1)  150/  C1935E : 2018                    move.l  (a0)+,d0            ; Just inc a0
(1)  151/  C19360 : 2019                    move.l  (a1)+,d0            ; Just inc a1
(1)  152/  C19362 : 3E3C 03CA               move.w  #1940/2,d7
(1)  153/  C19366 :                     .copy2:
(1)  154/  C19366 : 32D8                    move.w  (a0)+,(a1)+
(1)  155/  C19368 : 5347                    subq.w  #1,d7
(1)  156/  C1936A : 66FA                    bne     .copy2
(1)  157/  C1936C : 4E75                    rts
(1)  158/  C1936E :                     
(1)  159/  C1936E :                     
(1)  160/  C1936E :                     CDCheckDone:
(1)  161/  C1936E : 0839 0007 0010 F656 	btst   	#7,CDValidFlag
(1)  162/  C19376 : 6620                	bne     .valid
(1)  163/  C19378 :                     
(1)  164/  C19378 : =>UNDEFINED             IFDEF DEBUGBUILD
(1)  165/  C19378 :                     	lea     $111204,a1			; Debug: Dump memory starting from "CDSectorBuffer" and lock up
(1)  166/  C19378 :                     	bra     MemoryViewer
(1)  167/  C19378 : [164]               	ENDIF
(1)  168/  C19378 :                     
(1)  169/  C19378 : 41F9 00C1 F3E1      	lea     StrMsgBoxInvalidGame,a0
(1)  170/  C1937E : 4EB9 00C1 973E      	jsr     MessageBox
(1)  171/  C19384 : 4239 0010 F6B6      	clr.b   CDLoadBusy
(1)  172/  C1938A : 08B9 0000 0010 F656 	bclr    #0,CDValidFlag
(1)  173/  C19392 : 4EF9 00C0 F55C          jmp     CDCheckDoneEnd      ; Return to original code
(1)  174/  C19398 :                     
(1)  175/  C19398 :                     .valid:
(1)  176/  C19398 :                         ; Copied from original routine
(1)  177/  C19398 : 4239 0010 F6B6      	clr.b   CDLoadBusy
(1)  178/  C1939E : 08B9 0000 0010 F656 	bclr    #0,CDValidFlag
(1)  179/  C193A6 : 13FC 0000 00FF 0119     move.b  #0,REG_ENVIDEO      ; Disable video to avoid seeing fix glitch
(1)  180/  C193AE : 4EF9 00C0 F55C          jmp     CDCheckDoneEnd      ; Return to original code
(1)  181/  C193B4 :                     
(1)  182/  C193B4 :                     
(1)  183/  C193B4 :                     
(1)  184/  C193B4 :                     LoadFromCD:
 AS V1.42 Beta [Bld 311] - Source File main.asm(loading.asm) - Page 24 - 9/11/2026 13:29:43


(1)  185/  C193B4 :                         ; LoadFromCD jump patch
(1)  186/  C193B4 : 48E7 8080               movem.l d0/a0,-(sp)
(1)  187/  C193B8 :                     
(1)  188/  C193B8 :                         ; Copied from original routine
(1)  189/  C193B8 : 1B7C 0001 76B6          move.b  #1,$76B6(a5)
(1)  190/  C193BE : 422D 76B7               clr.b   $76B7(a5)
(1)  191/  C193C2 :                         ;Ignore PushCDOp
(1)  192/  C193C2 : 3B7C 0004 7684      	move.w  #4,$7684(a5)
(1)  193/  C193C8 : 1B7C 0040 76BA      	move.b  #64,$76BA(a5)
(1)  194/  C193CE : 1B7C 0040 76BB      	move.b  #64,$76BB(a5)
(1)  195/  C193D4 : 426D 76BC           	clr.w   $76BC(a5)
(1)  196/  C193D8 :                     
(1)  197/  C193D8 : 13C0 0030 0001      	move.b  d0,REG_DIPSW
(1)  198/  C193DE : 50F9 0011 C1B4      	st.b    IsLoading
(1)  199/  C193E4 :                     
(1)  200/  C193E4 : =>UNDEFINED             IFDEF DEBUGBUILD
(1)  201/  C193E4 :                         movem.l a1,-(sp)
(1)  202/  C193E4 :                         ; Set up palettes for debug text
(1)  203/  C193E4 :                         lea     IGMPalettes,a0
(1)  204/  C193E4 :                         lea     PALETTES,a1
(1)  205/  C193E4 :                         jsr     CopyPalette
(1)  206/  C193E4 :                     	jsr     DebugDispMSF
(1)  207/  C193E4 :                         movem.l (sp)+,a1
(1)  208/  C193E4 : [200]               	ENDIF
(1)  209/  C193E4 :                     
(1)  210/  C193E4 : 2039 0010 F6C8          move.l  $10F6C8,d0          ; Requested MSF
(1)  211/  C193EA : 23C0 0011 C182          move.l  d0,MSFCounter
(1)  212/  C193F0 :                     
(1)  213/  C193F0 : 3039 0010 F688      	move.w  $10F688,d0			; Retrieve requested sector count to load
(1)  214/  C193F6 : 33C0 0011 C180      	move.w  d0,CDSectorCount	; Make our own copy, just in case
(1)  215/  C193FC :                     
(1)  216/  C193FC : =>UNDEFINED             IFDEF DEBUGBUILD
(1)  217/  C193FC :                     	jsr		DebugDispCDSectors
(1)  218/  C193FC :                     	move.b  #1,REG_ENVIDEO
(1)  219/  C193FC :                     	move.b  #0,REG_DISBLSPR
(1)  220/  C193FC :                     	move.b  #0,REG_DISBLFIX
(1)  221/  C193FC : [216]               	ENDIF
(1)  222/  C193FC :                     
(1)  223/  C193FC : 4CDF 0101               movem.l (sp)+,d0/a0
(1)  224/  C19400 : 4E75                	rts
(1)  225/  C19402 :                     
(1)  226/  C19402 :                     
(1)  227/  C19402 :                     LoadGame:
(1)  228/  C19402 :                         ; Select file with index in d0.b and start loading
(1)  229/  C19402 : 13C0 0011 C194          move.b  d0,MCUCmdParams
(1)  230/  C19408 : 13FC 0000 0011 C195     move.b  #0,MCUCmdParams+1  ; Make sure a stale per-game-bg request flag doesn't linger
(1)  231/  C19410 : (MACRO)[2]              MCUCMD  MCU_CMD_SELECTGAME
(1)  231/  C19410 : 163C 0007               move.b  #MCU_CMD_SELECTGAME,d3
(1)  231/  C19414 : 4EB9 00C1 C996          jsr     MCUCommand
(1)  232/  C1941A : 6406                    bcc     .notimeout
(1)  233/  C1941C : 4EF9 00C1 98F2          jmp     DispErrorTimeout
(1)  234/  C19422 :                     .notimeout:
(1)  235/  C19422 : 4EB9 00C1 CA9A          jsr     MCURead4Words
(1)  236/  C19428 : 4EB9 00C1 CADA          jsr     CheckACK
(1)  237/  C1942E : 6572                    bcs     .invalid
(1)  238/  C19430 :                         ; Ok, start loading
(1)  239/  C19430 : 50F9 0011 C1B4      	st.b    IsLoading
(1)  240/  C19436 :                     
(1)  241/  C19436 : 1039 0011 C18C          move.b  SettingCountry,d0
(1)  242/  C1943C : 0200 0003           	andi.b  #3,d0               ; Sanitize
 AS V1.42 Beta [Bld 311] - Source File main.asm(loading.asm) - Page 25 - 9/11/2026 13:29:43


(1)  243/  C19440 : 13C0 0010 FD83      	move.b  d0,BIOS_COUNTRY_CODE
(1)  244/  C19446 :                     
(1)  245/  C19446 : 7000                    moveq.l #0,d0
(1)  246/  C19448 : 23C0 0011 C202      	move.l  d0,CheatsBitmap
(1)  247/  C1944E : 13C0 0011 C20A      	move.b  d0,FlagSelectStart
(1)  248/  C19454 : 13C0 0011 C20B      	move.b  d0,VBLCheatActions
(1)  249/  C1945A : 13C0 0011 C1BC      	move.b  d0,IsInIGM
(1)  250/  C19460 : 13C0 0011 C1BB          move.b  d0,CustomBGLoaded
(1)  251/  C19466 : 13F9 0010 D000 0011 	move.b  FileCursor,LastFileCursor
           C1946E : C290               
(1)  252/  C19470 : 13F9 0010 D002 0011 	move.b  MenuShift,LastMenuShift
           C19478 : C291               
(1)  253/  C1947A : 13F9 0010 D007 0011 	move.b  LetterCursor,LastLetterCursor
           C19482 : C292               
(1)  254/  C19484 : 50F9 0011 C293          st.b    CursorsValid
(1)  255/  C1948A :                     
(1)  256/  C1948A : 4EB9 00C0 F29A          jsr     CheckCDValid
(1)  257/  C19490 :                     
(1)  258/  C19490 : 0839 0007 0010 F656 	btst   	#7,CDValidFlag
(1)  259/  C19498 : 6708                	beq     .invalid
(1)  260/  C1949A : 13FC 0080 0010 F6B9 	move.b  #$80,$10F6B9		; "GameStartState" Kickstart loading
(1)  261/  C194A2 :                     .invalid:
(1)  262/  C194A2 : 4E75                    rts
(1)  263/  C194A4 :                     
     201/  C194A4 :                     	INCLUDE "ui.asm"
(1)    1/  C194A4 :                     ; Copyright (C) 2020 Sean Gonsalves
(1)    2/  C194A4 :                     ;
(1)    3/  C194A4 :                     ; This file is part of Neo CD SD Loader.
(1)    4/  C194A4 :                     ;
(1)    5/  C194A4 :                     ; This program is free software; you can redistribute it and/or modify
(1)    6/  C194A4 :                     ; it under the terms of the GNU General Public License as published by
(1)    7/  C194A4 :                     ; the Free Software Foundation; either version 2, or (at your option)
(1)    8/  C194A4 :                     ; any later version.
(1)    9/  C194A4 :                     ;
(1)   10/  C194A4 :                     ; This program is distributed in the hope that it will be useful,
(1)   11/  C194A4 :                     ; but WITHOUT ANY WARRANTY; without even the implied warranty of
(1)   12/  C194A4 :                     ; MERCHANTABILITY or FITNESS FOR A PARTICULAR PURPOSE.  See the
(1)   13/  C194A4 :                     ; GNU General Public License for more details.
(1)   14/  C194A4 :                     ;
(1)   15/  C194A4 :                     ; You should have received a copy of the GNU General Public License
(1)   16/  C194A4 :                     ; along with this program; see the file COPYING.  If not, write to
(1)   17/  C194A4 :                     ; the Free Software Foundation, Inc., 51 Franklin Street,
(1)   18/  C194A4 :                     ; Boston, MA 02110-1301, USA.
(1)   19/  C194A4 :                     
(1)   20/  C194A4 :                     CDPlayerVBLProc:
(1)   21/  C194A4 : 4EB9 00C0 EFF4          jsr     CDPControllerStuff  ; Copied from original routine
(1)   22/  C194AA :                     
(1)   23/  C194AA : =>UNDEFINED             IFNDEF MAMEDEBUG
(1)   24/  C194AA : 4A39 0011 C1B6          tst.b   PollStatus
(1)   25/  C194B0 : 671A                    beq     .skipstat
(1)   26/  C194B2 : 4A39 0011 C1B7          tst.b   SetMCUConfig        ; Set/get MCU status immediately if SetMCUConfig requested
(1)   27/  C194B8 : 660C                    bne     .getstat
(1)   28/  C194BA : 3039 0010 D032          move.w  FrameCounter,d0     ; Get status byte from MCU every 32 frames = ~0.5s, if allowed
(1)   29/  C194C0 : 0240 001F               andi.w  #$001F,d0
(1)   30/  C194C4 : 6606                    bne     .skipstat
(1)   31/  C194C6 :                     .getstat:
(1)   32/  C194C6 : 4EB9 00C1 90E4          jsr     GetMCUStatus
(1)   33/  C194CC :                     .skipstat:
(1)   34/  C194CC : [23]                    ENDIF
(1)   35/  C194CC :                     
 AS V1.42 Beta [Bld 311] - Source File main.asm(ui.asm) - Page 26 - 9/11/2026 13:29:43


(1)   36/  C194CC :                         ; Reset the screen saver timer on joypad activity
(1)   37/  C194CC : 1039 0010 FD96          move.b  BIOS_P1CURRENT,d0
(1)   38/  C194D2 : 8039 0010 FD9C          or.b    BIOS_P2CURRENT,d0
(1)   39/  C194D8 : 6708                    beq     .no_kick
(1)   40/  C194DA : 33FC 0000 0010 D050     move.w  #0,SSaverTimer
(1)   41/  C194E2 :                     .no_kick:
(1)   42/  C194E2 :                     
(1)   43/  C194E2 :                         ; Call proc for current screen
(1)   44/  C194E2 : 7000                    moveq.l #0,d0
(1)   45/  C194E4 : 3039 0010 D02E          move.w  CurrentScreen,d0
(1)   46/  C194EA : E588                    lsl.l   #2,d0
(1)   47/  C194EC : 41F9 00C1 96FE          lea     JT_VBLProcs,a0
(1)   48/  C194F2 : 2070 0000               move.l  0(a0,d0),a0
(1)   49/  C194F6 : 4E90                    jsr     (a0)
(1)   50/  C194F8 :                     
(1)   51/  C194F8 : 303C 0000               move.w  #0,d0
(1)   52/  C194FC : 1239 0011 C18D          move.b  SettingSSaver,d1
(1)   53/  C19502 : 0201 0001               andi.b  #1,d1
(1)   54/  C19506 : 6730                    beq     .no_ss
(1)   55/  C19508 : 0C79 000D 0010 D02E     cmp.w   #SCREEN_SSAVER,CurrentScreen
(1)   56/  C19510 : 6726                    beq     .no_ss
(1)   57/  C19512 : 3039 0010 D050          move.w  SSaverTimer,d0
(1)   58/  C19518 : 5240                    addq.w  #1,d0
(1)   59/  C1951A : B07C 0708               cmp.w   #SSAVER_TIMEOUT*60,d0
(1)   60/  C1951E : 6518                    blo     .no_ss
(1)   61/  C19520 :                         ; If screen saver activates while a msgbox is shown, close it first to restore the correct CurrentScreen value
(1)   62/  C19520 : 4A39 0010 D038          tst.b   CurrentMsgBox
(1)   63/  C19526 : 6706                    beq     .no_msgbox
(1)   64/  C19528 : 4EB9 00C1 9812          jsr     MessageBoxClose
(1)   65/  C1952E :                     .no_msgbox:
(1)   66/  C1952E : 4EB9 00C1 9D2A          jsr     SetupSSaver
(1)   67/  C19534 : 303C 0000               move.w  #0,d0
(1)   68/  C19538 :                     .no_ss:
(1)   69/  C19538 : 33C0 0010 D050          move.w  d0,SSaverTimer
(1)   70/  C1953E :                     
(1)   71/  C1953E : 5279 0010 D032          addq.w  #1,FrameCounter
(1)   72/  C19544 :                     
(1)   73/  C19544 : 4E75                    rts
(1)   74/  C19546 :                     
(1)   75/  C19546 :                     
(1)   76/  C19546 :                     VBLProcNothing:
(1)   77/  C19546 : 13C0 0030 0001          move.b  d0,REG_DIPSW
(1)   78/  C1954C : 4E75                    rts
(1)   79/  C1954E :                         
(1)   80/  C1954E :                     
(1)   81/  C1954E :                     VBLProcBExit:
(1)   82/  C1954E : (MACRO)[3]          	TESTCHANGE CNT_B
(1)   82/  C1954E : 1039 0010 FD97          move.b  BIOS_P1CHANGE,d0
(1)   82/  C19554 : 8039 0010 FD9D          or.b    BIOS_P2CHANGE,d0
(1)   82/  C1955A : 0200 0020               andi.b  #(2^CNT_B),d0
(1)   83/  C1955E : 6706                    beq     .no_b
(1)   84/  C19560 : 4EB9 00C1 A8E0          jsr     SetupMenu
(1)   85/  C19566 :                     .no_b:
(1)   86/  C19566 : 4E75                    rts
(1)   87/  C19568 :                     
(1)   88/  C19568 :                     
(1)   89/  C19568 :                     ; d0: SFX code, see equ.asm
(1)   90/  C19568 :                     PlaySFX:
(1)   91/  C19568 : 4A39 0011 C190          tst.b   SettingSFX
(1)   92/  C1956E : 6706                    beq .nosfx
 AS V1.42 Beta [Bld 311] - Source File main.asm(ui.asm) - Page 27 - 9/11/2026 13:29:43


(1)   93/  C19570 : 13C0 0032 0000          move.b  d0,REG_SOUND
(1)   94/  C19576 :                     .nosfx:
(1)   95/  C19576 : 4E75                    rts
(1)   96/  C19578 :                         
(1)   97/  C19578 :                     
(1)   98/  C19578 :                     DrawFileList:
(1)   99/  C19578 : 33FC 0500 0011 C18A 	move.w  #$0500,FixWriteConfig	; Bank 5 has menu font
(1)  100/  C19580 :                     
(1)  101/  C19580 :                         ; Erase previously drawn list
(1)  102/  C19580 : 33FC 0020 003C 0004 	move.w  #32,REG_VRAMMOD         ; Line by line
(1)  103/  C19588 : 303C 710B           	move.w  #FIXMAP+11+(8*32),d0
(1)  104/  C1958C : 3E3C 000F           	move.w  #MAX_MENU_LINES,d7
(1)  105/  C19590 :                     .cl_line:
(1)  106/  C19590 : 33C0 003C 0000      	move.w  d0,REG_VRAMADDR
(1)  107/  C19596 : 3C3C 001A           	move.w  #MAX_FILENAME,d6
(1)  108/  C1959A :                     .cl_char:
(1)  109/  C1959A : 33FC 0520 003C 0002 	move.w  #$0520,REG_VRAMRW	; Space, palette 0, bank 5
(1)  110/  C195A2 : 4E71                	nop
(1)  111/  C195A4 : 5346                	subq.w  #1,d6
(1)  112/  C195A6 : 66F2                	bne     .cl_char
(1)  113/  C195A8 : 5240                	addq.w  #1,d0				; Next line
(1)  114/  C195AA : 5347                	subq.w  #1,d7
(1)  115/  C195AC : 66E2                	bne     .cl_line
(1)  116/  C195AE :                     
(1)  117/  C195AE : 08B9 0000 0010 D003 	bclr.b  #0,RefreshFlags
(1)  118/  C195B6 :                     
(1)  119/  C195B6 :                         ; Does new list have entries ?
(1)  120/  C195B6 : 4A39 0010 D006      	tst.b   LetterGameCount
(1)  121/  C195BC : 662A                	bne     .files
(1)  122/  C195BE : 41F9 00C1 F5AE          lea     FixStrNoFiles,a0
(1)  123/  C195C4 : 0839 0007 0010 D034 	btst.b  #7,MCUStatus
(1)  124/  C195CC : 6606                	bne     .cardpresent
(1)  125/  C195CE : 41F9 00C1 F5C5          lea     FixStrNoCard,a0
(1)  126/  C195D4 :                     .cardpresent:
(1)  127/  C195D4 : 303C 710C           	move.w  #FIXMAP+12+(8*32),d0
(1)  128/  C195D8 : 4EB9 00C1 E528      	jsr     WriteFix
(1)  129/  C195DE : 08F9 0002 0010 D003 	bset.b  #2,RefreshFlags     ; Force update to hide cursor
(1)  130/  C195E6 : 4E75                	rts
(1)  131/  C195E8 :                     .files:
(1)  132/  C195E8 :                     
(1)  133/  C195E8 :                     	; Draw new list
(1)  134/  C195E8 : 7E0F                	moveq.l #MAX_MENU_LINES,d7
(1)  135/  C195EA : 7000                	moveq.l #0,d0
(1)  136/  C195EC : 1039 0010 D002      	move.b  MenuShift,d0		; Matched entries to skip, for scrolling
(1)  137/  C195F2 : 1C00                	move.b  d0,d6
(1)  138/  C195F4 : D0BC 0011 E220      	add.l   #MenuIndexList,d0
(1)  139/  C195FA : 2240                	movea.l d0,a1
(1)  140/  C195FC : 343C 710B           	move.w  #FIXMAP+11+(8*32),d2
(1)  141/  C19600 :                     .disp:
(1)  142/  C19600 : BC39 0010 D006          cmp.b   LetterGameCount,d6
(1)  143/  C19606 : 671E                    beq     .done               ; Reached end of MenuIndexList
(1)  144/  C19608 :                         ; Get file name pointer from index
(1)  145/  C19608 : 7000                	moveq.l #0,d0
(1)  146/  C1960A : 1019                    move.b  (a1)+,d0
(1)  147/  C1960C : EB48                    lsl.w   #5,d0               ; *32
(1)  148/  C1960E : D0BC 0011 C902      	add.l   #FileList+2,d0      ; Skip flag and file number bytes
(1)  149/  C19614 : 2040                	movea.l d0,a0
(1)  150/  C19616 :                     
(1)  151/  C19616 :                         ; Write file name
(1)  152/  C19616 : 3002                	move.w  d2,d0
 AS V1.42 Beta [Bld 311] - Source File main.asm(ui.asm) - Page 28 - 9/11/2026 13:29:43


(1)  153/  C19618 : 4EB9 00C1 E528      	jsr     WriteFix
(1)  154/  C1961E : 5242                	addq.w  #1,d2				; Next FIX line
(1)  155/  C19620 :                     
(1)  156/  C19620 : 5246                    addq.w  #1,d6
(1)  157/  C19622 :                     
(1)  158/  C19622 : 5347                	subq.w  #1,d7
(1)  159/  C19624 : 66DA                	bne     .disp			    ; Max lines reached, stop
(1)  160/  C19626 :                     .done:
(1)  161/  C19626 :                     
(1)  162/  C19626 : 4E75                	rts
(1)  163/  C19628 :                     	
(1)  164/  C19628 :                     
(1)  165/  C19628 :                     ClearMainSprites:
(1)  166/  C19628 :                         ; Clear all sprites except logo and background
(1)  167/  C19628 : 33FC 0001 003C 0004     move.w  #1,REG_VRAMMOD
(1)  168/  C19630 : 33FC 8220 003C 0000 	move.w  #SCB3+SPR_LETTERS,REG_VRAMADDR
(1)  169/  C19638 : 323C 7400           	move.w  #((496-264)<<7)+0,d1
(1)  170/  C1963C : 3E3C 0160           	move.w  #384-SPR_LETTERS,d7
(1)  171/  C19640 :                     .clrspr:
(1)  172/  C19640 : 33C1 003C 0002      	move.w  d1,REG_VRAMRW
(1)  173/  C19646 : 4E71                	nop
(1)  174/  C19648 : 5347                	subq.w  #1,d7
(1)  175/  C1964A : 66F4                	bne     .clrspr
(1)  176/  C1964C : 4E75                    rts
(1)  177/  C1964E :                     
(1)  178/  C1964E :                     
(1)  179/  C1964E :                     ; This is used in ui_loadsaves and ui_main
(1)  180/  C1964E :                     FileListNav:
(1)  181/  C1964E :                         ; Handle input for selection of game from list
(1)  182/  C1964E : (MACRO)[4]          	TESTREPEAT CNT_UP
(1)  182/  C1964E : 1039 0010 FD98          move.b  BIOS_P1REPEAT,d0
(1)  182/  C19654 : 8039 0010 FD9E          or.b    BIOS_P2REPEAT,d0
(1)  182/  C1965A : 0200 0001               andi.b  #(2^CNT_UP),d0
(1)  183/  C1965E : 6742                    beq     .no_up
(1)  184/  C19660 : 4A39 0010 D000          tst.b   FileCursor
(1)  185/  C19666 : 671A                    beq     .top
(1)  186/  C19668 :                         ; Move cursor
(1)  187/  C19668 : 103C 0041               move.b  #SFX_MOVE,d0
(1)  188/  C1966C : 4EB9 00C1 9568          jsr     PlaySFX
(1)  189/  C19672 : 5339 0010 D000          subq.b  #1,FileCursor
(1)  190/  C19678 : 08F9 0002 0010 D003 	bset.b  #2,RefreshFlags
(1)  191/  C19680 : 6020                    bra     .no_up
(1)  192/  C19682 :                     .top:
(1)  193/  C19682 : 4A39 0010 D002          tst.b   MenuShift       
(1)  194/  C19688 : 6718                    beq     .no_up
(1)  195/  C1968A :                         ; Scroll
(1)  196/  C1968A : 103C 0041               move.b  #SFX_MOVE,d0
(1)  197/  C1968E : 4EB9 00C1 9568          jsr     PlaySFX
(1)  198/  C19694 : 5339 0010 D002          subq.b  #1,MenuShift
(1)  199/  C1969A : 08F9 0000 0010 D003 	bset.b  #0,RefreshFlags
(1)  200/  C196A2 :                     .no_up:
(1)  201/  C196A2 :                     
(1)  202/  C196A2 : (MACRO)[5]          	TESTREPEAT CNT_DOWN
(1)  202/  C196A2 : 1039 0010 FD98          move.b  BIOS_P1REPEAT,d0
(1)  202/  C196A8 : 8039 0010 FD9E          or.b    BIOS_P2REPEAT,d0
(1)  202/  C196AE : 0200 0002               andi.b  #(2^CNT_DOWN),d0
(1)  203/  C196B2 : 6748                    beq     .no_down
(1)  204/  C196B4 : 1039 0010 D000          move.b  FileCursor,d0
(1)  205/  C196BA : D039 0010 D002      	add.b   MenuShift,d0
(1)  206/  C196C0 : 5200                	addq.b  #1,d0
 AS V1.42 Beta [Bld 311] - Source File main.asm(ui.asm) - Page 29 - 9/11/2026 13:29:43


(1)  207/  C196C2 : B039 0010 D006          cmp.b   LetterGameCount,d0
(1)  208/  C196C8 : 6432                    bhs     .no_down
(1)  209/  C196CA : 103C 0041               move.b  #SFX_MOVE,d0
(1)  210/  C196CE : 4EB9 00C1 9568          jsr     PlaySFX
(1)  211/  C196D4 : 0C39 000E 0010 D000     cmp.b   #MAX_MENU_LINES-1,FileCursor		; Max lines at once
(1)  212/  C196DC : 6710                    beq     .scrolldown
(1)  213/  C196DE :                         ; Move cursor
(1)  214/  C196DE : 5239 0010 D000          addq.b  #1,FileCursor
(1)  215/  C196E4 : 08F9 0002 0010 D003 	bset.b  #2,RefreshFlags
(1)  216/  C196EC : 600E                    bra     .no_down
(1)  217/  C196EE :                     .scrolldown:
(1)  218/  C196EE :                         ; Scroll
(1)  219/  C196EE : 5239 0010 D002          addq.b  #1,MenuShift
(1)  220/  C196F4 : 08F9 0000 0010 D003 	bset.b  #0,RefreshFlags
(1)  221/  C196FC :                     .no_down:
(1)  222/  C196FC : 4E75                    rts
(1)  223/  C196FE :                     
(1)  224/  C196FE :                     
(1)  225/  C196FE :                     ; This must match SCREEN_ equs !
(1)  226/  C196FE :                     JT_VBLProcs:
(1)  227/  C196FE : 00C1 9546               dc.l VBLProcNothing
(1)  228/  C19702 : 00C1 A4E0               dc.l VBLProcMain
(1)  229/  C19706 : 00C1 9546               dc.l VBLProcNothing     ; Free to use
(1)  230/  C1970A : 00C1 9546               dc.l VBLProcNothing     ; Free to use
(1)  231/  C1970E : 00C1 9546               dc.l VBLProcNothing     ; Free to use
(1)  232/  C19712 : 00C1 9546               dc.l VBLProcNothing     ; Free to use
(1)  233/  C19716 : 00C1 9546               dc.l VBLProcNothing     ; Free to use
(1)  234/  C1971A : 00C1 A93E               dc.l VBLProcMenu
(1)  235/  C1971E : 00C1 AAE8               dc.l VBLProcStoreSave
(1)  236/  C19722 : 00C1 AF70               dc.l VBLProcLoadSave
(1)  237/  C19726 : 00C1 B148               dc.l VBLProcSettings
(1)  238/  C1972A : =>UNDEFINED             IFDEF LOADTEST
(1)  239/  C1972A :                         dc.l VBLProcDebugLoading
(1)  240/  C1972A : =>TRUE                  ELSE
(1)  241/  C1972A : 00C1 9546               dc.l VBLProcNothing
(1)  242/  C1972E : [238]                   ENDIF
(1)  243/  C1972E : 00C1 B880               dc.l VBLProcAbout
(1)  244/  C19732 : 00C1 9E00               dc.l VBLProcSSaver
(1)  245/  C19736 : 00C1 9546               dc.l VBLProcNothing
(1)  246/  C1973A : 00C1 97EA               dc.l VBLProcMsgBox
(1)  247/  C1973E :                     
(1)  248/  C1973E :                         INCLUDE "msgbox.asm"
(2)    1/  C1973E :                     ; Copyright (C) 2020 Sean Gonsalves
(2)    2/  C1973E :                     ;
(2)    3/  C1973E :                     ; Neo CD SD Loader system ROM patch
(2)    4/  C1973E :                     ; This file is part of Neo CD SD Loader.
(2)    5/  C1973E :                     ;
(2)    6/  C1973E :                     ; This program is free software; you can redistribute it and/or modify
(2)    7/  C1973E :                     ; it under the terms of the GNU General Public License as published by
(2)    8/  C1973E :                     ; the Free Software Foundation; either version 2, or (at your option)
(2)    9/  C1973E :                     ; any later version.
(2)   10/  C1973E :                     ;
(2)   11/  C1973E :                     ; This program is distributed in the hope that it will be useful,
(2)   12/  C1973E :                     ; but WITHOUT ANY WARRANTY; without even the implied warranty of
(2)   13/  C1973E :                     ; MERCHANTABILITY or FITNESS FOR A PARTICULAR PURPOSE.  See the
(2)   14/  C1973E :                     ; GNU General Public License for more details.
(2)   15/  C1973E :                     ;
(2)   16/  C1973E :                     ; You should have received a copy of the GNU General Public License
(2)   17/  C1973E :                     ; along with this program; see the file COPYING.  If not, write to
(2)   18/  C1973E :                     ; the Free Software Foundation, Inc., 51 Franklin Street,
 AS V1.42 Beta [Bld 311] - Source File main.asm(msgbox.asm) - Page 30 - 9/11/2026 13:29:43


(2)   19/  C1973E :                     ; Boston, MA 02110-1301, USA.
(2)   20/  C1973E :                     
(2)   21/  C1973E :                     ; a0: Text
(2)   22/  C1973E :                     ; a1: Procedure to call after closing (only for MessageBoxCustom call)
(2)   23/  C1973E :                     MessageBox:
(2)   24/  C1973E : 7000                    moveq.l #0,d0
(2)   25/  C19740 : 2240                    move.l  d0,a1
(2)   26/  C19742 :                     MessageBoxCustom:
(2)   27/  C19742 : 4A39 0010 D038          tst.b   CurrentMsgBox
(2)   28/  C19748 : 6600 009E               bne     .abort
(2)   29/  C1974C : 50F9 0010 D038          st.b    CurrentMsgBox
(2)   30/  C19752 : 23C9 0010 D03A          move.l  a1,MsgBoxExitCall
(2)   31/  C19758 : 2248                    movea.l a0,a1
(2)   32/  C1975A : 33F9 0010 D02E 0010     move.w  CurrentScreen,CurrentScreenPrev    ; Save
           C19762 : D036               
(2)   33/  C19764 :                     
(2)   34/  C19764 :                         ; Save fix map block
(2)   35/  C19764 : 303C 0018               move.w  #MSGBOX_WIDTH,d0
(2)   36/  C19768 : 323C 000E               move.w  #MSGBOX_HEIGHT,d1
(2)   37/  C1976C : 343C 7108               move.w  #FIXMAP+8+(8*32),d2
(2)   38/  C19770 : 4EB9 00C1 E432          jsr     SaveFixMap
(2)   39/  C19776 :                     
(2)   40/  C19776 : 3A39 0011 C18A          move.w  FixWriteConfig,d5       ; Save
(2)   41/  C1977C : 33FC 2000 0011 C18A     move.w  #$2000,FixWriteConfig   ; Palette #2 bank 0
(2)   42/  C19784 :                     
(2)   43/  C19784 :                         ; Draw message box
(2)   44/  C19784 : 33FC 0020 003C 0004     move.w  #32,REG_VRAMMOD
(2)   45/  C1978C : 343C 7108               move.w  #FIXMAP+8+(8*32),d2
(2)   46/  C19790 :                     
(2)   47/  C19790 : 3239 0011 C18A          move.w  FixWriteConfig,d1
(2)   48/  C19796 : 3E3C 0018               move.w  #MSGBOX_WIDTH,d7
(2)   49/  C1979A : 41F9 00C1 9862          lea     FixMapMsgBoxTop,a0
(2)   50/  C197A0 : 4EB9 00C1 9846          jsr     BoxDrawRow
(2)   51/  C197A6 : 3C3C 000C               move.w  #MSGBOX_HEIGHT-2,d6
(2)   52/  C197AA :                     .rowfill:
(2)   53/  C197AA : 3E3C 0018               move.w  #MSGBOX_WIDTH,d7
(2)   54/  C197AE : 41F9 00C1 9892          lea     FixMapMsgBoxRow,a0
(2)   55/  C197B4 : 4EB9 00C1 9846          jsr     BoxDrawRow
(2)   56/  C197BA : 5346                    subq.w  #1,d6
(2)   57/  C197BC : 66EC                    bne     .rowfill
(2)   58/  C197BE : 3E3C 0018               move.w  #MSGBOX_WIDTH,d7
(2)   59/  C197C2 : 41F9 00C1 98C2          lea     FixMapMsgBoxBot,a0
(2)   60/  C197C8 : 4EB9 00C1 9846          jsr     BoxDrawRow
(2)   61/  C197CE :                     
(2)   62/  C197CE : 2049                    movea.l a1,a0
(2)   63/  C197D0 : 303C 7129           	move.w  #FIXMAP+9+(9*32),d0
(2)   64/  C197D4 : 4EB9 00C1 E528      	jsr     WriteFix                ; Write message initially pointed by a0
(2)   65/  C197DA :                     
(2)   66/  C197DA : 33C5 0011 C18A          move.w  d5,FixWriteConfig       ; Restore
(2)   67/  C197E0 :                     
(2)   68/  C197E0 : 33FC 000F 0010 D02E     move.w  #SCREEN_MSGBOX,CurrentScreen
(2)   69/  C197E8 :                     .abort:
(2)   70/  C197E8 : 4E75                    rts
(2)   71/  C197EA :                     
(2)   72/  C197EA :                     VBLProcMsgBox:
(2)   73/  C197EA :                         ; Any button:
(2)   74/  C197EA :                         ;   In menu: Close msgbox
(2)   75/  C197EA :                         ;   In loading or game: Reset
(2)   76/  C197EA : 1039 0010 FD97          move.b  BIOS_P1CHANGE,d0
(2)   77/  C197F0 : 8039 0010 FD9D          or.b    BIOS_P2CHANGE,d0
 AS V1.42 Beta [Bld 311] - Source File main.asm(msgbox.asm) - Page 31 - 9/11/2026 13:29:43


(2)   78/  C197F6 : 0200 00F0           	andi.b  #$F0,d0
(2)   79/  C197FA : 6714                    beq     .no_push
(2)   80/  C197FC : 4A39 0011 C1B4          tst.b   IsLoading
(2)   81/  C19802 : 6706                    beq     .noloading
(2)   82/  C19804 : 4EF9 00C0 0402          jmp     $C00402     ; Reset
(2)   83/  C1980A :                     .noloading:
(2)   84/  C1980A : 4EB9 00C1 9812          jsr     MessageBoxClose
(2)   85/  C19810 :                     .no_push:
(2)   86/  C19810 : 4E75                    rts
(2)   87/  C19812 :                     
(2)   88/  C19812 :                     MessageBoxClose:
(2)   89/  C19812 :                         ; Restore fix map block
(2)   90/  C19812 : 303C 0018               move.w  #MSGBOX_WIDTH,d0
(2)   91/  C19816 : 323C 000E               move.w  #MSGBOX_HEIGHT,d1
(2)   92/  C1981A : 343C 7108               move.w  #FIXMAP+8+(8*32),d2
(2)   93/  C1981E : 4EB9 00C1 E470          jsr     RestoreFixMap
(2)   94/  C19824 :                     
(2)   95/  C19824 : 4239 0010 D038          clr.b   CurrentMsgBox
(2)   96/  C1982A : 33F9 0010 D036 0010     move.w  CurrentScreenPrev,CurrentScreen    ; Restore
           C19832 : D02E               
(2)   97/  C19834 : 4AB9 0010 D03A          tst.l   MsgBoxExitCall
(2)   98/  C1983A : 6708                    beq     .nocall
(2)   99/  C1983C : 2079 0010 D03A          move.l  MsgBoxExitCall,a0
(2)  100/  C19842 : 4ED0                    jmp     (a0)
(2)  101/  C19844 :                     .nocall:
(2)  102/  C19844 : 4E75                    rts
(2)  103/  C19846 :                     
(2)  104/  C19846 :                     ; d1.w: Palette << 12
(2)  105/  C19846 :                     ; d2.w: VRAM address
(2)  106/  C19846 :                     ; d7.w: Width
(2)  107/  C19846 :                     ; a0.l: Data pointer
(2)  108/  C19846 :                     BoxDrawRow:
(2)  109/  C19846 : 33C2 003C 0000          move.w  d2,REG_VRAMADDR
(2)  110/  C1984C : 4E71                    nop
(2)  111/  C1984E :                     .col:
(2)  112/  C1984E : 3018                    move.w  (a0)+,d0
(2)  113/  C19850 : 8041                    or.w    d1,d0
(2)  114/  C19852 : 33C0 003C 0002          move.w  d0,REG_VRAMRW
(2)  115/  C19858 : 4E71                    nop
(2)  116/  C1985A : 5347                    subq.w  #1,d7
(2)  117/  C1985C : 66F0                    bne     .col
(2)  118/  C1985E : 5242                    addq.w  #1,d2
(2)  119/  C19860 : 4E75                    rts
(2)  120/  C19862 :                     
(2)  121/  C19862 :                     FixMapMsgBoxTop:
(2)  122/  C19862 : 0001                    dc.w $001
(2)  123/  C19864 : 0016 0016 0016 0016     dc.w [MSGBOX_WIDTH-2]$016
           C1986C : 0016 0016 0016 0016
           C19874 : 0016 0016 0016 0016
           C1987C : 0016 0016 0016 0016
           C19884 : 0016 0016 0016 0016
           C1988C : 0016 0016         
(2)  124/  C19890 : 0002                    dc.w $002
(2)  125/  C19892 :                     FixMapMsgBoxRow:
(2)  126/  C19892 : 0014                    dc.w $014
(2)  127/  C19894 : 0020 0020 0020 0020     dc.w [MSGBOX_WIDTH-2]$020
           C1989C : 0020 0020 0020 0020
           C198A4 : 0020 0020 0020 0020
           C198AC : 0020 0020 0020 0020
           C198B4 : 0020 0020 0020 0020
 AS V1.42 Beta [Bld 311] - Source File main.asm(msgbox.asm) - Page 32 - 9/11/2026 13:29:43


           C198BC : 0020 0020         
(2)  128/  C198C0 : 0015                    dc.w $015
(2)  129/  C198C2 :                     FixMapMsgBoxBot:
(2)  130/  C198C2 : 0003                    dc.w $003
(2)  131/  C198C4 : 0017 0017 0017 0017     dc.w [MSGBOX_WIDTH-2]$017
           C198CC : 0017 0017 0017 0017
           C198D4 : 0017 0017 0017 0017
           C198DC : 0017 0017 0017 0017
           C198E4 : 0017 0017 0017 0017
           C198EC : 0017 0017         
(2)  132/  C198F0 : 0004                    dc.w $004
(2)  133/  C198F2 :                     
(2)  134/  C198F2 :                     DispErrorTimeout:
(2)  135/  C198F2 : 41F9 0011 C140          lea     FixValueList,a0
(2)  136/  C198F8 : 10F9 0011 C1B5          move.b  TimeOutStage,(a0)+
(2)  137/  C198FE : 600A                    bra     DispError2
(2)  138/  C19900 :                     DispError:
(2)  139/  C19900 : 41F9 0011 C140          lea     FixValueList,a0
(2)  140/  C19906 : 10FC 0000               move.b  #0,(a0)+
(2)  141/  C1990A :                     DispError2:
(2)  142/  C1990A : 4A39 0011 C1B4          tst.b   IsLoading
(2)  143/  C19910 : 6740                    beq     .noloading
(2)  144/  C19912 : 4EB9 00C1 E300          jsr     ClearFix
(2)  145/  C19918 :                         ; Reload font bank and init palette #2 if error occurs during loading
(2)  146/  C19918 : 13FC 0011 0010 FEDA     move.b  #$11,$10FEDA        ; Type
(2)  147/  C19920 : 42B9 0010 FEF4          clr.l   $10FEF4             ; Destination
(2)  148/  C19926 : 23FC 0000 2000 0010     move.l  #$2000,$10FEFC      ; One fix bank
           C1992E : FEFC               
(2)  149/  C19930 : 23FC 00C5 FEB0 0010     move.l  #$C5FEB0,$10FEF8    ; Data_Fix
           C19938 : FEF8               
(2)  150/  C1993A : 4EB9 00C0 0546          jsr     $C00546             ; BIOSF_UPLOAD
(2)  151/  C19940 : 41F9 00C1 BCEE          lea     IGMPalettes,a0
(2)  152/  C19946 : 43F9 0040 0040      	lea     (2*16*2)+PALETTES,a1
(2)  153/  C1994C : 4EB9 00C1 E4BC          jsr     CopyPalette
(2)  154/  C19952 :                     .noloading:
(2)  155/  C19952 : 41F9 0011 C141          lea     FixValueList+1,a0
(2)  156/  C19958 :                         ; Last MCU command and first param byte
(2)  157/  C19958 : 10F9 0011 C193          move.b  LastMCUCmd,(a0)+
(2)  158/  C1995E : 10F9 0011 C194          move.b  MCUCmdParams,(a0)+
(2)  159/  C19964 : 43F9 0011 C100          lea     MCUReplyBuffer,a1
(2)  160/  C1996A :                         ; Two last MCU reply bytes
(2)  161/  C1996A : 10D9                    move.b  (a1)+,(a0)+
(2)  162/  C1996C : 10D1                    move.b  (a1),(a0)+
(2)  163/  C1996E :                         ; Patch type (byte value at $C0AF6A)
(2)  164/  C1996E : 10F9 00C0 AF6A          move.b  $C0AF6A,(a0)+
(2)  165/  C19974 :                         ; Menu version
(2)  166/  C19974 : 10FC 0000               move.b  #VERSION_MAJ,(a0)+
(2)  167/  C19978 : 10FC 0063               move.b  #VERSION_MIN,(a0)+
(2)  168/  C1997C :                         ; MCU version
(2)  169/  C1997C : 30F9 0011 C1B8          move.w  MCUVersion,(a0)+
(2)  170/  C19982 : 41F9 00C1 F5E5          lea     FixStrError,a0
(2)  171/  C19988 : 4EB9 00C1 973E          jsr     MessageBox
(2)  172/  C1998E : 4E75                    rts
(2)  173/  C19990 :                     
(1)  249/  C19990 :                     	INCLUDE "ui_bg.asm"
(2)    1/  C19990 :                     ; Copyright (C) 2020 Sean Gonsalves
(2)    2/  C19990 :                     ;
(2)    3/  C19990 :                     ; This file is part of Neo CD SD Loader.
(2)    4/  C19990 :                     ;
(2)    5/  C19990 :                     ; This program is free software; you can redistribute it and/or modify
 AS V1.42 Beta [Bld 311] - Source File main.asm(ui_bg.asm) - Page 33 - 9/11/2026 13:29:43


(2)    6/  C19990 :                     ; it under the terms of the GNU General Public License as published by
(2)    7/  C19990 :                     ; the Free Software Foundation; either version 2, or (at your option)
(2)    8/  C19990 :                     ; any later version.
(2)    9/  C19990 :                     ;
(2)   10/  C19990 :                     ; This program is distributed in the hope that it will be useful,
(2)   11/  C19990 :                     ; but WITHOUT ANY WARRANTY; without even the implied warranty of
(2)   12/  C19990 :                     ; MERCHANTABILITY or FITNESS FOR A PARTICULAR PURPOSE.  See the
(2)   13/  C19990 :                     ; GNU General Public License for more details.
(2)   14/  C19990 :                     ;
(2)   15/  C19990 :                     ; You should have received a copy of the GNU General Public License
(2)   16/  C19990 :                     ; along with this program; see the file COPYING.  If not, write to
(2)   17/  C19990 :                     ; the Free Software Foundation, Inc., 51 Franklin Street,
(2)   18/  C19990 :                     ; Boston, MA 02110-1301, USA.
(2)   19/  C19990 :                     
(2)   20/  C19990 :                     ; Points the background sprite's tilemap (SPR_BG, 20x16 tiles) at either the
(2)   21/  C19990 :                     ; custom bg tile range (256+, filled by LoadCustomBG) or the default repeating
(2)   22/  C19990 :                     ; pattern, depending on CustomBGLoaded. Also (re)applies the sprite's Z/Y/X.
(2)   23/  C19990 :                     ; Safe to call again after the menu is already up, e.g. once a per-game bg.bmp
(2)   24/  C19990 :                     ; has just been loaded by LoadGameBG.
(2)   25/  C19990 :                     SetupBGSprites:
(2)   26/  C19990 : 4A39 0011 C1BB      	tst.b   CustomBGLoaded
(2)   27/  C19996 : 6740                	beq     .defaultbg
(2)   28/  C19998 :                     	; Setup sprites for custom background
(2)   29/  C19998 : 33FC 0001 003C 0004 	move.w  #1,REG_VRAMMOD
(2)   30/  C199A0 : 303C 0100           	move.w  #256,d0                 ; First tile number
(2)   31/  C199A4 : 343C 0040           	move.w  #SCB1+(SPR_BG*2*32),d2	; Tile map
(2)   32/  C199A8 : 3E3C 0014           	move.w  #20,d7					; 20 sprites wide
(2)   33/  C199AC :                     .setup_c_map:
(2)   34/  C199AC : 33C2 003C 0000      	move.w  d2,REG_VRAMADDR
(2)   35/  C199B2 : 3C3C 000E           	move.w  #14,d6					; 14 tiles high
(2)   36/  C199B6 :                     .setup_c_tiles:
(2)   37/  C199B6 : 4E71                	nop
(2)   38/  C199B8 : 33C0 003C 0002      	move.w  d0,REG_VRAMRW	     	; Tile number
(2)   39/  C199BE : 5240                	addq.w  #1,d0
(2)   40/  C199C0 : 4E71                	nop
(2)   41/  C199C2 : 33FC 1000 003C 0002 	move.w  #$1000,REG_VRAMRW		; Palette #16
(2)   42/  C199CA : 5346                	subq.w  #1,d6
(2)   43/  C199CC : 66E8                	bne     .setup_c_tiles
(2)   44/  C199CE : 0642 0040           	addi.w  #2*32,d2				; Next sprite
(2)   45/  C199D2 : 5347                	subq.w  #1,d7
(2)   46/  C199D4 : 66D6                	bne     .setup_c_map
(2)   47/  C199D6 : 6044                	bra     .bgdone
(2)   48/  C199D8 :                     .defaultbg:
(2)   49/  C199D8 :                     	; Setup sprites for default background
(2)   50/  C199D8 :                     
(2)   51/  C199D8 : 33FC 0001 003C 0004 	move.w  #1,REG_VRAMMOD
(2)   52/  C199E0 : 41F9 00C2 300A      	lea     bg_pal_map,a0
(2)   53/  C199E6 : 343C 0040           	move.w  #SCB1+(SPR_BG*2*32),d2	; Tile map
(2)   54/  C199EA : 3E3C 0014           	move.w  #20,d7					; 20 sprites wide
(2)   55/  C199EE :                     .setup_d_map:
(2)   56/  C199EE : 33C2 003C 0000      	move.w  d2,REG_VRAMADDR
(2)   57/  C199F4 : 3C3C 0010           	move.w  #16,d6					; 16 tiles high
(2)   58/  C199F8 :                     .setup_d_tiles:
(2)   59/  C199F8 : 4E71                	nop
(2)   60/  C199FA : 33FC 0040 003C 0002 	move.w  #$0040,REG_VRAMRW		; Tile number
(2)   61/  C19A02 : 1018                	move.b  (a0)+,d0
(2)   62/  C19A04 : E148                	lsl.w   #8,d0
(2)   63/  C19A06 : 0040 0008               ori.w   #$0008,d0
(2)   64/  C19A0A : 33C0 003C 0002          move.w  d0,REG_VRAMRW		    ; Palette + 3bit auto-animation
(2)   65/  C19A10 : 5346                	subq.w  #1,d6
 AS V1.42 Beta [Bld 311] - Source File main.asm(ui_bg.asm) - Page 34 - 9/11/2026 13:29:43


(2)   66/  C19A12 : 66E4                	bne     .setup_d_tiles
(2)   67/  C19A14 : 0642 0040           	addi.w  #2*32,d2				; Next sprite
(2)   68/  C19A18 : 5347                	subq.w  #1,d7
(2)   69/  C19A1A : 66D2                	bne     .setup_d_map
(2)   70/  C19A1C :                     .bgdone:
(2)   71/  C19A1C :                     
(2)   72/  C19A1C : 303C 0001           	move.w  #SPR_BG,d0
(2)   73/  C19A20 : 323C 0FFF           	move.w  #$0FFF,d1				; No shrink
(2)   74/  C19A24 : 3E3C 0014           	move.w  #20,d7					; 20 sprites wide
(2)   75/  C19A28 : 4EB9 00C1 E3DA      	jsr     SetSprZ
(2)   76/  C19A2E : 303C 0001           	move.w  #SPR_BG,d0
(2)   77/  C19A32 : 323C F810           	move.w  #((496-0)<<7)+16,d1		; Top Y, 16 tiles high
(2)   78/  C19A36 : 3E3C 0014           	move.w  #20,d7					; 20 sprites wide
(2)   79/  C19A3A : 4EB9 00C1 E3F6      	jsr     SetSprY
(2)   80/  C19A40 : 303C 0001           	move.w  #SPR_BG,d0
(2)   81/  C19A44 : 323C 0000           	move.w  #0,d1					; Left X
(2)   82/  C19A48 : 3E3C 0014           	move.w  #20,d7					; 20 sprites wide
(2)   83/  C19A4C : 4EB9 00C1 E416      	jsr     SetSprX
(2)   84/  C19A52 : 4E75                	rts
(2)   85/  C19A54 :                     
(2)   86/  C19A54 :                     
(2)   87/  C19A54 :                     ; Called from the main list's VBL handler once the cursor has stayed on a
(2)   88/  C19A54 :                     ; game for a little while. Looks for that game's own bg.bmp (same format/
(2)   89/  C19A54 :                     ; folder convention as CUSTOM_BG_FILENAME) and shows it as the menu
(2)   90/  C19A54 :                     ; background; falls back to the root bg.bmp, then to the default pattern.
(2)   91/  C19A54 :                     ; Does nothing if the highlighted game is already the one currently shown.
(2)   92/  C19A54 :                     LoadGameBG:
(2)   93/  C19A54 :                     	; Resolve currently highlighted game's file index (same lookup as
(2)   94/  C19A54 :                     	; the "Load selected game" code in ui_main_vbl.asm)
(2)   95/  C19A54 : 41F9 0011 E220      	lea     MenuIndexList,a0
(2)   96/  C19A5A : 7000                	moveq.l #0,d0
(2)   97/  C19A5C : 1039 0010 D000      	move.b  FileCursor,d0
(2)   98/  C19A62 : D039 0010 D002      	add.b   MenuShift,d0
(2)   99/  C19A68 : 7200                	moveq.l #0,d1
(2)  100/  C19A6A : 1230 0000           	move.b  0(a0,d0),d1
(2)  101/  C19A6E : 41F9 0011 C900      	lea     FileList,a0
(2)  102/  C19A74 : EB49                	lsl.w   #5,d1
(2)  103/  C19A76 : 1230 1001           	move.b  1(a0,d1),d1        ; d1 = resolved game index (file number)
(2)  104/  C19A7A :                     
(2)  105/  C19A7A : B239 0011 C28E      	cmp.b   LastBGGameIndex,d1
(2)  106/  C19A80 : 6700 0084           	beq     .done               ; Already showing this game's bg, nothing to do
(2)  107/  C19A84 : 13C1 0011 C28E      	move.b  d1,LastBGGameIndex
(2)  108/  C19A8A :                     
(2)  109/  C19A8A : 51F9 0011 C1BB      	sf.b    CustomBGLoaded      ; Assume failure until LoadCustomBG proves otherwise
(2)  110/  C19A90 : 50F9 0011 C28F      	st.b    BGSilentReload      ; Live reload: don't blank the sprite layer while decoding
(2)  111/  C19A96 :                     
(2)  112/  C19A96 :                     	; Try this game's own bg.bmp first
(2)  113/  C19A96 : 13F9 0011 C28E 0011 	move.b  LastBGGameIndex,MCUCmdParams
           C19A9E : C194               
(2)  114/  C19AA0 : 13FC 0001 0011 C195 	move.b  #1,MCUCmdParams+1   ; Per-game bg request flag
(2)  115/  C19AA8 : (MACRO)[6]          	MCUCMD  MCU_CMD_SELECTGAME
(2)  115/  C19AA8 : 163C 0007               move.b  #MCU_CMD_SELECTGAME,d3
(2)  115/  C19AAC : 4EB9 00C1 C996          jsr     MCUCommand
(2)  116/  C19AB2 : 651A                	bcs     .tryroot             ; Comm timeout, fall back
(2)  117/  C19AB4 : 4EB9 00C1 CA9A      	jsr     MCURead4Words
(2)  118/  C19ABA : 1039 0011 C100      	move.b  MCUReplyBuffer,d0
(2)  119/  C19AC0 : 0200 00F0           	andi.b  #$F0,d0
(2)  120/  C19AC4 : 6708                	beq     .tryroot             ; No bg.bmp in this game's folder
(2)  121/  C19AC6 : 4EB9 00C1 9B20      	jsr     LoadCustomBGSilent
(2)  122/  C19ACC : 6032                	bra     .apply
 AS V1.42 Beta [Bld 311] - Source File main.asm(ui_bg.asm) - Page 35 - 9/11/2026 13:29:43


(2)  123/  C19ACE :                     .tryroot:
(2)  124/  C19ACE :                     	; No per-game art, fall back to the root bg.bmp (same as at menu startup)
(2)  125/  C19ACE : 51F9 0011 C1BB      	sf.b    CustomBGLoaded
(2)  126/  C19AD4 : 13FC 00FF 0011 C194 	move.b  #BG_CODE,MCUCmdParams
(2)  127/  C19ADC : (MACRO)[7]          	MCUCMD  MCU_CMD_SELECTGAME
(2)  127/  C19ADC : 163C 0007               move.b  #MCU_CMD_SELECTGAME,d3
(2)  127/  C19AE0 : 4EB9 00C1 C996          jsr     MCUCommand
(2)  128/  C19AE6 : 6518                	bcs     .apply                ; Comm timeout, give up, use default pattern
(2)  129/  C19AE8 : 4EB9 00C1 CA9A      	jsr     MCURead4Words
(2)  130/  C19AEE : 1039 0011 C100      	move.b  MCUReplyBuffer,d0
(2)  131/  C19AF4 : 0200 00F0           	andi.b  #$F0,d0
(2)  132/  C19AF8 : 6706                	beq     .apply                ; No root bg.bmp either, use default pattern
(2)  133/  C19AFA : 4EB9 00C1 9B20      	jsr     LoadCustomBGSilent
(2)  134/  C19B00 :                     .apply:
(2)  135/  C19B00 :                     	; CustomBGLoaded now reflects whether LoadCustomBG actually succeeded;
(2)  136/  C19B00 :                     	; SetupBGSprites falls back to the default pattern on its own if not.
(2)  137/  C19B00 : 4EB9 00C1 9990      	jsr     SetupBGSprites
(2)  138/  C19B06 :                     .done:
(2)  139/  C19B06 : 4E75                	rts
(2)  140/  C19B08 :                     
(2)  141/  C19B08 :                     
(2)  142/  C19B08 :                     LoadCustomBG:
(2)  143/  C19B08 : 33FC 2000 0011 C18A     move.w  #$2000,FixWriteConfig   ; Palette #2 bank 0
(2)  144/  C19B10 : 41F9 00C1 EC04          lea     FixStrLoadingBG,a0      ; Show loading window
(2)  145/  C19B16 : 303C 714D           	move.w  #FIXMAP+13+(10*32),d0
(2)  146/  C19B1A : 4EB9 00C1 E528      	jsr     WriteFix
(2)  147/  C19B20 :                     
(2)  148/  C19B20 :                     ; Same as LoadCustomBG but without the "Loading..." fix text overlay — used by
(2)  149/  C19B20 :                     ; LoadGameBG while the file list is already on screen, where stamping that
(2)  150/  C19B20 :                     ; message over the list every time the cursor settles would leave it stuck
(2)  151/  C19B20 :                     ; there (nothing currently clears it outside of the one-time boot sequence).
(2)  152/  C19B20 :                     LoadCustomBGSilent:
(2)  153/  C19B20 :                     	; Load BMP data for custom bg
(2)  154/  C19B20 : 23FC 0002 0000 0011     move.l  #$00020000,MSFCounter   ; Init MSF at 00:02:00 (MCU subtracts 2s)
           C19B28 : C182               
(2)  155/  C19B2A : 4EB9 00C1 D096          jsr     GetBMPSector
(2)  156/  C19B30 : 6500 017C               bcs     CustomBGFail
(2)  157/  C19B34 :                     
(2)  158/  C19B34 : 207C 0011 1204      	move.l  #CDSectorBuffer,a0
(2)  159/  C19B3A :                         ; Check "BM" magic at 00
(2)  160/  C19B3A : 0C50 424D               cmp.w   #$424D,$0(a0)
(2)  161/  C19B3E : 6600 016E               bne     CustomBGFail
(2)  162/  C19B42 :                         ; Check 320px width at $12
(2)  163/  C19B42 : 0CA8 4001 0000 0012     cmp.l   #$40010000,$12(a0)
(2)  164/  C19B4A : 6600 0162               bne     CustomBGFail
(2)  165/  C19B4E :                         ; Check 224px height at $16
(2)  166/  C19B4E : 0CA8 E000 0000 0016     cmp.l   #$E0000000,$16(a0)
(2)  167/  C19B56 : 6600 0156               bne     CustomBGFail
(2)  168/  C19B5A :                         ; Check 4bpp at $1C
(2)  169/  C19B5A : 0C68 0400 001C          cmp.w   #$0400,$1C(a0)
(2)  170/  C19B60 : 6600 014C               bne     CustomBGFail
(2)  171/  C19B64 :                         ; Check no compression code 0 at $1E
(2)  172/  C19B64 : 0CA8 0000 0000 001E     cmp.l   #0,$1E(a0)
(2)  173/  C19B6C : 6600 0140               bne     CustomBGFail
(2)  174/  C19B70 :                     
(2)  175/  C19B70 :                         ; Get pixel data pointer from $0A in a2
(2)  176/  C19B70 : 2028 000A               move.l  $A(a0),d0       ; DD CC BB AA
(2)  177/  C19B74 : (MACRO)[8]              ENDIAN_CHG_L d0         ; AA BB CC DD
(2)  177/  C19B74 : E158                    rol.w   #8,D0          ; DD CC AA BB
(2)  177/  C19B76 : 4840                    swap.l  D0             ; AA BB DD CC
 AS V1.42 Beta [Bld 311] - Source File main.asm(ui_bg.asm) - Page 36 - 9/11/2026 13:29:43


(2)  177/  C19B78 : E158                    rol.w   #8,D0          ; AA BB CC DD
(2)  178/  C19B7A : 2440                    move.l  d0,a2
(2)  179/  C19B7C : D5C8                    add.l   a0,a2
(2)  180/  C19B7E :                         ; Get size of the DIB header from $0E in a0
(2)  181/  C19B7E : 2028 000E               move.l  $E(a0),d0       ; DD CC BB AA
(2)  182/  C19B82 : (MACRO)[9]              ENDIAN_CHG_L d0         ; AA BB CC DD
(2)  182/  C19B82 : E158                    rol.w   #8,D0          ; DD CC AA BB
(2)  182/  C19B84 : 4840                    swap.l  D0             ; AA BB DD CC
(2)  182/  C19B86 : E158                    rol.w   #8,D0          ; AA BB CC DD
(2)  183/  C19B88 : 0680 0000 000E          addi.l  #$E,d0          ; Add size of BMP header
(2)  184/  C19B8E : D1C0                    add.l   d0,a0
(2)  185/  C19B90 :                     
(2)  186/  C19B90 :                         ; Load and convert palette (BGRA * 16)
(2)  187/  C19B90 : 4EB9 00C1 E4CE          jsr     WaitVBL
(2)  188/  C19B96 : 43F9 0040 0200          lea     (PALETTES+(2*16*16)),a1     ; Palette #16
(2)  189/  C19B9C : 7E10                    moveq.l #16,d7
(2)  190/  C19B9E :                     .convertpal:
(2)  191/  C19B9E : 7200                    moveq.l #0,d1
(2)  192/  C19BA0 : 1018                    move.b  (a0)+,d0    ; B
(2)  193/  C19BA2 : E808                    lsr.b   #4,d0
(2)  194/  C19BA4 : 0240 000F               andi.w  #$000F,d0
(2)  195/  C19BA8 : 8240                    or.w    d0,d1
(2)  196/  C19BAA : 1018                    move.b  (a0)+,d0    ; G
(2)  197/  C19BAC : 0240 00F0               andi.w  #$00F0,d0
(2)  198/  C19BB0 : 8240                    or.w    d0,d1
(2)  199/  C19BB2 : 1018                    move.b  (a0)+,d0    ; R
(2)  200/  C19BB4 : E948                    lsl.w   #4,d0
(2)  201/  C19BB6 : 0240 0F00               andi.w  #$0F00,d0
(2)  202/  C19BBA : 8240                    or.w    d0,d1
(2)  203/  C19BBC : 32C1                    move.w  d1,(a1)+
(2)  204/  C19BBE : 1018                    move.b  (a0)+,d0    ; Skip A
(2)  205/  C19BC0 : 5347                    subq.w  #1,d7
(2)  206/  C19BC2 : 66DA                    bne     .convertpal
(2)  207/  C19BC4 :                         ; Copy color #0 to BACKDROP and CustomBGBackdrop for reloading
(2)  208/  C19BC4 : 3039 0040 0200          move.w  (PALETTES+(2*16*16)),d0
(2)  209/  C19BCA : 33C0 0040 1FFE          move.w  d0,BACKDROP
(2)  210/  C19BD0 : 33C0 0011 C28C          move.w  d0,CustomBGBackdrop
(2)  211/  C19BD6 :                     
(2)  212/  C19BD6 :                         ; Load and convert pixels
(2)  213/  C19BD6 : 4A39 0011 C28F          tst.b   BGSilentReload      ; Live reload while browsing: leave sprites on,
(2)  214/  C19BDC : 6608                    bne     .skipdisblspr       ; the update just tears in tile by tile instead
(2)  215/  C19BDE : 13FC 0001 00FF 0111     move.b  #1,REG_DISBLSPR     ; of flashing the whole screen blank
(2)  216/  C19BE6 :                     .skipdisblspr:
(2)  217/  C19BE6 : 13FC 0001 00FF 016F     move.b  #1,REG_UPLOAD_EN
(2)  218/  C19BEE : 13C0 00FF 0121          move.b  d0,REG_UPMAPSPR
(2)  219/  C19BF4 : 13FC 0000 00FF 0105     move.b  #0,REG_TRANSAREA
(2)  220/  C19BFC :                     
(2)  221/  C19BFC : 41F9 00C1 9CEA          lea     LUTIndexToBitplane,a0
(2)  222/  C19C02 :                         ; Start at bottom left pixel of bottom left tile
(2)  223/  C19C02 :                         ; Pen and paper required !
(2)  224/  C19C02 : 49F9 00E0 86FC          lea     ($E00000+(256*128)+(128*14)-4),a4
(2)  225/  C19C08 :                     
(2)  226/  C19C08 : 283C 0000 000E          move.l  #14,d4      ; Height in tiles
(2)  227/  C19C0E :                     .fullheight:
(2)  228/  C19C0E : 264C                    move.l  a4,a3       ; Restore base address
(2)  229/  C19C10 : 99FC 0000 0080          subi.l  #128,a4     ; -1 tile (go to tile row above)
(2)  230/  C19C16 :                     
(2)  231/  C19C16 : 2A3C 0000 0010          move.l  #16,d5      ; Pixel rows per tile
(2)  232/  C19C1C :                     .tileheight:
(2)  233/  C19C1C : 224B                    move.l  a3,a1       ; Restore base address
 AS V1.42 Beta [Bld 311] - Source File main.asm(ui_bg.asm) - Page 37 - 9/11/2026 13:29:43


(2)  234/  C19C1E : 97FC 0000 0004          subi.l  #4,a3       ; -1 row (go to pixel row above)
(2)  235/  C19C24 :                     
(2)  236/  C19C24 : 7C14                    moveq.l #20,d6      ; Width in tiles
(2)  237/  C19C26 :                     .sixteenpixelsrow:
(2)  238/  C19C26 :                     
(2)  239/  C19C26 :                         ; Load left 8 pixels
(2)  240/  C19C26 : 7000                    moveq.l #0,d0
(2)  241/  C19C28 : 2200                    move.l  d0,d1
(2)  242/  C19C2A : 2400                    move.l  d0,d2       ; 4 bitplane * 8 bit shift register
(2)  243/  C19C2C : 7E04                    moveq.l #4,d7
(2)  244/  C19C2E :                     .rowa:
(2)  245/  C19C2E : 121A                    move.b  (a2)+,d1    ; Left pixel
(2)  246/  C19C30 : 1001                    move.b  d1,d0
(2)  247/  C19C32 : E809                    lsr.b   #4,d1
(2)  248/  C19C34 : E509                    lsl.b   #2,d1
(2)  249/  C19C36 : E28A                    lsr.l   #1,d2       ; Next pixel in SR
(2)  250/  C19C38 : 84B0 1000               or.l    0(a0,d1),d2
(2)  251/  C19C3C : 0200 000F               andi.b  #$F,d0      ; Right pixel
(2)  252/  C19C40 : E508                    lsl.b   #2,d0
(2)  253/  C19C42 : E28A                    lsr.l   #1,d2       ; Next pixel in SR
(2)  254/  C19C44 : 84B0 0000               or.l    0(a0,d0),d2
(2)  255/  C19C48 :                     
(2)  256/  C19C48 :                         ; Check if we need to load the next sector
(2)  257/  C19C48 : B5FC 0011 1A04          cmp.l   #CDSectorBuffer+CD_SECTOR_SIZE,a2    ; End of CDSectorBuffer
(2)  258/  C19C4E : 6606                    bne     .noreloada
(2)  259/  C19C50 : 4EB9 00C1 9CC6          jsr     GetNewBMPSector
(2)  260/  C19C56 :                     .noreloada:
(2)  261/  C19C56 :                     
(2)  262/  C19C56 : 5307                    subq.b  #1,d7
(2)  263/  C19C58 : 66D4                    bne     .rowa
(2)  264/  C19C5A : 2282                    move.l  d2,0(a1)    ; Left column
(2)  265/  C19C5C :                     
(2)  266/  C19C5C :                         ; Load right 8 pixels
(2)  267/  C19C5C : 7000                    moveq.l #0,d0
(2)  268/  C19C5E : 2200                    move.l  d0,d1
(2)  269/  C19C60 : 2400                    move.l  d0,d2       ; 4 bitplane * 8 bit shift register
(2)  270/  C19C62 : 7E04                    moveq.l #4,d7
(2)  271/  C19C64 :                     .rowb:
(2)  272/  C19C64 : 121A                    move.b  (a2)+,d1    ; Left pixel
(2)  273/  C19C66 : 1001                    move.b  d1,d0
(2)  274/  C19C68 : E809                    lsr.b   #4,d1
(2)  275/  C19C6A : E509                    lsl.b   #2,d1
(2)  276/  C19C6C : E28A                    lsr.l   #1,d2       ; Next pixel in SR
(2)  277/  C19C6E : 84B0 1000               or.l    0(a0,d1),d2
(2)  278/  C19C72 : 0200 000F               andi.b  #$F,d0      ; Right pixel
(2)  279/  C19C76 : E508                    lsl.b   #2,d0
(2)  280/  C19C78 : E28A                    lsr.l   #1,d2       ; Next pixel in SR
(2)  281/  C19C7A : 84B0 0000               or.l    0(a0,d0),d2
(2)  282/  C19C7E :                     
(2)  283/  C19C7E :                         ; Check if we need to load the next sector
(2)  284/  C19C7E : B5FC 0011 1A04          cmp.l   #CDSectorBuffer+CD_SECTOR_SIZE,a2
(2)  285/  C19C84 : 6606                    bne     .noreloadb
(2)  286/  C19C86 : 4EB9 00C1 9CC6          jsr     GetNewBMPSector
(2)  287/  C19C8C :                     .noreloadb:
(2)  288/  C19C8C :                     
(2)  289/  C19C8C : 5307                    subq.b  #1,d7
(2)  290/  C19C8E : 66D4                    bne     .rowb
(2)  291/  C19C90 : 2342 FFC0               move.l  d2,-64(a1)      ; Right column
(2)  292/  C19C94 :                         
(2)  293/  C19C94 : 43E9 0700               lea     128*14(a1),a1   ; Next tile to the right
 AS V1.42 Beta [Bld 311] - Source File main.asm(ui_bg.asm) - Page 38 - 9/11/2026 13:29:43


(2)  294/  C19C98 :                     
(2)  295/  C19C98 : 5346                    subq.w  #1,d6           ; Done one tile pixel row
(2)  296/  C19C9A : 668A                    bne     .sixteenpixelsrow
(2)  297/  C19C9C :                     
(2)  298/  C19C9C : 5345                    subq.w  #1,d5           ; Done an entire pixel row
(2)  299/  C19C9E : 6600 FF7C               bne     .tileheight
(2)  300/  C19CA2 :                     
(2)  301/  C19CA2 : 5344                    subq.w  #1,d4           ; Done one tile row
(2)  302/  C19CA4 : 6600 FF68               bne     .fullheight
(2)  303/  C19CA8 :                         
(2)  304/  C19CA8 : 50F9 0011 C1BB          st.b    CustomBGLoaded
(2)  305/  C19CAE :                     
(2)  306/  C19CAE :                     CustomBGFail:
(2)  307/  C19CAE : 13C0 00FF 0141          move.b  d0,REG_UPUNMAPSPR
(2)  308/  C19CB4 : 13FC 0000 00FF 016F     move.b  #0,REG_UPLOAD_EN
(2)  309/  C19CBC : 13FC 0000 00FF 0111     move.b  #0,REG_DISBLSPR
(2)  310/  C19CC4 : 4E75                    rts
(2)  311/  C19CC6 :                         
(2)  312/  C19CC6 :                         
(2)  313/  C19CC6 :                     GetNewBMPSector:
(2)  314/  C19CC6 : 1039 0011 C184          move.b  MSFCounter+2,d0 ; No need to do proper MSF inc here as file will always fit under 1 second worth of data
(2)  315/  C19CCC : 7201                    moveq   #1,d1           ; Only inc frames
(2)  316/  C19CCE : 44FC 0000               move    #0,ccr
(2)  317/  C19CD2 : C101                    abcd    d1,d0           ; BCD inc
(2)  318/  C19CD4 : 13C0 0011 C184          move.b  d0,MSFCounter+2
(2)  319/  C19CDA : 4EB9 00C1 D096          jsr     GetBMPSector
(2)  320/  C19CE0 : 65CC                    bcs     CustomBGFail    ; Error loading sector
(2)  321/  C19CE2 : 247C 0011 1204          move.l  #CDSectorBuffer,a2
(2)  322/  C19CE8 : 4E75                    rts
(2)  323/  C19CEA :                         
(2)  324/  C19CEA :                     
(2)  325/  C19CEA :                     ; Used for custom bg, linear -> sprite bitplane conversion
(2)  326/  C19CEA :                     LUTIndexToBitplane:
(2)  327/  C19CEA :                         ;     11003322
(2)  328/  C19CEA : 0000 0000               dc.l $00000000
(2)  329/  C19CEE : 0080 0000               dc.l $00800000
(2)  330/  C19CF2 : 8000 0000               dc.l $80000000
(2)  331/  C19CF6 : 8080 0000               dc.l $80800000
(2)  332/  C19CFA : 0000 0080               dc.l $00000080
(2)  333/  C19CFE : 0080 0080               dc.l $00800080
(2)  334/  C19D02 : 8000 0080               dc.l $80000080
(2)  335/  C19D06 : 8080 0080               dc.l $80800080
(2)  336/  C19D0A : 0000 8000               dc.l $00008000
(2)  337/  C19D0E : 0080 8000               dc.l $00808000
(2)  338/  C19D12 : 8000 8000               dc.l $80008000
(2)  339/  C19D16 : 8080 8000               dc.l $80808000
(2)  340/  C19D1A : 0000 8080               dc.l $00008080
(2)  341/  C19D1E : 0080 8080               dc.l $00808080
(2)  342/  C19D22 : 8000 8080               dc.l $80008080
(2)  343/  C19D26 : 8080 8080               dc.l $80808080
(2)  344/  C19D2A :                     
(1)  250/  C19D2A :                     	INCLUDE "ui_ssaver.asm"
(2)    1/  C19D2A :                     ; Copyright (C) 2020 Sean Gonsalves
(2)    2/  C19D2A :                     ;
(2)    3/  C19D2A :                     ; This file is part of Neo CD SD Loader.
(2)    4/  C19D2A :                     ;
(2)    5/  C19D2A :                     ; This program is free software; you can redistribute it and/or modify
(2)    6/  C19D2A :                     ; it under the terms of the GNU General Public License as published by
(2)    7/  C19D2A :                     ; the Free Software Foundation; either version 2, or (at your option)
(2)    8/  C19D2A :                     ; any later version.
 AS V1.42 Beta [Bld 311] - Source File main.asm(ui_ssaver.asm) - Page 39 - 9/11/2026 13:29:43


(2)    9/  C19D2A :                     ;
(2)   10/  C19D2A :                     ; This program is distributed in the hope that it will be useful,
(2)   11/  C19D2A :                     ; but WITHOUT ANY WARRANTY; without even the implied warranty of
(2)   12/  C19D2A :                     ; MERCHANTABILITY or FITNESS FOR A PARTICULAR PURPOSE.  See the
(2)   13/  C19D2A :                     ; GNU General Public License for more details.
(2)   14/  C19D2A :                     ;
(2)   15/  C19D2A :                     ; You should have received a copy of the GNU General Public License
(2)   16/  C19D2A :                     ; along with this program; see the file COPYING.  If not, write to
(2)   17/  C19D2A :                     ; the Free Software Foundation, Inc., 51 Franklin Street,
(2)   18/  C19D2A :                     ; Boston, MA 02110-1301, USA.
(2)   19/  C19D2A :                     
(2)   20/  C19D2A :                     SetupSSaver:
(2)   21/  C19D2A : 33F9 0010 D02E 0010     move.w  CurrentScreen,LastScreen    ; Store
           C19D32 : D030               
(2)   22/  C19D34 : 33FC 0000 0010 D02E     move.w  #SCREEN_IDLE,CurrentScreen
(2)   23/  C19D3C :                     
(2)   24/  C19D3C : 4EB9 00C1 E300          jsr     ClearFix
(2)   25/  C19D42 :                     
(2)   26/  C19D42 :                         ; Clear all sprites
(2)   27/  C19D42 : 33FC 8200 003C 0000 	move.w  #SCB3,REG_VRAMADDR
(2)   28/  C19D4A : 323C 7400           	move.w  #((496-264)<<7)+0,d1
(2)   29/  C19D4E : 3E3C 0180           	move.w  #384,d7
(2)   30/  C19D52 :                     .clrspr:
(2)   31/  C19D52 : 33C1 003C 0002      	move.w  d1,REG_VRAMRW
(2)   32/  C19D58 : 4E71                	nop
(2)   33/  C19D5A : 5347                	subq.w  #1,d7
(2)   34/  C19D5C : 66F4                	bne     .clrspr
(2)   35/  C19D5E :                     
(2)   36/  C19D5E : 33FC 8000 0040 1FFE     move.w  #BLACK,BACKDROP
(2)   37/  C19D66 :                     
(2)   38/  C19D66 : 3C3C 0004               move.w  #4,d6                   ; Setup 4 bolts
(2)   39/  C19D6A :                     .setspr:
(2)   40/  C19D6A : 2F06                    move.l  d6,-(sp)
(2)   41/  C19D6C : 41F9 00C2 3000      	lea     map_ssaver_sprite,a0
(2)   42/  C19D72 : 3606                	move.w  d6,d3
(2)   43/  C19D74 : E34B                	lsl.w   #1,d3					; 2 sprites wide
(2)   44/  C19D76 : 4EB9 00C1 E3A0      	jsr     AutoMap
(2)   45/  C19D7C : 2C1F                    move.l  (sp)+,d6
(2)   46/  C19D7E :                     
(2)   47/  C19D7E : 3006                	move.w  d6,d0
(2)   48/  C19D80 : E348                	lsl.w   #1,d0					; 2 sprites wide
(2)   49/  C19D82 : 323C 0FFF           	move.w  #$0FFF,d1				; No shrink
(2)   50/  C19D86 : 3E3C 0002           	move.w  #2,d7					; 2 sprites wide
(2)   51/  C19D8A : 4EB9 00C1 E3DA      	jsr     SetSprZ
(2)   52/  C19D90 :                     
(2)   53/  C19D90 : 3006                	move.w  d6,d0
(2)   54/  C19D92 : E348                	lsl.w   #1,d0					; 2 sprites wide
(2)   55/  C19D94 : 323C 0000           	move.w  #0,d1           		; Zero height for now
(2)   56/  C19D98 : 3E3C 0002           	move.w  #2,d7					; 2 sprites wide
(2)   57/  C19D9C : 4EB9 00C1 E3F6      	jsr     SetSprY
(2)   58/  C19DA2 :                     
(2)   59/  C19DA2 : 5346                	subq.w  #1,d6
(2)   60/  C19DA4 : 66C4                	bne     .setspr
(2)   61/  C19DA6 :                     
(2)   62/  C19DA6 : 3239 0010 D032          move.w  FrameCounter,d1         ; Shitty PRNG seed
(2)   63/  C19DAC : 0281 0000 00FF          andi.l  #$FF,d1
(2)   64/  C19DB2 : 41F9 0010 D052      	lea     ssaver_vars,a0
(2)   65/  C19DB8 : 43F9 00C0 4200      	lea     $C04200,a1              ; RND_DATA
(2)   66/  C19DBE : 303C 0980           	move.w  #38<<6,d0               ; Initial X
(2)   67/  C19DC2 : 3E3C 0004               move.w  #4,d7
 AS V1.42 Beta [Bld 311] - Source File main.asm(ui_ssaver.asm) - Page 40 - 9/11/2026 13:29:43


(2)   68/  C19DC6 :                     .setvars:
(2)   69/  C19DC6 : 30C0                	move.w  d0,(a0)+                ; X
(2)   70/  C19DC8 : 0640 1180           	addi.w  #70<<6,d0
(2)   71/  C19DCC : 30FC 1800           	move.w  #((224-32)/2)<<6,(a0)+  ; Initial Y
(2)   72/  C19DD0 :                     
(2)   73/  C19DD0 : 7400                    moveq.l #0,d2
(2)   74/  C19DD2 : 1431 1000               move.b  0(a1,d1),d2
(2)   75/  C19DD6 : 4882                    ext.w   d2
(2)   76/  C19DD8 : E242                    asr.w   #1,d2                   ; Slow the fuck down
(2)   77/  C19DDA : 0642 0064               addi.w  #100,d2                 ; Minimum speed
(2)   78/  C19DDE : 30C2                	move.w  d2,(a0)+                ; VX
(2)   79/  C19DE0 :                     
(2)   80/  C19DE0 : 7400                    moveq.l #0,d2
(2)   81/  C19DE2 : 1431 1001               move.b  1(a1,d1),d2
(2)   82/  C19DE6 : 4882                    ext.w   d2
(2)   83/  C19DE8 : E242                    asr.w   #1,d2                   ; Slow the fuck down
(2)   84/  C19DEA : 0642 0064               addi.w  #100,d2                 ; Minimum speed
(2)   85/  C19DEE : 30C2                	move.w  d2,(a0)+                ; VY
(2)   86/  C19DF0 :                     
(2)   87/  C19DF0 : 5401                    addq.b  #2,d1
(2)   88/  C19DF2 :                     
(2)   89/  C19DF2 : 5347                	subq.w  #1,d7
(2)   90/  C19DF4 : 66D0                	bne     .setvars
(2)   91/  C19DF6 :                     
(2)   92/  C19DF6 : 33FC 000D 0010 D02E     move.w  #SCREEN_SSAVER,CurrentScreen
(2)   93/  C19DFE : 4E75                	rts
(2)   94/  C19E00 :                     
(2)   95/  C19E00 :                     
(2)   96/  C19E00 :                     VBLProcSSaver:
(2)   97/  C19E00 :                     	; Refresh stuff in VRAM while we're at the beginning of the vblank
(2)   98/  C19E00 : 41F9 0010 D052      	lea     ssaver_vars,a0
(2)   99/  C19E06 : 3C3C 0004               move.w  #4,d6
(2)  100/  C19E0A :                     .setsprxy:
(2)  101/  C19E0A : 3006                	move.w  d6,d0
(2)  102/  C19E0C : E348                	lsl.w   #1,d0					; 2 sprites wide
(2)  103/  C19E0E : 3218                	move.w  (a0)+,d1				; X
(2)  104/  C19E10 : EC49                	lsr.w   #6,d1                   ; 10.6 to int
(2)  105/  C19E12 : 3E3C 0002           	move.w  #2,d7					; 2 sprites wide
(2)  106/  C19E16 : 4EB9 00C1 E416      	jsr     SetSprX
(2)  107/  C19E1C :                     
(2)  108/  C19E1C : 3006                	move.w  d6,d0
(2)  109/  C19E1E : E348                	lsl.w   #1,d0					; 2 sprites wide
(2)  110/  C19E20 : 3218                	move.w  (a0)+,d1				; Y
(2)  111/  C19E22 : EC49                	lsr.w   #6,d1                   ; 10.6 to int
(2)  112/  C19E24 : 4441                	neg.w   d1
(2)  113/  C19E26 : 0641 01F0           	addi.w  #496,d1
(2)  114/  C19E2A : EF49                	lsl.w   #7,d1
(2)  115/  C19E2C : 0041 0002           	ori.w   #2,d1                   ; 2 sprites high
(2)  116/  C19E30 : 3E3C 0002           	move.w  #2,d7					; 2 sprites wide
(2)  117/  C19E34 : 4EB9 00C1 E3F6      	jsr     SetSprY
(2)  118/  C19E3A :                     	
(2)  119/  C19E3A : 41E8 0004           	lea     4(a0),a0                ; Skip VX and VY
(2)  120/  C19E3E :                     
(2)  121/  C19E3E : 5346                	subq.w  #1,d6
(2)  122/  C19E40 : 66C8                	bne     .setsprxy
(2)  123/  C19E42 :                     	
(2)  124/  C19E42 :                     	; Animate
(2)  125/  C19E42 : 41F9 0010 D052      	lea     ssaver_vars,a0
(2)  126/  C19E48 : 3E3C 0004               move.w  #4,d7
(2)  127/  C19E4C :                     .anim:
 AS V1.42 Beta [Bld 311] - Source File main.asm(ui_ssaver.asm) - Page 41 - 9/11/2026 13:29:43


(2)  128/  C19E4C : 3010                    move.w  0(a0),d0                ; X
(2)  129/  C19E4E : 3228 0002               move.w  2(a0),d1                ; Y
(2)  130/  C19E52 :                     
(2)  131/  C19E52 : D068 0004           	add.w   4(a0),d0				; VX
(2)  132/  C19E56 : 3080                    move.w  d0,0(a0)
(2)  133/  C19E58 : D268 0006           	add.w   6(a0),d1				; VY
(2)  134/  C19E5C : 3141 0002               move.w  d1,2(a0)
(2)  135/  C19E60 :                     	
(2)  136/  C19E60 : EC48                	lsr.w   #6,d0
(2)  137/  C19E62 : EC49                	lsr.w   #6,d1
(2)  138/  C19E64 :                     
(2)  139/  C19E64 : B07C 0120           	cmp.w   #320-32,d0
(2)  140/  C19E68 : 6504                	blo     .no_hit_right
(2)  141/  C19E6A : 4468 0004           	neg.w   4(a0)                   ; Negate VX
(2)  142/  C19E6E :                     .no_hit_right:
(2)  143/  C19E6E : B07C 0000           	cmp.w   #0,d0
(2)  144/  C19E72 : 6E04                	bgt     .no_hit_left
(2)  145/  C19E74 : 4468 0004           	neg.w   4(a0)                   ; Negate VX
(2)  146/  C19E78 :                     .no_hit_left:
(2)  147/  C19E78 :                     
(2)  148/  C19E78 : B27C 00C0           	cmp.w   #224-32,d1
(2)  149/  C19E7C : 6504                	blo     .no_hit_bottom
(2)  150/  C19E7E : 4468 0006           	neg.w   6(a0)                   ; Negate VY
(2)  151/  C19E82 :                     .no_hit_bottom:
(2)  152/  C19E82 : B27C 0000           	cmp.w   #0,d1
(2)  153/  C19E86 : 6E04                	bgt     .no_hit_top
(2)  154/  C19E88 : 4468 0006           	neg.w   6(a0)                   ; Negate VY
(2)  155/  C19E8C :                     .no_hit_top:
(2)  156/  C19E8C :                     
(2)  157/  C19E8C : 41E8 0008           	lea     8(a0),a0                ; Next entry
(2)  158/  C19E90 : 5347                	subq.w  #1,d7
(2)  159/  C19E92 : 66B8                	bne     .anim
(2)  160/  C19E94 :                     
(2)  161/  C19E94 :                         ; Screen saver disabled by any joypad activity
(2)  162/  C19E94 : 1039 0010 FD97          move.b  BIOS_P1CHANGE,d0
(2)  163/  C19E9A : 8039 0010 FD9D          or.b    BIOS_P2CHANGE,d0
(2)  164/  C19EA0 : 1239 0010 FDAD          move.b  BIOS_STATCHANGE,d1
(2)  165/  C19EA6 : 0201 000F               andi.b  #$0F,d1
(2)  166/  C19EAA : 8001                    or.b    d1,d0
(2)  167/  C19EAC : 6706                    beq     .no_exit
(2)  168/  C19EAE :                         ; Exiting the screen saver always brings back to the Main screen
(2)  169/  C19EAE : 4EB9 00C1 9EB6          jsr     SetupMain
(2)  170/  C19EB4 :                     .no_exit:
(2)  171/  C19EB4 : 4E75                	rts
(2)  172/  C19EB6 :                     
(1)  251/  C19EB6 :                     	INCLUDE "ui_main_setup.asm"
(2)    1/  C19EB6 :                     ; Copyright (C) 2020 Sean Gonsalves
(2)    2/  C19EB6 :                     ;
(2)    3/  C19EB6 :                     ; This file is part of Neo CD SD Loader.
(2)    4/  C19EB6 :                     ;
(2)    5/  C19EB6 :                     ; This program is free software; you can redistribute it and/or modify
(2)    6/  C19EB6 :                     ; it under the terms of the GNU General Public License as published by
(2)    7/  C19EB6 :                     ; the Free Software Foundation; either version 2, or (at your option)
(2)    8/  C19EB6 :                     ; any later version.
(2)    9/  C19EB6 :                     ;
(2)   10/  C19EB6 :                     ; This program is distributed in the hope that it will be useful,
(2)   11/  C19EB6 :                     ; but WITHOUT ANY WARRANTY; without even the implied warranty of
(2)   12/  C19EB6 :                     ; MERCHANTABILITY or FITNESS FOR A PARTICULAR PURPOSE.  See the
(2)   13/  C19EB6 :                     ; GNU General Public License for more details.
(2)   14/  C19EB6 :                     ;
 AS V1.42 Beta [Bld 311] - Source File main.asm(ui_main_setup.asm) - Page 42 - 9/11/2026 13:29:43


(2)   15/  C19EB6 :                     ; You should have received a copy of the GNU General Public License
(2)   16/  C19EB6 :                     ; along with this program; see the file COPYING.  If not, write to
(2)   17/  C19EB6 :                     ; the Free Software Foundation, Inc., 51 Franklin Street,
(2)   18/  C19EB6 :                     ; Boston, MA 02110-1301, USA.
(2)   19/  C19EB6 :                     
(2)   20/  C19EB6 :                     SetupMain:
(2)   21/  C19EB6 :                     	; Palettes should already be set up correctly by InstallDataDRAM
(2)   22/  C19EB6 :                     	; CDPPalData is patched with the new palettes
(2)   23/  C19EB6 :                     
(2)   24/  C19EB6 : 33FC 0000 0010 D02E     move.w  #SCREEN_IDLE,CurrentScreen
(2)   25/  C19EBE :                     
(2)   26/  C19EBE : 13FC 00FF 00FF 0183 	move.b  #$FF,REG_Z80RST		; Copied from original routine
(2)   27/  C19EC6 :                     
(2)   28/  C19EC6 : 13C0 003A 0001          move.b  d0,REG_NOSHADOW     ; Required after exiting from Ironclad
(2)   29/  C19ECC :                     
(2)   30/  C19ECC : 33FC 0100 003C 0006 	move.w  #$0100,REG_LSPCMODE ; Set auto-animation speed
(2)   31/  C19ED4 :                     
(2)   32/  C19ED4 : 13FC 0001 00FF 0119 	move.b  #1,REG_ENVIDEO
(2)   33/  C19EDC : 13FC 0000 00FF 0111 	move.b  #0,REG_DISBLSPR
(2)   34/  C19EE4 : 13FC 0000 00FF 0115 	move.b  #0,REG_DISBLFIX
(2)   35/  C19EEC :                     
(2)   36/  C19EEC : 7000                    moveq.l #0,d0
(2)   37/  C19EEE : 13C0 0011 C1BC          move.b  d0,IsInIGM
(2)   38/  C19EF4 : 13C0 0010 D000      	move.b  d0,FileCursor
(2)   39/  C19EFA : 13C0 0010 D001      	move.b  d0,FileCursorPrev
(2)   40/  C19F00 : 13C0 0010 D002      	move.b  d0,MenuShift
(2)   41/  C19F06 : 13C0 0010 D007      	move.b  d0,LetterCursor
(2)   42/  C19F0C : 13C0 0010 D038      	move.b  d0,CurrentMsgBox
(2)   43/  C19F12 : 13C0 0011 C1B4      	move.b  d0,IsLoading
(2)   44/  C19F18 : 23C0 0010 D00C      	move.l  d0,ActiveLetters
(2)   45/  C19F1E : 33C0 0010 D004          move.w  d0,TotalFileCount
(2)   46/  C19F24 : 33C0 0010 D014          move.w  d0,UITemp           ; Used as delay timer to start scrolling file names
(2)   47/  C19F2A : 13C0 0011 C20A      	move.b  d0,FlagSelectStart
(2)   48/  C19F30 : 50F9 0011 C1B6      	st.b    PollStatus
(2)   49/  C19F36 : 50F9 0011 C28E      	st.b    LastBGGameIndex     ; $FF, no per-game bg loaded yet
(2)   50/  C19F3C : 51F9 0011 C28F      	sf.b    BGSilentReload      ; Not a live reload, this is the one-time boot load
(2)   51/  C19F42 :                     
(2)   52/  C19F42 :                     	; RefreshFlags bits use in ui_main:
(2)   53/  C19F42 :                     	; 0: Redraw file list
(2)   54/  C19F42 :                     	; 1: Redraw letter cursor
(2)   55/  C19F42 :                     	; 2: Redraw file cursor
(2)   56/  C19F42 :                     	; 3: Redraw current file name for scrolling
(2)   57/  C19F42 :                     	; 4: Show msgbox about game count exceeding MAX_FILES
(2)   58/  C19F42 :                     	; 5: -
(2)   59/  C19F42 :                     	; 6: -
(2)   60/  C19F42 :                     	; 7: -
(2)   61/  C19F42 : 13FC 0007 0010 D003     move.b  #%00000111,RefreshFlags
(2)   62/  C19F4A :                     
(2)   63/  C19F4A : 4EB9 00C1 E4CE          jsr     WaitVBL                 ; Wait for vblank to hide dirty things
(2)   64/  C19F50 :                     
(2)   65/  C19F50 : 41F9 00C1 BCEE          lea     IGMPalettes,a0
(2)   66/  C19F56 : 43F9 0040 0040      	lea     (2*16*2)+PALETTES,a1	; Set up palette 2 for msgbox text
(2)   67/  C19F5C : 4EB9 00C1 E4BC          jsr     CopyPalette
(2)   68/  C19F62 :                     
(2)   69/  C19F62 : 4EB9 00C1 E300          jsr     ClearFix
(2)   70/  C19F68 :                     
(2)   71/  C19F68 : 4EB9 00C1 E35E          jsr     ClearFileList
(2)   72/  C19F6E : 4EB9 00C1 9628          jsr     ClearMainSprites
(2)   73/  C19F74 :                     
(2)   74/  C19F74 : =>UNDEFINED             IFDEF MAMEDEBUG
 AS V1.42 Beta [Bld 311] - Source File main.asm(ui_main_setup.asm) - Page 43 - 9/11/2026 13:29:43


(2)   75/  C19F74 :                         jsr     DebugSetupMain
(2)   76/  C19F74 :                     	bra     .setup_interface
(2)   77/  C19F74 : [74]                    ENDIF
(2)   78/  C19F74 :                     
(2)   79/  C19F74 : 4EB9 00C1 90E4          jsr     GetMCUStatus
(2)   80/  C19F7A :                     
(2)   81/  C19F7A : 0839 0007 0010 D034 	btst.b  #7,MCUStatus
(2)   82/  C19F82 : 6700 0100           	beq     .setup_interface   ; SD card absent, skip loading game list
(2)   83/  C19F86 :                     
(2)   84/  C19F86 : =>UNDEFINED             IFNDEF MAMEDEBUG
(2)   85/  C19F86 : 4EB9 00C1 E4DE      	jsr     InitSD
(2)   86/  C19F8C : 6500 00F6           	bcs     .setup_interface   ; SD card error, skip loading game list
(2)   87/  C19F90 :                     
(2)   88/  C19F90 :                         ; Check if there's already a custom bg loaded
(2)   89/  C19F90 : 4A39 0011 C1BB          tst.b   CustomBGLoaded
(2)   90/  C19F96 : 670C                    beq     .notloaded
(2)   91/  C19F98 : 33F9 0011 C28C 0040     move.w  CustomBGBackdrop,BACKDROP   ; Restore custom BG backdrop color in case we exited from screen saver
           C19FA0 : 1FFE               
(2)   92/  C19FA2 : 6034                    bra     .nocustombg
(2)   93/  C19FA4 :                     .notloaded:
(2)   94/  C19FA4 :                     	; Check if there's a custom bg file available
(2)   95/  C19FA4 : 13FC 00FF 0011 C194     move.b  #BG_CODE,MCUCmdParams
(2)   96/  C19FAC : (MACRO)[10]             MCUCMD  MCU_CMD_SELECTGAME
(2)   96/  C19FAC : 163C 0007               move.b  #MCU_CMD_SELECTGAME,d3
(2)   96/  C19FB0 : 4EB9 00C1 C996          jsr     MCUCommand
(2)   97/  C19FB6 : 6408                    bcc     .notimeouta
(2)   98/  C19FB8 : 4EB9 00C1 98F2          jsr     DispErrorTimeout
(2)   99/  C19FBE : 6018                    bra     .nocustombg
(2)  100/  C19FC0 :                     .notimeouta:
(2)  101/  C19FC0 : 4EB9 00C1 CA9A          jsr     MCURead4Words
(2)  102/  C19FC6 : 1039 0011 C100          move.b  MCUReplyBuffer,d0
(2)  103/  C19FCC : 0200 00F0               andi.b  #$F0,d0
(2)  104/  C19FD0 : 6706                    beq     .nocustombg
(2)  105/  C19FD2 : 4EB9 00C1 9B08          jsr     LoadCustomBG
(2)  106/  C19FD8 :                     .nocustombg:
(2)  107/  C19FD8 :                     
(2)  108/  C19FD8 : 33FC 2000 0011 C18A     move.w  #$2000,FixWriteConfig   ; Palette #2 bank 0
(2)  109/  C19FE0 : 41F9 00C1 EC5F          lea     FixStrLoadingList,a0
(2)  110/  C19FE6 : 303C 714D           	move.w  #FIXMAP+13+(10*32),d0
(2)  111/  C19FEA : 4EB9 00C1 E528      	jsr     WriteFix
(2)  112/  C19FF0 :                     
(2)  113/  C19FF0 :                         ; Ask MCU for game list
(2)  114/  C19FF0 : 42B9 0011 C194          clr.l   MCUCmdParams
(2)  115/  C19FF6 : (MACRO)[11]             MCUCMD  MCU_CMD_GETGAMES
(2)  115/  C19FF6 : 163C 0006               move.b  #MCU_CMD_GETGAMES,d3
(2)  115/  C19FFA : 4EB9 00C1 C996          jsr     MCUCommand
(2)  116/  C1A000 : 6408                    bcc     .notimeoutc
(2)  117/  C1A002 : 4EB9 00C1 98F2          jsr     DispErrorTimeout
(2)  118/  C1A008 : 607A                    bra     .setup_interface
(2)  119/  C1A00A :                     .notimeoutc:
(2)  120/  C1A00A : 4EB9 00C1 CA9A          jsr     MCURead4Words
(2)  121/  C1A010 : 4EB9 00C1 CADA          jsr     CheckACK
(2)  122/  C1A016 : 656C                    bcs     .setup_interface
(2)  123/  C1A018 :                         ; Ok, get file count
(2)  124/  C1A018 : 7000                    moveq.l #0,d0
(2)  125/  C1A01A : 1039 0011 C101          move.b  MCUReplyBuffer+1,d0
(2)  126/  C1A020 : B03C 00FE               cmp.b   #EXCEED_CODE,d0
(2)  127/  C1A024 : 660C                    bne     .noexceed
(2)  128/  C1A026 :                         ; Available games count exceed MAX_FILES
(2)  129/  C1A026 :                         ; Cap to MAX_FILES and warn user with msgbox after listing
 AS V1.42 Beta [Bld 311] - Source File main.asm(ui_main_setup.asm) - Page 44 - 9/11/2026 13:29:43


(2)  130/  C1A026 : 103C 00C8               move.b  #MAX_FILES,d0
(2)  131/  C1A02A : 08F9 0004 0010 D003     bset.b  #4,RefreshFlags     ; Request warning msgbox
(2)  132/  C1A032 :                     .noexceed:
(2)  133/  C1A032 : 33C0 0010 D004          move.w  d0,TotalFileCount
(2)  134/  C1A038 :                     
(2)  135/  C1A038 :                         ; Retrieve file names
(2)  136/  C1A038 : 3C39 0010 D004          move.w  TotalFileCount,d6
(2)  137/  C1A03E : 4A46                    tst.w   d6
(2)  138/  C1A040 : 6742                    beq     .setup_interface    ; Skip if no files
(2)  139/  C1A042 : 43F9 0011 C900          lea     FileList,a1    
(2)  140/  C1A048 :                     .listfiles:
(2)  141/  C1A048 : 363C 0010               move.w  #16,d3              ; 1+30+1, ID.b + string + /0 (no /0 if LFN)
(2)  142/  C1A04C : 4EB9 00C1 CA9E          jsr     MCURead4WordsMult
(2)  143/  C1A052 :                     
(2)  144/  C1A052 : 41F9 0011 C100          lea     MCUReplyBuffer,a0
(2)  145/  C1A058 : 303C 0100               move.w  #$0100,d0           ; "Entry used" flag
(2)  146/  C1A05C : 4A28 001B               tst.b   MAX_FILENAME+1(a0)
(2)  147/  C1A060 : 6704                    beq     .shortname
(2)  148/  C1A062 : 0040 0200               ori.w   #$0200,d0           ; Add "long filename" flag
(2)  149/  C1A066 :                     .shortname:
(2)  150/  C1A066 : 1018                    move.b  (a0)+,d0
(2)  151/  C1A068 : 32C0                    move.w  d0,(a1)+            ; File index + flags
(2)  152/  C1A06A :                     
(2)  153/  C1A06A : 2449                    movea.l a1,a2
(2)  154/  C1A06C : 7E19                    moveq.l #MAX_FILENAME-1,d7
(2)  155/  C1A06E :                     .cp:
(2)  156/  C1A06E : 14D8                    move.b  (a0)+,(a2)+         ; Copy file name, cap to MAX_FILENAME chars
(2)  157/  C1A070 : 5307                	subq.b  #1,d7
(2)  158/  C1A072 : 66FA                	bne     .cp
(2)  159/  C1A074 : 14FC 0000               move.b  #0,(a2)+            ; Force last char to 0
(2)  160/  C1A078 :                     
(2)  161/  C1A078 : 43E9 001E               lea     32-2(a1),a1
(2)  162/  C1A07C :                     
(2)  163/  C1A07C : 5346                	subq.w  #1,d6
(2)  164/  C1A07E : 66C8                	bne     .listfiles
(2)  165/  C1A080 :                     
(2)  166/  C1A080 : 12FC 0000               move.b  #0,(a1)+            ; Terminate
(2)  167/  C1A084 : [84]                    ENDIF
(2)  168/  C1A084 :                     
(2)  169/  C1A084 :                     .setup_interface:
(2)  170/  C1A084 :                     
(2)  171/  C1A084 : 4EB9 00C1 E300          jsr     ClearFix            ; Erase any "Please wait" messages
(2)  172/  C1A08A :                     
(2)  173/  C1A08A :                         ; Prepare ActiveLetters
(2)  174/  C1A08A : 7600                    moveq.l #0,d3
(2)  175/  C1A08C : 3E39 0010 D004          move.w  TotalFileCount,d7
(2)  176/  C1A092 : 4A47                    tst.w   d7
(2)  177/  C1A094 : 6744                    beq     .noactive           ; Skip if no files
(2)  178/  C1A096 : 41F9 0011 C900          lea     FileList,a0
(2)  179/  C1A09C : 43F9 00C1 F56E          lea     LetterLUT,a1
(2)  180/  C1A0A2 : 2439 0010 D00C          move.l  ActiveLetters,d2
(2)  181/  C1A0A8 : 7000                    moveq.l #0,d0
(2)  182/  C1A0AA :                     .setupactive
(2)  183/  C1A0AA : 123C 0000               move.b  #0,d1
(2)  184/  C1A0AE : 1028 0002               move.b  2(a0),d0            ; Get game's name first letter
(2)  185/  C1A0B2 : B03C 0040               cmp.b   #'@',d0
(2)  186/  C1A0B6 : 650E                    blo     .notletter
(2)  187/  C1A0B8 : B03C 007A               cmp.b   #'z',d0
(2)  188/  C1A0BC : 6208                    bhi     .notletter
(2)  189/  C1A0BE : 0400 0040               subi.b  #64,d0
 AS V1.42 Beta [Bld 311] - Source File main.asm(ui_main_setup.asm) - Page 45 - 9/11/2026 13:29:43


(2)  190/  C1A0C2 : 1231 0000               move.b  0(a1,d0),d1         ; Look up corresponding ActiveLetters bit position
(2)  191/  C1A0C6 :                     .notletter:
(2)  192/  C1A0C6 : 03C2                    bset.l  d1,d2
(2)  193/  C1A0C8 : 6602                    bne     .alreadyset         ; BSET does a BTST before setting the bit
(2)  194/  C1A0CA : 5203                    addq.b  #1,d3
(2)  195/  C1A0CC :                     .alreadyset:
(2)  196/  C1A0CC : 41E8 0020               lea     32(a0),a0
(2)  197/  C1A0D0 : 5347                    subq.w  #1,d7
(2)  198/  C1A0D2 : 66D6                    bne     .setupactive
(2)  199/  C1A0D4 : 23C2 0010 D00C          move.l  d2,ActiveLetters
(2)  200/  C1A0DA :                     .noactive:
(2)  201/  C1A0DA : 13C3 0010 D010          move.b  d3,LetterCount
(2)  202/  C1A0E0 :                         
(2)  203/  C1A0E0 :                         ; Wait for vblank to hide dirty things
(2)  204/  C1A0E0 : 4EB9 00C1 E4CE          jsr     WaitVBL
(2)  205/  C1A0E6 :                     
(2)  206/  C1A0E6 : 4EB9 00C1 9990          jsr     SetupBGSprites
(2)  207/  C1A0EC :                     
(2)  208/  C1A0EC :                     	; Setup sprites for logo
(2)  209/  C1A0EC : 41F9 00C1 D928      	lea     map_logo,a0
(2)  210/  C1A0F2 : 363C 0015           	move.w  #SPR_LOGO,d3
(2)  211/  C1A0F6 : 4EB9 00C1 E3A0      	jsr     AutoMap
(2)  212/  C1A0FC : 303C 0015           	move.w  #SPR_LOGO,d0
(2)  213/  C1A100 : 323C 0FFF           	move.w  #$0FFF,d1
(2)  214/  C1A104 : 3E3C 0007           	move.w  #7,d7
(2)  215/  C1A108 : 4EB9 00C1 E3DA      	jsr     SetSprZ
(2)  216/  C1A10E : 303C 0015           	move.w  #SPR_LOGO,d0
(2)  217/  C1A112 : 323C F102           	move.w  #((496-14)<<7)+2,d1
(2)  218/  C1A116 : 3E3C 0007           	move.w  #7,d7
(2)  219/  C1A11A : 4EB9 00C1 E3F6      	jsr     SetSprY
(2)  220/  C1A120 : 303C 0015           	move.w  #SPR_LOGO,d0
(2)  221/  C1A124 : 323C 0020           	move.w  #32,d1
(2)  222/  C1A128 : 3E3C 0007           	move.w  #7,d7
(2)  223/  C1A12C : 4EB9 00C1 E416      	jsr     SetSprX
(2)  224/  C1A132 :                     	
(2)  225/  C1A132 :                     	; Setup sprites for first letters
(2)  226/  C1A132 : 1E3C 001B           	move.b  #27,d7
(2)  227/  C1A136 : 33FC 0001 003C 0004 	move.w  #1,REG_VRAMMOD
(2)  228/  C1A13E : 303C 0800           	move.w  #SPR_LETTERS*2*32,d0
(2)  229/  C1A142 : 2239 0010 D00C      	move.l  ActiveLetters,d1
(2)  230/  C1A148 : 343C 0060           	move.w  #$0060,d2  ; Top tile for '#'
(2)  231/  C1A14C :                     .setletters:
(2)  232/  C1A14C : E289                    lsr.l   #1,d1
(2)  233/  C1A14E : 6508                    bcs     .enabled
(2)  234/  C1A150 : 5442                	addq.w  #2,d2      ; Skip 2 tiles
(2)  235/  C1A152 : 5307                	subq.b  #1,d7
(2)  236/  C1A154 : 66F6                	bne     .setletters
(2)  237/  C1A156 : 6036                	bra     .setdone
(2)  238/  C1A158 :                     .enabled:
(2)  239/  C1A158 : 33C0 003C 0000          move.w  d0,REG_VRAMADDR
(2)  240/  C1A15E : 4E71                	nop
(2)  241/  C1A160 : 4E71                	nop
(2)  242/  C1A162 : 33C2 003C 0002      	move.w  d2,REG_VRAMRW
(2)  243/  C1A168 : 4E71                	nop
(2)  244/  C1A16A : 5242                	addq.w  #1,d2
(2)  245/  C1A16C : 33FC 0B00 003C 0002 	move.w  #$0B00,REG_VRAMRW 		; Palette
(2)  246/  C1A174 : 4E71                	nop
(2)  247/  C1A176 : 0640 0040           	addi.w  #2*32,d0
(2)  248/  C1A17A : 33C2 003C 0002      	move.w  d2,REG_VRAMRW
(2)  249/  C1A180 : 4E71                	nop
 AS V1.42 Beta [Bld 311] - Source File main.asm(ui_main_setup.asm) - Page 46 - 9/11/2026 13:29:43


(2)  250/  C1A182 : 5242                	addq.w  #1,d2
(2)  251/  C1A184 : 33FC 0B00 003C 0002 	move.w  #$0B00,REG_VRAMRW
(2)  252/  C1A18C : 60BE                    bra     .setletters
(2)  253/  C1A18E :                     .setdone:
(2)  254/  C1A18E :                     
(2)  255/  C1A18E : 1E39 0010 D010      	move.b  LetterCount,d7
(2)  256/  C1A194 : 6700 0126           	beq     .noletters
(2)  257/  C1A198 : 303C 0020               move.w  #SPR_LETTERS,d0
(2)  258/  C1A19C : 323C 0FFF           	move.w  #$0FFF,d1
(2)  259/  C1A1A0 : 7E00                	moveq.l #0,d7
(2)  260/  C1A1A2 : 1E39 0010 D010      	move.b  LetterCount,d7
(2)  261/  C1A1A8 : 4EB9 00C1 E3DA      	jsr     SetSprZ
(2)  262/  C1A1AE : 303C 0020           	move.w  #SPR_LETTERS,d0
(2)  263/  C1A1B2 :                     
(2)  264/  C1A1B2 : 7E00                	moveq.l #0,d7
(2)  265/  C1A1B4 : 1E39 0010 D010      	move.b  LetterCount,d7
(2)  266/  C1A1BA : 33FC 8220 003C 0000 	move.w  #SPR_LETTERS+$8200,REG_VRAMADDR
(2)  267/  C1A1C2 : 303C E102           	move.w  #((496-46)<<7)+2,d0
(2)  268/  C1A1C6 :                     .setlettersy
(2)  269/  C1A1C6 : 33C0 003C 0002      	move.w  d0,REG_VRAMRW
(2)  270/  C1A1CC : 4E71                	nop
(2)  271/  C1A1CE : 5307                	subq.b  #1,d7
(2)  272/  C1A1D0 : 66F4                	bne     .setlettersy
(2)  273/  C1A1D2 :                     
(2)  274/  C1A1D2 : 7E00                	moveq.l #0,d7
(2)  275/  C1A1D4 : 1E39 0010 D010      	move.b  LetterCount,d7
(2)  276/  C1A1DA :                     	; Horizontally align
(2)  277/  C1A1DA : 7000                	moveq.l #0,d0
(2)  278/  C1A1DC : 1007                	move.b  d7,d0
(2)  279/  C1A1DE : C0FC 0258           	mulu.w  #600,d0
(2)  280/  C1A1E2 : EC88                	lsr.l   #6,d0      ; .6 Fixed point to int
(2)  281/  C1A1E4 : 0640 FEC0               addi.w  #-320,d0   ; Display width
(2)  282/  C1A1E8 : 4440                    neg     d0
(2)  283/  C1A1EA : E248                    lsr.w   #1,d0      ; /2
(2)  284/  C1A1EC : 3200                	move.w  d0,d1
(2)  285/  C1A1EE : ED49                    lsl.w   #6,d1      ; Int to .6 fixed point
(2)  286/  C1A1F0 : 33C1 0010 D012          move.w  d1,LettersXPos
(2)  287/  C1A1F6 : EF48                    lsl.w   #7,d0      ; Position for VRAM X data
(2)  288/  C1A1F8 : 33FC 8420 003C 0000 	move.w  #SPR_LETTERS+$8400,REG_VRAMADDR
(2)  289/  C1A200 :                     .setlettersx
(2)  290/  C1A200 : 33C0 003C 0002      	move.w  d0,REG_VRAMRW
(2)  291/  C1A206 : 0640 04B0           	addi.w  #600<<1,d0
(2)  292/  C1A20A : 5307                	subq.b  #1,d7
(2)  293/  C1A20C : 66F2                	bne     .setlettersx
(2)  294/  C1A20E :                     
(2)  295/  C1A20E :                         ; Restore cursors to last valid ones
(2)  296/  C1A20E : 4A39 0011 C293      	tst.b   CursorsValid
(2)  297/  C1A214 : 671E                	beq     .invalid
(2)  298/  C1A216 : 13F9 0011 C290 0010 	move.b  LastFileCursor,FileCursor
           C1A21E : D000               
(2)  299/  C1A220 : 13F9 0011 C291 0010 	move.b  LastMenuShift,MenuShift
           C1A228 : D002               
(2)  300/  C1A22A : 13F9 0011 C292 0010 	move.b  LastLetterCursor,LetterCursor
           C1A232 : D007               
(2)  301/  C1A234 :                     .invalid:
(2)  302/  C1A234 : 4EB9 00C1 A3DE      	jsr     SetLetterCursorX
(2)  303/  C1A23A :                     
(2)  304/  C1A23A :                     	; Setup sprites for left/right arrows
(2)  305/  C1A23A : 41F9 00C1 A4D6      	lea     map_arrows,a0
(2)  306/  C1A240 : 363C 003E           	move.w  #SPR_ARROW_L,d3
 AS V1.42 Beta [Bld 311] - Source File main.asm(ui_main_setup.asm) - Page 47 - 9/11/2026 13:29:43


(2)  307/  C1A244 : 4EB9 00C1 E3A0      	jsr     AutoMap
(2)  308/  C1A24A :                     
(2)  309/  C1A24A : 303C 003E           	move.w  #SPR_ARROW_L,d0
(2)  310/  C1A24E : 323C 0FFF           	move.w  #$0FFF,d1
(2)  311/  C1A252 : 3E3C 0002           	move.w  #2,d7
(2)  312/  C1A256 : 4EB9 00C1 E3DA      	jsr     SetSprZ
(2)  313/  C1A25C :                     
(2)  314/  C1A25C : 303C 003E           	move.w  #SPR_ARROW_L,d0
(2)  315/  C1A260 : 323C E102           	move.w  #((496-46)<<7)+2,d1
(2)  316/  C1A264 : 3E3C 0001           	move.w  #1,d7
(2)  317/  C1A268 : 4EB9 00C1 E3F6      	jsr     SetSprY
(2)  318/  C1A26E :                     
(2)  319/  C1A26E : 303C 003F           	move.w  #SPR_ARROW_R,d0
(2)  320/  C1A272 : 323C E102           	move.w  #((496-46)<<7)+2,d1
(2)  321/  C1A276 : 3E3C 0001           	move.w  #1,d7
(2)  322/  C1A27A : 4EB9 00C1 E3F6      	jsr     SetSprY
(2)  323/  C1A280 :                     
(2)  324/  C1A280 : 3239 0010 D012          move.w  LettersXPos,d1
(2)  325/  C1A286 : 0441 0258               subi.w  #600,d1
(2)  326/  C1A28A : EC49                    lsr.w   #6,d1           ; Remove fractional part
(2)  327/  C1A28C : 303C 003E           	move.w  #SPR_ARROW_L,d0
(2)  328/  C1A290 : 3E3C 0001           	move.w  #1,d7
(2)  329/  C1A294 : 4EB9 00C1 E416      	jsr     SetSprX
(2)  330/  C1A29A :                     
(2)  331/  C1A29A : 7200                    moveq.l #0,d1
(2)  332/  C1A29C : 1239 0010 D010      	move.b  LetterCount,d1
(2)  333/  C1A2A2 : C2FC 0258               mulu    #600,d1
(2)  334/  C1A2A6 : D279 0010 D012          add.w   LettersXPos,d1
(2)  335/  C1A2AC : EC49                    lsr.w   #6,d1           ; Remove fractional part
(2)  336/  C1A2AE : 303C 003F           	move.w  #SPR_ARROW_R,d0
(2)  337/  C1A2B2 : 3E3C 0001           	move.w  #1,d7
(2)  338/  C1A2B6 : 4EB9 00C1 E416      	jsr     SetSprX
(2)  339/  C1A2BC :                     .noletters:
(2)  340/  C1A2BC :                     
(2)  341/  C1A2BC :                     	; Setup sprite for letter cursor
(2)  342/  C1A2BC : 33FC 0F00 003C 0000 	move.w  #SPR_LETTER_CUR*2*32,REG_VRAMADDR	; Sprite map
(2)  343/  C1A2C4 : 4E71                	nop
(2)  344/  C1A2C6 : 4E71                	nop
(2)  345/  C1A2C8 : 33FC 0058 003C 0002 	move.w  #TILE_CURSOR,REG_VRAMRW	; Tile #
(2)  346/  C1A2D0 : 4E71                	nop
(2)  347/  C1A2D2 : 4E71                	nop
(2)  348/  C1A2D4 : 33FC 0904 003C 0002 	move.w  #$0904,REG_VRAMRW 		; Palette and auto-anim
(2)  349/  C1A2DC : 4E71                	nop
(2)  350/  C1A2DE : 4E71                	nop
(2)  351/  C1A2E0 : 33FC 005C 003C 0002 	move.w  #TILE_CURSOR+4,REG_VRAMRW	; Tile #
(2)  352/  C1A2E8 : 4E71                	nop
(2)  353/  C1A2EA : 4E71                	nop
(2)  354/  C1A2EC : 33FC 0904 003C 0002 	move.w  #$0904,REG_VRAMRW 		; Palette and auto-anim
(2)  355/  C1A2F4 : 303C 003C           	move.w  #SPR_LETTER_CUR,d0
(2)  356/  C1A2F8 : 323C 0FFF           	move.w  #$0FFF,d1
(2)  357/  C1A2FC : 3E3C 0001           	move.w  #1,d7
(2)  358/  C1A300 : 4EB9 00C1 E3DA      	jsr     SetSprZ
(2)  359/  C1A306 : 303C 003C           	move.w  #SPR_LETTER_CUR,d0
(2)  360/  C1A30A : 323C E082           	move.w  #((496-47)<<7)+2,d1
(2)  361/  C1A30E : 3E3C 0001           	move.w  #1,d7
(2)  362/  C1A312 : 4EB9 00C1 E3F6      	jsr     SetSprY
(2)  363/  C1A318 :                     	; X position will be set during next v-blank
(2)  364/  C1A318 :                     
(2)  365/  C1A318 :                     	; Draw button press instructions
(2)  366/  C1A318 : 33FC 0500 0011 C18A 	move.w  #$0500,FixWriteConfig
 AS V1.42 Beta [Bld 311] - Source File main.asm(ui_main_setup.asm) - Page 48 - 9/11/2026 13:29:43


(2)  367/  C1A320 : 303C 7284           	move.w  #FIXMAP+4+(20*32),d0
(2)  368/  C1A324 : =>TRUE              	IF TARGET==1
(2)  369/  C1A324 : 41F9 00C1 F50B          lea     FixStrPressFront,a0
(2)  370/  C1A32A : =>FALSE             	ELSE
(2)  371/  C1A32A :                         lea     FixStrPressTop,a0
(2)  372/  C1A32A : [368]               	ENDIF
(2)  373/  C1A32A : 4EB9 00C1 E528      	jsr     WriteFix
(2)  374/  C1A330 :                     
(2)  375/  C1A330 :                     	; Draw nationality flag
(2)  376/  C1A330 : 41F9 00C1 A4C6      	lea     FlagLUT,a0
(2)  377/  C1A336 : 7000                	moveq.l #0,d0
(2)  378/  C1A338 : 1039 0011 C18C      	move.b  SettingCountry,d0
(2)  379/  C1A33E : D040                	add.w   d0,d0
(2)  380/  C1A340 : D040                	add.w   d0,d0
(2)  381/  C1A342 : 2070 0000           	movea.l (a0,d0),a0
(2)  382/  C1A346 : 303C 1500           	move.w  #$1500,d0
(2)  383/  C1A34A : 33FC 7444 003C 0000 	move.w  #FIXMAP+4+(34*32),REG_VRAMADDR
(2)  384/  C1A352 : 33FC 0020 003C 0004 	move.w  #32,REG_VRAMMOD    ; 20
(2)  385/  C1A35A : 4E71                	nop                        ; 4
(2)  386/  C1A35C : 4E71                	nop                        ; 4
(2)  387/  C1A35E : 1018                	move.b  (a0)+,d0           ; 8
(2)  388/  C1A360 : 33C0 003C 0002      	move.w  d0,REG_VRAMRW      ; 16
(2)  389/  C1A366 : 4E71                	nop                        ; 4
(2)  390/  C1A368 : 4E71                	nop                        ; 4
(2)  391/  C1A36A : 1018                	move.b  (a0)+,d0           ; 8
(2)  392/  C1A36C : 33C0 003C 0002      	move.w  d0,REG_VRAMRW      ; 16
(2)  393/  C1A372 : 4E71                	nop
(2)  394/  C1A374 : 4E71                	nop
(2)  395/  C1A376 : 1018                	move.b  (a0)+,d0
(2)  396/  C1A378 : 33C0 003C 0002      	move.w  d0,REG_VRAMRW
(2)  397/  C1A37E : 4E71                	nop
(2)  398/  C1A380 : 4E71                	nop
(2)  399/  C1A382 : 33FC 7445 003C 0000 	move.w  #FIXMAP+5+(34*32),REG_VRAMADDR
(2)  400/  C1A38A : 4E71                	nop
(2)  401/  C1A38C : 4E71                	nop
(2)  402/  C1A38E : 1018                	move.b  (a0)+,d0
(2)  403/  C1A390 : 33C0 003C 0002      	move.w  d0,REG_VRAMRW
(2)  404/  C1A396 : 4E71                	nop
(2)  405/  C1A398 : 4E71                	nop
(2)  406/  C1A39A : 1018                	move.b  (a0)+,d0
(2)  407/  C1A39C : 33C0 003C 0002      	move.w  d0,REG_VRAMRW
(2)  408/  C1A3A2 : 4E71                	nop
(2)  409/  C1A3A4 : 4E71                	nop
(2)  410/  C1A3A6 : 1010                	move.b  (a0),d0
(2)  411/  C1A3A8 : 33C0 003C 0002      	move.w  d0,REG_VRAMRW
(2)  412/  C1A3AE :                     
(2)  413/  C1A3AE :                     	; Draw IGM shortcut reminder
(2)  414/  C1A3AE : 41F9 00C1 ECBA          lea     FixStrIGMShortcut,a0
(2)  415/  C1A3B4 : 303C 709B           	move.w  #FIXMAP+27+(4*32),d0
(2)  416/  C1A3B8 : 4EB9 00C1 E528      	jsr     WriteFix
(2)  417/  C1A3BE :                     
(2)  418/  C1A3BE :                     	; Draw patch version
(2)  419/  C1A3BE : 41F9 00C1 F5DC          lea     FixStrVersion,a0
(2)  420/  C1A3C4 : 303C 73BB           	move.w  #FIXMAP+27+(29*32),d0
(2)  421/  C1A3C8 : 4EB9 00C1 E528      	jsr     WriteFix
(2)  422/  C1A3CE :                                                          
(2)  423/  C1A3CE : 4EB9 00C1 A3F8          jsr     BuildFileList
(2)  424/  C1A3D4 :                     
(2)  425/  C1A3D4 : 33FC 0001 0010 D02E 	move.w  #SCREEN_MAIN,CurrentScreen
(2)  426/  C1A3DC : 4E75                	rts
 AS V1.42 Beta [Bld 311] - Source File main.asm(ui_main_setup.asm) - Page 49 - 9/11/2026 13:29:43


(2)  427/  C1A3DE :                     
(2)  428/  C1A3DE :                     
(2)  429/  C1A3DE :                     ; Sets LetterCursorX (sprite position) according to LetterCursor (letter index)
(2)  430/  C1A3DE :                     SetLetterCursorX:
(2)  431/  C1A3DE : 7000                    moveq.l #0,d0
(2)  432/  C1A3E0 : 1039 0010 D007          move.b  LetterCursor,d0
(2)  433/  C1A3E6 : C0FC 0258               mulu    #600,d0
(2)  434/  C1A3EA : D079 0010 D012          add.w   LettersXPos,d0
(2)  435/  C1A3F0 : 33C0 0010 D00A      	move.w  d0,LetterCursorX
(2)  436/  C1A3F6 : 4E75                	rts
(2)  437/  C1A3F8 :                     
(2)  438/  C1A3F8 :                     
(2)  439/  C1A3F8 :                     BuildFileList:
(2)  440/  C1A3F8 :                         ; Build file list for a given letter
(2)  441/  C1A3F8 :                     
(2)  442/  C1A3F8 : 4239 0010 D006      	clr.b   LetterGameCount     ; Reset entry count
(2)  443/  C1A3FE :                     
(2)  444/  C1A3FE : 4A39 0010 D010          tst.b   LetterCount
(2)  445/  C1A404 : 6700 008A               beq     .done
(2)  446/  C1A408 :                     	; Look up selected letter
(2)  447/  C1A408 : 7400                	moveq.l #0,d2
(2)  448/  C1A40A : 1039 0010 D007      	move.b  LetterCursor,d0
(2)  449/  C1A410 : 2239 0010 D00C      	move.l  ActiveLetters,d1
(2)  450/  C1A416 :                     	;move.l  #27,d7
(2)  451/  C1A416 :                     .countbits:
(2)  452/  C1A416 : E289                    lsr.l   #1,d1
(2)  453/  C1A418 : 6406                    bcc     .zero               ; Unused letter
(2)  454/  C1A41A : 4A00                    tst.b   d0
(2)  455/  C1A41C : 6706                    beq     .found
(2)  456/  C1A41E : 5300                    subq.b  #1,d0
(2)  457/  C1A420 :                     .zero:
(2)  458/  C1A420 : 5202                    addq.b  #1,d2
(2)  459/  C1A422 : 60F2                    bra     .countbits
(2)  460/  C1A424 :                     .found:
(2)  461/  C1A424 : 41F9 00C1 F553      	lea     MenuLetterList,a0
(2)  462/  C1A42A : 1230 2000           	move.b  0(a0,d2),d1
(2)  463/  C1A42E :                     
(2)  464/  C1A42E :                     	; Search game names starting with selected letter and build index list
> > > ui_main_setup.asm(465):10: warning: implicit sign extension
(2)  465/  C1A42E : 7EC8                	moveq.l #MAX_MENU_LIST,d7
(2)  466/  C1A430 : 7C00                	moveq.l #0,d6
(2)  467/  C1A432 : 41F9 00C1 F56E      	lea     LetterLUT,a0
(2)  468/  C1A438 : 43F9 0011 C900      	lea     FileList,a1
(2)  469/  C1A43E : 45F9 0011 E220      	lea     MenuIndexList,a2
(2)  470/  C1A444 : 7000                	moveq.l #0,d0
(2)  471/  C1A446 :                     .disp:
(2)  472/  C1A446 : 4A19                	tst.b   (a1)+
(2)  473/  C1A448 : 6746                	beq     .done               ; Reached last file in GameList
(2)  474/  C1A44A : 5289                	addq.l  #1,a1               ; Skip file number byte for now
(2)  475/  C1A44C : 4A01                	tst.b   d1
(2)  476/  C1A44E : 6608                	bne     .letter
(2)  477/  C1A450 :                     	; Match any number
(2)  478/  C1A450 : 0C11 0039           	cmp.b   #'9',(a1)
(2)  479/  C1A454 : 622C                	bhi     .skip
(2)  480/  C1A456 : 601E                	bra     .number
(2)  481/  C1A458 :                     .letter:
(2)  482/  C1A458 :                         ; Match letter, case insensitive
(2)  483/  C1A458 : 1011                    move.b  (a1),d0
(2)  484/  C1A45A : B03C 0040               cmp.b   #'@',d0             ; Check if this is really a letter
(2)  485/  C1A45E : 6522                    blo     .skip
 AS V1.42 Beta [Bld 311] - Source File main.asm(ui_main_setup.asm) - Page 50 - 9/11/2026 13:29:43


(2)  486/  C1A460 : B03C 007A               cmp.b   #'z',d0
(2)  487/  C1A464 : 621C                    bhi     .skip
(2)  488/  C1A466 : 0400 0040               subi.b  #'@',d0
(2)  489/  C1A46A : 1030 0000           	move.b  0(a0,d0),d0         ; Convert to lower case
(2)  490/  C1A46E : 0600 0040           	addi.b  #'@',d0
(2)  491/  C1A472 : B200                	cmp.b   d0,d1
(2)  492/  C1A474 : 660C                	bne     .skip
(2)  493/  C1A476 :                     .number:
(2)  494/  C1A476 :                     	; Entry matches !
(2)  495/  C1A476 : 14C6                    move.b  d6,(a2)+            ; Add index to list
(2)  496/  C1A478 : 5239 0010 D006      	addq.b  #1,LetterGameCount
(2)  497/  C1A47E :                     
(2)  498/  C1A47E : 5347                	subq.w  #1,d7
(2)  499/  C1A480 : 670E                	beq     .done			    ; Max files per letter reached, stop here
(2)  500/  C1A482 :                     .skip:
(2)  501/  C1A482 :                     
(2)  502/  C1A482 : 5246                	addq.w  #1,d6
(2)  503/  C1A484 : BC7C 00C8           	cmp.w   #MAX_FILES,d6
(2)  504/  C1A488 : 6706                    beq     .done               ; Reached end of GameList
(2)  505/  C1A48A :                     
(2)  506/  C1A48A : 43E9 001E               lea     30(a1),a1			; Next entry (32-2)
(2)  507/  C1A48E : 60B6                	bra     .disp
(2)  508/  C1A490 :                     .done:
(2)  509/  C1A490 :                     
(2)  510/  C1A490 : 08F9 0000 0010 D003 	bset.b  #0,RefreshFlags 	; File list needs refresh
(2)  511/  C1A498 : 08F9 0001 0010 D003 	bset.b  #1,RefreshFlags 	; Letter cursor needs refresh
(2)  512/  C1A4A0 : 4A39 0011 C293      	tst.b   CursorsValid
(2)  513/  C1A4A6 : 6616                	bne     .keepcursor
(2)  514/  C1A4A8 : 4239 0010 D000      	clr.b   FileCursor          ; Reset file cursor to top
(2)  515/  C1A4AE : 4239 0010 D002      	clr.b   MenuShift
(2)  516/  C1A4B4 : 08F9 0002 0010 D003 	bset.b  #2,RefreshFlags     ; File cursor needs refresh
(2)  517/  C1A4BC : 4E75                	rts
(2)  518/  C1A4BE :                     .keepcursor:
(2)  519/  C1A4BE : 4239 0011 C293          clr.b   CursorsValid
(2)  520/  C1A4C4 : 4E75                    rts
(2)  521/  C1A4C6 :                     
(2)  522/  C1A4C6 :                     
(2)  523/  C1A4C6 :                     FlagLUT:
(2)  524/  C1A4C6 : 00C1 F53B               dc.l    FixMapFlagJP
(2)  525/  C1A4CA : 00C1 F541               dc.l    FixMapFlagUS
(2)  526/  C1A4CE : 00C1 F547               dc.l    FixMapFlagEU
(2)  527/  C1A4D2 : 00C1 F54D               dc.l    FixMapFlagBR
(2)  528/  C1A4D6 :                     
(2)  529/  C1A4D6 :                     
(2)  530/  C1A4D6 :                     map_arrows:
(2)  531/  C1A4D6 : 0101                    dc.w $0101
(2)  532/  C1A4D8 : B096 B097               dc.w $B096, $B097
(2)  533/  C1A4DC : B098 B099               dc.w $B098, $B099
(2)  534/  C1A4E0 :                     
(1)  252/  C1A4E0 :                     	INCLUDE "ui_main_vbl.asm"
(2)    1/  C1A4E0 :                     ; Copyright (C) 2020 Sean Gonsalves
(2)    2/  C1A4E0 :                     ;
(2)    3/  C1A4E0 :                     ; This file is part of Neo CD SD Loader.
(2)    4/  C1A4E0 :                     ;
(2)    5/  C1A4E0 :                     ; This program is free software; you can redistribute it and/or modify
(2)    6/  C1A4E0 :                     ; it under the terms of the GNU General Public License as published by
(2)    7/  C1A4E0 :                     ; the Free Software Foundation; either version 2, or (at your option)
(2)    8/  C1A4E0 :                     ; any later version.
(2)    9/  C1A4E0 :                     ;
(2)   10/  C1A4E0 :                     ; This program is distributed in the hope that it will be useful,
 AS V1.42 Beta [Bld 311] - Source File main.asm(ui_main_vbl.asm) - Page 51 - 9/11/2026 13:29:43


(2)   11/  C1A4E0 :                     ; but WITHOUT ANY WARRANTY; without even the implied warranty of
(2)   12/  C1A4E0 :                     ; MERCHANTABILITY or FITNESS FOR A PARTICULAR PURPOSE.  See the
(2)   13/  C1A4E0 :                     ; GNU General Public License for more details.
(2)   14/  C1A4E0 :                     ;
(2)   15/  C1A4E0 :                     ; You should have received a copy of the GNU General Public License
(2)   16/  C1A4E0 :                     ; along with this program; see the file COPYING.  If not, write to
(2)   17/  C1A4E0 :                     ; the Free Software Foundation, Inc., 51 Franklin Street,
(2)   18/  C1A4E0 :                     ; Boston, MA 02110-1301, USA.
(2)   19/  C1A4E0 :                     
(2)   20/  C1A4E0 :                     VBLProcMain:
(2)   21/  C1A4E0 : =>UNDEFINED             IFNDEF MAMEDEBUG
(2)   22/  C1A4E0 :                         ; Check MCU card event flag
(2)   23/  C1A4E0 : 4A39 0011 C294          tst.b   CardEvent
(2)   24/  C1A4E6 : 670C                    beq     .nocardevent
(2)   25/  C1A4E8 :                         ; A card event occured
(2)   26/  C1A4E8 : 4239 0011 C294          clr.b   CardEvent
(2)   27/  C1A4EE : 4EF9 00C1 9EB6      	jmp     SetupMain
(2)   28/  C1A4F4 :                         ;btst.b  #7,MCUStatus
(2)   29/  C1A4F4 :                         ;beq     .cardremoved
(2)   30/  C1A4F4 :                         ;; Try to re-init card if it is now inserted
(2)   31/  C1A4F4 :                         ;bset.b  #7,RefreshFlags
(2)   32/  C1A4F4 :                         ;bra     .nocardevent
(2)   33/  C1A4F4 :                     ;.cardremoved:
(2)   34/  C1A4F4 :                         ;; Show message if card is removed
(2)   35/  C1A4F4 :                         ;;lea     StrMsgBoxCardAbsent,a0
(2)   36/  C1A4F4 :                         ;;jsr     MessageBox
(2)   37/  C1A4F4 :                         ;bset.b  #6,RefreshFlags
(2)   38/  C1A4F4 :                     .nocardevent:
(2)   39/  C1A4F4 : [21]                    ENDIF
(2)   40/  C1A4F4 :                     
(2)   41/  C1A4F4 :                     	; Refresh stuff in VRAM while we're at the beginning of the vblank
(2)   42/  C1A4F4 : 0839 0000 0010 D003 	btst.b  #0,RefreshFlags
(2)   43/  C1A4FC : 6716                	beq     .norefresh0
(2)   44/  C1A4FE : 4EB9 00C1 9578      	jsr     DrawFileList
(2)   45/  C1A504 : 13FC 0000 0010 D016 	move.b  #0,ScrollX
(2)   46/  C1A50C : 13FC 0000 0010 D014 	move.b  #0,UITemp           ; Reset timer
(2)   47/  C1A514 :                     .norefresh0:
(2)   48/  C1A514 :                     
(2)   49/  C1A514 : 0839 0001 0010 D003 	btst.b  #1,RefreshFlags
(2)   50/  C1A51C : 672A                	beq     .norefresh1
(2)   51/  C1A51E : 323C 0140           	move.w  #320,d1             ; Out of visible display
(2)   52/  C1A522 : 4A39 0010 D010      	tst.b   LetterCount
(2)   53/  C1A528 : 6708                	beq     .hidecursor
(2)   54/  C1A52A : 3239 0010 D00A      	move.w  LetterCursorX,d1
(2)   55/  C1A530 : EC49                    lsr.w   #6,d1               ; Remove fractional part
(2)   56/  C1A532 :                     .hidecursor:
(2)   57/  C1A532 : 303C 003C           	move.w  #SPR_LETTER_CUR,d0
(2)   58/  C1A536 : 3E3C 0001           	move.w  #1,d7
(2)   59/  C1A53A : 4EB9 00C1 E416      	jsr     SetSprX
(2)   60/  C1A540 : 08B9 0001 0010 D003 	bclr.b  #1,RefreshFlags
(2)   61/  C1A548 :                     .norefresh1:
(2)   62/  C1A548 :                     
(2)   63/  C1A548 : 0839 0002 0010 D003 	btst.b  #2,RefreshFlags
(2)   64/  C1A550 : 6768                	beq     .norefresh_cur
(2)   65/  C1A552 :                     	; Erase previous cursor
(2)   66/  C1A552 : 7000                	moveq.l #0,d0
(2)   67/  C1A554 : 1039 0010 D001      	move.b  FileCursorPrev,d0
(2)   68/  C1A55A : D07C 70EB           	add.w   #FIXMAP+11+(7*32),d0
(2)   69/  C1A55E : 33C0 003C 0000      	move.w  d0,REG_VRAMADDR
(2)   70/  C1A564 : 4E71                	nop
 AS V1.42 Beta [Bld 311] - Source File main.asm(ui_main_vbl.asm) - Page 52 - 9/11/2026 13:29:43


(2)   71/  C1A566 : 4E71                	nop
(2)   72/  C1A568 : 33FC 0520 003C 0002 	move.w  #$0520,REG_VRAMRW	; Space, palette 0, bank 5
(2)   73/  C1A570 : 4A39 0010 D006      	tst.b   LetterGameCount
(2)   74/  C1A576 : 6742                	beq     .norefresh_cur      ; No files in list, don't draw cursor
(2)   75/  C1A578 :                     	; Draw new cursor
(2)   76/  C1A578 : 7000                	moveq.l #0,d0
(2)   77/  C1A57A : 1039 0010 D000      	move.b  FileCursor,d0
(2)   78/  C1A580 : 13C0 0010 D001      	move.b  d0,FileCursorPrev
(2)   79/  C1A586 : 0640 70EB           	addi.w  #FIXMAP+11+(7*32),d0
(2)   80/  C1A58A : 33C0 003C 0000      	move.w  d0,REG_VRAMADDR
(2)   81/  C1A590 : 4E71                	nop
(2)   82/  C1A592 : 4E71                	nop
(2)   83/  C1A594 : 33FC 0511 003C 0002 	move.w  #$05<<8+CHAR_ARROW_RIGHT,REG_VRAMRW	; Palette 0, bank 5
(2)   84/  C1A59C : 13FC 0000 0010 D014 	move.b  #0,UITemp           ; Reset timer  
(2)   85/  C1A5A4 : 4A39 0010 D016      	tst.b   ScrollX
(2)   86/  C1A5AA : 6706                	beq     .noredraw
(2)   87/  C1A5AC :                     	; Force redraw list to restore currently scrolling filename to start
(2)   88/  C1A5AC : 4EB9 00C1 9578      	jsr     DrawFileList
(2)   89/  C1A5B2 :                     .noredraw:
(2)   90/  C1A5B2 : 08B9 0002 0010 D003 	bclr.b  #2,RefreshFlags
(2)   91/  C1A5BA :                     .norefresh_cur:
(2)   92/  C1A5BA :                     
(2)   93/  C1A5BA : 0839 0003 0010 D003 	btst.b  #3,RefreshFlags
(2)   94/  C1A5C2 : 674A                	beq     .noscrolling
(2)   95/  C1A5C4 :                     	; Redraw currently selected filename with scrolling shift
(2)   96/  C1A5C4 : 7000                	moveq.l #0,d0
(2)   97/  C1A5C6 : 2200                	move.l  d0,d1
(2)   98/  C1A5C8 : 1039 0010 D000      	move.b  FileCursor,d0
(2)   99/  C1A5CE : 0640 710B           	addi.w  #FIXMAP+11+(8*32),d0
(2)  100/  C1A5D2 :                     	; Display MAX_FILENAME-1 chars starting from (GUBuffer+ScrollX)
(2)  101/  C1A5D2 : 33FC 0020 003C 0004 	move.w  #32,REG_VRAMMOD
(2)  102/  C1A5DA : 41F9 0011 E2E8      	lea     GUBuffer,a0
(2)  103/  C1A5E0 : 1239 0010 D016      	move.b  ScrollX,d1
(2)  104/  C1A5E6 : D1C1                	add.l   d1,a0
(2)  105/  C1A5E8 : 3239 0011 C18A      	move.w  FixWriteConfig,d1
(2)  106/  C1A5EE : 33C0 003C 0000          move.w  d0,REG_VRAMADDR
(2)  107/  C1A5F4 : 7E19                    moveq.l #MAX_FILENAME-1,d7
(2)  108/  C1A5F6 :                     .write:
(2)  109/  C1A5F6 : 1218                    move.b  (a0)+,d1
(2)  110/  C1A5F8 : 4A01                    tst.b   d1
(2)  111/  C1A5FA : 670A                    beq     .strend
(2)  112/  C1A5FC : 33C1 003C 0002      	move.w  d1,REG_VRAMRW
(2)  113/  C1A602 : 5307                	subq.b  #1,d7
(2)  114/  C1A604 : 66F0                	bne     .write
(2)  115/  C1A606 :                     .strend:
(2)  116/  C1A606 : 08B9 0003 0010 D003 	bclr.b  #3,RefreshFlags
(2)  117/  C1A60E :                     .noscrolling:
(2)  118/  C1A60E :                     
(2)  119/  C1A60E : 0839 0004 0010 D003 	btst.b  #4,RefreshFlags
(2)  120/  C1A616 : 6714                	beq     .nomsgbox
(2)  121/  C1A618 : 41F9 00C1 F494          lea     StrMsgBoxExceedGames,a0
(2)  122/  C1A61E : 4EB9 00C1 973E          jsr     MessageBox
(2)  123/  C1A624 : 08B9 0004 0010 D003 	bclr.b  #4,RefreshFlags
(2)  124/  C1A62C :                     .nomsgbox:
(2)  125/  C1A62C :                     
(2)  126/  C1A62C :                     	; Prevent from navigating lists if there are no games found
(2)  127/  C1A62C : 4A79 0010 D004      	tst.w   TotalFileCount
(2)  128/  C1A632 : 6700 01F2           	beq     .cantmove
(2)  129/  C1A636 :                     
(2)  130/  C1A636 : 0C39 0028 0010 D014     cmp.b   #40,UITemp
 AS V1.42 Beta [Bld 311] - Source File main.asm(ui_main_vbl.asm) - Page 53 - 9/11/2026 13:29:43


(2)  131/  C1A63E : 6500 00D0               blo     .noscroll
(2)  132/  C1A642 : 6600 0092               bne     .scroll
(2)  133/  C1A646 :                         ; Does the current filename need scrolling ?
(2)  134/  C1A646 : 7000                	moveq.l #0,d0
(2)  135/  C1A648 : 1039 0010 D002      	move.b  MenuShift,d0		; Matched entries to skip, for scrolling
(2)  136/  C1A64E : D039 0010 D000      	add.b   FileCursor,d0
(2)  137/  C1A654 : 41F9 0011 E220      	lea     MenuIndexList,a0
(2)  138/  C1A65A :                         ; Get file name pointer from index
(2)  139/  C1A65A : 7200                	moveq.l #0,d1
(2)  140/  C1A65C : 1230 0000               move.b  0(a0,d0),d1
(2)  141/  C1A660 : 1001                    move.b  d1,d0
(2)  142/  C1A662 : EB48                    lsl.w   #5,d0               ; *32
(2)  143/  C1A664 : 41F9 0011 C900          lea     FileList,a0
(2)  144/  C1A66A : 0830 0001 0000      	btst.b  #1,0(a0,d0)         ; Check "long filename" flag
(2)  145/  C1A670 : 6700 00A4           	beq     .scrolling          ; No
(2)  146/  C1A674 :                         ; ==40: Init file name scrolling
(2)  147/  C1A674 :                     	; Ask MCU for full filename and store in GUBuffer
(2)  148/  C1A674 : 13FC 0001 0011 C194     move.b  #1,MCUCmdParams
(2)  149/  C1A67C : 13C1 0011 C195          move.b  d1,MCUCmdParams+1
(2)  150/  C1A682 : (MACRO)[12]             MCUCMD  MCU_CMD_GETGAMES
(2)  150/  C1A682 : 163C 0006               move.b  #MCU_CMD_GETGAMES,d3
(2)  150/  C1A686 : 4EB9 00C1 C996          jsr     MCUCommand
(2)  151/  C1A68C : 6500 0088               bcs     .scrolling          ; Silently ignore
(2)  152/  C1A690 :                         ; Read 4 words from the MCU (see doc)
(2)  153/  C1A690 : 4EB9 00C1 CA9A          jsr     MCURead4Words
(2)  154/  C1A696 :                         ; Check that command was processed ok
(2)  155/  C1A696 : 1039 0011 C100          move.b  MCUReplyBuffer,d0
(2)  156/  C1A69C : 0200 00F0               andi.b  #$F0,d0
(2)  157/  C1A6A0 : B03C 00F0               cmp.b   #$F0,d0
(2)  158/  C1A6A4 : 6670                    bne     .scrolling          ; Silently ignore
(2)  159/  C1A6A6 :                         ; Ok, retrieve full filename data
(2)  160/  C1A6A6 : 41F9 00C1 E000      	lea     CPLDREG_DATA,a0
(2)  161/  C1A6AC : 43F9 0011 E2E8      	lea     GUBuffer,a1
(2)  162/  C1A6B2 : 3E3C 0080           	move.w  #256/2,d7 		   ; Load filename in words
(2)  163/  C1A6B6 :                     .readdata:
(2)  164/  C1A6B6 : 32D0                	move.w  (a0),(a1)+         ; Get two bytes at once
(2)  165/  C1A6B8 : 13C0 0030 0001      	move.b  d0,REG_DIPSW       ; Shouldn't be necessary
(2)  166/  C1A6BE : 5347                	subq.w  #1,d7
(2)  167/  C1A6C0 : 66F4                	bne     .readdata
(2)  168/  C1A6C2 : 12BC 0000           	move.b  #0,(a1)            ; Make sure filename is null terminated
(2)  169/  C1A6C6 :                     	; Init scrolling vars
(2)  170/  C1A6C6 : 7000                    moveq.l #0,d0
(2)  171/  C1A6C8 : 13C0 0010 D016          move.b  d0,ScrollX
(2)  172/  C1A6CE : 13C0 0010 D015          move.b  d0,ScrollTimer
(2)  173/  C1A6D4 : 603A                    bra     .noscroll
(2)  174/  C1A6D6 :                     .scroll:
(2)  175/  C1A6D6 :                         ; >=41: Do scrolling
(2)  176/  C1A6D6 : 1039 0010 D015          move.b  ScrollTimer,d0
(2)  177/  C1A6DC : 5200                    addq.b  #1,d0
(2)  178/  C1A6DE : 13C0 0010 D015          move.b  d0,ScrollTimer
(2)  179/  C1A6E4 : 0200 0007               andi.b  #7,d0
(2)  180/  C1A6E8 : 662C                    bne     .scrolling
(2)  181/  C1A6EA :                         ; Is next filename char null ?
(2)  182/  C1A6EA : 41F9 0011 E301          lea     GUBuffer+MAX_FILENAME-1,a0
(2)  183/  C1A6F0 : 7000                    moveq.l #0,d0
(2)  184/  C1A6F2 : 1039 0010 D016          move.b  ScrollX,d0
(2)  185/  C1A6F8 : 4A30 0000               tst.b   0(a0,d0)
(2)  186/  C1A6FC : 6718                    beq     .scrolling         ; Don't scroll more
(2)  187/  C1A6FE : 5200                    addq.b  #1,d0
(2)  188/  C1A700 : 08F9 0003 0010 D003     bset.b  #3,RefreshFlags
 AS V1.42 Beta [Bld 311] - Source File main.asm(ui_main_vbl.asm) - Page 54 - 9/11/2026 13:29:43


(2)  189/  C1A708 : 13C0 0010 D016          move.b  d0,ScrollX
(2)  190/  C1A70E : 6006                    bra     .scrolling
(2)  191/  C1A710 :                     .noscroll:
(2)  192/  C1A710 : 5239 0010 D014          addq.b  #1,UITemp
(2)  193/  C1A716 :                     .scrolling:
(2)  194/  C1A716 :                     
(2)  195/  C1A716 :                     	; After the cursor has settled on a game for a bit, try loading that
(2)  196/  C1A716 :                     	; game's own bg.bmp as the menu background (falls back on its own)
(2)  197/  C1A716 : 0C39 0014 0010 D014 	cmp.b   #20,UITemp          ; ~0.33s @ 60Hz, before filename scrolling kicks in
(2)  198/  C1A71E : 650E                	blo     .nobgload
(2)  199/  C1A720 : 4A39 0010 D006      	tst.b   LetterGameCount
(2)  200/  C1A726 : 6706                	beq     .nobgload
(2)  201/  C1A728 : 4EB9 00C1 9A54      	jsr     LoadGameBG
(2)  202/  C1A72E :                     .nobgload:
(2)  203/  C1A72E :                     
(2)  204/  C1A72E :                     	; Handle input to move letter cursor
(2)  205/  C1A72E : (MACRO)[13]         	TESTREPEAT CNT_LEFT
(2)  205/  C1A72E : 1039 0010 FD98          move.b  BIOS_P1REPEAT,d0
(2)  205/  C1A734 : 8039 0010 FD9E          or.b    BIOS_P2REPEAT,d0
(2)  205/  C1A73A : 0200 0004               andi.b  #(2^CNT_LEFT),d0
(2)  206/  C1A73E : 673E                    beq     .no_left
(2)  207/  C1A740 : 4A39 0010 D007          tst.b   LetterCursor
(2)  208/  C1A746 : 6618                    bne     .left
(2)  209/  C1A748 :                         ; Warp to rightmost letter
(2)  210/  C1A748 : 7000                    moveq.l #0,d0
(2)  211/  C1A74A : 1039 0010 D010      	move.b  LetterCount,d0
(2)  212/  C1A750 : 5300                    subq.b  #1,d0
(2)  213/  C1A752 : 13C0 0010 D007          move.b  d0,LetterCursor
(2)  214/  C1A758 : 4EB9 00C1 A3DE          jsr     SetLetterCursorX
(2)  215/  C1A75E : 600E                	bra     .left_done
(2)  216/  C1A760 :                     .left:
(2)  217/  C1A760 : 5339 0010 D007          subq.b  #1,LetterCursor
(2)  218/  C1A766 : 0479 0258 0010 D00A 	subi.w  #600,LetterCursorX  ; Move left 9.375px
(2)  219/  C1A76E :                     .left_done:
(2)  220/  C1A76E : 103C 0041               move.b  #SFX_MOVE,d0
(2)  221/  C1A772 : 4EB9 00C1 9568          jsr     PlaySFX
(2)  222/  C1A778 : 4EB9 00C1 A3F8          jsr     BuildFileList
(2)  223/  C1A77E :                     .no_left:
(2)  224/  C1A77E :                     
(2)  225/  C1A77E : (MACRO)[14]         	TESTREPEAT CNT_RIGHT
(2)  225/  C1A77E : 1039 0010 FD98          move.b  BIOS_P1REPEAT,d0
(2)  225/  C1A784 : 8039 0010 FD9E          or.b    BIOS_P2REPEAT,d0
(2)  225/  C1A78A : 0200 0008               andi.b  #(2^CNT_RIGHT),d0
(2)  226/  C1A78E : 6742                    beq     .no_right
(2)  227/  C1A790 : 1039 0010 D010          move.b  LetterCount,d0
(2)  228/  C1A796 : 5300                    subq.b  #1,d0
(2)  229/  C1A798 : B039 0010 D007          cmp.b   LetterCursor,d0
(2)  230/  C1A79E : 6614                    bne     .right
(2)  231/  C1A7A0 :                         ; Warp back to leftmost letter
(2)  232/  C1A7A0 : 13FC 0000 0010 D007 	move.b  #0,LetterCursor
(2)  233/  C1A7A8 : 33F9 0010 D012 0010     move.w  LettersXPos,LetterCursorX
           C1A7B0 : D00A               
(2)  234/  C1A7B2 : 600E                	bra     .right_done
(2)  235/  C1A7B4 :                     .right:
(2)  236/  C1A7B4 : 5239 0010 D007          addq.b  #1,LetterCursor
(2)  237/  C1A7BA : 0679 0258 0010 D00A 	addi.w  #600,LetterCursorX  ; Move right 9.375px
(2)  238/  C1A7C2 :                     .right_done:
(2)  239/  C1A7C2 : 103C 0041               move.b  #SFX_MOVE,d0
(2)  240/  C1A7C6 : 4EB9 00C1 9568          jsr     PlaySFX
(2)  241/  C1A7CC : 4EB9 00C1 A3F8          jsr     BuildFileList
 AS V1.42 Beta [Bld 311] - Source File main.asm(ui_main_vbl.asm) - Page 55 - 9/11/2026 13:29:43


(2)  242/  C1A7D2 :                     .no_right:
(2)  243/  C1A7D2 :                     
(2)  244/  C1A7D2 :                         ; Handle input for selection of game from list
(2)  245/  C1A7D2 : 4EB9 00C1 964E          jsr     FileListNav
(2)  246/  C1A7D8 :                     
(2)  247/  C1A7D8 : (MACRO)[15]         	TESTCHANGE CNT_A
(2)  247/  C1A7D8 : 1039 0010 FD97          move.b  BIOS_P1CHANGE,d0
(2)  247/  C1A7DE : 8039 0010 FD9D          or.b    BIOS_P2CHANGE,d0
(2)  247/  C1A7E4 : 0200 0010               andi.b  #(2^CNT_A),d0
(2)  248/  C1A7E8 : 673C                    beq     .no_a
(2)  249/  C1A7EA : 4A39 0010 D006          tst.b   LetterGameCount
(2)  250/  C1A7F0 : 6734                    beq     .no_a
(2)  251/  C1A7F2 :                         ; Load selected game
(2)  252/  C1A7F2 : 33FC 0000 0011 C18A 	move.w  #$0000,FixWriteConfig
(2)  253/  C1A7FA :                     	; Get selected file number, double lookup
(2)  254/  C1A7FA : 41F9 0011 E220      	lea     MenuIndexList,a0
(2)  255/  C1A800 : 7000                	moveq.l #0,d0
(2)  256/  C1A802 : 1039 0010 D000      	move.b  FileCursor,d0
(2)  257/  C1A808 : D039 0010 D002      	add.b   MenuShift,d0
(2)  258/  C1A80E : 7200                	moveq.l #0,d1
(2)  259/  C1A810 : 1230 0000           	move.b  0(a0,d0),d1
(2)  260/  C1A814 : 41F9 0011 C900      	lea     FileList,a0
(2)  261/  C1A81A : EB49                	lsl.w   #5,d1                   ; *32
(2)  262/  C1A81C : 1030 1001           	move.b  1(a0,d1),d0
(2)  263/  C1A820 : 4EB9 00C1 9402      	jsr     LoadGame
(2)  264/  C1A826 :                     .no_a:
(2)  265/  C1A826 :                     
(2)  266/  C1A826 :                     .cantmove:
(2)  267/  C1A826 :                     
(2)  268/  C1A826 : =>TRUE                  IF TARGET==1
(2)  269/  C1A826 :                         ; B: Open/close try on front-loaders
(2)  270/  C1A826 : (MACRO)[16]         	TESTCHANGE CNT_B
(2)  270/  C1A826 : 1039 0010 FD97          move.b  BIOS_P1CHANGE,d0
(2)  270/  C1A82C : 8039 0010 FD9D          or.b    BIOS_P2CHANGE,d0
(2)  270/  C1A832 : 0200 0020               andi.b  #(2^CNT_B),d0
(2)  271/  C1A836 : 6706                    beq     .no_b
(2)  272/  C1A838 : 4EB9 00C1 D894          jsr     ToggleTray
(2)  273/  C1A83E :                     .no_b:
(2)  274/  C1A83E : [268]                   ENDIF
(2)  275/  C1A83E :                     
(2)  276/  C1A83E :                         ; C: Go to options menu
(2)  277/  C1A83E : (MACRO)[17]         	TESTCHANGE CNT_C
(2)  277/  C1A83E : 1039 0010 FD97          move.b  BIOS_P1CHANGE,d0
(2)  277/  C1A844 : 8039 0010 FD9D          or.b    BIOS_P2CHANGE,d0
(2)  277/  C1A84A : 0200 0040               andi.b  #(2^CNT_C),d0
(2)  278/  C1A84E : 6710                    beq     .no_c
(2)  279/  C1A850 : 103C 0044               move.b  #SFX_VAL,d0
(2)  280/  C1A854 : 4EB9 00C1 9568          jsr     PlaySFX
(2)  281/  C1A85A : 4EB9 00C1 A8E0          jsr     SetupMenu
(2)  282/  C1A860 :                     .no_c:
(2)  283/  C1A860 :                     
(2)  284/  C1A860 :                         ; D: Reset to original SP ROM
(2)  285/  C1A860 : (MACRO)[18]         	TESTCHANGE CNT_D
(2)  285/  C1A860 : 1039 0010 FD97          move.b  BIOS_P1CHANGE,d0
(2)  285/  C1A866 : 8039 0010 FD9D          or.b    BIOS_P2CHANGE,d0
(2)  285/  C1A86C : 0200 0080               andi.b  #(2^CNT_D),d0
(2)  286/  C1A870 : 6712                    beq     .no_d
(2)  287/  C1A872 : 41F9 00C1 F0F5          lea     StrMsgBoxResetConfirm,a0
(2)  288/  C1A878 : 43F9 00C1 A896          lea     ResetConfirm,a1
(2)  289/  C1A87E : 4EB9 00C1 9742          jsr     MessageBoxCustom
 AS V1.42 Beta [Bld 311] - Source File main.asm(ui_main_vbl.asm) - Page 56 - 9/11/2026 13:29:43


(2)  290/  C1A884 :                     .notimeout:
(2)  291/  C1A884 :                     .no_d:
(2)  292/  C1A884 :                     
(2)  293/  C1A884 : 0839 0007 0010 F6B9 	btst   	#7,$10F6B9			; "GameStartState"
(2)  294/  C1A88C : 6706                	beq     .idle
(2)  295/  C1A88E : 4EF9 00C0 F248      	jmp     StartGameCD
(2)  296/  C1A894 :                     
(2)  297/  C1A894 :                     .idle:
(2)  298/  C1A894 : 4E75                	rts
(2)  299/  C1A896 :                     
(2)  300/  C1A896 :                     
(2)  301/  C1A896 :                     ResetConfirm:
(2)  302/  C1A896 : (MACRO)[19]         	TESTCHANGE CNT_A
(2)  302/  C1A896 : 1039 0010 FD97          move.b  BIOS_P1CHANGE,d0
(2)  302/  C1A89C : 8039 0010 FD9D          or.b    BIOS_P2CHANGE,d0
(2)  302/  C1A8A2 : 0200 0010               andi.b  #(2^CNT_A),d0
(2)  303/  C1A8A6 : 672E                    beq     .no_a
(2)  304/  C1A8A8 : 41F9 0011 C194          lea     MCUCmdParams,a0
(2)  305/  C1A8AE : 50D8                    st.b    (a0)+               ; SetRunStock(1)
(2)  306/  C1A8B0 :                         ; Send country patch parameters to MCU, MCU will send them to the CPLD
(2)  307/  C1A8B0 : 10F9 0011 C18C          move.b  SettingCountry,(a0)+
(2)  308/  C1A8B6 : 10FC 00C0               move.b  #RegionPatch>>16,(a0)+
(2)  309/  C1A8BA : 10FC 00D3               move.b  #(RegionPatch>>8)&255,(a0)+
(2)  310/  C1A8BE : 10BC 0026               move.b  #(RegionPatch)&255,(a0)
(2)  311/  C1A8C2 : (MACRO)[20]             MCUCMD  MCU_CMD_RESET
(2)  311/  C1A8C2 : 163C 0004               move.b  #MCU_CMD_RESET,d3
(2)  311/  C1A8C6 : 4EB9 00C1 C996          jsr     MCUCommand
(2)  312/  C1A8CC : 6502                    bcs     .timeout
(2)  313/  C1A8CE : 4E75                    rts
(2)  314/  C1A8D0 :                     .timeout:
(2)  315/  C1A8D0 : 4EF9 00C1 98F2          jmp     DispErrorTimeout
(2)  316/  C1A8D6 :                     .no_a:
(2)  317/  C1A8D6 : 103C 0043               move.b  #SFX_NEG,d0
(2)  318/  C1A8DA : 4EF9 00C1 9568          jmp     PlaySFX
(2)  319/  C1A8E0 :                     
(1)  253/  C1A8E0 :                     	INCLUDE "ui_menu.asm"
(2)    1/  C1A8E0 :                     ; Copyright (C) 2020 Sean Gonsalves
(2)    2/  C1A8E0 :                     ;
(2)    3/  C1A8E0 :                     ; This file is part of Neo CD SD Loader.
(2)    4/  C1A8E0 :                     ;
(2)    5/  C1A8E0 :                     ; This program is free software; you can redistribute it and/or modify
(2)    6/  C1A8E0 :                     ; it under the terms of the GNU General Public License as published by
(2)    7/  C1A8E0 :                     ; the Free Software Foundation; either version 2, or (at your option)
(2)    8/  C1A8E0 :                     ; any later version.
(2)    9/  C1A8E0 :                     ;
(2)   10/  C1A8E0 :                     ; This program is distributed in the hope that it will be useful,
(2)   11/  C1A8E0 :                     ; but WITHOUT ANY WARRANTY; without even the implied warranty of
(2)   12/  C1A8E0 :                     ; MERCHANTABILITY or FITNESS FOR A PARTICULAR PURPOSE.  See the
(2)   13/  C1A8E0 :                     ; GNU General Public License for more details.
(2)   14/  C1A8E0 :                     ;
(2)   15/  C1A8E0 :                     ; You should have received a copy of the GNU General Public License
(2)   16/  C1A8E0 :                     ; along with this program; see the file COPYING.  If not, write to
(2)   17/  C1A8E0 :                     ; the Free Software Foundation, Inc., 51 Franklin Street,
(2)   18/  C1A8E0 :                     ; Boston, MA 02110-1301, USA.
(2)   19/  C1A8E0 :                     
(2)   20/  C1A8E0 :                     SetupMenu:
(2)   21/  C1A8E0 : 4EB9 00C1 E32A          jsr     ClearFixTop
(2)   22/  C1A8E6 : 4EB9 00C1 9628          jsr     ClearMainSprites
(2)   23/  C1A8EC :                     
(2)   24/  C1A8EC : 13FC 0000 0010 D000 	move.b  #0,FileCursor
 AS V1.42 Beta [Bld 311] - Source File main.asm(ui_menu.asm) - Page 57 - 9/11/2026 13:29:43


(2)   25/  C1A8F4 : 13FC 0000 0010 D001 	move.b  #0,FileCursorPrev
(2)   26/  C1A8FC : 13FC 0004 0010 D003 	move.b  #4,RefreshFlags
(2)   27/  C1A904 :                     
(2)   28/  C1A904 : 33FC 0500 0011 C18A 	move.w  #$0500,FixWriteConfig	; Bank 5 has menu font
(2)   29/  C1A90C :                     
(2)   30/  C1A90C : 41F9 00C1 ECD4          lea     FixStrMenu,a0
(2)   31/  C1A912 : 303C 714C           	move.w  #FIXMAP+12+(10*32),d0
(2)   32/  C1A916 : 4EB9 00C1 E528      	jsr     WriteFix
(2)   33/  C1A91C :                     
(2)   34/  C1A91C : 13FC 0001 00FF 0119 	move.b  #1,REG_ENVIDEO
(2)   35/  C1A924 : 13FC 0000 00FF 0111 	move.b  #0,REG_DISBLSPR
(2)   36/  C1A92C : 13FC 0000 00FF 0115 	move.b  #0,REG_DISBLFIX
(2)   37/  C1A934 :                     
(2)   38/  C1A934 : 33FC 0007 0010 D02E 	move.w  #SCREEN_MENU,CurrentScreen
(2)   39/  C1A93C : 4E75                	rts
(2)   40/  C1A93E :                     	
(2)   41/  C1A93E :                     VBLProcMenu:
(2)   42/  C1A93E :                     	; Refresh stuff in VRAM while we're at the beginning of the vblank
(2)   43/  C1A93E :                     
(2)   44/  C1A93E : 0839 0002 0010 D003 	btst.b  #2,RefreshFlags
(2)   45/  C1A946 : 674E                	beq     .norefresh_cur
(2)   46/  C1A948 :                     	; Erase previous cursor
(2)   47/  C1A948 : 7000                	moveq.l #0,d0
(2)   48/  C1A94A : 1039 0010 D001      	move.b  FileCursorPrev,d0
(2)   49/  C1A950 : D07C 712C           	add.w   #FIXMAP+12+(9*32),d0
(2)   50/  C1A954 : 33C0 003C 0000      	move.w  d0,REG_VRAMADDR
(2)   51/  C1A95A : 4E71                	nop
(2)   52/  C1A95C : 4E71                	nop
(2)   53/  C1A95E : 33FC 0520 003C 0002 	move.w  #$0520,REG_VRAMRW	; Space, palette 0, bank 5
(2)   54/  C1A966 :                     	; Draw new cursor
(2)   55/  C1A966 : 1039 0010 D000      	move.b  FileCursor,d0
(2)   56/  C1A96C : 0240 007F           	andi.w  #$007F,d0
(2)   57/  C1A970 : 1200                	move.b  d0,d1
(2)   58/  C1A972 : 0640 712C           	addi.w  #FIXMAP+12+(9*32),d0
(2)   59/  C1A976 : 33C0 003C 0000      	move.w  d0,REG_VRAMADDR
(2)   60/  C1A97C : 4E71                	nop
(2)   61/  C1A97E : 4E71                	nop
(2)   62/  C1A980 : 33FC 0511 003C 0002 	move.w  #$0511,REG_VRAMRW	; Arrow pointing right, palette 0, bank 5
(2)   63/  C1A988 : 13C1 0010 D001      	move.b  d1,FileCursorPrev
(2)   64/  C1A98E : 08B9 0002 0010 D003 	bclr.b  #2,RefreshFlags
(2)   65/  C1A996 :                     .norefresh_cur:
(2)   66/  C1A996 :                     
(2)   67/  C1A996 :                     	; Handle input to move cursor
(2)   68/  C1A996 : (MACRO)[21]         	TESTREPEAT CNT_UP
(2)   68/  C1A996 : 1039 0010 FD98          move.b  BIOS_P1REPEAT,d0
(2)   68/  C1A99C : 8039 0010 FD9E          or.b    BIOS_P2REPEAT,d0
(2)   68/  C1A9A2 : 0200 0001               andi.b  #(2^CNT_UP),d0
(2)   69/  C1A9A6 : 6722                    beq     .no_up
(2)   70/  C1A9A8 : 4A39 0010 D000          tst.b   FileCursor
(2)   71/  C1A9AE : 671A                    beq     .no_up
(2)   72/  C1A9B0 :                         ; Move cursor
(2)   73/  C1A9B0 : 103C 0041               move.b  #SFX_MOVE,d0
(2)   74/  C1A9B4 : 4EB9 00C1 9568          jsr     PlaySFX
(2)   75/  C1A9BA : 5339 0010 D000          subq.b  #1,FileCursor
(2)   76/  C1A9C0 : 08F9 0002 0010 D003 	bset.b  #2,RefreshFlags
(2)   77/  C1A9C8 : 4E71                    bra     .no_up
(2)   78/  C1A9CA :                     .no_up:
(2)   79/  C1A9CA :                     
(2)   80/  C1A9CA : (MACRO)[22]         	TESTREPEAT CNT_DOWN
(2)   80/  C1A9CA : 1039 0010 FD98          move.b  BIOS_P1REPEAT,d0
 AS V1.42 Beta [Bld 311] - Source File main.asm(ui_menu.asm) - Page 58 - 9/11/2026 13:29:43


(2)   80/  C1A9D0 : 8039 0010 FD9E          or.b    BIOS_P2REPEAT,d0
(2)   80/  C1A9D6 : 0200 0002               andi.b  #(2^CNT_DOWN),d0
(2)   81/  C1A9DA : 6726                    beq     .no_down
(2)   82/  C1A9DC : 1039 0010 D000          move.b  FileCursor,d0
(2)   83/  C1A9E2 : 5200                    addq.b  #1,d0
(2)   84/  C1A9E4 : B03C 0006               cmp.b   #6,d0      	    ; Last item
(2)   85/  C1A9E8 : 6718                    beq     .no_down
(2)   86/  C1A9EA :                         ; Move cursor
(2)   87/  C1A9EA : 13C0 0010 D000          move.b  d0,FileCursor
(2)   88/  C1A9F0 : 103C 0041               move.b  #SFX_MOVE,d0
(2)   89/  C1A9F4 : 4EB9 00C1 9568          jsr     PlaySFX
(2)   90/  C1A9FA : 08F9 0002 0010 D003 	bset.b  #2,RefreshFlags
(2)   91/  C1AA02 :                     .no_down:
(2)   92/  C1AA02 :                     
(2)   93/  C1AA02 : (MACRO)[23]         	TESTCHANGE CNT_A
(2)   93/  C1AA02 : 1039 0010 FD97          move.b  BIOS_P1CHANGE,d0
(2)   93/  C1AA08 : 8039 0010 FD9D          or.b    BIOS_P2CHANGE,d0
(2)   93/  C1AA0E : 0200 0010               andi.b  #(2^CNT_A),d0
(2)   94/  C1AA12 : 6720                    beq     .no_a
(2)   95/  C1AA14 :                         ; Select item
(2)   96/  C1AA14 : 103C 0044               move.b  #SFX_VAL,d0
(2)   97/  C1AA18 : 4EB9 00C1 9568          jsr     PlaySFX
(2)   98/  C1AA1E : 41F9 00C1 AA58      	lea     JT_MenuSetups,a0
(2)   99/  C1AA24 : 7000                	moveq.l #0,d0
(2)  100/  C1AA26 : 1039 0010 D000      	move.b  FileCursor,d0
(2)  101/  C1AA2C : E548                	lsl.w   #2,d0				; JT_MenuSetups has 4-byte entries
(2)  102/  C1AA2E : 2070 0000           	move.l  0(a0,d0),a0
(2)  103/  C1AA32 : 4E90                	jsr     (a0)
(2)  104/  C1AA34 :                     .no_a:
(2)  105/  C1AA34 :                     
(2)  106/  C1AA34 : (MACRO)[24]         	TESTCHANGE CNT_B
(2)  106/  C1AA34 : 1039 0010 FD97          move.b  BIOS_P1CHANGE,d0
(2)  106/  C1AA3A : 8039 0010 FD9D          or.b    BIOS_P2CHANGE,d0
(2)  106/  C1AA40 : 0200 0020               andi.b  #(2^CNT_B),d0
(2)  107/  C1AA44 : 6710                    beq     .no_b
(2)  108/  C1AA46 : 103C 0045               move.b  #SFX_EXIT,d0
(2)  109/  C1AA4A : 4EB9 00C1 9568          jsr     PlaySFX
(2)  110/  C1AA50 : 4EB9 00C1 9EB6          jsr     SetupMain
(2)  111/  C1AA56 :                     .no_b:
(2)  112/  C1AA56 :                     
(2)  113/  C1AA56 : 4E75                	rts
(2)  114/  C1AA58 :                     
(2)  115/  C1AA58 :                     JT_MenuSetups:
(2)  116/  C1AA58 : 00C1 B0BA               dc.l SetupSettings
(2)  117/  C1AA5C : 00C1 C56E               dc.l SetupSavesMenu
(2)  118/  C1AA60 : 00C1 AA70               dc.l SetupStoreSave
(2)  119/  C1AA64 : 00C1 AE84               dc.l SetupLoadSave
(2)  120/  C1AA68 : 00C1 B796               dc.l DoUpdate
(2)  121/  C1AA6C : 00C1 B7D6               dc.l SetupAbout
(2)  122/  C1AA70 :                     
(1)  254/  C1AA70 :                     	INCLUDE "ui_storesaves.asm"
(2)    1/  C1AA70 :                     ; Copyright (C) 2020 Sean Gonsalves
(2)    2/  C1AA70 :                     ;
(2)    3/  C1AA70 :                     ; This file is part of Neo CD SD Loader.
(2)    4/  C1AA70 :                     ;
(2)    5/  C1AA70 :                     ; This program is free software; you can redistribute it and/or modify
(2)    6/  C1AA70 :                     ; it under the terms of the GNU General Public License as published by
(2)    7/  C1AA70 :                     ; the Free Software Foundation; either version 2, or (at your option)
(2)    8/  C1AA70 :                     ; any later version.
(2)    9/  C1AA70 :                     ;
 AS V1.42 Beta [Bld 311] - Source File main.asm(ui_storesaves.asm) - Page 59 - 9/11/2026 13:29:43


(2)   10/  C1AA70 :                     ; This program is distributed in the hope that it will be useful,
(2)   11/  C1AA70 :                     ; but WITHOUT ANY WARRANTY; without even the implied warranty of
(2)   12/  C1AA70 :                     ; MERCHANTABILITY or FITNESS FOR A PARTICULAR PURPOSE.  See the
(2)   13/  C1AA70 :                     ; GNU General Public License for more details.
(2)   14/  C1AA70 :                     ;
(2)   15/  C1AA70 :                     ; You should have received a copy of the GNU General Public License
(2)   16/  C1AA70 :                     ; along with this program; see the file COPYING.  If not, write to
(2)   17/  C1AA70 :                     ; the Free Software Foundation, Inc., 51 Franklin Street,
(2)   18/  C1AA70 :                     ; Boston, MA 02110-1301, USA.
(2)   19/  C1AA70 :                     
(2)   20/  C1AA70 :                     SetupStoreSave:
(2)   21/  C1AA70 : 33FC 0500 0011 C18A 	move.w  #$0500,FixWriteConfig	; Bank 5 has menu font
(2)   22/  C1AA78 :                     
(2)   23/  C1AA78 : 4EB9 00C1 E32A          jsr     ClearFixTop
(2)   24/  C1AA7E :                     
(2)   25/  C1AA7E : 7000                    moveq.l #0,d0
(2)   26/  C1AA80 : 13FC 0001 0010 D014     move.b  #1,UITemp       ; Used as Uppercase/lowercase flag
(2)   27/  C1AA88 : 13C0 0010 D000          move.b  d0,FileCursor   ; Used for keyboard column
(2)   28/  C1AA8E : 13C0 0010 D001      	move.b  d0,FileCursorPrev
(2)   29/  C1AA94 : 13C0 0010 D007          move.b  d0,LetterCursor ; Used for keyboard row
(2)   30/  C1AA9A : 13C0 0010 D008      	move.b  d0,LetterCursorPrev
(2)   31/  C1AAA0 : 13C0 0010 D04F      	move.b  d0,FileNameCursor
(2)   32/  C1AAA6 :                     
(2)   33/  C1AAA6 :                     	; RefreshFlags bits use in ui_storesaves:
(2)   34/  C1AAA6 :                     	; 0: Redraw keyboard
(2)   35/  C1AAA6 :                     	; 1: Redraw keyboard cursor
(2)   36/  C1AAA6 :                     	; 2: Redraw filename
(2)   37/  C1AAA6 :                     	; 3: -
(2)   38/  C1AAA6 :                     	; 4: -
(2)   39/  C1AAA6 :                     	; 5: -
(2)   40/  C1AAA6 :                     	; 6: -
(2)   41/  C1AAA6 :                     	; 7: -
(2)   42/  C1AAA6 : 13FC 0007 0010 D003 	move.b  #%00000111,RefreshFlags
(2)   43/  C1AAAE :                     
(2)   44/  C1AAAE : 41F9 00C1 EE6C          lea     FixStrStoreSaveUI,a0
(2)   45/  C1AAB4 : 303C 70A9           	move.w  #FIXMAP+9+(5*32),d0
(2)   46/  C1AAB8 : 4EB9 00C1 E528      	jsr     WriteFix
(2)   47/  C1AABE :                     
(2)   48/  C1AABE : 7000                	moveq.l #0,d0
(2)   49/  C1AAC0 : 23C0 0010 D03E      	move.l d0,FileNameBuffer
(2)   50/  C1AAC6 : 23C0 0010 D042      	move.l d0,FileNameBuffer+4
(2)   51/  C1AACC : 23C0 0010 D046      	move.l d0,FileNameBuffer+8
(2)   52/  C1AAD2 : 23C0 0010 D04A      	move.l d0,FileNameBuffer+12
(2)   53/  C1AAD8 : 13C0 0010 D04E      	move.b d0,FilenameBuffer+16
(2)   54/  C1AADE :                     
(2)   55/  C1AADE : 33FC 0008 0010 D02E 	move.w  #SCREEN_STORE_SAVE,CurrentScreen
(2)   56/  C1AAE6 : 4E75                	rts
(2)   57/  C1AAE8 :                     
(2)   58/  C1AAE8 :                     VBLProcStoreSave:
(2)   59/  C1AAE8 :                     	; Refresh stuff in VRAM while we're at the beginning of the vblank
(2)   60/  C1AAE8 :                     
(2)   61/  C1AAE8 : 0839 0000 0010 D003 	btst.b  #0,RefreshFlags
(2)   62/  C1AAF0 : 6720                	beq     .norefresh_kbd
(2)   63/  C1AAF2 :                     	; Redraw keyboard
(2)   64/  C1AAF2 : 303C 712F           	move.w  #FIXMAP+15+(9*32),d0
(2)   65/  C1AAF6 : 1239 0010 D014      	move.b  UITemp,d1
(2)   66/  C1AAFC : 4EB9 00C1 ADF8      	jsr     DrawKeyboard
(2)   67/  C1AB02 : 08F9 0001 0010 D003 	bset.b  #1,RefreshFlags    ; Redrawing the keyboard erased the cursor, request redraw
(2)   68/  C1AB0A : 08B9 0000 0010 D003 	bclr.b  #0,RefreshFlags
(2)   69/  C1AB12 :                     .norefresh_kbd:
 AS V1.42 Beta [Bld 311] - Source File main.asm(ui_storesaves.asm) - Page 60 - 9/11/2026 13:29:43


(2)   70/  C1AB12 :                     
(2)   71/  C1AB12 : 0839 0001 0010 D003 	btst.b  #1,RefreshFlags
(2)   72/  C1AB1A : 675A                	beq     .norefresh_cur
(2)   73/  C1AB1C :                     	; Erase previous cursor
(2)   74/  C1AB1C : 7000                	moveq.l #0,d0
(2)   75/  C1AB1E : 2200                	move.l  d0,d1
(2)   76/  C1AB20 : 1239 0010 D001      	move.b  FileCursorPrev,d1
(2)   77/  C1AB26 : 1039 0010 D008      	move.b  LetterCursorPrev,d0
(2)   78/  C1AB2C : 4EB9 00C1 AE5E      	jsr     SetKbdVRAMAddr
(2)   79/  C1AB32 : 33FC 0520 003C 0002 	move.w  #$0520,REG_VRAMRW	; Space, palette 0, bank 5      
(2)   80/  C1AB3A : 7000                	moveq.l #0,d0
(2)   81/  C1AB3C :                     	; Draw new cursor
(2)   82/  C1AB3C : 7000                	moveq.l #0,d0
(2)   83/  C1AB3E : 2200                	move.l  d0,d1
(2)   84/  C1AB40 : 1239 0010 D000      	move.b  FileCursor,d1
(2)   85/  C1AB46 : 1039 0010 D007      	move.b  LetterCursor,d0
(2)   86/  C1AB4C : 4EB9 00C1 AE5E      	jsr     SetKbdVRAMAddr
(2)   87/  C1AB52 : 33FC 0511 003C 0002 	move.w  #$05<<8+CHAR_ARROW_RIGHT,REG_VRAMRW	; Palette 0, bank 5
(2)   88/  C1AB5A : 13F9 0010 D000 0010 	move.b  FileCursor,FileCursorPrev
           C1AB62 : D001               
(2)   89/  C1AB64 : 13F9 0010 D007 0010 	move.b  LetterCursor,LetterCursorPrev
           C1AB6C : D008               
(2)   90/  C1AB6E : 08B9 0001 0010 D003 	bclr.b  #1,RefreshFlags
(2)   91/  C1AB76 :                     .norefresh_cur:
(2)   92/  C1AB76 :                     
(2)   93/  C1AB76 : 0839 0002 0010 D003 	btst.b  #2,RefreshFlags
(2)   94/  C1AB7E : 6758                	beq     .norefresh_filename
(2)   95/  C1AB80 :                     	; Erase previous file name and cursor
(2)   96/  C1AB80 : 33FC 3500 0011 C18A 	move.w  #$3500,FixWriteConfig    ; Highlight palette
(2)   97/  C1AB88 : 41F9 00C1 EF30          lea     FileNameClear,a0
(2)   98/  C1AB8E : 303C 71EC           	move.w  #FIXMAP+12+(15*32),d0
(2)   99/  C1AB92 : 4EB9 00C1 E528      	jsr     WriteFix
(2)  100/  C1AB98 :                     	; Redraw file name
(2)  101/  C1AB98 : 41F9 0010 D03E          lea     FileNameBuffer,a0
(2)  102/  C1AB9E : 303C 71EC           	move.w  #FIXMAP+12+(15*32),d0
(2)  103/  C1ABA2 : 4EB9 00C1 E528      	jsr     WriteFix
(2)  104/  C1ABA8 :                     	; Redraw cursor
(2)  105/  C1ABA8 : 33FC 0500 0011 C18A 	move.w  #$0500,FixWriteConfig
(2)  106/  C1ABB0 : 7000                	moveq.l #0,d0
(2)  107/  C1ABB2 : 1039 0010 D04F      	move.b  FileNameCursor,d0
(2)  108/  C1ABB8 : EB48                	lsl.w   #5,d0
(2)  109/  C1ABBA : 0640 71ED           	addi.w  #FIXMAP+13+(15*32),d0
(2)  110/  C1ABBE : 33C0 003C 0000      	move.w  d0,REG_VRAMADDR
(2)  111/  C1ABC4 : 4E71                	nop
(2)  112/  C1ABC6 : 4E71                	nop
(2)  113/  C1ABC8 : 08B9 0002 0010 D003 	bclr.b  #2,RefreshFlags
(2)  114/  C1ABD0 : 33FC 0512 003C 0002 	move.w  #$05<<8+CHAR_ARROW_UP,REG_VRAMRW	; Palette 0, bank 5
(2)  115/  C1ABD8 :                     .norefresh_filename:
(2)  116/  C1ABD8 :                     
(2)  117/  C1ABD8 : (MACRO)[25]         	TESTREPEAT CNT_UP
(2)  117/  C1ABD8 : 1039 0010 FD98          move.b  BIOS_P1REPEAT,d0
(2)  117/  C1ABDE : 8039 0010 FD9E          or.b    BIOS_P2REPEAT,d0
(2)  117/  C1ABE4 : 0200 0001               andi.b  #(2^CNT_UP),d0
(2)  118/  C1ABE8 : 6728                    beq     .no_up
(2)  119/  C1ABEA : 08F9 0001 0010 D003     bset.b  #1,RefreshFlags     ; Request cursor refresh
(2)  120/  C1ABF2 : 4A39 0010 D000          tst.b   FileCursor
(2)  121/  C1ABF8 : 6612                    bne     .no_zero
(2)  122/  C1ABFA : 13FC 0004 0010 D000     move.b  #4,FileCursor
(2)  123/  C1AC02 : 13FC 0000 0010 D007     move.b  #0,LetterCursor
(2)  124/  C1AC0A : 6006                    bra     .no_up
 AS V1.42 Beta [Bld 311] - Source File main.asm(ui_storesaves.asm) - Page 61 - 9/11/2026 13:29:43


(2)  125/  C1AC0C :                     .no_zero:
(2)  126/  C1AC0C : 5339 0010 D000          subq.b  #1,FileCursor
(2)  127/  C1AC12 :                     .no_up:
(2)  128/  C1AC12 :                     
(2)  129/  C1AC12 : (MACRO)[26]         	TESTREPEAT CNT_DOWN
(2)  129/  C1AC12 : 1039 0010 FD98          move.b  BIOS_P1REPEAT,d0
(2)  129/  C1AC18 : 8039 0010 FD9E          or.b    BIOS_P2REPEAT,d0
(2)  129/  C1AC1E : 0200 0002               andi.b  #(2^CNT_DOWN),d0
(2)  130/  C1AC22 : 673C                    beq     .no_down
(2)  131/  C1AC24 : 08F9 0001 0010 D003     bset.b  #1,RefreshFlags     ; Request cursor refresh
(2)  132/  C1AC2C : 0C39 0004 0010 D000     cmp.b   #4,FileCursor
(2)  133/  C1AC34 : 6612                    bne     .no_last
(2)  134/  C1AC36 : 13FC 0000 0010 D000     move.b  #0,FileCursor
(2)  135/  C1AC3E : 13FC 0000 0010 D007     move.b  #0,LetterCursor
(2)  136/  C1AC46 : 6018                    bra     .no_down
(2)  137/  C1AC48 :                     .no_last:
(2)  138/  C1AC48 : 5239 0010 D000          addq.b  #1,FileCursor
(2)  139/  C1AC4E : 0C39 0004 0010 D000     cmp.b   #4,FileCursor
(2)  140/  C1AC56 : 6608                    bne     .no_down
(2)  141/  C1AC58 : 13FC 0000 0010 D007     move.b  #0,LetterCursor
(2)  142/  C1AC60 :                     .no_down:
(2)  143/  C1AC60 :                     
(2)  144/  C1AC60 : (MACRO)[27]         	TESTREPEAT CNT_LEFT
(2)  144/  C1AC60 : 1039 0010 FD98          move.b  BIOS_P1REPEAT,d0
(2)  144/  C1AC66 : 8039 0010 FD9E          or.b    BIOS_P2REPEAT,d0
(2)  144/  C1AC6C : 0200 0004               andi.b  #(2^CNT_LEFT),d0
(2)  145/  C1AC70 : 6734                    beq     .no_left
(2)  146/  C1AC72 : 08F9 0001 0010 D003     bset.b  #1,RefreshFlags     ; Request cursor refresh
(2)  147/  C1AC7A : 0C39 0004 0010 D000     cmp.b   #4,FileCursor
(2)  148/  C1AC82 : 660A                    bne     .no_last2
(2)  149/  C1AC84 : 13FC 0000 0010 D007     move.b  #0,LetterCursor
(2)  150/  C1AC8C : 6018                    bra     .no_left
(2)  151/  C1AC8E :                     .no_last2:
(2)  152/  C1AC8E : 4A39 0010 D007          tst.b   LetterCursor
(2)  153/  C1AC94 : 660A                    bne     .no_zero2
(2)  154/  C1AC96 : 13FC 000B 0010 D007     move.b  #11,LetterCursor
(2)  155/  C1AC9E : 6006                    bra     .no_left
(2)  156/  C1ACA0 :                     .no_zero2:
(2)  157/  C1ACA0 : 5339 0010 D007          subq.b  #1,LetterCursor
(2)  158/  C1ACA6 :                     .no_left:
(2)  159/  C1ACA6 :                     
(2)  160/  C1ACA6 : (MACRO)[28]         	TESTREPEAT CNT_RIGHT
(2)  160/  C1ACA6 : 1039 0010 FD98          move.b  BIOS_P1REPEAT,d0
(2)  160/  C1ACAC : 8039 0010 FD9E          or.b    BIOS_P2REPEAT,d0
(2)  160/  C1ACB2 : 0200 0008               andi.b  #(2^CNT_RIGHT),d0
(2)  161/  C1ACB6 : 6736                    beq     .no_right
(2)  162/  C1ACB8 : 08F9 0001 0010 D003     bset.b  #1,RefreshFlags     ; Request cursor refresh
(2)  163/  C1ACC0 : 0C39 0004 0010 D000     cmp.b   #4,FileCursor
(2)  164/  C1ACC8 : 660A                    bne     .no_last3
(2)  165/  C1ACCA : 13FC 0001 0010 D007     move.b  #1,LetterCursor
(2)  166/  C1ACD2 : 601A                    bra     .no_right
(2)  167/  C1ACD4 :                     .no_last3:
(2)  168/  C1ACD4 : 0C39 000B 0010 D007     cmp.b   #11,LetterCursor
(2)  169/  C1ACDC : 660A                    bne     .no_last4
(2)  170/  C1ACDE : 13FC 0000 0010 D007     move.b  #0,LetterCursor
(2)  171/  C1ACE6 : 6006                    bra     .no_right
(2)  172/  C1ACE8 :                     .no_last4:
(2)  173/  C1ACE8 : 5239 0010 D007          addq.b  #1,LetterCursor
(2)  174/  C1ACEE :                     .no_right:
(2)  175/  C1ACEE :                     
 AS V1.42 Beta [Bld 311] - Source File main.asm(ui_storesaves.asm) - Page 62 - 9/11/2026 13:29:43


(2)  176/  C1ACEE : (MACRO)[29]         	TESTCHANGE CNT_A
(2)  176/  C1ACEE : 1039 0010 FD97          move.b  BIOS_P1CHANGE,d0
(2)  176/  C1ACF4 : 8039 0010 FD9D          or.b    BIOS_P2CHANGE,d0
(2)  176/  C1ACFA : 0200 0010               andi.b  #(2^CNT_A),d0
(2)  177/  C1ACFE : 6700 0098               beq     .no_a
(2)  178/  C1AD02 : 0C39 0004 0010 D000     cmp.b   #4,FileCursor
(2)  179/  C1AD0A : 6634                    bne     .kbd_a
(2)  180/  C1AD0C :                         ; We're on Save/Exit line
(2)  181/  C1AD0C : 4A39 0010 D007          tst.b   LetterCursor
(2)  182/  C1AD12 : 671C                    beq     .exit
(2)  183/  C1AD14 :                         ; Check that file name isn't empty
(2)  184/  C1AD14 : 4A39 0010 D04F          tst.b   FileNameCursor
(2)  185/  C1AD1A : 660C                    bne     .storesaves
(2)  186/  C1AD1C : 41F9 00C1 EECB          lea     FixStrNoFileName,a0
(2)  187/  C1AD22 : 4EF9 00C1 973E          jmp     MessageBox
(2)  188/  C1AD28 :                     .storesaves:
(2)  189/  C1AD28 : 4200                    clr.b   d0                  ; Check if file exists
(2)  190/  C1AD2A : 4EF9 00C1 C584          jmp     StoreSaves
(2)  191/  C1AD30 :                     .exit:
(2)  192/  C1AD30 : 103C 0045               move.b  #SFX_EXIT,d0
(2)  193/  C1AD34 : 4EB9 00C1 9568          jsr     PlaySFX
(2)  194/  C1AD3A : 4EF9 00C1 A8E0          jmp     SetupMenu
(2)  195/  C1AD40 :                     .kbd_a:
(2)  196/  C1AD40 :                         ; Is max file name length reached ?
(2)  197/  C1AD40 : 0C39 0010 0010 D04F     cmp.b   #16,FileNameCursor
(2)  198/  C1AD48 : 674E                    beq     .no_a
(2)  199/  C1AD4A :                         ; Get char
(2)  200/  C1AD4A : 7000                    moveq.l #0,d0
(2)  201/  C1AD4C : 1039 0010 D000          move.b  FileCursor,d0
(2)  202/  C1AD52 : E508                    lsl.b   #2,d0               ; *4
(2)  203/  C1AD54 : 1200                    move.b  d0,d1
(2)  204/  C1AD56 : D000                    add.b   d0,d0               ; *8
(2)  205/  C1AD58 : D001                    add.b   d1,d0               ; +*4 = *12
(2)  206/  C1AD5A : D039 0010 D007          add.b   LetterCursor,d0
(2)  207/  C1AD60 : 41F9 00C1 EF86          lea     KeyboardMapLC,a0
(2)  208/  C1AD66 : 4A39 0010 D014          tst.b   UITemp
(2)  209/  C1AD6C : 6706                    beq     .lowercase
(2)  210/  C1AD6E : 41F9 00C1 EF55          lea     KeyboardMapUC,a0
(2)  211/  C1AD74 :                     .lowercase:
(2)  212/  C1AD74 : 1230 0000               move.b  0(a0,d0),d1
(2)  213/  C1AD78 :                         ; Write char
(2)  214/  C1AD78 : 41F9 0010 D03E          lea     FileNameBuffer,a0
(2)  215/  C1AD7E : 1039 0010 D04F          move.b  FileNameCursor,d0
(2)  216/  C1AD84 : 1181 0000               move.b  d1,0(a0,d0)
(2)  217/  C1AD88 :                         ; Inc file name cursor
(2)  218/  C1AD88 : 5200                    addq.b  #1,d0
(2)  219/  C1AD8A : 13C0 0010 D04F          move.b  d0,FileNameCursor
(2)  220/  C1AD90 : 08F9 0002 0010 D003     bset.b  #2,RefreshFlags     ; Request file name refresh
(2)  221/  C1AD98 :                     .no_a:
(2)  222/  C1AD98 :                     
(2)  223/  C1AD98 : (MACRO)[30]         	TESTCHANGE CNT_B
(2)  223/  C1AD98 : 1039 0010 FD97          move.b  BIOS_P1CHANGE,d0
(2)  223/  C1AD9E : 8039 0010 FD9D          or.b    BIOS_P2CHANGE,d0
(2)  223/  C1ADA4 : 0200 0020               andi.b  #(2^CNT_B),d0
(2)  224/  C1ADA8 : 672A                    beq     .no_b
(2)  225/  C1ADAA :                         ; Is file name already empty ?
(2)  226/  C1ADAA : 4A39 0010 D04F          tst.b   FileNameCursor
(2)  227/  C1ADB0 : 6722                    beq     .no_b
(2)  228/  C1ADB2 :                         ; Erase char
(2)  229/  C1ADB2 : 41F9 0010 D03E          lea     FileNameBuffer,a0
 AS V1.42 Beta [Bld 311] - Source File main.asm(ui_storesaves.asm) - Page 63 - 9/11/2026 13:29:43


(2)  230/  C1ADB8 : 1039 0010 D04F          move.b  FileNameCursor,d0
(2)  231/  C1ADBE : 5300                    subq.b  #1,d0
(2)  232/  C1ADC0 : 11BC 0000 0000          move.b  #0,0(a0,d0)
(2)  233/  C1ADC6 : 13C0 0010 D04F          move.b  d0,FileNameCursor
(2)  234/  C1ADCC : 08F9 0002 0010 D003     bset.b  #2,RefreshFlags     ; Request file name refresh
(2)  235/  C1ADD4 :                     .no_b:
(2)  236/  C1ADD4 :                     
(2)  237/  C1ADD4 : (MACRO)[31]         	TESTCHANGE CNT_C
(2)  237/  C1ADD4 : 1039 0010 FD97          move.b  BIOS_P1CHANGE,d0
(2)  237/  C1ADDA : 8039 0010 FD9D          or.b    BIOS_P2CHANGE,d0
(2)  237/  C1ADE0 : 0200 0040               andi.b  #(2^CNT_C),d0
(2)  238/  C1ADE4 : 6710                    beq     .no_c
(2)  239/  C1ADE6 :                         ; Change case
(2)  240/  C1ADE6 : 0A39 0001 0010 D014     eori.b  #1,UITemp
(2)  241/  C1ADEE : 08F9 0000 0010 D003     bset.b  #0,RefreshFlags     ; Request keyboard refresh
(2)  242/  C1ADF6 :                     .no_c:
(2)  243/  C1ADF6 :                     
(2)  244/  C1ADF6 : 4E75                	rts
(2)  245/  C1ADF8 :                     
(2)  246/  C1ADF8 :                     
(2)  247/  C1ADF8 :                     ; d0: VRAM address
(2)  248/  C1ADF8 :                     ; d1: Upper/lower case
(2)  249/  C1ADF8 :                     DrawKeyboard:
(2)  250/  C1ADF8 : 33FC 3500 0011 C18A 	move.w  #$3500,FixWriteConfig    ; Highlight palette
(2)  251/  C1AE00 : 41F9 00C1 EF86          lea     KeyboardMapLC,a0
(2)  252/  C1AE06 : 4A01                    tst.b   d1
(2)  253/  C1AE08 : 6706                    beq     .lowercase
(2)  254/  C1AE0A : 41F9 00C1 EF55          lea     KeyboardMapUC,a0
(2)  255/  C1AE10 :                     .lowercase:
(2)  256/  C1AE10 : 33FC 0020 003C 0004 	move.w  #32,REG_VRAMMOD
(2)  257/  C1AE18 : 3239 0011 C18A      	move.w  FixWriteConfig,d1
(2)  258/  C1AE1E : 4E71                    nop
(2)  259/  C1AE20 : 4E71                    nop
(2)  260/  C1AE22 :                     .row:
(2)  261/  C1AE22 : 1E3C 000C           	move.b  #12,d7
(2)  262/  C1AE26 : 33C0 003C 0000          move.w  d0,REG_VRAMADDR
(2)  263/  C1AE2C : 4E71                    nop
(2)  264/  C1AE2E :                     .char:
(2)  265/  C1AE2E : 1218                    move.b  (a0)+,d1
(2)  266/  C1AE30 : 4A01                    tst.b   d1
(2)  267/  C1AE32 : 6720                    beq     .done
(2)  268/  C1AE34 : 33C1 003C 0002      	move.w  d1,REG_VRAMRW
(2)  269/  C1AE3A : 4E71                	nop
(2)  270/  C1AE3C : 4E71                	nop
(2)  271/  C1AE3E : 4E71                	nop
(2)  272/  C1AE40 : 123C 0020           	move.b  #$20,d1
(2)  273/  C1AE44 : 33C1 003C 0002      	move.w  d1,REG_VRAMRW
(2)  274/  C1AE4A : 5307                	subq.b  #1,d7
(2)  275/  C1AE4C : 66E0                	bne     .char
(2)  276/  C1AE4E : 0640 0001           	addi.w  #1,d0
(2)  277/  C1AE52 : 60CE                    bra     .row
(2)  278/  C1AE54 :                     .done:
(2)  279/  C1AE54 : 33FC 0500 0011 C18A 	move.w  #$0500,FixWriteConfig
(2)  280/  C1AE5C : 4E75                    rts
(2)  281/  C1AE5E :                     
(2)  282/  C1AE5E :                     ; d0.w: x pos
(2)  283/  C1AE5E :                     ; d1.w: y pos
(2)  284/  C1AE5E :                     SetKbdVRAMAddr:
(2)  285/  C1AE5E : B23C 0004           	cmp.b   #4,d1
(2)  286/  C1AE62 : 660C                    bne     .kbdzone
 AS V1.42 Beta [Bld 311] - Source File main.asm(ui_storesaves.asm) - Page 64 - 9/11/2026 13:29:43


(2)  287/  C1AE64 : D040                    add.w   d0,d0   ; *2
(2)  288/  C1AE66 : 3400                    move.w  d0,d2
(2)  289/  C1AE68 : D040                    add.w   d0,d0   ; *4
(2)  290/  C1AE6A : D042                    add.w   d2,d0   ; *2+*4 = *6
(2)  291/  C1AE6C : 0600 0002               addi.b  #2,d0   ; All this will be *2 just below
(2)  292/  C1AE70 :                     .kbdzone:
(2)  293/  C1AE70 : ED48                	lsl.w   #6,d0               ; Fixmap x*2
(2)  294/  C1AE72 : D001                	add.b   d1,d0               ; Fixmap y
(2)  295/  C1AE74 : D07C 710F           	add.w   #FIXMAP+15+(8*32),d0
(2)  296/  C1AE78 : 33C0 003C 0000      	move.w  d0,REG_VRAMADDR
(2)  297/  C1AE7E : 4E71                	nop
(2)  298/  C1AE80 : 4E71                	nop
(2)  299/  C1AE82 : 4E75                	rts
(2)  300/  C1AE84 :                     
(1)  255/  C1AE84 :                     	INCLUDE "ui_loadsaves.asm"
(2)    1/  C1AE84 :                     ; Copyright (C) 2020 Sean Gonsalves
(2)    2/  C1AE84 :                     ;
(2)    3/  C1AE84 :                     ; This file is part of Neo CD SD Loader.
(2)    4/  C1AE84 :                     ;
(2)    5/  C1AE84 :                     ; This program is free software; you can redistribute it and/or modify
(2)    6/  C1AE84 :                     ; it under the terms of the GNU General Public License as published by
(2)    7/  C1AE84 :                     ; the Free Software Foundation; either version 2, or (at your option)
(2)    8/  C1AE84 :                     ; any later version.
(2)    9/  C1AE84 :                     ;
(2)   10/  C1AE84 :                     ; This program is distributed in the hope that it will be useful,
(2)   11/  C1AE84 :                     ; but WITHOUT ANY WARRANTY; without even the implied warranty of
(2)   12/  C1AE84 :                     ; MERCHANTABILITY or FITNESS FOR A PARTICULAR PURPOSE.  See the
(2)   13/  C1AE84 :                     ; GNU General Public License for more details.
(2)   14/  C1AE84 :                     ;
(2)   15/  C1AE84 :                     ; You should have received a copy of the GNU General Public License
(2)   16/  C1AE84 :                     ; along with this program; see the file COPYING.  If not, write to
(2)   17/  C1AE84 :                     ; the Free Software Foundation, Inc., 51 Franklin Street,
(2)   18/  C1AE84 :                     ; Boston, MA 02110-1301, USA.
(2)   19/  C1AE84 :                     
(2)   20/  C1AE84 :                     SetupLoadSave:
(2)   21/  C1AE84 : 33FC 0500 0011 C18A 	move.w  #$0500,FixWriteConfig	; Bank 5 has menu font
(2)   22/  C1AE8C :                     
(2)   23/  C1AE8C : 4EB9 00C1 E32A          jsr     ClearFixTop
(2)   24/  C1AE92 :                     
(2)   25/  C1AE92 : 7000                    moveq.l #0,d0
(2)   26/  C1AE94 : 13C0 0010 D000          move.b  d0,FileCursor
(2)   27/  C1AE9A : 13C0 0010 D002          move.b  d0,MenuShift
(2)   28/  C1AEA0 : 13C0 0010 D001      	move.b  d0,FileCursorPrev
(2)   29/  C1AEA6 : 33C0 0010 D004          move.w  d0,TotalFileCount
(2)   30/  C1AEAC : 13FC 0005 0010 D003 	move.b  #%00000101,RefreshFlags
(2)   31/  C1AEB4 :                     
(2)   32/  C1AEB4 : 4EB9 00C1 E35E          jsr     ClearFileList
(2)   33/  C1AEBA :                     
(2)   34/  C1AEBA : =>UNDEFINED             IFDEF MAMEDEBUG
(2)   35/  C1AEBA :                         ; Set up a fake save file list for debugging
(2)   36/  C1AEBA :                     	lea     SaveDebugList,a0
(2)   37/  C1AEBA :                     	lea     FileList,a1
(2)   38/  C1AEBA :                     	move.w  #DEBUGSAVECOUNT*FileEntry_LEN,d7
(2)   39/  C1AEBA :                     .debug_save_list:
(2)   40/  C1AEBA :                     	move.b  (a0)+,(a1)+
(2)   41/  C1AEBA :                     	subq.w  #1,d7
(2)   42/  C1AEBA :                     	bne     .debug_save_list
(2)   43/  C1AEBA :                     	move.w  #DEBUGSAVECOUNT,TotalFileCount
(2)   44/  C1AEBA :                     	bra     .setup_interface
(2)   45/  C1AEBA : [34]                    ENDIF
 AS V1.42 Beta [Bld 311] - Source File main.asm(ui_loadsaves.asm) - Page 65 - 9/11/2026 13:29:43


(2)   46/  C1AEBA :                         
(2)   47/  C1AEBA :                     
(2)   48/  C1AEBA : =>UNDEFINED             IFNDEF MAMEDEBUG
(2)   49/  C1AEBA :                         ; Ask MCU for save files list
(2)   50/  C1AEBA : 13FC 0000 0011 C194     move.b  #0,MCUCmdParams
(2)   51/  C1AEC2 : (MACRO)[32]             MCUCMD  MCU_CMD_GETSAVES
(2)   51/  C1AEC2 : 163C 000B               move.b  #MCU_CMD_GETSAVES,d3
(2)   51/  C1AEC6 : 4EB9 00C1 C996          jsr     MCUCommand
(2)   52/  C1AECC : 6408                    bcc     .notimeout
(2)   53/  C1AECE : 4EB9 00C1 98F2          jsr     DispErrorTimeout
(2)   54/  C1AED4 : 6064                    bra     .setup_interface
(2)   55/  C1AED6 :                     .notimeout:
(2)   56/  C1AED6 :                         ; Read 4 words from the MCU (see doc) CHANGED
(2)   57/  C1AED6 : 4EB9 00C1 CA9A          jsr     MCURead4Words
(2)   58/  C1AEDC : 4EB9 00C1 CADA          jsr     CheckACK
(2)   59/  C1AEE2 : 6556                    bcs     .setup_interface
(2)   60/  C1AEE4 :                         ; Ok, get file count
(2)   61/  C1AEE4 : 7000                    moveq.l #0,d0
(2)   62/  C1AEE6 : 1039 0011 C101          move.b  MCUReplyBuffer+1,d0
(2)   63/  C1AEEC : 33C0 0010 D004          move.w  d0,TotalFileCount
(2)   64/  C1AEF2 :                     
(2)   65/  C1AEF2 :                         ; Retrieve file names
(2)   66/  C1AEF2 : 3C39 0010 D004          move.w  TotalFileCount,d6
(2)   67/  C1AEF8 : 4A46                    tst.w   d6
(2)   68/  C1AEFA : 673E                    beq     .setup_interface    ; Skip if no files
(2)   69/  C1AEFC : 43F9 0011 C900          lea     FileList,a1
(2)   70/  C1AF02 :                     .listfiles:
(2)   71/  C1AF02 : 363C 0010               move.w  #16,d3              ; 1+30+1, ID.b + string + /0 CHANGED
(2)   72/  C1AF06 : 4EB9 00C1 CA9E          jsr     MCURead4WordsMult
(2)   73/  C1AF0C :                     
(2)   74/  C1AF0C : 41F9 0011 C100          lea     MCUReplyBuffer,a0
(2)   75/  C1AF12 : 303C FF00               move.w  #$FF00,d0           ; "Entry used" flag
(2)   76/  C1AF16 : 1018                    move.b  (a0)+,d0
(2)   77/  C1AF18 : 32C0                    move.w  d0,(a1)+            ; File index + flag
(2)   78/  C1AF1A :                     
(2)   79/  C1AF1A : 7E1A                    moveq.l #MAX_FILENAME,d7
(2)   80/  C1AF1C :                     .cp:
(2)   81/  C1AF1C : 12D8                    move.b  (a0)+,(a1)+         ; Copy file name, cap to MAX_FILENAME chars
(2)   82/  C1AF1E : 5307                	subq.b  #1,d7
(2)   83/  C1AF20 : 66FA                	bne     .cp
(2)   84/  C1AF22 : 12FC 0000               move.b  #0,(a1)+            ; Force last char to 0
(2)   85/  C1AF26 : 12FC 0000               move.b  #0,(a1)+            ; Padding to reach 32
(2)   86/  C1AF2A : 12FC 0000               move.b  #0,(a1)+
(2)   87/  C1AF2E : 12FC 0000               move.b  #0,(a1)+
(2)   88/  C1AF32 :                     
(2)   89/  C1AF32 : 5346                	subq.w  #1,d6
(2)   90/  C1AF34 : 66CC                	bne     .listfiles
(2)   91/  C1AF36 :                     
(2)   92/  C1AF36 : 12FC 0000               move.b  #0,(a1)+            ; Terminate
(2)   93/  C1AF3A : [48]                    ENDIF
(2)   94/  C1AF3A :                     
(2)   95/  C1AF3A :                     .setup_interface:
(2)   96/  C1AF3A : 3E39 0010 D004          move.w  TotalFileCount,d7
(2)   97/  C1AF40 : 13C7 0010 D006          move.b  d7,LetterGameCount  ; For DrawFileList
(2)   98/  C1AF46 :                     
(2)   99/  C1AF46 :                         ; Just fill MenuIndexList with inc indexes for DrawFileList
(2)  100/  C1AF46 : 41F9 0011 E220      	lea     MenuIndexList,a0
(2)  101/  C1AF4C : 7000                	moveq.l #0,d0
(2)  102/  C1AF4E :                     .listlp:
(2)  103/  C1AF4E : 10C0                    move.b  d0,(a0)+            ; Add index to list
 AS V1.42 Beta [Bld 311] - Source File main.asm(ui_loadsaves.asm) - Page 66 - 9/11/2026 13:29:43


(2)  104/  C1AF50 : 5200                    addq.b  #1,d0
(2)  105/  C1AF52 : 5307                	subq.b  #1,d7
(2)  106/  C1AF54 : 66F8                	bne     .listlp
(2)  107/  C1AF56 :                     
(2)  108/  C1AF56 : 41F9 00C1 EFB7          lea     FixStrLoadSaveUI,a0
(2)  109/  C1AF5C : 303C 70A9           	move.w  #FIXMAP+9+(5*32),d0
(2)  110/  C1AF60 : 4EB9 00C1 E528      	jsr     WriteFix
(2)  111/  C1AF66 :                     
(2)  112/  C1AF66 : 33FC 0009 0010 D02E 	move.w  #SCREEN_LOAD_SAVE,CurrentScreen
(2)  113/  C1AF6E : 4E75                	rts
(2)  114/  C1AF70 :                     
(2)  115/  C1AF70 :                     VBLProcLoadSave:
(2)  116/  C1AF70 :                     	; Refresh stuff in VRAM while we're at the beginning of the vblank
(2)  117/  C1AF70 : 0839 0000 0010 D003 	btst.b  #0,RefreshFlags
(2)  118/  C1AF78 : 6706                	beq     .norefresh0
(2)  119/  C1AF7A : 4EB9 00C1 9578      	jsr     DrawFileList
(2)  120/  C1AF80 :                     .norefresh0:
(2)  121/  C1AF80 :                     
(2)  122/  C1AF80 : 0839 0002 0010 D003 	btst.b  #2,RefreshFlags
(2)  123/  C1AF88 : 6752                	beq     .norefresh_cur
(2)  124/  C1AF8A :                     	; Erase previous cursor
(2)  125/  C1AF8A : 7000                	moveq.l #0,d0
(2)  126/  C1AF8C : 1039 0010 D001      	move.b  FileCursorPrev,d0
(2)  127/  C1AF92 : D07C 70EB           	add.w   #FIXMAP+11+(7*32),d0
(2)  128/  C1AF96 : 33C0 003C 0000      	move.w  d0,REG_VRAMADDR
(2)  129/  C1AF9C : 4E71                	nop
(2)  130/  C1AF9E : 4E71                	nop
(2)  131/  C1AFA0 : 33FC 0520 003C 0002 	move.w  #$0520,REG_VRAMRW	; Space, palette 0, bank 5
(2)  132/  C1AFA8 : 4A39 0010 D006      	tst.b   LetterGameCount
(2)  133/  C1AFAE : 672C                	beq     .norefresh_cur      ; No files in list, don't draw cursor
(2)  134/  C1AFB0 :                     	; Draw new cursor
(2)  135/  C1AFB0 : 7000                	moveq.l #0,d0
(2)  136/  C1AFB2 : 1039 0010 D000      	move.b  FileCursor,d0
(2)  137/  C1AFB8 : 13C0 0010 D001      	move.b  d0,FileCursorPrev
(2)  138/  C1AFBE : 0640 70EB           	addi.w  #FIXMAP+11+(7*32),d0
(2)  139/  C1AFC2 : 33C0 003C 0000      	move.w  d0,REG_VRAMADDR
(2)  140/  C1AFC8 : 4E71                	nop
(2)  141/  C1AFCA : 4E71                	nop
(2)  142/  C1AFCC : 33FC 0511 003C 0002 	move.w  #$0511,REG_VRAMRW	; Arrow pointing right, palette 0, bank 5
(2)  143/  C1AFD4 : 08B9 0002 0010 D003 	bclr.b  #2,RefreshFlags
(2)  144/  C1AFDC :                     .norefresh_cur:
(2)  145/  C1AFDC :                     
(2)  146/  C1AFDC :                         ; Prevent loading and deleting if there are no saves found
(2)  147/  C1AFDC : 4A79 0010 D004      	tst.w   TotalFileCount
(2)  148/  C1AFE2 : 674E                	beq     .nofiles
(2)  149/  C1AFE4 : 4EB9 00C1 964E          jsr     FileListNav
(2)  150/  C1AFEA :                     
(2)  151/  C1AFEA : (MACRO)[33]         	TESTCHANGE CNT_A
(2)  151/  C1AFEA : 1039 0010 FD97          move.b  BIOS_P1CHANGE,d0
(2)  151/  C1AFF0 : 8039 0010 FD9D          or.b    BIOS_P2CHANGE,d0
(2)  151/  C1AFF6 : 0200 0010               andi.b  #(2^CNT_A),d0
(2)  152/  C1AFFA : 6712                    beq     .no_a
(2)  153/  C1AFFC :                         ; Ask user for confirmation
(2)  154/  C1AFFC : 41F9 00C1 EFF0          lea     FixStrLoadConfirm,a0
(2)  155/  C1B002 : 43F9 00C1 B056          lea     ExitLoadConfirm,a1
(2)  156/  C1B008 : 4EF9 00C1 9742          jmp     MessageBoxCustom
(2)  157/  C1B00E :                     .no_a:
(2)  158/  C1B00E :                     
(2)  159/  C1B00E : (MACRO)[34]         	TESTCHANGE CNT_C
(2)  159/  C1B00E : 1039 0010 FD97          move.b  BIOS_P1CHANGE,d0
 AS V1.42 Beta [Bld 311] - Source File main.asm(ui_loadsaves.asm) - Page 67 - 9/11/2026 13:29:43


(2)  159/  C1B014 : 8039 0010 FD9D          or.b    BIOS_P2CHANGE,d0
(2)  159/  C1B01A : 0200 0040               andi.b  #(2^CNT_C),d0
(2)  160/  C1B01E : 6712                    beq     .no_c
(2)  161/  C1B020 :                         ; Ask user for confirmation
(2)  162/  C1B020 : 41F9 00C1 F058          lea     FixStrDeleteConfirm,a0
(2)  163/  C1B026 : 43F9 00C1 B084          lea     DeleteConfirm,a1
(2)  164/  C1B02C : 4EF9 00C1 9742          jmp     MessageBoxCustom
(2)  165/  C1B032 :                     .no_c:
(2)  166/  C1B032 :                     .nofiles:
(2)  167/  C1B032 :                     
(2)  168/  C1B032 : (MACRO)[35]         	TESTCHANGE CNT_B
(2)  168/  C1B032 : 1039 0010 FD97          move.b  BIOS_P1CHANGE,d0
(2)  168/  C1B038 : 8039 0010 FD9D          or.b    BIOS_P2CHANGE,d0
(2)  168/  C1B03E : 0200 0020               andi.b  #(2^CNT_B),d0
(2)  169/  C1B042 : 6710                    beq     .no_b
(2)  170/  C1B044 : 103C 0045               move.b  #SFX_EXIT,d0
(2)  171/  C1B048 : 4EB9 00C1 9568          jsr     PlaySFX
(2)  172/  C1B04E : 4EB9 00C1 A8E0          jsr     SetupMenu
(2)  173/  C1B054 :                     .no_b:
(2)  174/  C1B054 : 4E75                	rts
(2)  175/  C1B056 :                     
(2)  176/  C1B056 :                     ExitLoadConfirm:
(2)  177/  C1B056 : (MACRO)[36]         	TESTCHANGE CNT_A
(2)  177/  C1B056 : 1039 0010 FD97          move.b  BIOS_P1CHANGE,d0
(2)  177/  C1B05C : 8039 0010 FD9D          or.b    BIOS_P2CHANGE,d0
(2)  177/  C1B062 : 0200 0010               andi.b  #(2^CNT_A),d0
(2)  178/  C1B066 : 6712                    beq     .no_a
(2)  179/  C1B068 : 1039 0010 D000      	move.b  FileCursor,d0
(2)  180/  C1B06E : D039 0010 D002      	add.b   MenuShift,d0
(2)  181/  C1B074 : 4EF9 00C1 C6F2          jmp     LoadSaves
(2)  182/  C1B07A :                     .no_a:
(2)  183/  C1B07A : 103C 0043               move.b  #SFX_NEG,d0
(2)  184/  C1B07E : 4EF9 00C1 9568          jmp     PlaySFX
(2)  185/  C1B084 :                     
(2)  186/  C1B084 :                     DeleteConfirm:
(2)  187/  C1B084 : (MACRO)[37]         	TESTCHANGE CNT_A
(2)  187/  C1B084 : 1039 0010 FD97          move.b  BIOS_P1CHANGE,d0
(2)  187/  C1B08A : 8039 0010 FD9D          or.b    BIOS_P2CHANGE,d0
(2)  187/  C1B090 : 0200 0010               andi.b  #(2^CNT_A),d0
(2)  188/  C1B094 : 671A                    beq     .no_a
(2)  189/  C1B096 : 1039 0010 D000      	move.b  FileCursor,d0
(2)  190/  C1B09C : D039 0010 D002      	add.b   MenuShift,d0
(2)  191/  C1B0A2 : 4EB9 00C1 C7A0          jsr     DeleteSaves
(2)  192/  C1B0A8 : 4EB9 00C1 AE84          jsr     SetupLoadSave       ; Refresh list
(2)  193/  C1B0AE : 4E75                    rts
(2)  194/  C1B0B0 :                     .no_a:
(2)  195/  C1B0B0 : 103C 0043               move.b  #SFX_NEG,d0
(2)  196/  C1B0B4 : 4EF9 00C1 9568          jmp     PlaySFX
(2)  197/  C1B0BA :                     
(1)  256/  C1B0BA :                     	INCLUDE "ui_settings.asm"
(2)    1/  C1B0BA :                     ; Copyright (C) 2020 Sean Gonsalves
(2)    2/  C1B0BA :                     ;
(2)    3/  C1B0BA :                     ; This file is part of Neo CD SD Loader.
(2)    4/  C1B0BA :                     ;
(2)    5/  C1B0BA :                     ; This program is free software; you can redistribute it and/or modify
(2)    6/  C1B0BA :                     ; it under the terms of the GNU General Public License as published by
(2)    7/  C1B0BA :                     ; the Free Software Foundation; either version 2, or (at your option)
(2)    8/  C1B0BA :                     ; any later version.
(2)    9/  C1B0BA :                     ;
(2)   10/  C1B0BA :                     ; This program is distributed in the hope that it will be useful,
 AS V1.42 Beta [Bld 311] - Source File main.asm(ui_settings.asm) - Page 68 - 9/11/2026 13:29:43


(2)   11/  C1B0BA :                     ; but WITHOUT ANY WARRANTY; without even the implied warranty of
(2)   12/  C1B0BA :                     ; MERCHANTABILITY or FITNESS FOR A PARTICULAR PURPOSE.  See the
(2)   13/  C1B0BA :                     ; GNU General Public License for more details.
(2)   14/  C1B0BA :                     ;
(2)   15/  C1B0BA :                     ; You should have received a copy of the GNU General Public License
(2)   16/  C1B0BA :                     ; along with this program; see the file COPYING.  If not, write to
(2)   17/  C1B0BA :                     ; the Free Software Foundation, Inc., 51 Franklin Street,
(2)   18/  C1B0BA :                     ; Boston, MA 02110-1301, USA.
(2)   19/  C1B0BA :                     
(2)   20/  C1B0BA :                     SetupSettings:
(2)   21/  C1B0BA : 33FC 0500 0011 C18A 	move.w  #$0500,FixWriteConfig	; Bank 5 has menu font
(2)   22/  C1B0C2 :                     
(2)   23/  C1B0C2 : 4EB9 00C1 E32A          jsr     ClearFixTop
(2)   24/  C1B0C8 : 4EB9 00C1 9628          jsr     ClearMainSprites   ; Hide leftover list-nav arrows/letters/cursor from the main screen
(2)   25/  C1B0CE :                     
(2)   26/  C1B0CE : 41F9 00C1 F148          lea     FixStrSettings,a0
(2)   27/  C1B0D4 : 303C 7148           	move.w  #FIXMAP+8+(10*32),d0
(2)   28/  C1B0D8 : 4EB9 00C1 E528      	jsr     WriteFix
(2)   29/  C1B0DE :                     
(2)   30/  C1B0DE : 13F9 0011 C18C 0010     move.b  SettingCountry,UITemp   ; Used to detect change to Brazil region
           C1B0E6 : D014               
(2)   31/  C1B0E8 : 13FC 0000 0010 D000 	move.b  #0,FileCursor
(2)   32/  C1B0F0 : 13FC 0000 0010 D001 	move.b  #0,FileCursorPrev
(2)   33/  C1B0F8 : 13FC 0000 0010 D007 	move.b  #0,LetterCursor         ; Used here as debug DIP bit cursor
(2)   34/  C1B100 :                     
(2)   35/  C1B100 : 33FC 3500 0011 C18A 	move.w  #$3500,FixWriteConfig	; Bank 5 has menu font, highlight palette
(2)   36/  C1B108 :                     
(2)   37/  C1B108 :                     	; RefreshFlags bits use in ui_settings:
(2)   38/  C1B108 :                     	; 0: Redraw debug DIPs
(2)   39/  C1B108 :                     	; 1: Redraw country
(2)   40/  C1B108 :                     	; 2: Redraw item cursor
(2)   41/  C1B108 :                     	; 3: Redraw dev mode setting
(2)   42/  C1B108 :                     	; 4: Redraw screen saver setting
(2)   43/  C1B108 :                     	; 5: Redraw LED color setting
(2)   44/  C1B108 :                     	; 6: Redraw SFX setting
(2)   45/  C1B108 :                     	; 7: Redraw boot and load anim setting
(2)   46/  C1B108 : 13FC 00FF 0010 D003 	move.b  #%11111111,RefreshFlags
(2)   47/  C1B110 :                     
(2)   48/  C1B110 : 33FC 000A 0010 D02E 	move.w  #SCREEN_SETTINGS,CurrentScreen
(2)   49/  C1B118 : 4E75                	rts
(2)   50/  C1B11A :                     
(2)   51/  C1B11A :                     FixStrClearDIPs:
(2)   52/  C1B11A : 2020 2020 2020 2020     dc.b "        ",0
           C1B122 : 00               
(2)   53/  C1B123 :                     
(2)   54/  C1B123 :                     FixStrEnabled:
(2)   55/  C1B123 : 4154 4956 4F20 2020     dc.b "ATIVO   ",0
           C1B12B : 00               
(2)   56/  C1B12C :                     FixStrDisabled:
(2)   57/  C1B12C : 494E 4154 4956 4F20     dc.b "INATIVO ",0
           C1B134 : 00               
(2)   58/  C1B135 :                     
(2)   59/  C1B135 :                     FixStrNew:
(2)   60/  C1B135 : 4E45 5700               dc.b "NEW",0
(2)   61/  C1B139 :                     FixStrOld:
(2)   62/  C1B139 : 4F4C 4400               dc.b "OLD",0
(2)   63/  C1B13D :                     
(2)   64/  C1B13D :                     FixStrFast:
(2)   65/  C1B13D : 4641 5354 00            dc.b "FAST",0
(2)   66/  C1B142 :                     FixStrSlow:
 AS V1.42 Beta [Bld 311] - Source File main.asm(ui_settings.asm) - Page 69 - 9/11/2026 13:29:43


(2)   67/  C1B142 : 534C 4F57 00            dc.b "SLOW",0
(2)   68/  C1B147 :                     
(2)   69/  C1B147 :                     VBLProcSettings:
(2)   70/  C1B147 :                     	; Refresh stuff in VRAM while we're at the beginning of the vblank
(2)   71/  C1B147 :                     
(2)   72/  C1B147 : 00                  <padding>
(2)   72/  C1B148 : 0839 0000 0010 D003 	btst.b  #0,RefreshFlags
(2)   73/  C1B150 : 6700 0084           	beq     .norefresh_DIPs
(2)   74/  C1B154 :                         ; Refresh DIPs
(2)   75/  C1B154 : 08B9 0000 0010 D003 	bclr.b  #0,RefreshFlags
(2)   76/  C1B15C :                     
(2)   77/  C1B15C :                         ; Clear bit arrow
(2)   78/  C1B15C : 41F9 00C1 B11A          lea     FixStrClearDIPs,a0
(2)   79/  C1B162 : 303C 730C           	move.w  #FIXMAP+12+(24*32),d0
(2)   80/  C1B166 : 4EB9 00C1 E528      	jsr     WriteFix
(2)   81/  C1B16C :                     
(2)   82/  C1B16C :                         ; Draw bit arrow
(2)   83/  C1B16C : 7000                    moveq.l #0,d0
(2)   84/  C1B16E : 1039 0010 D007          move.b  LetterCursor,d0
(2)   85/  C1B174 : 0200 0007               andi.b  #7,d0
(2)   86/  C1B178 : EB48                    lsl.w   #5,d0
(2)   87/  C1B17A : 0640 730C           	addi.w  #FIXMAP+12+(24*32),d0
(2)   88/  C1B17E : 33C0 003C 0000      	move.w  d0,REG_VRAMADDR
(2)   89/  C1B184 : 3239 0011 C18A          move.w  FixWriteConfig,d1
(2)   90/  C1B18A : 123C 0013               move.b  #CHAR_ARROW_DOWN,d1
(2)   91/  C1B18E : 33C1 003C 0002      	move.w  d1,REG_VRAMRW
(2)   92/  C1B194 :                     
(2)   93/  C1B194 :                         ; Draw bits
(2)   94/  C1B194 : 33FC 0020 003C 0004     move.w  #32,REG_VRAMMOD
(2)   95/  C1B19C : 33FC 730D 003C 0000 	move.w  #FIXMAP+13+(24*32),REG_VRAMADDR
(2)   96/  C1B1A4 : 1039 0010 D017      	move.b  DebugDIP1,d0
(2)   97/  C1B1AA : 4EB9 00C1 B1BE      	jsr     .drawbitvalues
(2)   98/  C1B1B0 : 33FC 730E 003C 0000 	move.w  #FIXMAP+14+(24*32),REG_VRAMADDR
(2)   99/  C1B1B8 : 1039 0010 D018      	move.b  DebugDIP2,d0
(2)  100/  C1B1BE :                     .drawbitvalues:
(2)  101/  C1B1BE : 7E07                	moveq.l #8-1,d7
(2)  102/  C1B1C0 :                     .bit
(2)  103/  C1B1C0 : 123C 0030           	move.b  #'0',d1
(2)  104/  C1B1C4 : E308                	lsl.b   #1,d0
(2)  105/  C1B1C6 : 6404                	bcc     .zero
(2)  106/  C1B1C8 : 123C 0031           	move.b  #'1',d1
(2)  107/  C1B1CC :                     .zero:
(2)  108/  C1B1CC : 33C1 003C 0002      	move.w  d1,REG_VRAMRW
(2)  109/  C1B1D2 : 51CF FFEC           	dbra    d7,.bit
(2)  110/  C1B1D6 :                     .norefresh_DIPs:
(2)  111/  C1B1D6 :                     
(2)  112/  C1B1D6 : 0839 0001 0010 D003 	btst.b  #1,RefreshFlags
(2)  113/  C1B1DE : 6736                	beq     .norefresh_country
(2)  114/  C1B1E0 :                         ; Refresh country
(2)  115/  C1B1E0 : 4EB9 00C1 C46C      	jsr     SaveSettings
(2)  116/  C1B1E6 : 7000                    moveq.l #0,d0
(2)  117/  C1B1E8 : 1039 0011 C18C      	move.b  SettingCountry,d0
(2)  118/  C1B1EE : 0200 0003           	andi.b  #3,d0
(2)  119/  C1B1F2 : 13C0 0011 C18C      	move.b  d0,SettingCountry
(2)  120/  C1B1F8 : 41F9 00C1 B4DA          lea     CountryList,a0
(2)  121/  C1B1FE : E548                    lsl.w   #2,d0
(2)  122/  C1B200 : 2070 0000               move.l  0(a0,d0),a0
(2)  123/  C1B204 : 303C 728A           	move.w  #FIXMAP+10+(20*32),d0
(2)  124/  C1B208 : 4EB9 00C1 E528      	jsr     WriteFix
(2)  125/  C1B20E : 08B9 0001 0010 D003 	bclr.b  #1,RefreshFlags
 AS V1.42 Beta [Bld 311] - Source File main.asm(ui_settings.asm) - Page 70 - 9/11/2026 13:29:43


(2)  126/  C1B216 :                     .norefresh_country:
(2)  127/  C1B216 :                     
(2)  128/  C1B216 : 0839 0002 0010 D003 	btst.b  #2,RefreshFlags
(2)  129/  C1B21E : 675C                	beq     .norefresh_cur
(2)  130/  C1B220 :                     	; Erase previous cursor
(2)  131/  C1B220 : 7000                	moveq.l #0,d0
(2)  132/  C1B222 : 1039 0010 D001      	move.b  FileCursorPrev,d0
(2)  133/  C1B228 : 4EB9 00C1 B5D6          jsr     GetNavYPos
(2)  134/  C1B22E : D07C 712A           	add.w   #FIXMAP+10+(9*32),d0
(2)  135/  C1B232 : 33C0 003C 0000      	move.w  d0,REG_VRAMADDR
(2)  136/  C1B238 : 4E71                	nop
(2)  137/  C1B23A : 4E71                	nop
(2)  138/  C1B23C : 33FC 0520 003C 0002 	move.w  #$0520,REG_VRAMRW	; Space, palette 0, bank 5
(2)  139/  C1B244 :                     	; Draw new cursor
(2)  140/  C1B244 : 1039 0010 D000      	move.b  FileCursor,d0
(2)  141/  C1B24A : 0240 00FF           	andi.w  #$00FF,d0
(2)  142/  C1B24E :                     	;move.b  d0,d1
(2)  143/  C1B24E : 4EB9 00C1 B5D6          jsr     GetNavYPos
(2)  144/  C1B254 : 0640 712A           	addi.w  #FIXMAP+10+(9*32),d0
(2)  145/  C1B258 : 33C0 003C 0000      	move.w  d0,REG_VRAMADDR
(2)  146/  C1B25E : 4E71                	nop
(2)  147/  C1B260 : 4E71                	nop
(2)  148/  C1B262 : 33FC 0511 003C 0002 	move.w  #$05<<8+CHAR_ARROW_RIGHT,REG_VRAMRW	; Palette 0, bank 5
(2)  149/  C1B26A :                     	;move.b  d1,FileCursorPrev
(2)  150/  C1B26A : 13F9 0010 D000 0010 	move.b  FileCursor,FileCursorPrev
           C1B272 : D001               
(2)  151/  C1B274 : 08B9 0002 0010 D003 	bclr.b  #2,RefreshFlags
(2)  152/  C1B27C :                     .norefresh_cur:
(2)  153/  C1B27C :                     
(2)  154/  C1B27C : 0839 0003 0010 D003 	btst.b  #3,RefreshFlags
(2)  155/  C1B284 : 6726                	beq     .norefresh_devmode
(2)  156/  C1B286 :                     	; Refresh developer mode setting
(2)  157/  C1B286 : 41F9 00C1 B12C      	lea     FixStrDisabled,a0
(2)  158/  C1B28C : 4A39 0010 FE80      	tst.b   BIOS_DEVMODE
(2)  159/  C1B292 : 6706                	beq     .disableda
(2)  160/  C1B294 : 41F9 00C1 B123      	lea     FixStrEnabled,a0
(2)  161/  C1B29A :                     .disableda:
(2)  162/  C1B29A : 303C 730F           	move.w  #FIXMAP+15+(24*32),d0
(2)  163/  C1B29E : 4EB9 00C1 E528      	jsr     WriteFix
(2)  164/  C1B2A4 : 08B9 0003 0010 D003 	bclr.b  #3,RefreshFlags
(2)  165/  C1B2AC :                     .norefresh_devmode:
(2)  166/  C1B2AC :                     
(2)  167/  C1B2AC : 0839 0004 0010 D003 	btst.b  #4,RefreshFlags
(2)  168/  C1B2B4 : 6730                	beq     .norefresh_ssaver
(2)  169/  C1B2B6 :                     	; Refresh screen saver setting
(2)  170/  C1B2B6 : 4EB9 00C1 C46C      	jsr     SaveSettings
(2)  171/  C1B2BC : 41F9 00C1 B12C      	lea     FixStrDisabled,a0
(2)  172/  C1B2C2 : 1039 0011 C18D      	move.b  SettingSSaver,d0
(2)  173/  C1B2C8 : 0200 0001           	andi.b  #1,d0
(2)  174/  C1B2CC : 6706                	beq     .disabledb
(2)  175/  C1B2CE : 41F9 00C1 B123      	lea     FixStrEnabled,a0
(2)  176/  C1B2D4 :                     .disabledb:
(2)  177/  C1B2D4 : 303C 7313           	move.w  #FIXMAP+19+(24*32),d0
(2)  178/  C1B2D8 : 4EB9 00C1 E528      	jsr     WriteFix
(2)  179/  C1B2DE : 08B9 0004 0010 D003 	bclr.b  #4,RefreshFlags
(2)  180/  C1B2E6 :                     .norefresh_ssaver:
(2)  181/  C1B2E6 :                     
(2)  182/  C1B2E6 : 0839 0005 0010 D003 	btst.b  #5,RefreshFlags
(2)  183/  C1B2EE : 6750                	beq     .norefresh_led
(2)  184/  C1B2F0 :                     	; Refresh LED color settings
 AS V1.42 Beta [Bld 311] - Source File main.asm(ui_settings.asm) - Page 71 - 9/11/2026 13:29:43


(2)  185/  C1B2F0 : 4EB9 00C1 C46C      	jsr     SaveSettings
(2)  186/  C1B2F6 : 50F9 0011 C1B7      	st.b    SetMCUConfig       ; Send setting to MCU to give a preview
(2)  187/  C1B2FC :                     
(2)  188/  C1B2FC : 7000                	moveq.l #0,d0
(2)  189/  C1B2FE : 1039 0011 C18E      	move.b  SettingLEDIdle,d0
(2)  190/  C1B304 : 41F9 00C1 B4EA          lea     ColorList,a0
(2)  191/  C1B30A : E548                    lsl.w   #2,d0
(2)  192/  C1B30C : 2070 0000               move.l  0(a0,d0),a0
(2)  193/  C1B310 : 303C 7311           	move.w  #FIXMAP+17+(24*32),d0
(2)  194/  C1B314 : 4EB9 00C1 E528      	jsr     WriteFix
(2)  195/  C1B31A :                     
(2)  196/  C1B31A : 7000                	moveq.l #0,d0
(2)  197/  C1B31C : 1039 0011 C18F      	move.b  SettingLEDLoad,d0
(2)  198/  C1B322 : 41F9 00C1 B4EA          lea     ColorList,a0
(2)  199/  C1B328 : E548                    lsl.w   #2,d0
(2)  200/  C1B32A : 2070 0000               move.l  0(a0,d0),a0
(2)  201/  C1B32E : 303C 7312           	move.w  #FIXMAP+18+(24*32),d0
(2)  202/  C1B332 : 4EB9 00C1 E528      	jsr     WriteFix
(2)  203/  C1B338 :                     
(2)  204/  C1B338 : 08B9 0005 0010 D003 	bclr.b  #5,RefreshFlags
(2)  205/  C1B340 :                     .norefresh_led:
(2)  206/  C1B340 :                     
(2)  207/  C1B340 : 0839 0006 0010 D003 	btst.b  #6,RefreshFlags
(2)  208/  C1B348 : 6730                	beq     .norefresh_sfx
(2)  209/  C1B34A :                     	; Refresh sound effects setting
(2)  210/  C1B34A : 4EB9 00C1 C46C      	jsr     SaveSettings
(2)  211/  C1B350 : 41F9 00C1 B12C      	lea     FixStrDisabled,a0
(2)  212/  C1B356 : 1039 0011 C190      	move.b  SettingSFX,d0
(2)  213/  C1B35C : 0200 0001           	andi.b  #1,d0
(2)  214/  C1B360 : 6706                	beq     .disabledc
(2)  215/  C1B362 : 41F9 00C1 B123      	lea     FixStrEnabled,a0
(2)  216/  C1B368 :                     .disabledc:
(2)  217/  C1B368 : 303C 7334           	move.w  #FIXMAP+20+(25*32),d0
(2)  218/  C1B36C : 4EB9 00C1 E528      	jsr     WriteFix
(2)  219/  C1B372 : 08B9 0006 0010 D003 	bclr.b  #6,RefreshFlags
(2)  220/  C1B37A :                     .norefresh_sfx:
(2)  221/  C1B37A :                     
(2)  222/  C1B37A : 0839 0007 0010 D003 	btst.b  #7,RefreshFlags
(2)  223/  C1B382 : 6752                	beq     .norefresh_anim
(2)  224/  C1B384 :                     	; Refresh boot anim setting
(2)  225/  C1B384 : 4EB9 00C1 C46C      	jsr     SaveSettings
(2)  226/  C1B38A : 41F9 00C1 B135      	lea     FixStrNew,a0
(2)  227/  C1B390 : 1039 0011 C191      	move.b  SettingBootAnim,d0
(2)  228/  C1B396 : 0200 0001           	andi.b  #1,d0
(2)  229/  C1B39A : 6706                	beq     .new
(2)  230/  C1B39C : 41F9 00C1 B139      	lea     FixStrOld,a0
(2)  231/  C1B3A2 :                     .new:
(2)  232/  C1B3A2 : 303C 73B5           	move.w  #FIXMAP+21+(29*32),d0
(2)  233/  C1B3A6 : 4EB9 00C1 E528      	jsr     WriteFix
(2)  234/  C1B3AC :                     	; Refresh loading anim setting
(2)  235/  C1B3AC : 41F9 00C1 B13D      	lea     FixStrFast,a0
(2)  236/  C1B3B2 : 1039 0011 C192      	move.b  SettingLoadAnim,d0
(2)  237/  C1B3B8 : 0200 0001           	andi.b  #1,d0
(2)  238/  C1B3BC : 6706                	beq     .fast
(2)  239/  C1B3BE : 41F9 00C1 B142      	lea     FixStrSlow,a0
(2)  240/  C1B3C4 :                     .fast:
(2)  241/  C1B3C4 : 303C 73B6           	move.w  #FIXMAP+22+(29*32),d0
(2)  242/  C1B3C8 : 4EB9 00C1 E528      	jsr     WriteFix
(2)  243/  C1B3CE : 08B9 0007 0010 D003 	bclr.b  #7,RefreshFlags
(2)  244/  C1B3D6 :                     .norefresh_anim:
 AS V1.42 Beta [Bld 311] - Source File main.asm(ui_settings.asm) - Page 72 - 9/11/2026 13:29:43


(2)  245/  C1B3D6 :                     
(2)  246/  C1B3D6 :                         ; The B button MUST be handled before L/R to make sure the settings values were
(2)  247/  C1B3D6 :                         ; sanitized by the update procedures above before saving them and exiting !
(2)  248/  C1B3D6 : (MACRO)[38]         	TESTCHANGE CNT_B
(2)  248/  C1B3D6 : 1039 0010 FD97          move.b  BIOS_P1CHANGE,d0
(2)  248/  C1B3DC : 8039 0010 FD9D          or.b    BIOS_P2CHANGE,d0
(2)  248/  C1B3E2 : 0200 0020               andi.b  #(2^CNT_B),d0
(2)  249/  C1B3E6 : 6736                    beq     no_b
(2)  250/  C1B3E8 :                         ; Show warning about Brazil region if needed, or just exit
(2)  251/  C1B3E8 : 0C39 0003 0010 D014     cmp.b   #3,UITemp
(2)  252/  C1B3F0 : 671C                    beq     ExitSettings        ; Brazil was already selected, no need to warn user
(2)  253/  C1B3F2 : 0C39 0003 0011 C18C     cmp.b   #3,SettingCountry
(2)  254/  C1B3FA : 6612                    bne     ExitSettings        ; Brazil isn't currently selected, no need to warn user
(2)  255/  C1B3FC : 41F9 00C1 F2C6          lea     FixStrBrazilWarning,a0
(2)  256/  C1B402 : 43F9 00C1 B40E          lea     ExitSettings,a1
(2)  257/  C1B408 : 4EF9 00C1 9742          jmp     MessageBoxCustom
(2)  258/  C1B40E :                     ExitSettings:
(2)  259/  C1B40E : 103C 0045               move.b  #SFX_EXIT,d0
(2)  260/  C1B412 : 4EB9 00C1 9568          jsr     PlaySFX
(2)  261/  C1B418 : 4EF9 00C1 A8E0          jmp     SetupMenu
(2)  262/  C1B41E :                     no_b:
(2)  263/  C1B41E :                     
(2)  264/  C1B41E :                     	; Handle input to move item cursor
(2)  265/  C1B41E : (MACRO)[39]         	TESTREPEAT CNT_UP
(2)  265/  C1B41E : 1039 0010 FD98          move.b  BIOS_P1REPEAT,d0
(2)  265/  C1B424 : 8039 0010 FD9E          or.b    BIOS_P2REPEAT,d0
(2)  265/  C1B42A : 0200 0001               andi.b  #(2^CNT_UP),d0
(2)  266/  C1B42E : 6722                    beq     .no_up
(2)  267/  C1B430 : 4A39 0010 D000          tst.b   FileCursor
(2)  268/  C1B436 : 671A                    beq     .no_up
(2)  269/  C1B438 :                         ; Move cursor
(2)  270/  C1B438 : 103C 0041               move.b  #SFX_MOVE,d0
(2)  271/  C1B43C : 4EB9 00C1 9568          jsr     PlaySFX
(2)  272/  C1B442 : 5339 0010 D000          subq.b  #1,FileCursor
(2)  273/  C1B448 : 08F9 0002 0010 D003 	bset.b  #2,RefreshFlags
(2)  274/  C1B450 : 4E71                    bra     .no_up
(2)  275/  C1B452 :                     .no_up:
(2)  276/  C1B452 :                     
(2)  277/  C1B452 : (MACRO)[40]         	TESTREPEAT CNT_DOWN
(2)  277/  C1B452 : 1039 0010 FD98          move.b  BIOS_P1REPEAT,d0
(2)  277/  C1B458 : 8039 0010 FD9E          or.b    BIOS_P2REPEAT,d0
(2)  277/  C1B45E : 0200 0002               andi.b  #(2^CNT_DOWN),d0
(2)  278/  C1B462 : 6726                    beq     .no_down
(2)  279/  C1B464 : 1039 0010 D000          move.b  FileCursor,d0
(2)  280/  C1B46A : 5200                    addq.b  #1,d0
(2)  281/  C1B46C : B03C 000B               cmp.b   #11,d0              ; Last item
(2)  282/  C1B470 : 6718                    beq     .no_down
(2)  283/  C1B472 :                         ; Move cursor
(2)  284/  C1B472 : 13C0 0010 D000          move.b  d0,FileCursor
(2)  285/  C1B478 : 103C 0041               move.b  #SFX_MOVE,d0
(2)  286/  C1B47C : 4EB9 00C1 9568          jsr     PlaySFX
(2)  287/  C1B482 : 08F9 0002 0010 D003 	bset.b  #2,RefreshFlags
(2)  288/  C1B48A :                     .no_down:
(2)  289/  C1B48A :                     
(2)  290/  C1B48A : (MACRO)[41]         	TESTCHANGE CNT_LEFT
(2)  290/  C1B48A : 1039 0010 FD97          move.b  BIOS_P1CHANGE,d0
(2)  290/  C1B490 : 8039 0010 FD9D          or.b    BIOS_P2CHANGE,d0
(2)  290/  C1B496 : 0200 0004               andi.b  #(2^CNT_LEFT),d0
(2)  291/  C1B49A : 6708                    beq     .no_left
(2)  292/  C1B49C :                         ; Call Left proc
 AS V1.42 Beta [Bld 311] - Source File main.asm(ui_settings.asm) - Page 73 - 9/11/2026 13:29:43


(2)  293/  C1B49C : 7000                    moveq.l #0,d0
(2)  294/  C1B49E : 4EB9 00C1 B5B6          jsr     CallNavProc
(2)  295/  C1B4A4 :                     .no_left:
(2)  296/  C1B4A4 :                     
(2)  297/  C1B4A4 : (MACRO)[42]         	TESTCHANGE CNT_RIGHT
(2)  297/  C1B4A4 : 1039 0010 FD97          move.b  BIOS_P1CHANGE,d0
(2)  297/  C1B4AA : 8039 0010 FD9D          or.b    BIOS_P2CHANGE,d0
(2)  297/  C1B4B0 : 0200 0008               andi.b  #(2^CNT_RIGHT),d0
(2)  298/  C1B4B4 : 6708                    beq     .no_right
(2)  299/  C1B4B6 :                         ; Call Right proc
(2)  300/  C1B4B6 : 7001                    moveq.l #1,d0
(2)  301/  C1B4B8 : 4EB9 00C1 B5B6          jsr     CallNavProc
(2)  302/  C1B4BE :                     .no_right:
(2)  303/  C1B4BE :                     
(2)  304/  C1B4BE : (MACRO)[43]         	TESTCHANGE CNT_A
(2)  304/  C1B4BE : 1039 0010 FD97          move.b  BIOS_P1CHANGE,d0
(2)  304/  C1B4C4 : 8039 0010 FD9D          or.b    BIOS_P2CHANGE,d0
(2)  304/  C1B4CA : 0200 0010               andi.b  #(2^CNT_A),d0
(2)  305/  C1B4CE : 6708                    beq     .no_a
(2)  306/  C1B4D0 :                         ; Call A proc
(2)  307/  C1B4D0 : 7002                    moveq.l #2,d0
(2)  308/  C1B4D2 : 4EB9 00C1 B5B6          jsr     CallNavProc
(2)  309/  C1B4D8 :                     .no_a:
(2)  310/  C1B4D8 :                     
(2)  311/  C1B4D8 : 4E75                	rts
(2)  312/  C1B4DA :                     
(2)  313/  C1B4DA :                     CountryList:
(2)  314/  C1B4DA : 00C1 F2AA               dc.l FixStrJAPAN
(2)  315/  C1B4DE : 00C1 F2B1               dc.l FixStrUSA
(2)  316/  C1B4E2 : 00C1 F2B8               dc.l FixStrEUROPE
(2)  317/  C1B4E6 : 00C1 F2BF               dc.l FixStrBRAZIL
(2)  318/  C1B4EA :                     
(2)  319/  C1B4EA :                     ColorList:
(2)  320/  C1B4EA : 00C1 F272               dc.l FixStrRED
(2)  321/  C1B4EE : 00C1 F282               dc.l FixStrGREEN
(2)  322/  C1B4F2 : 00C1 F27A               dc.l FixStrYELLOW
(2)  323/  C1B4F6 : 00C1 F292               dc.l FixStrBLUE
(2)  324/  C1B4FA : 00C1 F29A               dc.l FixStrMAGENTA
(2)  325/  C1B4FE : 00C1 F28A               dc.l FixStrCYAN
(2)  326/  C1B502 : 00C1 F2A2               dc.l FixStrWHITE
(2)  327/  C1B506 :                     
(2)  328/  C1B506 :                         
(2)  329/  C1B506 :                     ; Navigation table
(2)  330/  C1B506 :                     ; Cursor Y position (word), parameter for procs (word), Left proc (ptr), Right proc (ptr), A proc (ptr)
(2)  331/  C1B506 :                     SettingsNavTable:
(2)  332/  C1B506 : 0000 0000               dc.w 0, 0
(2)  333/  C1B50A : 00C1 B5E6 00C1 B600     dc.l NavProcCountryL, NavProcCountryR, NavProcNull
           C1B512 : 00C1 B5E4         
(2)  334/  C1B516 : 0001 0000               dc.w 1, 0
(2)  335/  C1B51A : 00C1 B5E4 00C1 B5E4     dc.l NavProcNull, NavProcNull, NavProcRstCountry
           C1B522 : 00C1 B61A         
(2)  336/  C1B526 : 0003 0000               dc.w 3, 0
(2)  337/  C1B52A : 00C1 B66C 00C1 B686     dc.l NavProcDDIPL, NavProcDDIPR, NavProcDDIPA
           C1B532 : 00C1 B6A0         
(2)  338/  C1B536 : 0004 0001               dc.w 4, 1
(2)  339/  C1B53A : 00C1 B66C 00C1 B686     dc.l NavProcDDIPL, NavProcDDIPR, NavProcDDIPA
           C1B542 : 00C1 B6A0         
(2)  340/  C1B546 : 0005 0000               dc.w 5, 0
(2)  341/  C1B54A : 00C1 B6CC 00C1 B6CC     dc.l NavProcDevModeLR, NavProcDevModeLR, NavProcNull
           C1B552 : 00C1 B5E4         
 AS V1.42 Beta [Bld 311] - Source File main.asm(ui_settings.asm) - Page 74 - 9/11/2026 13:29:43


(2)  342/  C1B556 : 0007 0000               dc.w 7, 0
(2)  343/  C1B55A : 00C1 B6F8 00C1 B72A     dc.l NavProcLEDL, NavProcLEDR, NavProcNull
           C1B562 : 00C1 B5E4         
(2)  344/  C1B566 : 0008 0001               dc.w 8, 1
(2)  345/  C1B56A : 00C1 B6F8 00C1 B72A     dc.l NavProcLEDL, NavProcLEDR, NavProcNull
           C1B572 : 00C1 B5E4         
(2)  346/  C1B576 : 0009 0000               dc.w 9, 0
(2)  347/  C1B57A : 00C1 B634 00C1 B634     dc.l NavProcSSaverLR, NavProcSSaverLR, NavProcNull
           C1B582 : 00C1 B5E4         
(2)  348/  C1B586 : 000A 0000               dc.w 10, 0
(2)  349/  C1B58A : 00C1 B650 00C1 B650     dc.l NavProcSFXLR, NavProcSFXLR, NavProcNull
           C1B592 : 00C1 B5E4         
(2)  350/  C1B596 : 000B 0000               dc.w 11, 0
(2)  351/  C1B59A : 00C1 B75E 00C1 B75E     dc.l NavProcAnimLR, NavProcAnimLR, NavProcNull
           C1B5A2 : 00C1 B5E4         
(2)  352/  C1B5A6 : 000C 0000               dc.w 12, 0
(2)  353/  C1B5AA : 00C1 B77A 00C1 B77A     dc.l NavProcLoadLR, NavProcLoadLR, NavProcNull
           C1B5B2 : 00C1 B5E4         
(2)  354/  C1B5B6 :                     
(2)  355/  C1B5B6 :                     ; d0:Proc event: 0=Left, 1=Right, 2=A
(2)  356/  C1B5B6 :                     CallNavProc:
(2)  357/  C1B5B6 : 7200                    moveq.l #0,d1
(2)  358/  C1B5B8 : 1239 0010 D000          move.b  FileCursor,d1
(2)  359/  C1B5BE : E949                    lsl.w   #4,d1   ; A SettingsNavTable entry is 16 bytes
(2)  360/  C1B5C0 : 5240                    addq.w  #1,d0   ; Skip first 2 words
(2)  361/  C1B5C2 : E548                    lsl.w   #2,d0   ; Addressing longs
(2)  362/  C1B5C4 : D041                    add.w   d1,d0
(2)  363/  C1B5C6 : 41F9 00C1 B506          lea     SettingsNavTable,a0
(2)  364/  C1B5CC : 2270 0000               move.l  0(a0,d0),a1     ; Get Proc pointer
(2)  365/  C1B5D0 : 3030 1002               move.w  2(a0,d1),d0     ; Get Proc parameter word
(2)  366/  C1B5D4 : 4ED1                    jmp     (a1)
(2)  367/  C1B5D6 :                         
(2)  368/  C1B5D6 :                     ; d0:Entry number
(2)  369/  C1B5D6 :                     GetNavYPos:
(2)  370/  C1B5D6 : E948                    lsl.w   #4,d0   ; A SettingsNavTable entry is 16 bytes
(2)  371/  C1B5D8 : 41F9 00C1 B506          lea     SettingsNavTable,a0
(2)  372/  C1B5DE : 3030 0000               move.w  0(a0,d0),d0
(2)  373/  C1B5E2 : 4E75                    rts
(2)  374/  C1B5E4 :                     
(2)  375/  C1B5E4 :                     NavProcNull:
(2)  376/  C1B5E4 : 4E75                    rts
(2)  377/  C1B5E6 :                     
(2)  378/  C1B5E6 :                     NavProcCountryL:
(2)  379/  C1B5E6 :                         ; Previous country
(2)  380/  C1B5E6 : 103C 0041               move.b  #SFX_MOVE,d0
(2)  381/  C1B5EA : 4EB9 00C1 9568          jsr     PlaySFX
(2)  382/  C1B5F0 : 5339 0011 C18C          subq.b  #1,SettingCountry
(2)  383/  C1B5F6 : 08F9 0001 0010 D003 	bset.b  #1,RefreshFlags
(2)  384/  C1B5FE : 4E75                	rts
(2)  385/  C1B600 :                     
(2)  386/  C1B600 :                     NavProcCountryR:
(2)  387/  C1B600 :                         ; Next country
(2)  388/  C1B600 : 103C 0041               move.b  #SFX_MOVE,d0
(2)  389/  C1B604 : 4EB9 00C1 9568          jsr     PlaySFX
(2)  390/  C1B60A : 5239 0011 C18C          addq.b  #1,SettingCountry
(2)  391/  C1B610 : 08F9 0001 0010 D003 	bset.b  #1,RefreshFlags
(2)  392/  C1B618 : 4E75                	rts
(2)  393/  C1B61A :                     
(2)  394/  C1B61A :                     NavProcRstCountry:
(2)  395/  C1B61A :                         ; Reset country
 AS V1.42 Beta [Bld 311] - Source File main.asm(ui_settings.asm) - Page 75 - 9/11/2026 13:29:43


(2)  396/  C1B61A : 103C 0044               move.b  #SFX_VAL,d0
(2)  397/  C1B61E : 4EB9 00C1 9568          jsr     PlaySFX
(2)  398/  C1B624 : 4EB9 00C1 917A          jsr     ResetCountry
(2)  399/  C1B62A : 08F9 0001 0010 D003 	bset.b  #1,RefreshFlags
(2)  400/  C1B632 : 4E75                	rts
(2)  401/  C1B634 :                     
(2)  402/  C1B634 :                     NavProcSSaverLR:
(2)  403/  C1B634 :                         ; Toggle screen saver on/off
(2)  404/  C1B634 : 103C 0041               move.b  #SFX_MOVE,d0
(2)  405/  C1B638 : 4EB9 00C1 9568          jsr     PlaySFX
(2)  406/  C1B63E : 0A39 0001 0011 C18D     eori.b  #1,SettingSSaver
(2)  407/  C1B646 : 08F9 0004 0010 D003 	bset.b  #4,RefreshFlags
(2)  408/  C1B64E : 4E75                	rts
(2)  409/  C1B650 :                     
(2)  410/  C1B650 :                     NavProcSFXLR:
(2)  411/  C1B650 :                         ; Toggle sound effects on/off
(2)  412/  C1B650 : 103C 0041               move.b  #SFX_MOVE,d0
(2)  413/  C1B654 : 4EB9 00C1 9568          jsr     PlaySFX
(2)  414/  C1B65A : 0A39 0001 0011 C190     eori.b  #1,SettingSFX
(2)  415/  C1B662 : 08F9 0006 0010 D003 	bset.b  #6,RefreshFlags
(2)  416/  C1B66A : 4E75                	rts
(2)  417/  C1B66C :                     
(2)  418/  C1B66C :                     NavProcDDIPL:
(2)  419/  C1B66C :                         ; Previous debug DIP bit
(2)  420/  C1B66C : 103C 0041               move.b  #SFX_MOVE,d0
(2)  421/  C1B670 : 4EB9 00C1 9568          jsr     PlaySFX
(2)  422/  C1B676 : 5339 0010 D007          subq.b  #1,LetterCursor
(2)  423/  C1B67C : 08F9 0000 0010 D003 	bset.b  #0,RefreshFlags
(2)  424/  C1B684 : 4E75                	rts
(2)  425/  C1B686 :                     
(2)  426/  C1B686 :                     NavProcDDIPR:
(2)  427/  C1B686 :                         ; Next debug DIP bit
(2)  428/  C1B686 : 103C 0041               move.b  #SFX_MOVE,d0
(2)  429/  C1B68A : 4EB9 00C1 9568          jsr     PlaySFX
(2)  430/  C1B690 : 5239 0010 D007          addq.b  #1,LetterCursor
(2)  431/  C1B696 : 08F9 0000 0010 D003 	bset.b  #0,RefreshFlags
(2)  432/  C1B69E : 4E75                	rts
(2)  433/  C1B6A0 :                     
(2)  434/  C1B6A0 :                     NavProcDDIPA:
(2)  435/  C1B6A0 :                         ; Toggle debug DIP bit
(2)  436/  C1B6A0 : 41F9 0010 D017          lea     DebugDIP1,a0
(2)  437/  C1B6A6 : 4A00                    tst.b   d0
(2)  438/  C1B6A8 : 6706                    beq     .dip1
(2)  439/  C1B6AA : 41F9 0010 D018          lea     DebugDIP2,a0
(2)  440/  C1B6B0 :                     .dip1:
(2)  441/  C1B6B0 : 7000                    moveq.l #0,d0
(2)  442/  C1B6B2 : 1039 0010 D007          move.b  LetterCursor,d0
(2)  443/  C1B6B8 : 0200 0007               andi.b  #7,d0
> > > ui_settings.asm(444):13: warning: implicit sign extension
(2)  444/  C1B6BC : 7280                    moveq.l #$80,d1
(2)  445/  C1B6BE : E029                    lsr.b   d0,d1
(2)  446/  C1B6C0 : B310                    eor.b   d1,(a0)
(2)  447/  C1B6C2 : 08F9 0000 0010 D003 	bset.b  #0,RefreshFlags
(2)  448/  C1B6CA : 4E75                	rts
(2)  449/  C1B6CC :                     
(2)  450/  C1B6CC :                     NavProcDevModeLR:
(2)  451/  C1B6CC :                         ; Toggle developer mode on/off
(2)  452/  C1B6CC : 103C 0041               move.b  #SFX_MOVE,d0
(2)  453/  C1B6D0 : 4EB9 00C1 9568          jsr     PlaySFX
(2)  454/  C1B6D6 : 4A39 0010 FE80          tst.b   BIOS_DEVMODE   ; BIOS_DEVMODE is not guaranteed to be always equal to 00 or FF
 AS V1.42 Beta [Bld 311] - Source File main.asm(ui_settings.asm) - Page 76 - 9/11/2026 13:29:43


(2)  455/  C1B6DC : 6708                    beq     .nodevmode     ; Toggle and fix value if needed at the same time
(2)  456/  C1B6DE : 13FC 00FF 0010 FE80     move.b  #$FF,BIOS_DEVMODE
(2)  457/  C1B6E6 :                     .nodevmode:
(2)  458/  C1B6E6 : 0A39 00FF 0010 FE80     eori.b  #$FF,BIOS_DEVMODE
(2)  459/  C1B6EE : 08F9 0003 0010 D003 	bset.b  #3,RefreshFlags
(2)  460/  C1B6F6 : 4E75                	rts
(2)  461/  C1B6F8 :                     
(2)  462/  C1B6F8 :                     NavProcLEDL:
(2)  463/  C1B6F8 :                         ; Previous color
(2)  464/  C1B6F8 : 41F9 0011 C18E          lea     SettingLEDIdle,a0
(2)  465/  C1B6FE : 4A00                    tst.b   d0
(2)  466/  C1B700 : 6706                    beq     .ledidle
(2)  467/  C1B702 : 41F9 0011 C18F          lea     SettingLEDLoad,a0
(2)  468/  C1B708 :                     .ledidle:
(2)  469/  C1B708 : 1010                    move.b  (a0),d0
(2)  470/  C1B70A : 4A00                    tst.b   d0
(2)  471/  C1B70C : 6604                    bne     .subok
(2)  472/  C1B70E : 103C 0007               move.b  #6+1,d0
(2)  473/  C1B712 :                     .subok:
(2)  474/  C1B712 : 5300                    subq.b  #1,d0
(2)  475/  C1B714 : 1080                    move.b  d0,(a0)
(2)  476/  C1B716 : 103C 0041               move.b  #SFX_MOVE,d0
(2)  477/  C1B71A : 4EB9 00C1 9568          jsr     PlaySFX
(2)  478/  C1B720 : 08F9 0005 0010 D003 	bset.b  #5,RefreshFlags
(2)  479/  C1B728 : 4E75                	rts
(2)  480/  C1B72A :                     
(2)  481/  C1B72A :                     NavProcLEDR:
(2)  482/  C1B72A :                         ; Next color
(2)  483/  C1B72A : 41F9 0011 C18E          lea     SettingLEDIdle,a0
(2)  484/  C1B730 : 4A00                    tst.b   d0
(2)  485/  C1B732 : 6706                    beq     .ledidle
(2)  486/  C1B734 : 41F9 0011 C18F          lea     SettingLEDLoad,a0
(2)  487/  C1B73A :                     .ledidle:
(2)  488/  C1B73A : 1010                    move.b  (a0),d0
(2)  489/  C1B73C : B03C 0006               cmp.b   #6,d0
(2)  490/  C1B740 : 6604                    bne     .addok
(2)  491/  C1B742 : 103C 00FF               move.b  #0-1,d0
(2)  492/  C1B746 :                     .addok:
(2)  493/  C1B746 : 5200                    addq.b  #1,d0
(2)  494/  C1B748 : 1080                    move.b  d0,(a0)
(2)  495/  C1B74A : 103C 0041               move.b  #SFX_MOVE,d0
(2)  496/  C1B74E : 4EB9 00C1 9568          jsr     PlaySFX
(2)  497/  C1B754 : 08F9 0005 0010 D003 	bset.b  #5,RefreshFlags
(2)  498/  C1B75C : 4E75                	rts
(2)  499/  C1B75E :                     
(2)  500/  C1B75E :                     NavProcAnimLR:
(2)  501/  C1B75E :                         ; Choose between old or new boot animation
(2)  502/  C1B75E : 103C 0041               move.b  #SFX_MOVE,d0
(2)  503/  C1B762 : 4EB9 00C1 9568          jsr     PlaySFX
(2)  504/  C1B768 : 0A39 0001 0011 C191     eori.b  #1,SettingBootAnim
(2)  505/  C1B770 : 08F9 0007 0010 D003 	bset.b  #7,RefreshFlags
(2)  506/  C1B778 : 4E75                	rts
(2)  507/  C1B77A :                     
(2)  508/  C1B77A :                     NavProcLoadLR:
(2)  509/  C1B77A :                         ; Choose between slowed down or normal loading animations
(2)  510/  C1B77A : 103C 0041               move.b  #SFX_MOVE,d0
(2)  511/  C1B77E : 4EB9 00C1 9568          jsr     PlaySFX
(2)  512/  C1B784 : 0A39 0001 0011 C192     eori.b  #1,SettingLoadAnim
(2)  513/  C1B78C : 08F9 0007 0010 D003 	bset.b  #7,RefreshFlags
(2)  514/  C1B794 : 4E75                	rts
 AS V1.42 Beta [Bld 311] - Source File main.asm(ui_settings.asm) - Page 77 - 9/11/2026 13:29:43


(2)  515/  C1B796 :                     
(1)  257/  C1B796 :                     	INCLUDE "ui_debug.asm"
(2)    1/  C1B796 :                     ; Copyright (C) 2020 Sean Gonsalves
(2)    2/  C1B796 :                     ;
(2)    3/  C1B796 :                     ; This file is part of Neo CD SD Loader.
(2)    4/  C1B796 :                     ;
(2)    5/  C1B796 :                     ; This program is free software; you can redistribute it and/or modify
(2)    6/  C1B796 :                     ; it under the terms of the GNU General Public License as published by
(2)    7/  C1B796 :                     ; the Free Software Foundation; either version 2, or (at your option)
(2)    8/  C1B796 :                     ; any later version.
(2)    9/  C1B796 :                     ;
(2)   10/  C1B796 :                     ; This program is distributed in the hope that it will be useful,
(2)   11/  C1B796 :                     ; but WITHOUT ANY WARRANTY; without even the implied warranty of
(2)   12/  C1B796 :                     ; MERCHANTABILITY or FITNESS FOR A PARTICULAR PURPOSE.  See the
(2)   13/  C1B796 :                     ; GNU General Public License for more details.
(2)   14/  C1B796 :                     ;
(2)   15/  C1B796 :                     ; You should have received a copy of the GNU General Public License
(2)   16/  C1B796 :                     ; along with this program; see the file COPYING.  If not, write to
(2)   17/  C1B796 :                     ; the Free Software Foundation, Inc., 51 Franklin Street,
(2)   18/  C1B796 :                     ; Boston, MA 02110-1301, USA.
(2)   19/  C1B796 :                     
(2)   20/  C1B796 : =>UNDEFINED             IFDEF LOADTEST
(2)   21/  C1B796 :                     SetupDebugLoading:
(2)   22/  C1B796 :                         ; Setup loading test
(2)   23/  C1B796 :                         move.w  #SCREEN_IDLE,CurrentScreen
(2)   24/  C1B796 :                     
(2)   25/  C1B796 :                         jsr     ClearFix
(2)   26/  C1B796 :                     
(2)   27/  C1B796 :                     	move.w  #$0500,FixWriteConfig	; Bank 5 has menu font
(2)   28/  C1B796 :                     
(2)   29/  C1B796 :                     	move.l  #0,DBGTotal         ; Total 512kB loading runs
(2)   30/  C1B796 :                     	move.l  #0,DBGPass          ; Valid loading runs
(2)   31/  C1B796 :                     	move.l  #0,DBGWrong         ; Failed loading runs
(2)   32/  C1B796 :                     	move.l  #0,DBGLast          ; Address of last error (difference) found
(2)   33/  C1B796 :                     
(2)   34/  C1B796 :                         ; Select test data file (reserved index #200)
(2)   35/  C1B796 :                         moveq.b #200,MCUCmdParams   ; ii 00 00 00
(2)   36/  C1B796 :                         MCUCMD  MCU_CMD_SELECTGAME
(2)   37/  C1B796 :                         bcc     .notimeout
(2)   38/  C1B796 :                         jsr     DispErrorTimeout    ; Timeout during file selection
(2)   39/  C1B796 :                         rts
(2)   40/  C1B796 :                     .notimeout:
(2)   41/  C1B796 :                         ; Read 4 words from the MCU (see doc)
(2)   42/  C1B796 :                         jsr     MCURead4Words
(2)   43/  C1B796 :                         jsr     CheckACK
(2)   44/  C1B796 :                         bcc     .cmdok
(2)   45/  C1B796 :                         rts
(2)   46/  C1B796 :                     .cmdok:
(2)   47/  C1B796 :                     
(2)   48/  C1B796 :                         move.w  #SCREEN_DEBUGLOAD,CurrentScreen
(2)   49/  C1B796 :                     	rts
(2)   50/  C1B796 :                     	
(2)   51/  C1B796 :                     VBLProcDebugLoading:
(2)   52/  C1B796 :                         ; Just refresh counters
(2)   53/  C1B796 :                     	lea     FixValueList,a0
(2)   54/  C1B796 :                     	move.l  DBGTotal,(a0)+
(2)   55/  C1B796 :                     	move.l  DBGPass,(a0)+
(2)   56/  C1B796 :                     	move.l  DBGWrong,(a0)+
(2)   57/  C1B796 :                     	move.l  DBGLast,(a0)+
(2)   58/  C1B796 :                         lea     FixStrDebugLoad,a0
 AS V1.42 Beta [Bld 311] - Source File main.asm(ui_debug.asm) - Page 78 - 9/11/2026 13:29:43


(2)   59/  C1B796 :                     	move.w  #FIXMAP+12+(8*32),d0
(2)   60/  C1B796 :                     	jsr     WriteFix
(2)   61/  C1B796 :                     
(2)   62/  C1B796 :                         ; Erase 512kB DRAM
(2)   63/  C1B796 :                         moveq.l #0,d0
(2)   64/  C1B796 :                     	lea     $180000,a0
(2)   65/  C1B796 :                     	move.w  #$8000,d7
(2)   66/  C1B796 :                     .erase:
(2)   67/  C1B796 :                         move.l  d0,(a0)+
(2)   68/  C1B796 :                         move.l  d0,(a0)+
(2)   69/  C1B796 :                         move.l  d0,(a0)+
(2)   70/  C1B796 :                         move.l  d0,(a0)+
(2)   71/  C1B796 :                         subq.w  #1,d7
(2)   72/  C1B796 :                         bne     .erase
(2)   73/  C1B796 :                     
(2)   74/  C1B796 :                     	move.l  #$180000,$10FEF4    ; SectorLoadDest
(2)   75/  C1B796 :                     	move.l  #$111204,$10FEF8	; "CDSectorBuffer" -> SectorLoadBuffer
(2)   76/  C1B796 :                         move.l  #2048,$10FEFC       ; SectorLoadSize
(2)   77/  C1B796 :                         move.l  #$00020000,MSFCounter       ; Start MSF (2 seconds = LBA 0)
(2)   78/  C1B796 :                         move.w  #256,CDSectorCount  ; 512kB / 2048B = 256 sectors
(2)   79/  C1B796 :                     .loadsectors:
(2)   80/  C1B796 :                     	jsr     LoadCDSectorFromSD
(2)   81/  C1B796 :                     	; Copy sector to DRAM
(2)   82/  C1B796 :                     	moveq.l #0,d0
(2)   83/  C1B796 :                         jsr     RunDMADirect
(2)   84/  C1B796 :                         ; Inc destination pointer
(2)   85/  C1B796 :                         move.l  $10FEF4,d0          ; SectorLoadDest
(2)   86/  C1B796 :                         add.l   $10FEFC,d0          ; SectorLoadSize
(2)   87/  C1B796 :                         move.l  d0,$10FEF4          ; SectorLoadDest
(2)   88/  C1B796 :                     	tst.w   CDSectorCount
(2)   89/  C1B796 :                     	bne     .loadsectors
(2)   90/  C1B796 :                     	
(2)   91/  C1B796 :                     	; 512kB loaded, now test data validity
(2)   92/  C1B796 :                     	; See lfsrdatagen tool
(2)   93/  C1B796 :                     	move.l  #$3FFFFF,d3  ; lfsr
(2)   94/  C1B796 :                     	lea     $180000,a0
(2)   95/  C1B796 :                     	move.l  #$80000,d7
(2)   96/  C1B796 :                     .check:
(2)   97/  C1B796 :                         move.w  d3,d1
(2)   98/  C1B796 :                         lsr.w   #8,d1
(2)   99/  C1B796 :                         cmp.b   (a0)+,d1
(2)  100/  C1B796 :                         bne     .wrong
(2)  101/  C1B796 :                         move.l  d3,d1   ; FEDCBA9876543210 fedcba9876543210
(2)  102/  C1B796 :                         swap.l  d1      ; fedcba9876543210 FEDCBA9876543210
(2)  103/  C1B796 :                         lsr.w   #5,d1   ; fedcba9876543210 -----FEDCBA98765
(2)  104/  C1B796 :                         eor.w   d3,d1
(2)  105/  C1B796 :                         lsr.l   #1,d3
(2)  106/  C1B796 :                         lsr.w   #1,d1   ; LSB goes in carry
(2)  107/  C1B796 :                         bcc     .zero
(2)  108/  C1B796 :                         eori.l  #1<<21,d3
(2)  109/  C1B796 :                     .zero:
(2)  110/  C1B796 :                         subq.l  #1,d7
(2)  111/  C1B796 :                         bne     .check
(2)  112/  C1B796 :                     	addq.l  #1,DBGPass
(2)  113/  C1B796 :                     	bra     .done
(2)  114/  C1B796 :                     .wrong:
(2)  115/  C1B796 :                         move.l  a0,DBGLast
(2)  116/  C1B796 :                     	addq.l  #1,DBGWrong
(2)  117/  C1B796 :                     .done:
(2)  118/  C1B796 :                     	addq.l  #1,DBGTotal
 AS V1.42 Beta [Bld 311] - Source File main.asm(ui_debug.asm) - Page 79 - 9/11/2026 13:29:43


(2)  119/  C1B796 :                         rts
(2)  120/  C1B796 : [20]                    ENDIF
(2)  121/  C1B796 :                     
(2)  122/  C1B796 :                     
(2)  123/  C1B796 : =>UNDEFINED             IFDEF OLD_DEBUG_STUFF
(2)  124/  C1B796 :                     SetupDebugComm:
(2)  125/  C1B796 :                         ; Setup MCU comm test
(2)  126/  C1B796 :                         move.w  #SCREEN_COMMTEST,CurrentScreen
(2)  127/  C1B796 :                     
(2)  128/  C1B796 :                         jsr     ClearFix
(2)  129/  C1B796 :                     
(2)  130/  C1B796 :                     	move.w  #$0500,FixWriteConfig	; Bank 5 has menu font
(2)  131/  C1B796 :                     
(2)  132/  C1B796 :                     	move.l  #0,DBGTotal
(2)  133/  C1B796 :                     	move.l  #0,DBGPass
(2)  134/  C1B796 :                     	move.l  #0,DBGWrong
(2)  135/  C1B796 :                     	move.l  #0,DBGTimeout
(2)  136/  C1B796 :                     	rts
(2)  137/  C1B796 :                     
(2)  138/  C1B796 :                     SetupDebugSDInit:
(2)  139/  C1B796 :                     	move.w  #SCREEN_DEBUGSD,CurrentScreen
(2)  140/  C1B796 :                     
(2)  141/  C1B796 :                         jsr     ClearFix
(2)  142/  C1B796 :                     
(2)  143/  C1B796 :                     	move.w  #$0500,FixWriteConfig	; Bank 5 has menu font
(2)  144/  C1B796 :                     
(2)  145/  C1B796 :                         ; Tell MCU to init SD and get card type
(2)  146/  C1B796 :                         MCUCMD  MCU_CMD_INITSD
(2)  147/  C1B796 :                         bcc     .notimeout
(2)  148/  C1B796 :                         jsr     DispErrorTimeout
(2)  149/  C1B796 :                         rts
(2)  150/  C1B796 :                     .notimeout:
(2)  151/  C1B796 :                         ; Read 4 words from the MCU (see doc)
(2)  152/  C1B796 :                         jsr     MCURead4Words
(2)  153/  C1B796 :                         jsr     CheckACK
(2)  154/  C1B796 :                         bcs     .done
(2)  155/  C1B796 :                         ; Ok, show SD card type
(2)  156/  C1B796 :                         lea     FixStrSDV1,a0
(2)  157/  C1B796 :                     	move.b  MCUReplyBuffer+1,d0
(2)  158/  C1B796 :                     	cmp.b   #1,d0
(2)  159/  C1B796 :                     	beq     .sdv1
(2)  160/  C1B796 :                         lea     FixStrSDV2,a0
(2)  161/  C1B796 :                     .sdv1:
(2)  162/  C1B796 :                     	move.w  #FIXMAP+8+(4*32),d0
(2)  163/  C1B796 :                     	jsr     WriteFix
(2)  164/  C1B796 :                     .done:
(2)  165/  C1B796 :                         lea     FixStrBExit,a0
(2)  166/  C1B796 :                     	move.w  #FIXMAP+18+(4*32),d0
(2)  167/  C1B796 :                     	jsr     WriteFix
(2)  168/  C1B796 :                     	rts
(2)  169/  C1B796 :                     
(2)  170/  C1B796 :                     SetupDebugISOList:
(2)  171/  C1B796 :                     	move.w  #SCREEN_DEBUGISO,CurrentScreen
(2)  172/  C1B796 :                     
(2)  173/  C1B796 :                         jsr     ClearFix
(2)  174/  C1B796 :                     
(2)  175/  C1B796 :                     	move.w  #$0500,FixWriteConfig	; Bank 5 has menu font
(2)  176/  C1B796 :                     
(2)  177/  C1B796 :                         ; Tell MCU to get ISO files list
(2)  178/  C1B796 :                         MCUCMD  MCU_CMD_GETISOS
 AS V1.42 Beta [Bld 311] - Source File main.asm(ui_debug.asm) - Page 80 - 9/11/2026 13:29:43


(2)  179/  C1B796 :                         bcc     .notimeout
(2)  180/  C1B796 :                         jsr     DispErrorTimeout
(2)  181/  C1B796 :                         rts
(2)  182/  C1B796 :                     .notimeout:
(2)  183/  C1B796 :                         ; Read 4 words from the MCU (see doc)
(2)  184/  C1B796 :                         jsr     MCURead4Words
(2)  185/  C1B796 :                         jsr     CheckACK
(2)  186/  C1B796 :                         bcc     .cmdok
(2)  187/  C1B796 :                         rts
(2)  188/  C1B796 :                     .cmdok:
(2)  189/  C1B796 :                         ; Ok, get file count
(2)  190/  C1B796 :                     
(2)  191/  C1B796 :                         moveq.l #0,d0
(2)  192/  C1B796 :                         move.b  MCUReplyBuffer+1,d0
(2)  193/  C1B796 :                     	lea     FixValueList,a0
(2)  194/  C1B796 :                     	move.l  d0,(a0)+
(2)  195/  C1B796 :                         lea     FixStrFileCount,a0
(2)  196/  C1B796 :                     	move.w  #FIXMAP+8+(4*32),d0
(2)  197/  C1B796 :                     	jsr     WriteFix
(2)  198/  C1B796 :                     
(2)  199/  C1B796 :                         lea     FixStrISOLoad,a0
(2)  200/  C1B796 :                     	move.w  #FIXMAP+24+(4*32),d0
(2)  201/  C1B796 :                     	jsr     WriteFix
(2)  202/  C1B796 :                     	rts
(2)  203/  C1B796 :                     
(2)  204/  C1B796 :                     SetupROMDump:
(2)  205/  C1B796 :                     	move.w  #SCREEN_ROMDUMP,CurrentScreen
(2)  206/  C1B796 :                     
(2)  207/  C1B796 :                         jsr     ClearFix
(2)  208/  C1B796 :                     
(2)  209/  C1B796 :                     	move.w  #$0500,FixWriteConfig	; Bank 5 has menu font
(2)  210/  C1B796 :                     
(2)  211/  C1B796 :                         lea     FixStrROMDump,a0
(2)  212/  C1B796 :                     	move.w  #FIXMAP+12+(10*32),d0
(2)  213/  C1B796 :                     	jsr     WriteFix
(2)  214/  C1B796 :                     	rts
(2)  215/  C1B796 :                     	
(2)  216/  C1B796 :                     VBLProcROMDump:
(2)  217/  C1B796 :                         move.b  BIOS_P1CHANGE,d0
(2)  218/  C1B796 :                     	btst    #CNT_A,d0
(2)  219/  C1B796 :                         beq     .no_a
(2)  220/  C1B796 :                         ; Confirm
(2)  221/  C1B796 :                         ; Tell MCU to dump console system ROM
(2)  222/  C1B796 :                         MCUCMD  MCU_CMD_DUMPROM
(2)  223/  C1B796 :                         bcc     .notimeout
(2)  224/  C1B796 :                         jsr     DispError
(2)  225/  C1B796 :                         rts
(2)  226/  C1B796 :                     .notimeout:
(2)  227/  C1B796 :                         ; At this point, either an error is returned or a reset is fired
(2)  228/  C1B796 :                         ; Read 4 words from the MCU (see doc)
(2)  229/  C1B796 :                         jsr     MCURead4Words
(2)  230/  C1B796 :                         ; Check that command was processed ok
(2)  231/  C1B796 :                         move.b  MCUReplyBuffer,d0
(2)  232/  C1B796 :                         andi.b  #$F0,d0
(2)  233/  C1B796 :                         cmp.b   #$F0,d0
(2)  234/  C1B796 :                         beq     .cmdok
(2)  235/  C1B796 :                         ; Not ok, show error text and abort
(2)  236/  C1B796 :                         lea     FixStrCmdDumpNOK,a0
(2)  237/  C1B796 :                     	move.w  #FIXMAP+8+(4*32),d0
(2)  238/  C1B796 :                     	jsr     WriteFix
 AS V1.42 Beta [Bld 311] - Source File main.asm(ui_debug.asm) - Page 81 - 9/11/2026 13:29:43


(2)  239/  C1B796 :                     .cmdok:
(2)  240/  C1B796 :                         ; Ok
(2)  241/  C1B796 :                     .no_a:
(2)  242/  C1B796 :                     
(2)  243/  C1B796 :                         move.b  BIOS_P1CHANGE,d0
(2)  244/  C1B796 :                         btst    #CNT_B,d0
(2)  245/  C1B796 :                         beq     .no_b
(2)  246/  C1B796 :                         ; Cancel
(2)  247/  C1B796 :                         jsr     SetupMenu
(2)  248/  C1B796 :                     .no_b:
(2)  249/  C1B796 :                         rts
(2)  250/  C1B796 :                     
(2)  251/  C1B796 :                     
(2)  252/  C1B796 :                     VBLProcCommTest:
(2)  253/  C1B796 :                     	lea     FixValueList,a0
(2)  254/  C1B796 :                     	move.l  DBGTotal,(a0)+
(2)  255/  C1B796 :                     	move.l  DBGPass,(a0)+
(2)  256/  C1B796 :                     	move.l  DBGWrong,(a0)+
(2)  257/  C1B796 :                     	move.l  DBGTimeout,(a0)+
(2)  258/  C1B796 :                     	move.l  DBGLast,(a0)+
(2)  259/  C1B796 :                         lea     FixStrDebug,a0
(2)  260/  C1B796 :                     	move.w  #FIXMAP+8+(8*32),d0
(2)  261/  C1B796 :                     	jsr     WriteFix
(2)  262/  C1B796 :                     
(2)  263/  C1B796 :                         move.b  BIOS_P1CURRENT,d0
(2)  264/  C1B796 :                     	btst    #CNT_A,d0
(2)  265/  C1B796 :                         bne     .press_a
(2)  266/  C1B796 :                     
(2)  267/  C1B796 :                     	move.w  #MCU_CMD_TEST,CPLDREG_DATA
(2)  268/  C1B796 :                         jsr     MCUWaitAck
(2)  269/  C1B796 :                         tst.b   d0
(2)  270/  C1B796 :                         bne     .timeout
(2)  271/  C1B796 :                         move.l  DBGTotal,d4
(2)  272/  C1B796 :                     	move.w  d4,CPLDREG_DATA
(2)  273/  C1B796 :                         jsr     MCUWaitAck
(2)  274/  C1B796 :                         tst.b   d0
(2)  275/  C1B796 :                         bne     .timeout
(2)  276/  C1B796 :                         moveq.l #0,d4
(2)  277/  C1B796 :                     	move.w  d4,CPLDREG_DATA
(2)  278/  C1B796 :                         jsr     MCUWaitAck
(2)  279/  C1B796 :                         tst.b   d0
(2)  280/  C1B796 :                         bne     .timeout
(2)  281/  C1B796 :                     	move.w  d4,CPLDREG_DATA
(2)  282/  C1B796 :                         jsr     MCUWaitAck
(2)  283/  C1B796 :                         tst.b   d0
(2)  284/  C1B796 :                         bne     .timeout
(2)  285/  C1B796 :                     	move.w  d4,CPLDREG_DATA
(2)  286/  C1B796 :                         jsr     MCUWaitAck
(2)  287/  C1B796 :                         tst.b   d0
(2)  288/  C1B796 :                         bne     .timeout
(2)  289/  C1B796 :                     
(2)  290/  C1B796 :                     	move.w  d0,CPLDREG_EXEC
(2)  291/  C1B796 :                         jsr     MCUWaitExec
(2)  292/  C1B796 :                         tst.b   d0
(2)  293/  C1B796 :                         bne     .timeout
(2)  294/  C1B796 :                     
(2)  295/  C1B796 :                         move.w  CPLDREG_DATA,d1     ; Read what the MCU replied
(2)  296/  C1B796 :                         jsr     MCUWaitAck
(2)  297/  C1B796 :                         tst.b   d0
(2)  298/  C1B796 :                         bne     .timeout
 AS V1.42 Beta [Bld 311] - Source File main.asm(ui_debug.asm) - Page 82 - 9/11/2026 13:29:43


(2)  299/  C1B796 :                     
(2)  300/  C1B796 :                         move.l  d1,DBGLast
(2)  301/  C1B796 :                         move.l  DBGTotal,d0
(2)  302/  C1B796 :                         cmp.b   d0,d1               ; Check if it's the same byte we sent
(2)  303/  C1B796 :                         bne     .wrong
(2)  304/  C1B796 :                         addq.l  #1,DBGPass
(2)  305/  C1B796 :                         bra     .done
(2)  306/  C1B796 :                     .wrong:
(2)  307/  C1B796 :                         addq.l  #1,DBGWrong
(2)  308/  C1B796 :                         bra     .done
(2)  309/  C1B796 :                     .timeout:
(2)  310/  C1B796 :                         addq.l  #1,DBGTimeout
(2)  311/  C1B796 :                     .done:
(2)  312/  C1B796 :                         addq.l  #1,DBGTotal
(2)  313/  C1B796 :                     .press_a:
(2)  314/  C1B796 :                     
(2)  315/  C1B796 :                         move.b  BIOS_P1CHANGE,d0
(2)  316/  C1B796 :                     	btst    #CNT_B,d0
(2)  317/  C1B796 :                         beq     .no_b
(2)  318/  C1B796 :                         jsr     SetupMenu
(2)  319/  C1B796 :                     .no_b:
(2)  320/  C1B796 :                     
(2)  321/  C1B796 :                         rts
(2)  322/  C1B796 :                     
(2)  323/  C1B796 :                     
(2)  324/  C1B796 :                     VBLProcDebugBExit:
(2)  325/  C1B796 :                         move.b  BIOS_P1CHANGE,d0
(2)  326/  C1B796 :                     	btst    #CNT_B,d0
(2)  327/  C1B796 :                         beq     .no_b
(2)  328/  C1B796 :                         jsr     SetupMenu
(2)  329/  C1B796 :                     .no_b:
(2)  330/  C1B796 :                         rts
(2)  331/  C1B796 :                     
(2)  332/  C1B796 :                     VBLProcDebugISO:
(2)  333/  C1B796 :                         move.b  BIOS_P1CHANGE,d0
(2)  334/  C1B796 :                     	btst    #CNT_A,d0
(2)  335/  C1B796 :                         beq     .no_a
(2)  336/  C1B796 :                         move.b  #0,d0
(2)  337/  C1B796 :                         jsr     LoadISO
(2)  338/  C1B796 :                     .no_a:
(2)  339/  C1B796 :                     
(2)  340/  C1B796 :                         move.b  BIOS_P1CHANGE,d0
(2)  341/  C1B796 :                     	btst    #CNT_B,d0
(2)  342/  C1B796 :                         beq     .no_b
(2)  343/  C1B796 :                         jsr     SetupMenu
(2)  344/  C1B796 :                     .no_b:
(2)  345/  C1B796 :                     
(2)  346/  C1B796 :                     	btst   	#7,$10F6B9			; "GameStartState"
(2)  347/  C1B796 :                     	beq     .idle
(2)  348/  C1B796 :                     	IF TARGET==1
(2)  349/  C1B796 :                     	   ERROR ":("
(2)  350/  C1B796 :                         ELSE
(2)  351/  C1B796 :                     	jmp     StartGameCD
(2)  352/  C1B796 : [348]               	ENDIF
(2)  353/  C1B796 :                     .idle:
(2)  354/  C1B796 :                     
(2)  355/  C1B796 :                         rts
(2)  356/  C1B796 : [123]                   ENDIF
(2)  357/  C1B796 :                         
(1)  258/  C1B796 :                     	INCLUDE "ui_update.asm"
 AS V1.42 Beta [Bld 311] - Source File main.asm(ui_update.asm) - Page 83 - 9/11/2026 13:29:43


(2)    1/  C1B796 :                     ; Copyright (C) 2020 Sean Gonsalves
(2)    2/  C1B796 :                     ;
(2)    3/  C1B796 :                     ; This file is part of Neo CD SD Loader.
(2)    4/  C1B796 :                     ;
(2)    5/  C1B796 :                     ; This program is free software; you can redistribute it and/or modify
(2)    6/  C1B796 :                     ; it under the terms of the GNU General Public License as published by
(2)    7/  C1B796 :                     ; the Free Software Foundation; either version 2, or (at your option)
(2)    8/  C1B796 :                     ; any later version.
(2)    9/  C1B796 :                     ;
(2)   10/  C1B796 :                     ; This program is distributed in the hope that it will be useful,
(2)   11/  C1B796 :                     ; but WITHOUT ANY WARRANTY; without even the implied warranty of
(2)   12/  C1B796 :                     ; MERCHANTABILITY or FITNESS FOR A PARTICULAR PURPOSE.  See the
(2)   13/  C1B796 :                     ; GNU General Public License for more details.
(2)   14/  C1B796 :                     ;
(2)   15/  C1B796 :                     ; You should have received a copy of the GNU General Public License
(2)   16/  C1B796 :                     ; along with this program; see the file COPYING.  If not, write to
(2)   17/  C1B796 :                     ; the Free Software Foundation, Inc., 51 Franklin Street,
(2)   18/  C1B796 :                     ; Boston, MA 02110-1301, USA.
(2)   19/  C1B796 :                     
(2)   20/  C1B796 :                     DoUpdate:
(2)   21/  C1B796 : (MACRO)[44]             MCUCMD  MCU_CMD_UPDATE
(2)   21/  C1B796 : 163C 0003               move.b  #MCU_CMD_UPDATE,d3
(2)   21/  C1B79A : 4EB9 00C1 C996          jsr     MCUCommand
(2)   22/  C1B7A0 : 6406                    bcc     .notimeout
(2)   23/  C1B7A2 : 4EF9 00C1 98F2          jmp     DispErrorTimeout
(2)   24/  C1B7A8 :                     .notimeout:
(2)   25/  C1B7A8 :                         ; Console may be reset here
(2)   26/  C1B7A8 :                         ; Read 4 words from the MCU (see doc)
(2)   27/  C1B7A8 : 4EB9 00C1 CA9A          jsr     MCURead4Words
(2)   28/  C1B7AE : 1039 0011 C100          move.b  MCUReplyBuffer,d0
(2)   29/  C1B7B4 : 0200 00F0               andi.b  #$F0,d0
(2)   30/  C1B7B8 : B03C 00F0               cmp.b   #$F0,d0
(2)   31/  C1B7BC : 6716                    beq     .ok
(2)   32/  C1B7BE : 0C39 0001 0011 C101     cmp.b   #1,MCUReplyBuffer+1 ; File not found error code
(2)   33/  C1B7C6 : 660C                    bne     .ok
(2)   34/  C1B7C8 : 41F9 00C1 F429          lea     StrMsgBoxNoUpdate,a0
(2)   35/  C1B7CE : 4EB9 00C1 973E          jsr     MessageBox
(2)   36/  C1B7D4 :                     .ok:
(2)   37/  C1B7D4 : 4E75                    rts
(2)   38/  C1B7D6 :                     
(1)  259/  C1B7D6 :                     	INCLUDE "ui_about.asm"
(2)    1/  C1B7D6 :                     ; Copyright (C) 2020 Sean Gonsalves
(2)    2/  C1B7D6 :                     ;
(2)    3/  C1B7D6 :                     ; This file is part of Neo CD SD Loader.
(2)    4/  C1B7D6 :                     ;
(2)    5/  C1B7D6 :                     ; This program is free software; you can redistribute it and/or modify
(2)    6/  C1B7D6 :                     ; it under the terms of the GNU General Public License as published by
(2)    7/  C1B7D6 :                     ; the Free Software Foundation; either version 2, or (at your option)
(2)    8/  C1B7D6 :                     ; any later version.
(2)    9/  C1B7D6 :                     ;
(2)   10/  C1B7D6 :                     ; This program is distributed in the hope that it will be useful,
(2)   11/  C1B7D6 :                     ; but WITHOUT ANY WARRANTY; without even the implied warranty of
(2)   12/  C1B7D6 :                     ; MERCHANTABILITY or FITNESS FOR A PARTICULAR PURPOSE.  See the
(2)   13/  C1B7D6 :                     ; GNU General Public License for more details.
(2)   14/  C1B7D6 :                     ;
(2)   15/  C1B7D6 :                     ; You should have received a copy of the GNU General Public License
(2)   16/  C1B7D6 :                     ; along with this program; see the file COPYING.  If not, write to
(2)   17/  C1B7D6 :                     ; the Free Software Foundation, Inc., 51 Franklin Street,
(2)   18/  C1B7D6 :                     ; Boston, MA 02110-1301, USA.
(2)   19/  C1B7D6 :                     
 AS V1.42 Beta [Bld 311] - Source File main.asm(ui_about.asm) - Page 84 - 9/11/2026 13:29:43


(2)   20/  C1B7D6 :                     SetupAbout:
(2)   21/  C1B7D6 :                         ; Setup about screen
(2)   22/  C1B7D6 : 33FC 000C 0010 D02E     move.w  #SCREEN_ABOUT,CurrentScreen
(2)   23/  C1B7DE :                     
(2)   24/  C1B7DE : 4EB9 00C1 E32A          jsr     ClearFixTop
(2)   25/  C1B7E4 :                     
(2)   26/  C1B7E4 : 33FC 0500 0011 C18A 	move.w  #$0500,FixWriteConfig	; Bank 5 has menu font
(2)   27/  C1B7EC :                     
(2)   28/  C1B7EC :                         ; Get MCU serial number and FW version
(2)   29/  C1B7EC : 4239 0010 D014          clr.b   UITemp  ; Used here to signal error
(2)   30/  C1B7F2 : (MACRO)[45]             MCUCMD  MCU_CMD_GETID
(2)   30/  C1B7F2 : 163C 0001               move.b  #MCU_CMD_GETID,d3
(2)   30/  C1B7F6 : 4EB9 00C1 C996          jsr     MCUCommand
(2)   31/  C1B7FC : 6418                    bcc     .notimeout
(2)   32/  C1B7FE : 50F9 0010 D014          st.b    UITemp
(2)   33/  C1B804 :                     .cldata:
(2)   34/  C1B804 :                         ; Clear MCU data
(2)   35/  C1B804 : 41F9 0011 C101          lea     MCUReplyBuffer+1,a0
(2)   36/  C1B80A : 7000                    moveq.l #0,d0
(2)   37/  C1B80C : 7E3E                    moveq.l #64-1-1,d7
(2)   38/  C1B80E :                     .cldatalp:
(2)   39/  C1B80E : 10C0                    move.b  d0,(a0)+
(2)   40/  C1B810 : 51CF FFFC               dbra    d7,.cldatalp
(2)   41/  C1B814 : 6012                    bra     .done
(2)   42/  C1B816 :                     .notimeout:
(2)   43/  C1B816 :                         ; Read 24 bytes from the MCU (see doc)
(2)   44/  C1B816 : 363C 000C               move.w  #12,d3
(2)   45/  C1B81A : 4EB9 00C1 CA9E          jsr     MCURead4WordsMult
(2)   46/  C1B820 : 4EB9 00C1 CADA          jsr     CheckACK
(2)   47/  C1B826 : 65DC                    bcs     .cldata
(2)   48/  C1B828 :                     .done:
(2)   49/  C1B828 : 41F9 0011 C101          lea     MCUReplyBuffer+1,a0
(2)   50/  C1B82E : 43F9 0011 C140          lea     FixValueList,a1
(2)   51/  C1B834 :                     
(2)   52/  C1B834 : 7E0B                	moveq.l #12-1,d7               ; Serial
(2)   53/  C1B836 :                     .copy:
(2)   54/  C1B836 : 12D8                	move.b  (a0)+,(a1)+
(2)   55/  C1B838 : 51CF FFFC           	dbra    d7,.copy
(2)   56/  C1B83C :                     
(2)   57/  C1B83C : 12D8                	move.b  (a0)+,(a1)+            ; MCU version
(2)   58/  C1B83E : 1018                	move.b  (a0)+,d0			   ; Hex to BCD for minor version
(2)   59/  C1B840 : 4EB9 00C1 E38E      	jsr     HexToBCD
(2)   60/  C1B846 : 12C0                	move.b  d0,(a1)+
(2)   61/  C1B848 :                     
(2)   62/  C1B848 : 12E8 0002           	move.b  2(a0),(a1)+            ; CPLD version, skip "600D"
(2)   63/  C1B84C : 12A8 0003           	move.b  3(a0),(a1)
(2)   64/  C1B850 :                     
(2)   65/  C1B850 : 41F9 00C1 ED44          lea     FixStrAbout,a0
(2)   66/  C1B856 : 303C 70A9           	move.w  #FIXMAP+9+(5*32),d0
(2)   67/  C1B85A : 4EB9 00C1 E528      	jsr     WriteFix
(2)   68/  C1B860 :                     
(2)   69/  C1B860 : 41F9 00C1 EE52          lea     FixStrIcon,a0
(2)   70/  C1B866 : 303C 7414           	move.w  #FIXMAP+20+(32*32),d0
(2)   71/  C1B86A : 4EB9 00C1 E528      	jsr     WriteFix
(2)   72/  C1B870 :                     
(2)   73/  C1B870 : 4A39 0010 D014      	tst.b   UITemp
(2)   74/  C1B876 : 6706                	beq     .noerror
(2)   75/  C1B878 : 4EB9 00C1 98F2          jsr     DispErrorTimeout
(2)   76/  C1B87E :                     .noerror:
(2)   77/  C1B87E : 4E75                	rts
 AS V1.42 Beta [Bld 311] - Source File main.asm(ui_about.asm) - Page 85 - 9/11/2026 13:29:43


(2)   78/  C1B880 :                     
(2)   79/  C1B880 :                     
(2)   80/  C1B880 :                     VBLProcAbout:
(2)   81/  C1B880 : 1039 0010 FD97          move.b  BIOS_P1CHANGE,d0
(2)   82/  C1B886 : 8039 0010 FD9D          or.b    BIOS_P2CHANGE,d0
(2)   83/  C1B88C : 0200 00F0               andi.b  #$F0,d0
(2)   84/  C1B890 : 6710                    beq     .no_press
(2)   85/  C1B892 : 103C 0045               move.b  #SFX_EXIT,d0
(2)   86/  C1B896 : 4EB9 00C1 9568          jsr     PlaySFX
(2)   87/  C1B89C : 4EB9 00C1 A8E0          jsr     SetupMenu
(2)   88/  C1B8A2 :                     .no_press:
(2)   89/  C1B8A2 : 4E75                    rts
(2)   90/  C1B8A4 :                     
(1)  260/  C1B8A4 :                         INCLUDE "ui_igm.asm"
(2)    1/  C1B8A4 :                     ; Copyright (C) 2020 Sean Gonsalves
(2)    2/  C1B8A4 :                     ;
(2)    3/  C1B8A4 :                     ; This file is part of Neo CD SD Loader.
(2)    4/  C1B8A4 :                     ;
(2)    5/  C1B8A4 :                     ; This program is free software; you can redistribute it and/or modify
(2)    6/  C1B8A4 :                     ; it under the terms of the GNU General Public License as published by
(2)    7/  C1B8A4 :                     ; the Free Software Foundation; either version 2, or (at your option)
(2)    8/  C1B8A4 :                     ; any later version.
(2)    9/  C1B8A4 :                     ;
(2)   10/  C1B8A4 :                     ; This program is distributed in the hope that it will be useful,
(2)   11/  C1B8A4 :                     ; but WITHOUT ANY WARRANTY; without even the implied warranty of
(2)   12/  C1B8A4 :                     ; MERCHANTABILITY or FITNESS FOR A PARTICULAR PURPOSE.  See the
(2)   13/  C1B8A4 :                     ; GNU General Public License for more details.
(2)   14/  C1B8A4 :                     ;
(2)   15/  C1B8A4 :                     ; You should have received a copy of the GNU General Public License
(2)   16/  C1B8A4 :                     ; along with this program; see the file COPYING.  If not, write to
(2)   17/  C1B8A4 :                     ; the Free Software Foundation, Inc., 51 Franklin Street,
(2)   18/  C1B8A4 :                     ; Boston, MA 02110-1301, USA.
(2)   19/  C1B8A4 :                     
(2)   20/  C1B8A4 :                     SetupIGM:
(2)   21/  C1B8A4 : 4239 0011 C1C1          clr.b   IGMMode
(2)   22/  C1B8AA : 4239 0011 C1BD          clr.b   IGMCursor
(2)   23/  C1B8B0 : 4239 0011 C1BE          clr.b   PrevIGMCursor
(2)   24/  C1B8B6 : 4239 0011 C1BF          clr.b   IGMCursorShift
(2)   25/  C1B8BC : 50F9 0011 C1BC          st.b    IsInIGM
(2)   26/  C1B8C2 :                     
(2)   27/  C1B8C2 :                         ; Save palettes #14 and #15 to palette buffer
(2)   28/  C1B8C2 : 41F9 0040 01C0          lea     (PALETTES+(2*16*14)),a0
(2)   29/  C1B8C8 : 43F9 0011 C24C          lea     PaletteBuffer,a1
(2)   30/  C1B8CE : 4EB9 00C1 E4BC          jsr     CopyPalette
(2)   31/  C1B8D4 : 4EB9 00C1 E4BC          jsr     CopyPalette
(2)   32/  C1B8DA :                     
(2)   33/  C1B8DA :                         ; Load new palettes
(2)   34/  C1B8DA : 41F9 00C1 BCEE          lea     IGMPalettes,a0
(2)   35/  C1B8E0 : 43F9 0040 01C0          lea     (PALETTES+(2*16*14)),a1
(2)   36/  C1B8E6 : 4EB9 00C1 E4BC          jsr     CopyPalette
(2)   37/  C1B8EC : 4EB9 00C1 E4BC          jsr     CopyPalette
(2)   38/  C1B8F2 :                     
(2)   39/  C1B8F2 :                         ; Save first half of fix bank #0 to RAM buffer
(2)   40/  C1B8F2 : 13FC 0001 00FF 0115     move.b  #1,REG_DISBLFIX
(2)   41/  C1B8FA : 13FC 0001 00FF 016F     move.b  #1,REG_UPLOAD_EN
(2)   42/  C1B902 : 13C0 00FF 0129          move.b  d0,REG_UPMAPFIX
(2)   43/  C1B908 : 13FC 0005 00FF 0105     move.b  #5,REG_TRANSAREA
(2)   44/  C1B910 :                     
(2)   45/  C1B910 : 41F9 00E0 0000          lea     $E00000,a0
(2)   46/  C1B916 : 43F9 0011 F000          lea     FixBankBuffer,a1
 AS V1.42 Beta [Bld 311] - Source File main.asm(ui_igm.asm) - Page 86 - 9/11/2026 13:29:43


(2)   47/  C1B91C : 3E3C 07FF               move.w  #(4096/2)-1,d7
(2)   48/  C1B920 :                     .savefix:
(2)   49/  C1B920 : 3018                    move.w  (a0)+,d0
(2)   50/  C1B922 : 12C0                    move.b  d0,(a1)+
(2)   51/  C1B924 : 3018                    move.w  (a0)+,d0
(2)   52/  C1B926 : 12C0                    move.b  d0,(a1)+
(2)   53/  C1B928 : 51CF FFF6               dbra    d7,.savefix
(2)   54/  C1B92C :                     
(2)   55/  C1B92C :                         ; Load first half menu fix bank #0
(2)   56/  C1B92C : 41F9 00C5 FEB0          lea     FixBankZero,a0
(2)   57/  C1B932 : 43F9 00E0 0000          lea     $E00000,a1
(2)   58/  C1B938 : 3E3C 07FF               move.w  #(4096/2)-1,d7
(2)   59/  C1B93C :                     .copy:
(2)   60/  C1B93C : 1018                	move.b  (a0)+,d0        ; Read AA BB, store 00 BB 00 AA
(2)   61/  C1B93E : 1218                	move.b  (a0)+,d1
(2)   62/  C1B940 : 32C1                    move.w  d1,(a1)+        ; 00 BB
(2)   63/  C1B942 : 32C0                	move.w  d0,(a1)+		; 00 AA
(2)   64/  C1B944 : 51CF FFF6               dbra    d7,.copy
(2)   65/  C1B948 :                         
(2)   66/  C1B948 :                         ; Clear the '@' char to avoid them showing as garbage in SSRPG
(2)   67/  C1B948 : 43F9 00E0 1000          lea     $E00000+((64*32)*2),a1
(2)   68/  C1B94E : 7000                    moveq.l #0,d0
(2)   69/  C1B950 : 3E3C 001F               move.w  #32-1,d7
(2)   70/  C1B954 :                     .clear:
(2)   71/  C1B954 : 32C0                	move.w  d0,(a1)+		; 00 AA
(2)   72/  C1B956 : 51CF FFFC               dbra    d7,.clear
(2)   73/  C1B95A :                     
(2)   74/  C1B95A : 13C0 00FF 0149          move.b  d0,REG_UPUNMAPFIX
(2)   75/  C1B960 : 13FC 0000 00FF 016F     move.b  #0,REG_UPLOAD_EN
(2)   76/  C1B968 : 13FC 0000 00FF 0115     move.b  #0,REG_DISBLFIX
(2)   77/  C1B970 :                     
(2)   78/  C1B970 :                         ; Save fix map block
(2)   79/  C1B970 : 303C 001E               move.w  #IGM_WIDTH,d0
(2)   80/  C1B974 : 323C 000E               move.w  #IGM_HEIGHT,d1
(2)   81/  C1B978 : 343C 70A8               move.w  #FIXMAP+8+(5*32),d2
(2)   82/  C1B97C : 4EB9 00C1 E432          jsr     SaveFixMap
(2)   83/  C1B982 :                     
(2)   84/  C1B982 : 33FC E000 0011 C18A     move.w  #$E000,FixWriteConfig   ; Palette #14 bank 0
(2)   85/  C1B98A :                     
(2)   86/  C1B98A : 4EB9 00C1 BC3A          jsr     DrawIGMBox
(2)   87/  C1B990 :                     
(2)   88/  C1B990 : 13C0 0030 0001      	move.b  d0,REG_DIPSW		; Just to be sure
(2)   89/  C1B996 : (MACRO)[46]         	DIIRQ
(2)   89/  C1B996 : 13C0 0030 0001          move.b  d0,REG_DIPSW
(2)   89/  C1B99C : 40E7                        move.w  sr,-(a7)
(2)   89/  C1B99E : 007C 0700                   ori.w   #$0700,sr
(2)   90/  C1B9A2 : 41F9 00C1 EAF2      	lea     StrIGMItems,a0
(2)   91/  C1B9A8 : 303C 70E9               move.w  #FIXMAP+9+(7*32),d0
(2)   92/  C1B9AC : 4EB9 00C1 E528      	jsr     WriteFix
(2)   93/  C1B9B2 :                     
(2)   94/  C1B9B2 : 33FC F000 0011 C18A     move.w  #$F000,FixWriteConfig   ; Palette #15 bank 0
(2)   95/  C1B9BA :                     
(2)   96/  C1B9BA :                         ; Draw game name
(2)   97/  C1B9BA : 33FC 0020 003C 0004 	move.w  #32,REG_VRAMMOD
(2)   98/  C1B9C2 : 41F9 00C1 BE3C          lea     SoftDIPsPtrs,a0
(2)   99/  C1B9C8 : 7000                    moveq.l #0,d0
(2)  100/  C1B9CA : 1039 0010 FD83          move.b  BIOS_COUNTRY_CODE,d0
(2)  101/  C1B9D0 : 0200 0003               andi.b  #3,d0
(2)  102/  C1B9D4 : D040                    add.w   d0,d0
(2)  103/  C1B9D6 : D040                    add.w   d0,d0
 AS V1.42 Beta [Bld 311] - Source File main.asm(ui_igm.asm) - Page 87 - 9/11/2026 13:29:43


(2)  104/  C1B9D8 : 2070 0000               move.l  (a0,d0),a0
(2)  105/  C1B9DC : 2050                    move.l  (a0),a0
(2)  106/  C1B9DE : 23C8 0011 C1C2          move.l  a0,SDIPAddr           ; Since we're here already, store SDIPAddr for the soft DIPs editor
(2)  107/  C1B9E4 : 3239 0011 C18A      	move.w  FixWriteConfig,d1
(2)  108/  C1B9EA : 33FC 70EB 003C 0000     move.w  #FIXMAP+11+(7*32),REG_VRAMADDR
(2)  109/  C1B9F2 : 7E10                    moveq.l #16,d7
(2)  110/  C1B9F4 :                     .writechar:
(2)  111/  C1B9F4 : 4E71                    nop
(2)  112/  C1B9F6 : 1218                    move.b  (a0)+,d1
(2)  113/  C1B9F8 : 33C1 003C 0002      	move.w  d1,REG_VRAMRW
(2)  114/  C1B9FE : 5347                    subq.w  #1,d7
(2)  115/  C1BA00 : 66F2                    bne     .writechar
(2)  116/  C1BA02 :                     
(2)  117/  C1BA02 :                         ; Draw country
(2)  118/  C1BA02 : 7000                    moveq.l #0,d0
(2)  119/  C1BA04 : 1039 0010 FD83          move.b  BIOS_COUNTRY_CODE,d0
(2)  120/  C1BA0A : 0200 0003               andi.b  #3,d0
(2)  121/  C1BA0E : D000                    add.b   d0,d0
(2)  122/  C1BA10 : D000                    add.b   d0,d0
(2)  123/  C1BA12 : 41F9 00C1 B4DA          lea     CountryList,a0
(2)  124/  C1BA18 : 2070 0000               move.l  0(a0,d0),a0
(2)  125/  C1BA1C : 303C 738B               move.w  #FIXMAP+11+(28*32),d0
(2)  126/  C1BA20 : 4EB9 00C1 E528      	jsr     WriteFix
(2)  127/  C1BA26 : (MACRO)[47]         	ENIRQ
(2)  127/  C1BA26 : 33FC 0007 003C 000C         move.w  #7,REG_IRQACK
(2)  127/  C1BA2E : 46DF                        move.w  (a7)+,sr
(2)  128/  C1BA30 :                     
(2)  129/  C1BA30 : 33FC E000 0011 C18A     move.w  #$E000,FixWriteConfig   ; Palette #14 bank 0
(2)  130/  C1BA38 :                     
(2)  131/  C1BA38 : 4EB9 00C1 BB2A          jsr     DrawIGMCursor
(2)  132/  C1BA3E :                     
(2)  133/  C1BA3E : 4E75                	rts
(2)  134/  C1BA40 :                     	
(2)  135/  C1BA40 :                     	
(2)  136/  C1BA40 :                     IGMVBL:
(2)  137/  C1BA40 : 4EB9 00C0 D6E6          jsr     ProcessCDDACmds     ; Copied from original routine in SYSTEM_INT1, jsr to ProcessCDDACmds
(2)  138/  C1BA46 :                     
(2)  139/  C1BA46 : 4A39 0011 C20A          tst.b   FlagSelectStart
(2)  140/  C1BA4C : 6714                    beq     .nof
(2)  141/  C1BA4E : 4239 0011 C20A          clr.b   FlagSelectStart
(2)  142/  C1BA54 : 4A39 0011 C1BC          tst.b   IsInIGM
(2)  143/  C1BA5A : 6606                    bne     .nof
(2)  144/  C1BA5C :                         ;move.l  sp,SSSP
(2)  145/  C1BA5C : 4EB9 00C1 B8A4          jsr     SetupIGM
(2)  146/  C1BA62 :                     .nof:
(2)  147/  C1BA62 :                     
(2)  148/  C1BA62 : 4A39 0011 C1BC          tst.b   IsInIGM
(2)  149/  C1BA68 : 6716                    beq     .noigm
(2)  150/  C1BA6A :                     
(2)  151/  C1BA6A :                         ; Call proc for current IGM mode
(2)  152/  C1BA6A : 7000                    moveq.l #0,d0
(2)  153/  C1BA6C : 1039 0011 C1C1          move.b  IGMMode,d0
(2)  154/  C1BA72 : E588                    lsl.l   #2,d0
(2)  155/  C1BA74 : 41F9 00C1 BE30          lea     JT_IGMVBLProcs,a0
(2)  156/  C1BA7A : 2070 0000               move.l  0(a0,d0),a0
(2)  157/  C1BA7E : 4E90                    jsr     (a0)
(2)  158/  C1BA80 :                     
(2)  159/  C1BA80 :                     .noigm:
(2)  160/  C1BA80 : 4E75                    rts
(2)  161/  C1BA82 :                     
 AS V1.42 Beta [Bld 311] - Source File main.asm(ui_igm.asm) - Page 88 - 9/11/2026 13:29:43


(2)  162/  C1BA82 :                         
(2)  163/  C1BA82 :                     IGMVBLProcSelect:
(2)  164/  C1BA82 : (MACRO)[48]             TESTCHANGE CNT_UP
(2)  164/  C1BA82 : 1039 0010 FD97          move.b  BIOS_P1CHANGE,d0
(2)  164/  C1BA88 : 8039 0010 FD9D          or.b    BIOS_P2CHANGE,d0
(2)  164/  C1BA8E : 0200 0001               andi.b  #(2^CNT_UP),d0
(2)  165/  C1BA92 : 6714                    beq     .no_up
(2)  166/  C1BA94 : 4A39 0011 C1BD          tst.b   IGMCursor
(2)  167/  C1BA9A : 670C                    beq     .no_up
(2)  168/  C1BA9C : 5339 0011 C1BD          subq.b  #1,IGMCursor
(2)  169/  C1BAA2 : 4EB9 00C1 BB2A          jsr     DrawIGMCursor
(2)  170/  C1BAA8 :                     .no_up:
(2)  171/  C1BAA8 :                     
(2)  172/  C1BAA8 : (MACRO)[49]         	TESTCHANGE CNT_DOWN
(2)  172/  C1BAA8 : 1039 0010 FD97          move.b  BIOS_P1CHANGE,d0
(2)  172/  C1BAAE : 8039 0010 FD9D          or.b    BIOS_P2CHANGE,d0
(2)  172/  C1BAB4 : 0200 0002               andi.b  #(2^CNT_DOWN),d0
(2)  173/  C1BAB8 : 6716                    beq     .no_down
(2)  174/  C1BABA : 0C39 0002 0011 C1BD     cmp.b   #3-1,IGMCursor      ; Max items
(2)  175/  C1BAC2 : 640C                    bhs     .no_down
(2)  176/  C1BAC4 : 5239 0011 C1BD          addq.b  #1,IGMCursor
(2)  177/  C1BACA : 4EB9 00C1 BB2A          jsr     DrawIGMCursor
(2)  178/  C1BAD0 :                     .no_down:
(2)  179/  C1BAD0 :                     
(2)  180/  C1BAD0 : (MACRO)[50]             TESTCHANGE CNT_A
(2)  180/  C1BAD0 : 1039 0010 FD97          move.b  BIOS_P1CHANGE,d0
(2)  180/  C1BAD6 : 8039 0010 FD9D          or.b    BIOS_P2CHANGE,d0
(2)  180/  C1BADC : 0200 0010               andi.b  #(2^CNT_A),d0
(2)  181/  C1BAE0 : 6718                    beq     .no_a
(2)  182/  C1BAE2 : 41F9 00C1 BE24      	lea     JT_IGMSetups,a0
(2)  183/  C1BAE8 : 7000                	moveq.l #0,d0
(2)  184/  C1BAEA : 1039 0011 C1BD      	move.b  IGMCursor,d0
(2)  185/  C1BAF0 : E548                	lsl.w   #2,d0				; JT_IGMSetups has 4-byte entries
(2)  186/  C1BAF2 : 2070 0000           	move.l  0(a0,d0),a0
(2)  187/  C1BAF6 : 4E90                	jsr     (a0)
(2)  188/  C1BAF8 : 4E75                	rts
(2)  189/  C1BAFA :                     .no_a:
(2)  190/  C1BAFA :                     
(2)  191/  C1BAFA :                         ; B press and release
(2)  192/  C1BAFA : 1039 0010 FD96          move.b  BIOS_P1CURRENT,d0
(2)  193/  C1BB00 : 1239 0010 FD95          move.b  BIOS_P1PREVIOUS,d1
(2)  194/  C1BB06 : B300                    eor.b   d1,d0
(2)  195/  C1BB08 : C001                    and.b   d1,d0
(2)  196/  C1BB0A : 1439 0010 FD9C          move.b  BIOS_P2CURRENT,d2
(2)  197/  C1BB10 : 1239 0010 FD9B          move.b  BIOS_P2PREVIOUS,d1
(2)  198/  C1BB16 : B302                    eor.b   d1,d2
(2)  199/  C1BB18 : C401                    and.b   d1,d2
(2)  200/  C1BB1A : 8002                    or.b    d2,d0
(2)  201/  C1BB1C : 0200 0020               andi.b  #1<<CNT_B,d0
(2)  202/  C1BB20 : 6706                    beq     .no_b
(2)  203/  C1BB22 : 4EB9 00C1 BBA0          jsr     CloseIGM
(2)  204/  C1BB28 :                     .no_b:
(2)  205/  C1BB28 : 4E75                    rts
(2)  206/  C1BB2A :                     
(2)  207/  C1BB2A :                     
(2)  208/  C1BB2A :                     DrawIGMCursor:
(2)  209/  C1BB2A : (MACRO)[51]         	DIIRQ
(2)  209/  C1BB2A : 13C0 0030 0001          move.b  d0,REG_DIPSW
(2)  209/  C1BB30 : 40E7                        move.w  sr,-(a7)
(2)  209/  C1BB32 : 007C 0700                   ori.w   #$0700,sr
 AS V1.42 Beta [Bld 311] - Source File main.asm(ui_igm.asm) - Page 89 - 9/11/2026 13:29:43


(2)  210/  C1BB36 : 343C 70ED               move.w  #FIXMAP+13+(7*32),d2
(2)  211/  C1BB3A :                     
(2)  212/  C1BB3A :                         ; Erase previous cursor
(2)  213/  C1BB3A : 41F9 00C1 BE1E          lea     IGMItemsY,a0
(2)  214/  C1BB40 : 7000                    moveq.l #0,d0
(2)  215/  C1BB42 : 1039 0011 C1BE          move.b  PrevIGMCursor,d0
(2)  216/  C1BB48 : D000                    add.b   d0,d0
(2)  217/  C1BB4A : 3030 0000               move.w  (a0,d0),d0
(2)  218/  C1BB4E : D042                    add.w   d2,d0
(2)  219/  C1BB50 : 33C0 003C 0000          move.w  d0,REG_VRAMADDR
(2)  220/  C1BB56 : 3239 0011 C18A      	move.w  FixWriteConfig,d1
(2)  221/  C1BB5C : 123C 0020               move.b  #' ',d1
(2)  222/  C1BB60 : 4E71                    nop
(2)  223/  C1BB62 : 33C1 003C 0002          move.w  d1,REG_VRAMRW
(2)  224/  C1BB68 :                     
(2)  225/  C1BB68 :                         ; Draw new cursor
(2)  226/  C1BB68 : 7000                    moveq.l #0,d0
(2)  227/  C1BB6A : 1039 0011 C1BD          move.b  IGMCursor,d0
(2)  228/  C1BB70 : D000                    add.b   d0,d0
(2)  229/  C1BB72 : 3030 0000               move.w  (a0,d0),d0
(2)  230/  C1BB76 : D042                    add.w   d2,d0
(2)  231/  C1BB78 : 33C0 003C 0000          move.w  d0,REG_VRAMADDR
(2)  232/  C1BB7E : 123C 0011               move.b  #CHAR_ARROW_RIGHT,d1
(2)  233/  C1BB82 : 13F9 0011 C1BD 0011     move.b  IGMCursor,PrevIGMCursor
           C1BB8A : C1BE               
(2)  234/  C1BB8C : 4E71                    nop
(2)  235/  C1BB8E : 33C1 003C 0002          move.w  d1,REG_VRAMRW
(2)  236/  C1BB94 : (MACRO)[52]             ENIRQ
(2)  236/  C1BB94 : 33FC 0007 003C 000C         move.w  #7,REG_IRQACK
(2)  236/  C1BB9C : 46DF                        move.w  (a7)+,sr
(2)  237/  C1BB9E : 4E75                    rts
(2)  238/  C1BBA0 :                     
(2)  239/  C1BBA0 :                     
(2)  240/  C1BBA0 :                     CloseIGM:
(2)  241/  C1BBA0 :                         ; Restore palettes #14 and #15 from palette buffer
(2)  242/  C1BBA0 : 41F9 0011 C24C          lea     PaletteBuffer,a0
(2)  243/  C1BBA6 : 43F9 0040 01C0          lea     (PALETTES+(2*16*14)),a1
(2)  244/  C1BBAC : 4EB9 00C1 E4BC          jsr     CopyPalette
(2)  245/  C1BBB2 : 4EB9 00C1 E4BC          jsr     CopyPalette
(2)  246/  C1BBB8 :                     
(2)  247/  C1BBB8 :                         ; Restore fix bank #0 from RAM buffer
(2)  248/  C1BBB8 : 13FC 0001 00FF 0115     move.b  #1,REG_DISBLFIX
(2)  249/  C1BBC0 : 13FC 0001 00FF 016F     move.b  #1,REG_UPLOAD_EN
(2)  250/  C1BBC8 : 13C0 00FF 0129          move.b  d0,REG_UPMAPFIX
(2)  251/  C1BBCE : 13FC 0005 00FF 0105     move.b  #5,REG_TRANSAREA
(2)  252/  C1BBD6 :                     
(2)  253/  C1BBD6 :                         ; Restore fix bank
(2)  254/  C1BBD6 : 41F9 0011 F000          lea     FixBankBuffer,a0
(2)  255/  C1BBDC : 43F9 00E0 0000          lea     $E00000,a1
(2)  256/  C1BBE2 : 3E3C 0800               move.w  #4096/2,d7      ; Only first half of fix bank is enough
(2)  257/  C1BBE6 :                     .copy:
(2)  258/  C1BBE6 : 1018                	move.b  (a0)+,d0        ; Read AA BB, store 00 AA 00 BB
(2)  259/  C1BBE8 : 32C0                    move.w  d0,(a1)+        ; 00 AA
(2)  260/  C1BBEA : 1018                	move.b  (a0)+,d0
(2)  261/  C1BBEC : 32C0                	move.w  d0,(a1)+	    ; 00 BB
(2)  262/  C1BBEE : 5347                	subq.w  #1,d7
(2)  263/  C1BBF0 : 66F4                    bne     .copy
(2)  264/  C1BBF2 :                     
(2)  265/  C1BBF2 : 13C0 00FF 0149          move.b  d0,REG_UPUNMAPFIX
(2)  266/  C1BBF8 : 13FC 0000 00FF 016F     move.b  #0,REG_UPLOAD_EN
 AS V1.42 Beta [Bld 311] - Source File main.asm(ui_igm.asm) - Page 90 - 9/11/2026 13:29:43


(2)  267/  C1BC00 :                     
(2)  268/  C1BC00 :                         ; Restore fix map block
(2)  269/  C1BC00 : 303C 001E               move.w  #IGM_WIDTH,d0
(2)  270/  C1BC04 : 323C 000E               move.w  #IGM_HEIGHT,d1
(2)  271/  C1BC08 : 343C 70A8               move.w  #FIXMAP+8+(5*32),d2
(2)  272/  C1BC0C : 4EB9 00C1 E470          jsr     RestoreFixMap
(2)  273/  C1BC12 : 13FC 0000 00FF 0115     move.b  #0,REG_DISBLFIX
(2)  274/  C1BC1A :                     
(2)  275/  C1BC1A : 13FC 0002 0010 FDAC     move.b  #$02,BIOS_STATCURNT  ; Fake P1 START press to cancel pause
(2)  276/  C1BC22 : 13FC 0002 0010 FDAD     move.b  #$02,BIOS_STATCHANGE ; Some games don't use these locations
(2)  277/  C1BC2A :                     
(2)  278/  C1BC2A : 4239 0011 C1BC          clr.b   IsInIGM
(2)  279/  C1BC30 : 21F9 0011 C296 0068     move.l  VBLVectorCopy,$68
(2)  280/  C1BC38 : 4E75                    rts
(2)  281/  C1BC3A :                     
(2)  282/  C1BC3A :                         
(2)  283/  C1BC3A :                     DrawIGMBox:
(2)  284/  C1BC3A : (MACRO)[53]         	DIIRQ
(2)  284/  C1BC3A : 13C0 0030 0001          move.b  d0,REG_DIPSW
(2)  284/  C1BC40 : 40E7                        move.w  sr,-(a7)
(2)  284/  C1BC42 : 007C 0700                   ori.w   #$0700,sr
(2)  285/  C1BC46 : 33FC 0020 003C 0004     move.w  #32,REG_VRAMMOD
(2)  286/  C1BC4E : 3239 0011 C18A          move.w  FixWriteConfig,d1
(2)  287/  C1BC54 : 343C 70A8               move.w  #FIXMAP+8+(5*32),d2
(2)  288/  C1BC58 :                     
(2)  289/  C1BC58 : 3E3C 001E               move.w  #IGM_WIDTH,d7
(2)  290/  C1BC5C : 41F9 00C1 BD2E          lea     FixMapIGMTopA,a0
(2)  291/  C1BC62 : 4EB9 00C1 9846          jsr     BoxDrawRow
(2)  292/  C1BC68 :                     
(2)  293/  C1BC68 : 3E3C 001E               move.w  #IGM_WIDTH,d7
(2)  294/  C1BC6C : 41F9 00C1 BD6A          lea     FixMapIGMTopB,a0
(2)  295/  C1BC72 : 4EB9 00C1 9846          jsr     BoxDrawRow
(2)  296/  C1BC78 :                     
(2)  297/  C1BC78 : 3C3C 000B               move.w  #IGM_HEIGHT-2-1,d6
(2)  298/  C1BC7C :                     .rowfill:
(2)  299/  C1BC7C : 3E3C 001E               move.w  #IGM_WIDTH,d7
(2)  300/  C1BC80 : 41F9 00C1 BDA6          lea     FixMapIGMRow,a0
(2)  301/  C1BC86 : 4EB9 00C1 9846          jsr     BoxDrawRow
(2)  302/  C1BC8C : 5346                    subq.w  #1,d6
(2)  303/  C1BC8E : 66EC                    bne     .rowfill
(2)  304/  C1BC90 :                     
(2)  305/  C1BC90 : 3E3C 001E               move.w  #IGM_WIDTH,d7
(2)  306/  C1BC94 : 41F9 00C1 BDE2          lea     FixMapIGMBot,a0
(2)  307/  C1BC9A : 4EB9 00C1 9846          jsr     BoxDrawRow
(2)  308/  C1BCA0 : (MACRO)[54]             ENIRQ
(2)  308/  C1BCA0 : 33FC 0007 003C 000C         move.w  #7,REG_IRQACK
(2)  308/  C1BCA8 : 46DF                        move.w  (a7)+,sr
(2)  309/  C1BCAA : 4E75                    rts
(2)  310/  C1BCAC :                         
(2)  311/  C1BCAC :                     ClearIGM:
(2)  312/  C1BCAC : (MACRO)[55]         	DIIRQ
(2)  312/  C1BCAC : 13C0 0030 0001          move.b  d0,REG_DIPSW
(2)  312/  C1BCB2 : 40E7                        move.w  sr,-(a7)
(2)  312/  C1BCB4 : 007C 0700                   ori.w   #$0700,sr
(2)  313/  C1BCB8 : 33FC 0020 003C 0004     move.w  #32,REG_VRAMMOD
(2)  314/  C1BCC0 : 3239 0011 C18A          move.w  FixWriteConfig,d1
(2)  315/  C1BCC6 : 343C 70AA               move.w  #FIXMAP+10+(5*32),d2
(2)  316/  C1BCCA :                     
(2)  317/  C1BCCA : 3C3C 000A               move.w  #IGM_HEIGHT-2-1-1,d6    ; Don't erase second-to-last line to keep instructions shown
(2)  318/  C1BCCE :                     .rowfill:
 AS V1.42 Beta [Bld 311] - Source File main.asm(ui_igm.asm) - Page 91 - 9/11/2026 13:29:43


(2)  319/  C1BCCE : 3E3C 001E               move.w  #IGM_WIDTH,d7
(2)  320/  C1BCD2 : 41F9 00C1 BDA6          lea     FixMapIGMRow,a0
(2)  321/  C1BCD8 : 4EB9 00C1 9846          jsr     BoxDrawRow
(2)  322/  C1BCDE : 5346                    subq.w  #1,d6
(2)  323/  C1BCE0 : 66EC                    bne     .rowfill
(2)  324/  C1BCE2 : (MACRO)[56]             ENIRQ
(2)  324/  C1BCE2 : 33FC 0007 003C 000C         move.w  #7,REG_IRQACK
(2)  324/  C1BCEA : 46DF                        move.w  (a7)+,sr
(2)  325/  C1BCEC : 4E75                    rts
(2)  326/  C1BCEE :                         
(2)  327/  C1BCEE :                     IGMPalettes:
(2)  328/  C1BCEE :                         ; Normal
(2)  329/  C1BCEE : 8000                    dc.w  BLACK
(2)  330/  C1BCF0 : 7FFF                    dc.w  WHITE
(2)  331/  C1BCF2 : 8000                    dc.w  BLACK
(2)  332/  C1BCF4 : 20F0                    dc.w  GREEN
(2)  333/  C1BCF6 : 0E90                    dc.w  $0E90
(2)  334/  C1BCF8 : 8000                    dc.w  BLACK
(2)  335/  C1BCFA : 8000                    dc.w  BLACK
(2)  336/  C1BCFC : 0B40                    dc.w  $0B40
(2)  337/  C1BCFE : 8000 8000 8000 8000     dc.w  BLACK,BLACK,BLACK,BLACK,BLACK,BLACK,BLACK,BLACK
           C1BD06 : 8000 8000 8000 8000
(2)  338/  C1BD0E :                     
(2)  339/  C1BD0E :                         ; Highlight
(2)  340/  C1BD0E : 8000                    dc.w  BLACK
(2)  341/  C1BD10 : 0CBF                    dc.w  $0CBF
(2)  342/  C1BD12 : 8000                    dc.w  BLACK
(2)  343/  C1BD14 : 20F0                    dc.w  GREEN
(2)  344/  C1BD16 : 0E90                    dc.w  $0E90
(2)  345/  C1BD18 : 8000                    dc.w  BLACK
(2)  346/  C1BD1A : 8000                    dc.w  BLACK
(2)  347/  C1BD1C : 0B40                    dc.w  $0B40
(2)  348/  C1BD1E : 8000 8000 8000 8000     dc.w  BLACK,BLACK,BLACK,BLACK,BLACK,BLACK,BLACK,BLACK
           C1BD26 : 8000 8000 8000 8000
(2)  349/  C1BD2E :                     
(2)  350/  C1BD2E :                     
(2)  351/  C1BD2E :                     FixMapIGMTopA:
(2)  352/  C1BD2E : 0008                    dc.w $008
(2)  353/  C1BD30 : 0009                    dc.w $009
(2)  354/  C1BD32 : 0016 0016 0016 0016     dc.w [IGM_WIDTH-3]$016
           C1BD3A : 0016 0016 0016 0016
           C1BD42 : 0016 0016 0016 0016
           C1BD4A : 0016 0016 0016 0016
           C1BD52 : 0016 0016 0016 0016
           C1BD5A : 0016 0016 0016 0016
           C1BD62 : 0016 0016 0016   
(2)  355/  C1BD68 : 0002                    dc.w $002
(2)  356/  C1BD6A :                     FixMapIGMTopB:
(2)  357/  C1BD6A : 0018                    dc.w $018
(2)  358/  C1BD6C : 0019                    dc.w $019
(2)  359/  C1BD6E : 0020 0020 0020 0020     dc.w [IGM_WIDTH-3]$020
           C1BD76 : 0020 0020 0020 0020
           C1BD7E : 0020 0020 0020 0020
           C1BD86 : 0020 0020 0020 0020
           C1BD8E : 0020 0020 0020 0020
           C1BD96 : 0020 0020 0020 0020
           C1BD9E : 0020 0020 0020   
(2)  360/  C1BDA4 : 0015                    dc.w $015
(2)  361/  C1BDA6 :                     FixMapIGMRow:
(2)  362/  C1BDA6 : 0014                    dc.w $014
 AS V1.42 Beta [Bld 311] - Source File main.asm(ui_igm.asm) - Page 92 - 9/11/2026 13:29:43


(2)  363/  C1BDA8 : 0020 0020 0020 0020     dc.w [IGM_WIDTH-2]$020
           C1BDB0 : 0020 0020 0020 0020
           C1BDB8 : 0020 0020 0020 0020
           C1BDC0 : 0020 0020 0020 0020
           C1BDC8 : 0020 0020 0020 0020
           C1BDD0 : 0020 0020 0020 0020
           C1BDD8 : 0020 0020 0020 0020
(2)  364/  C1BDE0 : 0015                    dc.w $015
(2)  365/  C1BDE2 :                     FixMapIGMBot:
(2)  366/  C1BDE2 : 0003                    dc.w $003
(2)  367/  C1BDE4 : 0017 0017 0017 0017     dc.w [IGM_WIDTH-2]$017
           C1BDEC : 0017 0017 0017 0017
           C1BDF4 : 0017 0017 0017 0017
           C1BDFC : 0017 0017 0017 0017
           C1BE04 : 0017 0017 0017 0017
           C1BE0C : 0017 0017 0017 0017
           C1BE14 : 0017 0017 0017 0017
(2)  368/  C1BE1C : 0004                    dc.w $004
(2)  369/  C1BE1E :                     
(2)  370/  C1BE1E :                     IGMItemsY:
(2)  371/  C1BE1E :                         ;dc.w 0, 1, 2, 3, 5
(2)  372/  C1BE1E : 0000 0001 0003          dc.w 0, 1, 3
(2)  373/  C1BE24 :                     
(2)  374/  C1BE24 :                     JT_IGMSetups:
(2)  375/  C1BE24 : 00C1 BE4C               dc.l IGMSetupCheats
(2)  376/  C1BE28 : 00C1 C0AC               dc.l IGMSetupSDIP
(2)  377/  C1BE2C :                         ;dc.l IGMSetupSaveState
(2)  378/  C1BE2C :                         ;dc.l IGMSetupLoadState
(2)  379/  C1BE2C : 00C0 055E               dc.l SYS_CDPLAYER
(2)  380/  C1BE30 :                     
(2)  381/  C1BE30 :                     ; This must match IGMMode values !
(2)  382/  C1BE30 :                     JT_IGMVBLProcs:
(2)  383/  C1BE30 : 00C1 BA82               dc.l IGMVBLProcSelect
(2)  384/  C1BE34 : 00C1 BEAE               dc.l IGMVBLProcCheats
(2)  385/  C1BE38 : 00C1 C126               dc.l IGMVBLProcSDIP
(2)  386/  C1BE3C :                         ;dc.l IGMVBLProcSaveState
(2)  387/  C1BE3C :                         ;dc.l IGMVBLProcLoadState
(2)  388/  C1BE3C :                     
(2)  389/  C1BE3C :                     ; To avoid having to load the Japanese charset, a region map is used:
(2)  390/  C1BE3C :                     ; Console   Soft DIPs
(2)  391/  C1BE3C :                     ; JP        US
(2)  392/  C1BE3C :                     ; US        US
(2)  393/  C1BE3C :                     ; EU        EU
(2)  394/  C1BE3C :                     ; BR        US
(2)  395/  C1BE3C :                     SoftDIPsPtrs:
(2)  396/  C1BE3C : 0000 011A               dc.l HEADER_SDIPS_US    ; US
(2)  397/  C1BE40 : 0000 011A               dc.l HEADER_SDIPS_US    ; US
(2)  398/  C1BE44 : 0000 011E               dc.l HEADER_SDIPS_EU    ; EU
(2)  399/  C1BE48 : 0000 011A               dc.l HEADER_SDIPS_US    ; US
(2)  400/  C1BE4C :                     
(1)  261/  C1BE4C :                         INCLUDE "ui_cheats.asm"
(2)    1/  C1BE4C :                     ; Copyright (C) 2020 Sean Gonsalves
(2)    2/  C1BE4C :                     ;
(2)    3/  C1BE4C :                     ; This file is part of Neo CD SD Loader.
(2)    4/  C1BE4C :                     ;
(2)    5/  C1BE4C :                     ; This program is free software; you can redistribute it and/or modify
(2)    6/  C1BE4C :                     ; it under the terms of the GNU General Public License as published by
(2)    7/  C1BE4C :                     ; the Free Software Foundation; either version 2, or (at your option)
(2)    8/  C1BE4C :                     ; any later version.
(2)    9/  C1BE4C :                     ;
 AS V1.42 Beta [Bld 311] - Source File main.asm(ui_cheats.asm) - Page 93 - 9/11/2026 13:29:43


(2)   10/  C1BE4C :                     ; This program is distributed in the hope that it will be useful,
(2)   11/  C1BE4C :                     ; but WITHOUT ANY WARRANTY; without even the implied warranty of
(2)   12/  C1BE4C :                     ; MERCHANTABILITY or FITNESS FOR A PARTICULAR PURPOSE.  See the
(2)   13/  C1BE4C :                     ; GNU General Public License for more details.
(2)   14/  C1BE4C :                     ;
(2)   15/  C1BE4C :                     ; You should have received a copy of the GNU General Public License
(2)   16/  C1BE4C :                     ; along with this program; see the file COPYING.  If not, write to
(2)   17/  C1BE4C :                     ; the Free Software Foundation, Inc., 51 Franklin Street,
(2)   18/  C1BE4C :                     ; Boston, MA 02110-1301, USA.
(2)   19/  C1BE4C :                                       
(2)   20/  C1BE4C :                     ; See pack_cheats.py or doc for data format
(2)   21/  C1BE4C :                     
(2)   22/  C1BE4C :                     IGMSetupCheats:
(2)   23/  C1BE4C : 13FC 0001 0011 C1C1 	move.b  #1,IGMMode     ; Cheats mode
(2)   24/  C1BE54 : 4239 0011 C1BD          clr.b   IGMCursor
(2)   25/  C1BE5A : 4239 0011 C1BF          clr.b   IGMCursorShift
(2)   26/  C1BE60 :                     
(2)   27/  C1BE60 : 4EB9 00C1 BC3A          jsr     DrawIGMBox
(2)   28/  C1BE66 : 4EB9 00C1 BFA2          jsr     DrawCheatList
(2)   29/  C1BE6C :                     
(2)   30/  C1BE6C : 4A39 0011 C1C0          tst.b   IGMItems
(2)   31/  C1BE72 : 6728                    beq     .nocheats
(2)   32/  C1BE74 : 41F9 00C1 EB36      	lea     StrCheats,a0
(2)   33/  C1BE7A : (MACRO)[57]         	DIIRQ
(2)   33/  C1BE7A : 13C0 0030 0001          move.b  d0,REG_DIPSW
(2)   33/  C1BE80 : 40E7                        move.w  sr,-(a7)
(2)   33/  C1BE82 : 007C 0700                   ori.w   #$0700,sr
(2)   34/  C1BE86 : 303C 70E9               move.w  #FIXMAP+9+(7*32),d0
(2)   35/  C1BE8A : 4EB9 00C1 E528      	jsr     WriteFix
(2)   36/  C1BE90 : (MACRO)[58]         	ENIRQ
(2)   36/  C1BE90 : 33FC 0007 003C 000C         move.w  #7,REG_IRQACK
(2)   36/  C1BE98 : 46DF                        move.w  (a7)+,sr
(2)   37/  C1BE9A : 4E75                	rts
(2)   38/  C1BE9C :                     
(2)   39/  C1BE9C :                     .nocheats:
(2)   40/  C1BE9C : 41F9 00C1 EB4F          lea     StrNoCheats,a0
(2)   41/  C1BEA2 : 303C 70E9           	move.w  #FIXMAP+9+(7*32),d0
(2)   42/  C1BEA6 : 4EF9 00C1 E528      	jmp     WriteFix
(2)   43/  C1BEAC : 4E75                	rts
(2)   44/  C1BEAE :                     
(2)   45/  C1BEAE :                     
(2)   46/  C1BEAE :                     IGMVBLProcCheats:
(2)   47/  C1BEAE : 4A39 0011 C1C0          tst.b   IGMItems
(2)   48/  C1BEB4 : 6700 00B8               beq     .nocheats
(2)   49/  C1BEB8 :                     
(2)   50/  C1BEB8 : (MACRO)[59]             TESTREPEAT CNT_UP
(2)   50/  C1BEB8 : 1039 0010 FD98          move.b  BIOS_P1REPEAT,d0
(2)   50/  C1BEBE : 8039 0010 FD9E          or.b    BIOS_P2REPEAT,d0
(2)   50/  C1BEC4 : 0200 0001               andi.b  #(2^CNT_UP),d0
(2)   51/  C1BEC8 : 672A                    beq     .no_up
(2)   52/  C1BECA : 4A39 0011 C1BD          tst.b   IGMCursor
(2)   53/  C1BED0 : 670E                    beq     .top
(2)   54/  C1BED2 :                         ; Move cursor
(2)   55/  C1BED2 : 5339 0011 C1BD          subq.b  #1,IGMCursor
(2)   56/  C1BED8 : 4EB9 00C1 BFA2          jsr     DrawCheatList
(2)   57/  C1BEDE : 6014                    bra     .no_up
(2)   58/  C1BEE0 :                     .top:
(2)   59/  C1BEE0 : 4A39 0011 C1BF          tst.b   IGMCursorShift
(2)   60/  C1BEE6 : 670C                    beq     .no_up
(2)   61/  C1BEE8 :                         ; Scroll
 AS V1.42 Beta [Bld 311] - Source File main.asm(ui_cheats.asm) - Page 94 - 9/11/2026 13:29:43


(2)   62/  C1BEE8 : 5339 0011 C1BF          subq.b  #1,IGMCursorShift
(2)   63/  C1BEEE : 4EB9 00C1 BFA2          jsr     DrawCheatList
(2)   64/  C1BEF4 :                     .no_up:
(2)   65/  C1BEF4 :                     
(2)   66/  C1BEF4 : (MACRO)[60]         	TESTREPEAT CNT_DOWN
(2)   66/  C1BEF4 : 1039 0010 FD98          move.b  BIOS_P1REPEAT,d0
(2)   66/  C1BEFA : 8039 0010 FD9E          or.b    BIOS_P2REPEAT,d0
(2)   66/  C1BF00 : 0200 0002               andi.b  #(2^CNT_DOWN),d0
(2)   67/  C1BF04 : 673A                    beq     .no_down
(2)   68/  C1BF06 : 1039 0011 C1BD          move.b  IGMCursor,d0
(2)   69/  C1BF0C : D039 0011 C1BF      	add.b   IGMCursorShift,d0
(2)   70/  C1BF12 : 5200                	addq.b  #1,d0
(2)   71/  C1BF14 : B039 0011 C1C0          cmp.b   IGMItems,d0
(2)   72/  C1BF1A : 6424                    bhs     .no_down
(2)   73/  C1BF1C : 0C39 0007 0011 C1BD     cmp.b   #MAX_CHEAT_LINES-1,IGMCursor		; Max lines at once
(2)   74/  C1BF24 : 670E                    beq     .scrolldown
(2)   75/  C1BF26 :                         ; Move cursor
(2)   76/  C1BF26 : 5239 0011 C1BD          addq.b  #1,IGMCursor
(2)   77/  C1BF2C : 4EB9 00C1 BFA2          jsr     DrawCheatList
(2)   78/  C1BF32 : 600C                    bra     .no_down
(2)   79/  C1BF34 :                     .scrolldown:
(2)   80/  C1BF34 :                         ; Scroll
(2)   81/  C1BF34 : 5239 0011 C1BF          addq.b  #1,IGMCursorShift
(2)   82/  C1BF3A : 4EB9 00C1 BFA2          jsr     DrawCheatList
(2)   83/  C1BF40 :                     .no_down:
(2)   84/  C1BF40 :                     
(2)   85/  C1BF40 : (MACRO)[61]             TESTCHANGE CNT_A
(2)   85/  C1BF40 : 1039 0010 FD97          move.b  BIOS_P1CHANGE,d0
(2)   85/  C1BF46 : 8039 0010 FD9D          or.b    BIOS_P2CHANGE,d0
(2)   85/  C1BF4C : 0200 0010               andi.b  #(2^CNT_A),d0
(2)   86/  C1BF50 : 671C                    beq     .no_a
(2)   87/  C1BF52 :                         ; Toggle cheat
(2)   88/  C1BF52 : 7201                    moveq.l #1,d1
(2)   89/  C1BF54 : 1039 0011 C1BD          move.b  IGMCursor,d0
(2)   90/  C1BF5A : D039 0011 C1BF      	add.b   IGMCursorShift,d0
(2)   91/  C1BF60 : E1A9                    lsl.l   d0,d1
(2)   92/  C1BF62 : B3B9 0011 C202          eor.l   d1,CheatsBitmap
(2)   93/  C1BF68 : 4EB9 00C1 BFA2          jsr     DrawCheatList
(2)   94/  C1BF6E :                     .no_a:
(2)   95/  C1BF6E :                     
(2)   96/  C1BF6E :                     .nocheats:
(2)   97/  C1BF6E :                     
(2)   98/  C1BF6E :                         ; B press and release
(2)   99/  C1BF6E : 1039 0010 FD96          move.b  BIOS_P1CURRENT,d0
(2)  100/  C1BF74 : 1239 0010 FD95          move.b  BIOS_P1PREVIOUS,d1
(2)  101/  C1BF7A : B300                    eor.b   d1,d0
(2)  102/  C1BF7C : C001                    and.b   d1,d0
(2)  103/  C1BF7E : 0200 0020               andi.b  #1<<CNT_B,d0
(2)  104/  C1BF82 : 671C                    beq     .no_b
(2)  105/  C1BF84 : 4A39 0011 C1C0      	tst.b   IGMItems		; No cheats found
(2)  106/  C1BF8A : 670E                    beq     .close
(2)  107/  C1BF8C : 4AB9 0011 C202      	tst.l   CheatsBitmap	; No cheats enabled
(2)  108/  C1BF92 : 6706                    beq     .close
(2)  109/  C1BF94 : 4EB9 00C1 D68A          jsr     InstallCheats
(2)  110/  C1BF9A :                     .close:
(2)  111/  C1BF9A : 4EB9 00C1 BBA0          jsr     CloseIGM
(2)  112/  C1BFA0 :                     .no_b:
(2)  113/  C1BFA0 : 4E75                    rts
(2)  114/  C1BFA2 :                     
(2)  115/  C1BFA2 :                     
 AS V1.42 Beta [Bld 311] - Source File main.asm(ui_cheats.asm) - Page 95 - 9/11/2026 13:29:43


(2)  116/  C1BFA2 :                     DrawCheatList:
(2)  117/  C1BFA2 :                     	; Search for NGH in cheat data
(2)  118/  C1BFA2 : 4239 0011 C1C0      	clr.b   IGMItems
(2)  119/  C1BFA8 : 41F9 00C2 31EC          lea     CheatData,a0
(2)  120/  C1BFAE : 2448                    movea.l a0,a2
(2)  121/  C1BFB0 : 3E18                    move.w  (a0)+,d7                ; Game count
(2)  122/  C1BFB2 : 3018                    move.w  (a0)+,d0                ; Offset to dictionary
(2)  123/  C1BFB4 : 45F2 0000               lea     0(a2,d0),a2
(2)  124/  C1BFB8 : 3038 0108               move.w  HEADER_NGH,d0
(2)  125/  C1BFBC :                     .search:
(2)  126/  C1BFBC : B050                    cmp.w   (a0),d0
(2)  127/  C1BFBE : 670A                    beq     .found
(2)  128/  C1BFC0 : 5888                    addq.l  #4,a0
(2)  129/  C1BFC2 : 5307                    subq.b  #1,d7
(2)  130/  C1BFC4 : 66F6                    bne     .search
(2)  131/  C1BFC6 : 6000 00AC               bra     .done                   ; No cheats found
(2)  132/  C1BFCA :                     .found:
(2)  133/  C1BFCA :                         ; Cheats found :D
(2)  134/  C1BFCA : 7000                    moveq.l #0,d0
(2)  135/  C1BFCC : 3028 0002               move.w  2(a0),d0                ; Get data offset
(2)  136/  C1BFD0 : 41F9 00C2 31EC          lea     CheatData,a0
(2)  137/  C1BFD6 : 41F0 0000               lea     0(a0,d0),a0
(2)  138/  C1BFDA : 23C8 0011 C206          move.l  a0,CheatDataAddr        ; Store data address for this game for later
(2)  139/  C1BFE0 :                     
(2)  140/  C1BFE0 : 1E18                    move.b  (a0)+,d7                ; Cheats count
(2)  141/  C1BFE2 : 13C7 0011 C1C0          move.b  d7,IGMItems
(2)  142/  C1BFE8 : 6700 008A               beq     .done                   ; No cheats
(2)  143/  C1BFEC :                     
(2)  144/  C1BFEC : 2639 0011 C202          move.l  CheatsBitmap,d3
(2)  145/  C1BFF2 : 1C3C 0008               move.b  #MAX_CHEAT_LINES,d6
(2)  146/  C1BFF6 : 1839 0011 C1BD          move.b  IGMCursor,d4
(2)  147/  C1BFFC : 1239 0011 C1BF          move.b  IGMCursorShift,d1
(2)  148/  C1C002 : 33FC 0020 003C 0004     move.w  #32,REG_VRAMMOD
(2)  149/  C1C00A : 343C 70CB               move.w  #FIXMAP+11+(6*32),d2
(2)  150/  C1C00E : 7A00                    moveq.l #0,d5
(2)  151/  C1C010 :                     .list:
(2)  152/  C1C010 : 5488                    addq.l  #2,a0
(2)  153/  C1C012 :                     
(2)  154/  C1C012 : 4A01                    tst.b   d1
(2)  155/  C1C014 : 670C                    beq     .drawline
(2)  156/  C1C016 : 5301                    subq.b  #1,d1
(2)  157/  C1C018 :                     .skipdesc:
(2)  158/  C1C018 : 4A18                    tst.b   (a0)+           ; Skip description text
(2)  159/  C1C01A : 66FC                    bne     .skipdesc
(2)  160/  C1C01C : E28B                    lsr.l   #1,d3
(2)  161/  C1C01E : 5307                    subq.b  #1,d7
(2)  162/  C1C020 : 66EE                    bne     .list
(2)  163/  C1C022 :                     
(2)  164/  C1C022 :                     .drawline:
(2)  165/  C1C022 :                         ; Draw or clear cursor
(2)  166/  C1C022 : 33C2 003C 0000          move.w  d2,REG_VRAMADDR
(2)  167/  C1C028 : 303C E000           	move.w  #$E000,d0      ; Palette #14
(2)  168/  C1C02C :                     
(2)  169/  C1C02C : 103C 0020               move.b  #' ',d0
(2)  170/  C1C030 : B805                    cmp.b   d5,d4
(2)  171/  C1C032 : 6604                    bne     .nocur
(2)  172/  C1C034 : 103C 0011               move.b  #CHAR_ARROW_RIGHT,d0
(2)  173/  C1C038 :                     .nocur
(2)  174/  C1C038 : 33C0 003C 0002          move.w  d0,REG_VRAMRW
(2)  175/  C1C03E :                     
 AS V1.42 Beta [Bld 311] - Source File main.asm(ui_cheats.asm) - Page 96 - 9/11/2026 13:29:43


(2)  176/  C1C03E :                         ; Draw tick boxes
(2)  177/  C1C03E : 303C F000           	move.w  #$F000,d0      ; Palette #15
(2)  178/  C1C042 : 33C0 0011 C18A      	move.w  d0,FixWriteConfig
(2)  179/  C1C048 : 103C 0005               move.b  #CHAR_BOX,d0
(2)  180/  C1C04C : E28B                    lsr.l   #1,d3
(2)  181/  C1C04E : 6404                    bcc     .disabled
(2)  182/  C1C050 : 103C 0006               move.b  #CHAR_BOX_CHECKED,d0
(2)  183/  C1C054 :                     .disabled
(2)  184/  C1C054 : 33C0 003C 0002          move.w  d0,REG_VRAMRW
(2)  185/  C1C05A :                     
(2)  186/  C1C05A : 3002                	move.w  d2,d0
(2)  187/  C1C05C : 0640 0040           	addi.w  #64,d0
(2)  188/  C1C060 : 4EB9 00C1 E690      	jsr     WriteFixDict
(2)  189/  C1C066 :                     
(2)  190/  C1C066 : 5307                    subq.b  #1,d7
(2)  191/  C1C068 : 670A                    beq     .done       ; Reached last cheat
(2)  192/  C1C06A : 5306                    subq.b  #1,d6
(2)  193/  C1C06C : 6706                    beq     .done       ; Reached max lines
(2)  194/  C1C06E :                     
(2)  195/  C1C06E : 5242                	addq.w  #1,d2       ; Next line
(2)  196/  C1C070 : 5205                    addq.b  #1,d5
(2)  197/  C1C072 : 609C                    bra     .list
(2)  198/  C1C074 :                     .done:
(2)  199/  C1C074 : 33FC E000 0011 C18A 	move.w  #$E000,FixWriteConfig   ; Palette #14
(2)  200/  C1C07C :                     	
(2)  201/  C1C07C :                         ; Show or hide "more cheats" arrow
(2)  202/  C1C07C : 33FC 7413 003C 0000     move.w  #FIXMAP+19+(32*32),REG_VRAMADDR
(2)  203/  C1C084 : 3239 0011 C18A          move.w  FixWriteConfig,d1
(2)  204/  C1C08A : 123C 0020               move.b  #' ',d1
(2)  205/  C1C08E : 1039 0011 C1BF      	move.b  IGMCursorShift,d0
(2)  206/  C1C094 : 0600 0008           	addi.b  #MAX_CHEAT_LINES,d0
(2)  207/  C1C098 : B039 0011 C1C0          cmp.b   IGMItems,d0
(2)  208/  C1C09E : 6404                    bhs     .no_arrow
(2)  209/  C1C0A0 : 123C 0013               move.b  #CHAR_ARROW_DOWN,d1
(2)  210/  C1C0A4 :                     .no_arrow:
(2)  211/  C1C0A4 : 33C1 003C 0002          move.w  d1,REG_VRAMRW
(2)  212/  C1C0AA :                     
(2)  213/  C1C0AA : 4E75                    rts
(2)  214/  C1C0AC :                     
(1)  262/  C1C0AC :                         INCLUDE "ui_sdips.asm"
(2)    1/  C1C0AC :                     ; Copyright (C) 2020 Sean Gonsalves
(2)    2/  C1C0AC :                     ;
(2)    3/  C1C0AC :                     ; This file is part of Neo CD SD Loader.
(2)    4/  C1C0AC :                     ;
(2)    5/  C1C0AC :                     ; This program is free software; you can redistribute it and/or modify
(2)    6/  C1C0AC :                     ; it under the terms of the GNU General Public License as published by
(2)    7/  C1C0AC :                     ; the Free Software Foundation; either version 2, or (at your option)
(2)    8/  C1C0AC :                     ; any later version.
(2)    9/  C1C0AC :                     ;
(2)   10/  C1C0AC :                     ; This program is distributed in the hope that it will be useful,
(2)   11/  C1C0AC :                     ; but WITHOUT ANY WARRANTY; without even the implied warranty of
(2)   12/  C1C0AC :                     ; MERCHANTABILITY or FITNESS FOR A PARTICULAR PURPOSE.  See the
(2)   13/  C1C0AC :                     ; GNU General Public License for more details.
(2)   14/  C1C0AC :                     ;
(2)   15/  C1C0AC :                     ; You should have received a copy of the GNU General Public License
(2)   16/  C1C0AC :                     ; along with this program; see the file COPYING.  If not, write to
(2)   17/  C1C0AC :                     ; the Free Software Foundation, Inc., 51 Franklin Street,
(2)   18/  C1C0AC :                     ; Boston, MA 02110-1301, USA.
(2)   19/  C1C0AC :                     
(2)   20/  C1C0AC :                     ; Non UI-related routines are in sdips.asm
 AS V1.42 Beta [Bld 311] - Source File main.asm(ui_sdips.asm) - Page 97 - 9/11/2026 13:29:43


(2)   21/  C1C0AC :                     
(2)   22/  C1C0AC :                     IGMSetupSDIP:
(2)   23/  C1C0AC : 13FC 0002 0011 C1C1 	move.b  #2,IGMMode     ; SDIP mode
(2)   24/  C1C0B4 : 4239 0011 C1BD          clr.b   IGMCursor
(2)   25/  C1C0BA :                     
(2)   26/  C1C0BA : 4EB9 00C1 BC3A          jsr     DrawIGMBox
(2)   27/  C1C0C0 : 4EB9 00C1 D478          jsr     InitSDIPList
(2)   28/  C1C0C6 :                     
(2)   29/  C1C0C6 : 303C 70C9               move.w  #FIXMAP+9+(6*32),d0
(2)   30/  C1C0CA : 4A39 0011 C1C6          tst.b   SDIPCount
(2)   31/  C1C0D0 : 6730                    beq     .nosdips
(2)   32/  C1C0D2 : 41F9 00C1 EB8D      	lea     StrSDIP,a0
(2)   33/  C1C0D8 : (MACRO)[62]         	DIIRQ
(2)   33/  C1C0D8 : 13C0 0030 0001          move.b  d0,REG_DIPSW
(2)   33/  C1C0DE : 40E7                        move.w  sr,-(a7)
(2)   33/  C1C0E0 : 007C 0700                   ori.w   #$0700,sr
(2)   34/  C1C0E4 : 4EB9 00C1 E528      	jsr     WriteFix
(2)   35/  C1C0EA : (MACRO)[63]         	ENIRQ
(2)   35/  C1C0EA : 33FC 0007 003C 000C         move.w  #7,REG_IRQACK
(2)   35/  C1C0F2 : 46DF                        move.w  (a7)+,sr
(2)   36/  C1C0F4 : 4EB9 00C1 C2E8          jsr     DrawSDIP
(2)   37/  C1C0FA : 4EB9 00C1 C27C          jsr     DrawSDIPCursor
(2)   38/  C1C100 : 4E75                    rts
(2)   39/  C1C102 :                     
(2)   40/  C1C102 :                     .nosdips:
(2)   41/  C1C102 : 41F9 00C1 EBB6      	lea     StrNoSDIP,a0
(2)   42/  C1C108 : (MACRO)[64]         	DIIRQ
(2)   42/  C1C108 : 13C0 0030 0001          move.b  d0,REG_DIPSW
(2)   42/  C1C10E : 40E7                        move.w  sr,-(a7)
(2)   42/  C1C110 : 007C 0700                   ori.w   #$0700,sr
(2)   43/  C1C114 : 4EB9 00C1 E528      	jsr     WriteFix
(2)   44/  C1C11A : (MACRO)[65]         	ENIRQ
(2)   44/  C1C11A : 33FC 0007 003C 000C         move.w  #7,REG_IRQACK
(2)   44/  C1C122 : 46DF                        move.w  (a7)+,sr
(2)   45/  C1C124 : 4E75                	rts
(2)   46/  C1C126 :                     
(2)   47/  C1C126 :                     
(2)   48/  C1C126 :                     IGMVBLProcSDIP:
(2)   49/  C1C126 : 4A39 0011 C1C6          tst.b   SDIPCount
(2)   50/  C1C12C : 6700 012A               beq     .nosdips
(2)   51/  C1C130 :                     
(2)   52/  C1C130 : (MACRO)[66]             TESTREPEAT CNT_UP
(2)   52/  C1C130 : 1039 0010 FD98          move.b  BIOS_P1REPEAT,d0
(2)   52/  C1C136 : 8039 0010 FD9E          or.b    BIOS_P2REPEAT,d0
(2)   52/  C1C13C : 0200 0001               andi.b  #(2^CNT_UP),d0
(2)   53/  C1C140 : 6728                    beq     .no_up
(2)   54/  C1C142 : 1039 0011 C1BD          move.b  IGMCursor,d0
(2)   55/  C1C148 : 6720                    beq     .no_up
(2)   56/  C1C14A : 5300                    subq.b  #1,d0
(2)   57/  C1C14C : 13C0 0011 C1BD          move.b  d0,IGMCursor
(2)   58/  C1C152 : B03C 0007               cmp.b   #7,d0          ; Just went from 8 to 7
(2)   59/  C1C156 : 660C                    bne     .done_up
(2)   60/  C1C158 :                         ; Go to first page
(2)   61/  C1C158 : 4EB9 00C1 BCAC          jsr     ClearIGM
(2)   62/  C1C15E : 4EB9 00C1 C2E8          jsr     DrawSDIP       ; Refresh display
(2)   63/  C1C164 :                     .done_up:
(2)   64/  C1C164 : 4EB9 00C1 C27C          jsr     DrawSDIPCursor
(2)   65/  C1C16A :                     .no_up:
(2)   66/  C1C16A :                     
(2)   67/  C1C16A : (MACRO)[67]         	TESTREPEAT CNT_DOWN
 AS V1.42 Beta [Bld 311] - Source File main.asm(ui_sdips.asm) - Page 98 - 9/11/2026 13:29:43


(2)   67/  C1C16A : 1039 0010 FD98          move.b  BIOS_P1REPEAT,d0
(2)   67/  C1C170 : 8039 0010 FD9E          or.b    BIOS_P2REPEAT,d0
(2)   67/  C1C176 : 0200 0002               andi.b  #(2^CNT_DOWN),d0
(2)   68/  C1C17A : 6732                    beq     .no_down
(2)   69/  C1C17C : 1039 0011 C1BD          move.b  IGMCursor,d0
(2)   70/  C1C182 : 1239 0011 C1C6          move.b  SDIPCount,d1
(2)   71/  C1C188 : 5301                    subq.b  #1,d1          ; Count -> max
(2)   72/  C1C18A : B001                    cmp.b   d1,d0          ; Cursor on last item: no move
(2)   73/  C1C18C : 6420                    bhs     .no_down
(2)   74/  C1C18E : 5200                    addq.b  #1,d0
(2)   75/  C1C190 : 13C0 0011 C1BD          move.b  d0,IGMCursor
(2)   76/  C1C196 : B03C 0008               cmp.b   #8,d0          ; Just went from 7 to 8
(2)   77/  C1C19A : 660C                    bne     .done_down
(2)   78/  C1C19C :                         ; Go to second page
(2)   79/  C1C19C : 4EB9 00C1 BCAC          jsr     ClearIGM
(2)   80/  C1C1A2 : 4EB9 00C1 C2E8          jsr     DrawSDIP       ; Refresh display
(2)   81/  C1C1A8 :                     .done_down:
(2)   82/  C1C1A8 : 4EB9 00C1 C27C          jsr     DrawSDIPCursor
(2)   83/  C1C1AE :                     .no_down:
(2)   84/  C1C1AE :                     
(2)   85/  C1C1AE : (MACRO)[68]             TESTREPEAT CNT_LEFT
(2)   85/  C1C1AE : 1039 0010 FD98          move.b  BIOS_P1REPEAT,d0
(2)   85/  C1C1B4 : 8039 0010 FD9E          or.b    BIOS_P2REPEAT,d0
(2)   85/  C1C1BA : 0200 0004               andi.b  #(2^CNT_LEFT),d0
(2)   86/  C1C1BE : 6724                    beq     .no_left
(2)   87/  C1C1C0 :                         ; Look up required proc to decrease value
(2)   88/  C1C1C0 : 4EB9 00C1 D592          jsr     GetSDIPEntryType
(2)   89/  C1C1C6 : 43F9 00C1 D564          lea     JT_SDIPDec,a1
(2)   90/  C1C1CC : 2271 0000               move.l  (a1,d0),a1
(2)   91/  C1C1D0 : 4EB9 00C1 D5B2          jsr     GetSDIPValueCursor
(2)   92/  C1C1D6 : 4E91                    jsr     (a1)
(2)   93/  C1C1D8 : 4EB9 00C1 D5D4          jsr     SetSDIPValue
(2)   94/  C1C1DE : 4EB9 00C1 C2E8          jsr     DrawSDIP       ; Refresh display
(2)   95/  C1C1E4 :                     .no_left:
(2)   96/  C1C1E4 :                     
(2)   97/  C1C1E4 : (MACRO)[69]             TESTREPEAT CNT_RIGHT
(2)   97/  C1C1E4 : 1039 0010 FD98          move.b  BIOS_P1REPEAT,d0
(2)   97/  C1C1EA : 8039 0010 FD9E          or.b    BIOS_P2REPEAT,d0
(2)   97/  C1C1F0 : 0200 0008               andi.b  #(2^CNT_RIGHT),d0
(2)   98/  C1C1F4 : 6724                    beq     .no_right
(2)   99/  C1C1F6 :                         ; Look up required proc to decrease value
(2)  100/  C1C1F6 : 4EB9 00C1 D592          jsr     GetSDIPEntryType
(2)  101/  C1C1FC : 43F9 00C1 D504          lea     JT_SDIPInc,a1
(2)  102/  C1C202 : 2271 0000               move.l  (a1,d0),a1
(2)  103/  C1C206 : 4EB9 00C1 D5B2          jsr     GetSDIPValueCursor
(2)  104/  C1C20C : 4E91                    jsr     (a1)
(2)  105/  C1C20E : 4EB9 00C1 D5D4          jsr     SetSDIPValue
(2)  106/  C1C214 : 4EB9 00C1 C2E8          jsr     DrawSDIP       ; Refresh display
(2)  107/  C1C21A :                     .no_right:
(2)  108/  C1C21A :                     
(2)  109/  C1C21A : (MACRO)[70]             TESTCHANGE CNT_C
(2)  109/  C1C21A : 1039 0010 FD97          move.b  BIOS_P1CHANGE,d0
(2)  109/  C1C220 : 8039 0010 FD9D          or.b    BIOS_P2CHANGE,d0
(2)  109/  C1C226 : 0200 0040               andi.b  #(2^CNT_C),d0
(2)  110/  C1C22A : 672C                    beq     .no_c
(2)  111/  C1C22C :                         ; Copy default settings to BIOS_GAME_DIP
(2)  112/  C1C22C : 2079 0011 C1C2          move.l  SDIPAddr,a0
(2)  113/  C1C232 : 41E8 0010               lea     16(a0),a0      ; Skip game name
(2)  114/  C1C236 : 43F9 0010 FD84          lea     BIOS_GAME_DIP,a1
(2)  115/  C1C23C : 22D8                    move.l  (a0)+,(a1)+    ; Special settings
 AS V1.42 Beta [Bld 311] - Source File main.asm(ui_sdips.asm) - Page 99 - 9/11/2026 13:29:43


(2)  116/  C1C23E : 32D8                    move.w  (a0)+,(a1)+
(2)  117/  C1C240 : 7E0A                    moveq.l #10,d7         ; Normal settings
(2)  118/  C1C242 :                     .lpdef:
(2)  119/  C1C242 : 1018                    move.b  (a0)+,d0
(2)  120/  C1C244 : E808                    lsr.b   #4,d0
(2)  121/  C1C246 : 12C0                    move.b  d0,(a1)+
(2)  122/  C1C248 : 5307                    subq.b  #1,d7
(2)  123/  C1C24A : 66F6                    bne     .lpdef
(2)  124/  C1C24C : 4EB9 00C1 D478          jsr     InitSDIPList
(2)  125/  C1C252 : 4EB9 00C1 C2E8          jsr     DrawSDIP       ; Refresh display
(2)  126/  C1C258 :                     .no_c:
(2)  127/  C1C258 :                     
(2)  128/  C1C258 :                     .nosdips:
(2)  129/  C1C258 :                     
(2)  130/  C1C258 :                         ; B press and release
(2)  131/  C1C258 : 1039 0010 FD96          move.b  BIOS_P1CURRENT,d0
(2)  132/  C1C25E : 1239 0010 FD95          move.b  BIOS_P1PREVIOUS,d1
(2)  133/  C1C264 : B300                    eor.b   d1,d0
(2)  134/  C1C266 : C001                    and.b   d1,d0
(2)  135/  C1C268 : 0200 0020               andi.b  #1<<CNT_B,d0
(2)  136/  C1C26C : 670C                    beq     .no_b
(2)  137/  C1C26E : 4EB9 00C1 D300          jsr     StoreSDIPs
(2)  138/  C1C274 : 4EB9 00C1 BBA0          jsr     CloseIGM
(2)  139/  C1C27A :                     .no_b:
(2)  140/  C1C27A :                     
(2)  141/  C1C27A : 4E75                    rts
(2)  142/  C1C27C :                     
(2)  143/  C1C27C :                     
(2)  144/  C1C27C :                     DrawSDIPCursor:
(2)  145/  C1C27C : (MACRO)[71]         	DIIRQ
(2)  145/  C1C27C : 13C0 0030 0001          move.b  d0,REG_DIPSW
(2)  145/  C1C282 : 40E7                        move.w  sr,-(a7)
(2)  145/  C1C284 : 007C 0700                   ori.w   #$0700,sr
(2)  146/  C1C288 : 3239 0011 C18A      	move.w  FixWriteConfig,d1
(2)  147/  C1C28E :                     
(2)  148/  C1C28E :                         ; Erase previous cursor
(2)  149/  C1C28E : 7000                    moveq.l #0,d0
(2)  150/  C1C290 : 1039 0011 C1BE          move.b  PrevIGMCursor,d0
(2)  151/  C1C296 : 0200 0007               andi.b  #7,d0
(2)  152/  C1C29A : 0640 70EB               addi.w  #FIXMAP+11+(7*32),d0
(2)  153/  C1C29E : 33C0 003C 0000          move.w  d0,REG_VRAMADDR
(2)  154/  C1C2A4 : 123C 0020               move.b  #' ',d1
(2)  155/  C1C2A8 : 7000                    moveq.l #0,d0
(2)  156/  C1C2AA : 1039 0011 C1BD          move.b  IGMCursor,d0
(2)  157/  C1C2B0 : 33C1 003C 0002          move.w  d1,REG_VRAMRW
(2)  158/  C1C2B6 :                     
(2)  159/  C1C2B6 :                         ; Draw new cursor
(2)  160/  C1C2B6 : 0200 0007               andi.b  #7,d0
(2)  161/  C1C2BA : 0640 70EB               addi.w  #FIXMAP+11+(7*32),d0
(2)  162/  C1C2BE : 33C0 003C 0000          move.w  d0,REG_VRAMADDR
(2)  163/  C1C2C4 : 123C 0011               move.b  #CHAR_ARROW_RIGHT,d1
(2)  164/  C1C2C8 : 13F9 0011 C1BD 0011     move.b  IGMCursor,PrevIGMCursor
           C1C2D0 : C1BE               
(2)  165/  C1C2D2 : 4E71                    nop
(2)  166/  C1C2D4 : 4E71                    nop
(2)  167/  C1C2D6 : 33C1 003C 0002          move.w  d1,REG_VRAMRW
(2)  168/  C1C2DC : (MACRO)[72]             ENIRQ
(2)  168/  C1C2DC : 33FC 0007 003C 000C         move.w  #7,REG_IRQACK
(2)  168/  C1C2E4 : 46DF                        move.w  (a7)+,sr
(2)  169/  C1C2E6 : 4E75                    rts
 AS V1.42 Beta [Bld 311] - Source File main.asm(ui_sdips.asm) - Page 100 - 9/11/2026 13:29:43


(2)  170/  C1C2E8 :                     
(2)  171/  C1C2E8 :                     
(2)  172/  C1C2E8 :                     DrawSDIP:
(2)  173/  C1C2E8 : (MACRO)[73]         	DIIRQ
(2)  173/  C1C2E8 : 13C0 0030 0001          move.b  d0,REG_DIPSW
(2)  173/  C1C2EE : 40E7                        move.w  sr,-(a7)
(2)  173/  C1C2F0 : 007C 0700                   ori.w   #$0700,sr
(2)  174/  C1C2F4 : 41F9 0011 C1C8          lea     SDIPItems,a0
(2)  175/  C1C2FA : 0C39 0008 0011 C1BD     cmp.b   #8,IGMCursor
(2)  176/  C1C302 : 6504                    blo     .firstpage
(2)  177/  C1C304 : 41E8 0020               lea     4*8(a0),a0     ; Second page: skip first 8 entries
(2)  178/  C1C308 :                     .firstpage:
(2)  179/  C1C308 : 2279 0011 C1C2          move.l  SDIPAddr,a1
(2)  180/  C1C30E : 43E9 0020               lea     32(a1),a1      ; String list
(2)  181/  C1C312 :                     
(2)  182/  C1C312 : 343C 710B               move.w  #FIXMAP+11+(8*32),d2    ; First line position
(2)  183/  C1C316 : 33FC 0020 003C 0004 	move.w  #32,REG_VRAMMOD
(2)  184/  C1C31E :                     
(2)  185/  C1C31E : 7E08                    moveq.l #8,d7          ; Max entries per page
(2)  186/  C1C320 :                     .drawlp:
(2)  187/  C1C320 : 7000                    moveq.l #0,d0
(2)  188/  C1C322 : 1010                    move.b  (a0),d0        ; Get type and count
(2)  189/  C1C324 : B03C 00FF               cmp.b   #$FF,d0
(2)  190/  C1C328 : 6752                    beq     .done
(2)  191/  C1C32A : 2600                    move.l  d0,d3
(2)  192/  C1C32C :                     
(2)  193/  C1C32C : 1028 0001               move.b  1(a0),d0       ; Get address of setting's first string
(2)  194/  C1C330 : C0FC 000C               mulu.w  #12,d0
(2)  195/  C1C334 : 2649                    move.l  a1,a3
(2)  196/  C1C336 : D7C0                    add.l   d0,a3
(2)  197/  C1C338 :                     
(2)  198/  C1C338 : 33C2 003C 0000          move.w  d2,REG_VRAMADDR
(2)  199/  C1C33E : 4EB9 00C1 C454          jsr     DrawSDIPString
(2)  200/  C1C344 :                     
(2)  201/  C1C344 : 7000                    moveq.l #0,d0
(2)  202/  C1C346 : 1028 0003               move.b  3(a0),d0      ; Get value's index in BIOS_GAME_DIP
(2)  203/  C1C34A : 4EB9 00C1 D5BA          jsr     GetSDIPValueIndex   ; Get value in d0
(2)  204/  C1C350 :                     
(2)  205/  C1C350 : 33FC F000 0011 C18A 	move.w  #$F000,FixWriteConfig  ; Palette #15
(2)  206/  C1C358 :                     
(2)  207/  C1C358 : E80B                    lsr.b   #4,d3
(2)  208/  C1C35A : D603                    add.b   d3,d3
(2)  209/  C1C35C : D603                    add.b   d3,d3
(2)  210/  C1C35E : 45F9 00C1 C388          lea     JT_SDIPDraw,a2
(2)  211/  C1C364 : 2472 3000               move.l  (a2,d3),a2
(2)  212/  C1C368 : 4E92                    jsr     (a2)
(2)  213/  C1C36A :                     
(2)  214/  C1C36A : 33FC E000 0011 C18A 	move.w  #$E000,FixWriteConfig  ; Palette #14
(2)  215/  C1C372 :                     
(2)  216/  C1C372 : 41E8 0004               lea     4(a0),a0      ; Next entry in SDIPItems
(2)  217/  C1C376 :                     
(2)  218/  C1C376 : 5242                    addq.w  #1,d2         ; Next line
(2)  219/  C1C378 : 5307                    subq.b  #1,d7
(2)  220/  C1C37A : 66A4                    bne     .drawlp
(2)  221/  C1C37C :                     
(2)  222/  C1C37C :                     .done:
(2)  223/  C1C37C : (MACRO)[74]             ENIRQ
(2)  223/  C1C37C : 33FC 0007 003C 000C         move.w  #7,REG_IRQACK
(2)  223/  C1C384 : 46DF                        move.w  (a7)+,sr
(2)  224/  C1C386 : 4E75                    rts
 AS V1.42 Beta [Bld 311] - Source File main.asm(ui_sdips.asm) - Page 101 - 9/11/2026 13:29:43


(2)  225/  C1C388 :                     
(2)  226/  C1C388 :                         
(2)  227/  C1C388 :                     JT_SDIPDraw:
(2)  228/  C1C388 : 00C1 C394               dc.l SDIPDrawNormal
(2)  229/  C1C38C : 00C1 C3AE               dc.l SDIPDrawCount
(2)  230/  C1C390 : 00C1 C414               dc.l SDIPDrawTimer
(2)  231/  C1C394 :                     
(2)  232/  C1C394 :                     SDIPDrawNormal:
(2)  233/  C1C394 : 3202                    move.w  d2,d1
(2)  234/  C1C396 : 0641 01A0               addi.w  #13*32,d1
(2)  235/  C1C39A :                     
(2)  236/  C1C39A : C0FC 000C               mulu.w  #12,d0
(2)  237/  C1C39E : D7C0                    add.l   d0,a3
(2)  238/  C1C3A0 :                     
(2)  239/  C1C3A0 : 33C1 003C 0000          move.w  d1,REG_VRAMADDR
(2)  240/  C1C3A6 : 4EB9 00C1 C454          jsr     DrawSDIPString
(2)  241/  C1C3AC : 4E75                    rts
(2)  242/  C1C3AE :                     
(2)  243/  C1C3AE :                     SDIPDrawCount:
(2)  244/  C1C3AE : 3202                    move.w  d2,d1
(2)  245/  C1C3B0 : 0641 01A0               addi.w  #13*32,d1
(2)  246/  C1C3B4 :                     
(2)  247/  C1C3B4 : 4A00                    tst.b   d0
(2)  248/  C1C3B6 : 672C                    beq     .without
(2)  249/  C1C3B8 : B03C 0064               cmp.b   #100,d0
(2)  250/  C1C3BC : 643E                    bhs     .infinite
(2)  251/  C1C3BE :                     
(2)  252/  C1C3BE : 33C1 003C 0000          move.w  d1,REG_VRAMADDR
(2)  253/  C1C3C4 :                     
(2)  254/  C1C3C4 : 4EB9 00C1 E38E          jsr     HexToBCD
(2)  255/  C1C3CA : 4EB9 00C1 E6FA          jsr     WriteByte
(2)  256/  C1C3D0 :                     
(2)  257/  C1C3D0 : 123C 0020           	move.b  #' ',d1        ; Clear 8 - 2 = 6 chars in case previous value was WITHOUT or INFINITE
(2)  258/  C1C3D4 : 7C06                    moveq.l #6,d6
(2)  259/  C1C3D6 :                     .clearchar:
(2)  260/  C1C3D6 : 4E71                	nop
(2)  261/  C1C3D8 : 33C1 003C 0002      	move.w  d1,REG_VRAMRW
(2)  262/  C1C3DE : 5306                	subq.b  #1,d6
(2)  263/  C1C3E0 : 66F4                	bne     .clearchar
(2)  264/  C1C3E2 : 4E75                    rts
(2)  265/  C1C3E4 :                         
(2)  266/  C1C3E4 :                     .without:
(2)  267/  C1C3E4 : 48E7 0080               movem.l a0,-(sp)
(2)  268/  C1C3E8 : 41F9 00C1 EBF2      	lea     StrWITHOUT,a0
(2)  269/  C1C3EE : 3001                    move.w  d1,d0
(2)  270/  C1C3F0 : 4EB9 00C1 E528      	jsr     WriteFix
(2)  271/  C1C3F6 : 4CDF 0100               movem.l (sp)+,a0
(2)  272/  C1C3FA : 4E75                	rts
(2)  273/  C1C3FC :                     
(2)  274/  C1C3FC :                     .infinite:
(2)  275/  C1C3FC : 48E7 0080               movem.l a0,-(sp)
(2)  276/  C1C400 : 41F9 00C1 EBFB      	lea     StrINFINITE,a0
(2)  277/  C1C406 : 3001                    move.w  d1,d0
(2)  278/  C1C408 : 4EB9 00C1 E528      	jsr     WriteFix
(2)  279/  C1C40E : 4CDF 0100               movem.l (sp)+,a0
(2)  280/  C1C412 : 4E75                	rts
(2)  281/  C1C414 :                     
(2)  282/  C1C414 :                     SDIPDrawTimer:
(2)  283/  C1C414 : 3202                    move.w  d2,d1
(2)  284/  C1C416 : 0641 0200               addi.w  #(13*32)+(3*32),d1
 AS V1.42 Beta [Bld 311] - Source File main.asm(ui_sdips.asm) - Page 102 - 9/11/2026 13:29:43


(2)  285/  C1C41A : 33C1 003C 0000          move.w  d1,REG_VRAMADDR
(2)  286/  C1C420 :                     
(2)  287/  C1C420 : 4EB9 00C1 E6FA          jsr     WriteByte
(2)  288/  C1C426 : 4E71                    nop
(2)  289/  C1C428 : 123C 0073               move.b  #'s',d1
(2)  290/  C1C42C : 33C1 003C 0002      	move.w  d1,REG_VRAMRW
(2)  291/  C1C432 :                     
(2)  292/  C1C432 : 3202                    move.w  d2,d1
(2)  293/  C1C434 : 0641 01A0               addi.w  #(13*32),d1
(2)  294/  C1C438 : 33C1 003C 0000          move.w  d1,REG_VRAMADDR
(2)  295/  C1C43E :                     
(2)  296/  C1C43E : E048                    lsr.w   #8,d0
(2)  297/  C1C440 : 4EB9 00C1 E6FA          jsr     WriteByte
(2)  298/  C1C446 : 4E71                    nop
(2)  299/  C1C448 : 123C 006D               move.b  #'m',d1
(2)  300/  C1C44C : 33C1 003C 0002      	move.w  d1,REG_VRAMRW
(2)  301/  C1C452 : 4E75                    rts
(2)  302/  C1C454 :                     
(2)  303/  C1C454 :                     DrawSDIPString:
(2)  304/  C1C454 : 3239 0011 C18A      	move.w  FixWriteConfig,d1
(2)  305/  C1C45A : 7C0C                    moveq.l #12,d6
(2)  306/  C1C45C :                     .writename:
(2)  307/  C1C45C : 4E71                    nop
(2)  308/  C1C45E : 121B                    move.b  (a3)+,d1
(2)  309/  C1C460 : 33C1 003C 0002      	move.w  d1,REG_VRAMRW
(2)  310/  C1C466 : 5346                    subq.w  #1,d6
(2)  311/  C1C468 : 66F2                    bne     .writename
(2)  312/  C1C46A : 4E75                    rts
(2)  313/  C1C46C :                     
(1)  263/  C1C46C :                         ;INCLUDE "ui_savestate.asm"
(1)  264/  C1C46C :                         ;INCLUDE "ui_loadstate.asm"
(1)  265/  C1C46C :                     
     202/  C1C46C :                     	INCLUDE "settings.asm"
(1)    1/  C1C46C :                     ; Copyright (C) 2020 Sean Gonsalves
(1)    2/  C1C46C :                     ;
(1)    3/  C1C46C :                     ; This file is part of Neo CD SD Loader.
(1)    4/  C1C46C :                     ;
(1)    5/  C1C46C :                     ; This program is free software; you can redistribute it and/or modify
(1)    6/  C1C46C :                     ; it under the terms of the GNU General Public License as published by
(1)    7/  C1C46C :                     ; the Free Software Foundation; either version 2, or (at your option)
(1)    8/  C1C46C :                     ; any later version.
(1)    9/  C1C46C :                     ;
(1)   10/  C1C46C :                     ; This program is distributed in the hope that it will be useful,
(1)   11/  C1C46C :                     ; but WITHOUT ANY WARRANTY; without even the implied warranty of
(1)   12/  C1C46C :                     ; MERCHANTABILITY or FITNESS FOR A PARTICULAR PURPOSE.  See the
(1)   13/  C1C46C :                     ; GNU General Public License for more details.
(1)   14/  C1C46C :                     ;
(1)   15/  C1C46C :                     ; You should have received a copy of the GNU General Public License
(1)   16/  C1C46C :                     ; along with this program; see the file COPYING.  If not, write to
(1)   17/  C1C46C :                     ; the Free Software Foundation, Inc., 51 Franklin Street,
(1)   18/  C1C46C :                     ; Boston, MA 02110-1301, USA.
(1)   19/  C1C46C :                     
(1)   20/  C1C46C :                     ;SAVE_DATA1: xxaAFSNN
(1)   21/  C1C46C :                     ;x: Unused
(1)   22/  C1C46C :                     ;a: Loading animation slow/fast
(1)   23/  C1C46C :                     ;A: Default boot animation on/off
(1)   24/  C1C46C :                     ;F: Sound effects on/off
(1)   25/  C1C46C :                     ;S: Screen saver on/off
(1)   26/  C1C46C :                     ;NN: Nationality
(1)   27/  C1C46C :                     
 AS V1.42 Beta [Bld 311] - Source File main.asm(settings.asm) - Page 103 - 9/11/2026 13:29:43


(1)   28/  C1C46C :                     ;SAVE_DATA2: xxbgrBGR
(1)   29/  C1C46C :                     ;bgr: LED idle color
(1)   30/  C1C46C :                     ;BGR: LED loading color
(1)   31/  C1C46C :                     
(1)   32/  C1C46C :                     SaveSettings:
(1)   33/  C1C46C : 7000                    moveq.l #0,d0
(1)   34/  C1C46E : 13C0 003A 0019          move.b  d0,REG_CRDNORMAL
(1)   35/  C1C474 : 13C0 0038 0011          move.b  d0,REG_CRDBANK
(1)   36/  C1C47A :                     
(1)   37/  C1C47A : 1039 0011 C192          move.b  SettingLoadAnim,d0
(1)   38/  C1C480 : 0200 0001               andi.b  #1,d0               ; xxxxxxxa
(1)   39/  C1C484 : D000                    add.b   d0,d0               ; xxxxxxa0
(1)   40/  C1C486 : 1239 0011 C191          move.b  SettingBootAnim,d1
(1)   41/  C1C48C : 0201 0001               andi.b  #1,d1               ; xxxxxxxA
(1)   42/  C1C490 : 8001                    or.b    d1,d0               ; xxxxxxaA
(1)   43/  C1C492 : D000                    add.b   d0,d0               ; xxxxxaA0
(1)   44/  C1C494 : 1239 0011 C190          move.b  SettingSFX,d1
(1)   45/  C1C49A : 0201 0001               andi.b  #1,d1               ; xxxxxxxF
(1)   46/  C1C49E : 8001                    or.b    d1,d0               ; xxxxxaAF
(1)   47/  C1C4A0 : D000                    add.b   d0,d0               ; xxxxaAF0
(1)   48/  C1C4A2 : 1239 0011 C18D          move.b  SettingSSaver,d1
(1)   49/  C1C4A8 : 0201 0001               andi.b  #1,d1
(1)   50/  C1C4AC : 8001                    or.b    d1,d0               ; xxxxaAFS
(1)   51/  C1C4AE : D000                    add.b   d0,d0               ; xxxaAFS0
(1)   52/  C1C4B0 : D000                    add.b   d0,d0               ; xxaAFS00
(1)   53/  C1C4B2 : 1239 0011 C18C          move.b  SettingCountry,d1
(1)   54/  C1C4B8 : 0201 0003               andi.b  #3,d1
(1)   55/  C1C4BC : 8001                    or.b    d1,d0               ; xxaAFSNN
(1)   56/  C1C4BE : 13C0 0080 0001          move.b  d0,SAVE_DATA1
(1)   57/  C1C4C4 :                     
(1)   58/  C1C4C4 : 1039 0011 C18E          move.b  SettingLEDIdle,d0
(1)   59/  C1C4CA : 0200 0007               andi.b  #7,d0
(1)   60/  C1C4CE : E708                    lsl.b   #3,d0
(1)   61/  C1C4D0 : 1239 0011 C18F          move.b  SettingLEDLoad,d1
(1)   62/  C1C4D6 : 0201 0007               andi.b  #7,d1
(1)   63/  C1C4DA : 8001                    or.b    d1,d0
(1)   64/  C1C4DC : 13C0 0080 0009          move.b  d0,SAVE_DATA2
(1)   65/  C1C4E2 : 4E75                    rts
(1)   66/  C1C4E4 :                     
(1)   67/  C1C4E4 :                     LoadSettings:
(1)   68/  C1C4E4 : 7000                    moveq.l #0,d0
(1)   69/  C1C4E6 : 13C0 003A 0019          move.b  d0,REG_CRDNORMAL
(1)   70/  C1C4EC : 13C0 0038 0011          move.b  d0,REG_CRDBANK
(1)   71/  C1C4F2 :                     
(1)   72/  C1C4F2 : 1039 0080 0001          move.b  SAVE_DATA1,d0
(1)   73/  C1C4F8 : 1200                    move.b  d0,d1               ; xxaAFSNN
(1)   74/  C1C4FA : 0201 0003               andi.b  #3,d1
(1)   75/  C1C4FE : 13C1 0011 C18C          move.b  d1,SettingCountry
(1)   76/  C1C504 : E408                    lsr.b   #2,d0               ; xxxxaAFS
(1)   77/  C1C506 : 1200                    move.b  d0,d1
(1)   78/  C1C508 : 0201 0001               andi.b  #1,d1
(1)   79/  C1C50C : 13C1 0011 C18D          move.b  d1,SettingSSaver
(1)   80/  C1C512 : E208                    lsr.b   #1,d0               ; xxxxxaAF
(1)   81/  C1C514 : 1200                    move.b  d0,d1
(1)   82/  C1C516 : 0201 0001               andi.b  #1,d1
(1)   83/  C1C51A : 13C1 0011 C190          move.b  d1,SettingSFX
(1)   84/  C1C520 : E208                    lsr.b   #1,d0               ; xxxxxxaA
(1)   85/  C1C522 : 1200                    move.b  d0,d1
(1)   86/  C1C524 : 0201 0001               andi.b  #1,d1
(1)   87/  C1C528 : 13C1 0011 C191          move.b  d1,SettingBootAnim
 AS V1.42 Beta [Bld 311] - Source File main.asm(settings.asm) - Page 104 - 9/11/2026 13:29:43


(1)   88/  C1C52E : E208                    lsr.b   #1,d0               ; xxxxxxxa
(1)   89/  C1C530 : 0200 0001               andi.b  #1,d0
(1)   90/  C1C534 : 13C0 0011 C192          move.b  d0,SettingLoadAnim
(1)   91/  C1C53A :                     
(1)   92/  C1C53A : 1039 0080 0009          move.b  SAVE_DATA2,d0
(1)   93/  C1C540 : 1200                    move.b  d0,d1
(1)   94/  C1C542 : 0201 0007               andi.b  #7,d1
(1)   95/  C1C546 :                         ; Can't be 7
(1)   96/  C1C546 : B23C 0007               cmp.b   #7,d1
(1)   97/  C1C54A : 6604                    bne     .ok1
(1)   98/  C1C54C : 123C 0000               move.b  #0,d1
(1)   99/  C1C550 :                     .ok1:
(1)  100/  C1C550 : 13C1 0011 C18F          move.b  d1,SettingLEDLoad
(1)  101/  C1C556 : E608                    lsr.b   #3,d0
(1)  102/  C1C558 : 0200 0007               andi.b  #7,d0
(1)  103/  C1C55C :                         ; Can't be 7
(1)  104/  C1C55C : B03C 0007               cmp.b   #7,d0
(1)  105/  C1C560 : 6604                    bne     .ok2
(1)  106/  C1C562 : 103C 0000               move.b  #0,d0
(1)  107/  C1C566 :                     .ok2:
(1)  108/  C1C566 : 13C0 0011 C18E          move.b  d0,SettingLEDIdle
(1)  109/  C1C56C : 4E75                    rts
(1)  110/  C1C56E :                     
     203/  C1C56E :                     	INCLUDE "saves.asm"
(1)    1/  C1C56E :                     ; Copyright (C) 2020 Sean Gonsalves
(1)    2/  C1C56E :                     ;
(1)    3/  C1C56E :                     ; This file is part of Neo CD SD Loader.
(1)    4/  C1C56E :                     ;
(1)    5/  C1C56E :                     ; This program is free software; you can redistribute it and/or modify
(1)    6/  C1C56E :                     ; it under the terms of the GNU General Public License as published by
(1)    7/  C1C56E :                     ; the Free Software Foundation; either version 2, or (at your option)
(1)    8/  C1C56E :                     ; any later version.
(1)    9/  C1C56E :                     ;
(1)   10/  C1C56E :                     ; This program is distributed in the hope that it will be useful,
(1)   11/  C1C56E :                     ; but WITHOUT ANY WARRANTY; without even the implied warranty of
(1)   12/  C1C56E :                     ; MERCHANTABILITY or FITNESS FOR A PARTICULAR PURPOSE.  See the
(1)   13/  C1C56E :                     ; GNU General Public License for more details.
(1)   14/  C1C56E :                     ;
(1)   15/  C1C56E :                     ; You should have received a copy of the GNU General Public License
(1)   16/  C1C56E :                     ; along with this program; see the file COPYING.  If not, write to
(1)   17/  C1C56E :                     ; the Free Software Foundation, Inc., 51 Franklin Street,
(1)   18/  C1C56E :                     ; Boston, MA 02110-1301, USA.
(1)   19/  C1C56E :                     
(1)   20/  C1C56E :                     SetupSavesMenu:
(1)   21/  C1C56E :                         ; Set BIOS_COUNTRY_CODE to software setting
(1)   22/  C1C56E : 1039 0011 C18C          move.b  SettingCountry,d0
(1)   23/  C1C574 : 0200 0003           	andi.b  #3,d0                   ; Sanitize
(1)   24/  C1C578 : 13C0 0010 FD83      	move.b  d0,BIOS_COUNTRY_CODE
(1)   25/  C1C57E :                         ; Run the original "memory card" menu
(1)   26/  C1C57E : 4EF9 00C1 474A          jmp     MemCardMenu
(1)   27/  C1C584 :                     
(1)   28/  C1C584 :                     
(1)   29/  C1C584 :                     ; d0: If non-zero, force save even if file exists
(1)   30/  C1C584 :                     StoreSaves:
(1)   31/  C1C584 :                         ; Tell MCU to create file
(1)   32/  C1C584 : 41F9 0011 C194          lea     MCUCmdParams,a0
(1)   33/  C1C58A : 10BC 0001               move.b  #1,(a0)                 ; Subcommand 1: Open file
(1)   34/  C1C58E : 4228 0002               clr.b   2(a0)
(1)   35/  C1C592 : 4A00                    tst.b   d0
(1)   36/  C1C594 : 6604                    bne     .nocheck
 AS V1.42 Beta [Bld 311] - Source File main.asm(saves.asm) - Page 105 - 9/11/2026 13:29:43


(1)   37/  C1C596 : 5228 0002               addq.b  #1,2(a0)                ; Check if the file exists first
(1)   38/  C1C59A :                     .nocheck:
(1)   39/  C1C59A :                     
(1)   40/  C1C59A :                         ; Copy filename to MCUCmdParams and append extension
(1)   41/  C1C59A : 43F9 0010 D03E          lea     FileNameBuffer,a1
(1)   42/  C1C5A0 : 41E8 0003               lea     3(a0),a0
(1)   43/  C1C5A4 : 7E11                    moveq.l #17,d7
(1)   44/  C1C5A6 :                     .cp:
(1)   45/  C1C5A6 : 1019                    move.b  (a1)+,d0
(1)   46/  C1C5A8 : 6706                    beq     .nullchar
(1)   47/  C1C5AA : 10C0                    move.b  d0,(a0)+
(1)   48/  C1C5AC : 5307                    subq.b  #1,d7
(1)   49/  C1C5AE : 66F6                    bne     .cp
(1)   50/  C1C5B0 :                     .nullchar:
(1)   51/  C1C5B0 : 10FC 002E               move.b  #'.',(a0)+
(1)   52/  C1C5B4 : 10FC 0053               move.b  #'S',(a0)+
(1)   53/  C1C5B8 : 10FC 0041               move.b  #'A',(a0)+
(1)   54/  C1C5BC : 10FC 0056               move.b  #'V',(a0)+
(1)   55/  C1C5C0 : 10BC 0000               move.b  #0,(a0)
(1)   56/  C1C5C4 :                     
(1)   57/  C1C5C4 : (MACRO)[75]             MCUCMD  MCU_CMD_STORESAVE
(1)   57/  C1C5C4 : 163C 000C               move.b  #MCU_CMD_STORESAVE,d3
(1)   57/  C1C5C8 : 4EB9 00C1 C996          jsr     MCUCommand
(1)   58/  C1C5CE : 6406                    bcc     .notimeout
(1)   59/  C1C5D0 :                     .storefailtimeout:
(1)   60/  C1C5D0 : 4EF9 00C1 98F2          jmp     DispErrorTimeout
(1)   61/  C1C5D6 :                     .notimeout:
(1)   62/  C1C5D6 :                         ; Read 4 words from the MCU (see doc)
(1)   63/  C1C5D6 : 4EB9 00C1 CA9A          jsr     MCURead4Words
(1)   64/  C1C5DC :                         ; Check that command was processed ok
(1)   65/  C1C5DC : 1039 0011 C100          move.b  MCUReplyBuffer,d0
(1)   66/  C1C5E2 : 0200 00F0               andi.b  #$F0,d0
(1)   67/  C1C5E6 : B03C 00F0               cmp.b   #$F0,d0
(1)   68/  C1C5EA : 672C                    beq     .cmdok
(1)   69/  C1C5EC :                         ; Does file already exist ?
(1)   70/  C1C5EC : 0C39 0003 0011 C101     cmp.b   #3,MCUReplyBuffer+1
(1)   71/  C1C5F4 : 661C                    bne     .error
(1)   72/  C1C5F6 :                         ; Yes: warn user
(1)   73/  C1C5F6 : 103C 0043               move.b  #SFX_NEG,d0
(1)   74/  C1C5FA : 4EB9 00C1 9568          jsr     PlaySFX
(1)   75/  C1C600 : 41F9 00C1 EEE8          lea     FixStrFileExists,a0
(1)   76/  C1C606 : 43F9 00C1 C6D6          lea     ExitFileExists,a1
(1)   77/  C1C60C : 4EF9 00C1 9742          jmp     MessageBoxCustom
(1)   78/  C1C612 :                     .error:
(1)   79/  C1C612 : 4EF9 00C1 9900          jmp     DispError
(1)   80/  C1C618 :                     .cmdok:
(1)   81/  C1C618 :                     
(1)   82/  C1C618 :                         ; Ok, send data one word at a time
(1)   83/  C1C618 : 41F9 0011 C194          lea     MCUCmdParams,a0
(1)   84/  C1C61E : 10FC 0002               move.b  #2,(a0)+                ; Subcommand 2: Setup data transfer
(1)   85/  C1C622 : 10FC 0010               move.b  #((8192+2)/2)>>8,(a0)+  ; Entire save data is 8kB + 2 checksum bytes (in words)
(1)   86/  C1C626 : 10BC 0001               move.b  #((8192+2)/2)&255,(a0)
(1)   87/  C1C62A : (MACRO)[76]             MCUCMD  MCU_CMD_STORESAVE
(1)   87/  C1C62A : 163C 000C               move.b  #MCU_CMD_STORESAVE,d3
(1)   87/  C1C62E : 4EB9 00C1 C996          jsr     MCUCommand
(1)   88/  C1C634 : 659A                    bcs     .storefailtimeout
(1)   89/  C1C636 :                         ; Read 4 words from the MCU (see doc)
(1)   90/  C1C636 : 4EB9 00C1 CA9A          jsr     MCURead4Words
(1)   91/  C1C63C :                         ; Check that command was processed ok
(1)   92/  C1C63C : 1039 0011 C100          move.b  MCUReplyBuffer,d0
 AS V1.42 Beta [Bld 311] - Source File main.asm(saves.asm) - Page 106 - 9/11/2026 13:29:43


(1)   93/  C1C642 : 0200 00F0               andi.b  #$F0,d0
(1)   94/  C1C646 : B03C 00F0               cmp.b   #$F0,d0
(1)   95/  C1C64A : 66C6                    bne     .error
(1)   96/  C1C64C :                     
(1)   97/  C1C64C : 41F9 0080 0001          lea     MEMCARD+1,a0       ; Save data is on odd bytes
(1)   98/  C1C652 : 283C 0000 1000          move.l  #8192/2,d4         ; Block size in words, entire save data is 8kB
(1)   99/  C1C658 : 7C00                    moveq.l #0,d6              ; Checksum accumulator
(1)  100/  C1C65A : 7200                    moveq.l #0,d1              ; Make sure upper bits are cleared
(1)  101/  C1C65C :                     .loop:
(1)  102/  C1C65C : 1210                    move.b  0(a0),d1           ; Assemble word from 2 bytes
(1)  103/  C1C65E : DC41                    add.w   d1,d6
(1)  104/  C1C660 : 1001                    move.b  d1,d0
(1)  105/  C1C662 : E148                    lsl.w   #8,d0
(1)  106/  C1C664 : 1228 0002               move.b  2(a0),d1
(1)  107/  C1C668 : DC41                    add.w   d1,d6
(1)  108/  C1C66A : 1001                    move.b  d1,d0
(1)  109/  C1C66C : 33C0 00C1 E000          move.w  d0,CPLDREG_DATA    ; Write to MCU
(1)  110/  C1C672 : 4EB9 00C1 C9FE          jsr     MCUWaitAck
(1)  111/  C1C678 : 6500 FF56               bcs     .storefailtimeout
(1)  112/  C1C67C : 5888                    addq.l  #4,a0
(1)  113/  C1C67E : 5344                    subq.w  #1,d4
(1)  114/  C1C680 : 66DA                    bne     .loop
(1)  115/  C1C682 :                     
(1)  116/  C1C682 : 33C6 00C1 E000          move.w  d6,CPLDREG_DATA    ; Send checksum
(1)  117/  C1C688 : 4EB9 00C1 C9FE          jsr     MCUWaitAck
(1)  118/  C1C68E : 6500 FF40               bcs     .storefailtimeout
(1)  119/  C1C692 :                     
(1)  120/  C1C692 : 13FC 0000 0011 C194     move.b  #0,MCUCmdParams    ; Subcommand 0: Close file
(1)  121/  C1C69A : (MACRO)[77]             MCUCMD  MCU_CMD_STORESAVE
(1)  121/  C1C69A : 163C 000C               move.b  #MCU_CMD_STORESAVE,d3
(1)  121/  C1C69E : 4EB9 00C1 C996          jsr     MCUCommand
(1)  122/  C1C6A4 : 6500 FF2A               bcs     .storefailtimeout
(1)  123/  C1C6A8 :                         ; Read 4 words from the MCU (see doc)
(1)  124/  C1C6A8 : 4EB9 00C1 CA9A          jsr     MCURead4Words
(1)  125/  C1C6AE :                         ; Check that command was processed ok
(1)  126/  C1C6AE : 1039 0011 C100          move.b  MCUReplyBuffer,d0
(1)  127/  C1C6B4 : 0200 00F0               andi.b  #$F0,d0
(1)  128/  C1C6B8 : B03C 00F0               cmp.b   #$F0,d0
(1)  129/  C1C6BC : 6600 FF54               bne     .error
(1)  130/  C1C6C0 :                     
(1)  131/  C1C6C0 : 103C 0042               move.b  #SFX_POS,d0
(1)  132/  C1C6C4 : 4EB9 00C1 9568          jsr     PlaySFX
(1)  133/  C1C6CA : 41F9 00C1 F385          lea     FixStrSaveStored,a0
(1)  134/  C1C6D0 : 4EF9 00C1 973E          jmp     MessageBox
(1)  135/  C1C6D6 :                     
(1)  136/  C1C6D6 :                     ExitFileExists:
(1)  137/  C1C6D6 : (MACRO)[78]             TESTCHANGE CNT_A
(1)  137/  C1C6D6 : 1039 0010 FD97          move.b  BIOS_P1CHANGE,d0
(1)  137/  C1C6DC : 8039 0010 FD9D          or.b    BIOS_P2CHANGE,d0
(1)  137/  C1C6E2 : 0200 0010               andi.b  #(2^CNT_A),d0
(1)  138/  C1C6E6 : 6708                    beq     .no_a
(1)  139/  C1C6E8 : 50C0                    st.b    d0                 ; Force save
(1)  140/  C1C6EA : 4EB9 00C1 C584          jsr     StoreSaves
(1)  141/  C1C6F0 :                     .no_a:
(1)  142/  C1C6F0 : 4E75                    rts
(1)  143/  C1C6F2 :                     
(1)  144/  C1C6F2 :                     
(1)  145/  C1C6F2 :                     ; d0.b: Save file index
(1)  146/  C1C6F2 :                     LoadSaves:
(1)  147/  C1C6F2 : 13C0 0011 C194          move.b  d0,MCUCmdParams
 AS V1.42 Beta [Bld 311] - Source File main.asm(saves.asm) - Page 107 - 9/11/2026 13:29:43


(1)  148/  C1C6F8 :                         ; First, load to compute checksum without storing in MEMCARD area
(1)  149/  C1C6F8 :                         ; CHANGED ! Direct copy to MEMCARD now because low RAM
(1)  150/  C1C6F8 : 43F9 0080 0001          lea     MEMCARD+1,a1       ; Data in MEMCARD is on odd bytes
(1)  151/  C1C6FE : 7800                    moveq.l #0,d4              ; Chunk counter
(1)  152/  C1C700 : 7C00                    moveq.l #0,d6              ; Checksum accumulator
(1)  153/  C1C702 :                     .loadchunk:
(1)  154/  C1C702 :                         ; Ask MCU for 2kB of the save file data
(1)  155/  C1C702 : 13FC 0000 0011 C195     move.b  #0,MCUCmdParams+1  ; MSB of block number
(1)  156/  C1C70A : 13C4 0011 C196          move.b  d4,MCUCmdParams+2  ; LSB of block number
(1)  157/  C1C710 : (MACRO)[79]             MCUCMD  MCU_CMD_LOADSAVE   ; d4 should come out the same
(1)  157/  C1C710 : 163C 000D               move.b  #MCU_CMD_LOADSAVE,d3
(1)  157/  C1C714 : 4EB9 00C1 C996          jsr     MCUCommand
(1)  158/  C1C71A : 6406                    bcc     .notimeout
(1)  159/  C1C71C : 4EF9 00C1 98F2          jmp     DispErrorTimeout
(1)  160/  C1C722 :                     .notimeout:
(1)  161/  C1C722 :                         ; Read 4 words from the MCU (see doc) CHANGED
(1)  162/  C1C722 : 4EB9 00C1 CA9A          jsr     MCURead4Words
(1)  163/  C1C728 :                         ; Check that command was processed ok
(1)  164/  C1C728 : 1039 0011 C100          move.b  MCUReplyBuffer,d0
(1)  165/  C1C72E : 0200 00F0               andi.b  #$F0,d0
(1)  166/  C1C732 : B03C 00F0               cmp.b   #$F0,d0
(1)  167/  C1C736 : 6706                    beq     .cmdok
(1)  168/  C1C738 : 4EF9 00C1 9900          jmp     DispError
(1)  169/  C1C73E :                     .cmdok:
(1)  170/  C1C73E :                         ; Ok, retrieve chunk data
(1)  171/  C1C73E : 41F9 00C1 E000      	lea     CPLDREG_DATA,a0
(1)  172/  C1C744 :                     
(1)  173/  C1C744 : B83C 0004           	cmp.b   #4,d4              ; 4 chunks of 2kB = whole 8kB save file
(1)  174/  C1C748 : 6724                    beq     .checkcsum
(1)  175/  C1C74A : 5204                	addq.b  #1,d4
(1)  176/  C1C74C :                     
(1)  177/  C1C74C :                         ; Read data and update checksum
(1)  178/  C1C74C : 3E3C 0400           	move.w  #2048/2,d7 		   ; Load chunk in words
(1)  179/  C1C750 : 343C 00FF           	move.w  #$00FF,d2
(1)  180/  C1C754 :                     .readdata:
(1)  181/  C1C754 : 3010                	move.w  (a0),d0            ; Get two bytes at once
(1)  182/  C1C756 : 3200                	move.w  d0,d1
(1)  183/  C1C758 : 1340 0002           	move.b  d0,2(a1)           ; Store LSB
(1)  184/  C1C75C : E048                    lsr.w   #8,d0
(1)  185/  C1C75E : 1280                	move.b  d0,(a1)            ; Store MSB
(1)  186/  C1C760 : 5889                    addq.l  #4,a1
(1)  187/  C1C762 : DC40                    add.w   d0,d6              ; High
(1)  188/  C1C764 : C242                    and.w   d2,d1
(1)  189/  C1C766 : DC41                    add.w   d1,d6              ; Low
(1)  190/  C1C768 : 5347                	subq.w  #1,d7
(1)  191/  C1C76A : 66E8                	bne     .readdata
(1)  192/  C1C76C : 6094                	bra     .loadchunk
(1)  193/  C1C76E :                     .checkcsum:
(1)  194/  C1C76E :                     
(1)  195/  C1C76E :                         ; Get checksum and compare
(1)  196/  C1C76E : 3010                	move.w  (a0),d0
(1)  197/  C1C770 : B046                	cmp.w   d6,d0
(1)  198/  C1C772 : 6716                	beq     .csum_ok
(1)  199/  C1C774 :                     	; Checksum mismatch
(1)  200/  C1C774 : 103C 0043               move.b  #SFX_NEG,d0
(1)  201/  C1C778 : 4EB9 00C1 9568          jsr     PlaySFX
(1)  202/  C1C77E : 41F9 00C1 F0B8          lea     FixStrSaveChkError,a0
(1)  203/  C1C784 : 4EF9 00C1 973E          jmp     MessageBox
(1)  204/  C1C78A :                     .csum_ok:
(1)  205/  C1C78A :                     
 AS V1.42 Beta [Bld 311] - Source File main.asm(saves.asm) - Page 108 - 9/11/2026 13:29:43


(1)  206/  C1C78A : 103C 0042               move.b  #SFX_POS,d0
(1)  207/  C1C78E : 4EB9 00C1 9568          jsr     PlaySFX
(1)  208/  C1C794 : 41F9 00C1 F3B1          lea     FixStrSaveLoaded,a0
(1)  209/  C1C79A : 4EF9 00C1 973E          jmp     MessageBox
(1)  210/  C1C7A0 :                     
(1)  211/  C1C7A0 :                     
(1)  212/  C1C7A0 :                     ; d0.b: Save file index
(1)  213/  C1C7A0 :                     DeleteSaves:
(1)  214/  C1C7A0 : 41F9 0011 C194          lea     MCUCmdParams,a0
(1)  215/  C1C7A6 : 10FC 0003               move.b  #3,(a0)+                ; Subcommand 3: Delete file
(1)  216/  C1C7AA : 1080                    move.b  d0,(a0)
(1)  217/  C1C7AC : (MACRO)[80]             MCUCMD  MCU_CMD_STORESAVE
(1)  217/  C1C7AC : 163C 000C               move.b  #MCU_CMD_STORESAVE,d3
(1)  217/  C1C7B0 : 4EB9 00C1 C996          jsr     MCUCommand
(1)  218/  C1C7B6 : 6406                    bcc     .notimeout
(1)  219/  C1C7B8 : 4EF9 00C1 98F2          jmp     DispErrorTimeout
(1)  220/  C1C7BE :                     .notimeout:
(1)  221/  C1C7BE :                         ; Read 4 words from the MCU (see doc)
(1)  222/  C1C7BE : 4EB9 00C1 CA9A          jsr     MCURead4Words
(1)  223/  C1C7C4 :                         ; Check that command was processed ok
(1)  224/  C1C7C4 : 1039 0011 C100          move.b  MCUReplyBuffer,d0
(1)  225/  C1C7CA : 0200 00F0               andi.b  #$F0,d0
(1)  226/  C1C7CE : B03C 00F0               cmp.b   #$F0,d0
(1)  227/  C1C7D2 : 6706                    beq     .cmdok
(1)  228/  C1C7D4 : 4EF9 00C1 9900          jmp     DispError
(1)  229/  C1C7DA :                     .cmdok:
(1)  230/  C1C7DA :                     
(1)  231/  C1C7DA : 103C 0042               move.b  #SFX_POS,d0
(1)  232/  C1C7DE : 4EB9 00C1 9568          jsr     PlaySFX
(1)  233/  C1C7E4 : 4E75                    rts
(1)  234/  C1C7E6 :                     
     204/  C1C7E6 :                     	INCLUDE "copy.asm"
(1)    1/  C1C7E6 :                     ; Copyright (C) 2021 Sean Gonsalves
(1)    2/  C1C7E6 :                     ;
(1)    3/  C1C7E6 :                     ; This file is part of Neo CD SD Loader.
(1)    4/  C1C7E6 :                     ;
(1)    5/  C1C7E6 :                     ; This program is free software; you can redistribute it and/or modify
(1)    6/  C1C7E6 :                     ; it under the terms of the GNU General Public License as published by
(1)    7/  C1C7E6 :                     ; the Free Software Foundation; either version 2, or (at your option)
(1)    8/  C1C7E6 :                     ; any later version.
(1)    9/  C1C7E6 :                     ;
(1)   10/  C1C7E6 :                     ; This program is distributed in the hope that it will be useful,
(1)   11/  C1C7E6 :                     ; but WITHOUT ANY WARRANTY; without even the implied warranty of
(1)   12/  C1C7E6 :                     ; MERCHANTABILITY or FITNESS FOR A PARTICULAR PURPOSE.  See the
(1)   13/  C1C7E6 :                     ; GNU General Public License for more details.
(1)   14/  C1C7E6 :                     ;
(1)   15/  C1C7E6 :                     ; You should have received a copy of the GNU General Public License
(1)   16/  C1C7E6 :                     ; along with this program; see the file COPYING.  If not, write to
(1)   17/  C1C7E6 :                     ; the Free Software Foundation, Inc., 51 Franklin Street,
(1)   18/  C1C7E6 :                     ; Boston, MA 02110-1301, USA.
(1)   19/  C1C7E6 :                     
(1)   20/  C1C7E6 :                     RunDMADirect:
(1)   21/  C1C7E6 :                         ; Using DMA copy causes corruption - Do a CPU copy instead
(1)   22/  C1C7E6 :                     
(1)   23/  C1C7E6 : D0AD 7EF4           	add.l   SectorLoadDest(a5),d0
(1)   24/  C1C7EA : 2240                	movea.l d0,a1
(1)   25/  C1C7EC : 206D 7EF8           	move.l  SectorLoadBuffer(a5),a0
(1)   26/  C1C7F0 : 2E2D 7EFC           	move.l  SectorLoadSize(a5),d7
(1)   27/  C1C7F4 : E28F                	lsr.l   #1,d7           ; Original routine does a word copy
(1)   28/  C1C7F6 : 2C07                	move.l  d7,d6
 AS V1.42 Beta [Bld 311] - Source File main.asm(copy.asm) - Page 109 - 9/11/2026 13:29:43


(1)   29/  C1C7F8 : 0207 001F           	andi.b  #31,d7
(1)   30/  C1C7FC : EA8E                	lsr.l   #5,d6			; /32
(1)   31/  C1C7FE : 672A                	beq     .skip           ; Less than 32 words
(1)   32/  C1C800 :                     	; Do as many 32-word copies as possible and top it off with a 1-loop if needed
(1)   33/  C1C800 :                     .copy32:
(1)   34/  C1C800 : 13C0 0030 0001      	move.b  d0,REG_DIPSW    ; 16
(1)   35/  C1C806 :                     	REPT 16
(1)   36/  C1C806 :                     	move.l  (a0)+,(a1)+		; 20
(1)   37/  C1C806 :                     	ENDM
(1)   36/  C1C806 : 22D8                	move.l  (a0)+,(a1)+		; 20
(1)   36/  C1C808 : 22D8                	move.l  (a0)+,(a1)+		; 20
(1)   36/  C1C80A : 22D8                	move.l  (a0)+,(a1)+		; 20
(1)   36/  C1C80C : 22D8                	move.l  (a0)+,(a1)+		; 20
(1)   36/  C1C80E : 22D8                	move.l  (a0)+,(a1)+		; 20
(1)   36/  C1C810 : 22D8                	move.l  (a0)+,(a1)+		; 20
(1)   36/  C1C812 : 22D8                	move.l  (a0)+,(a1)+		; 20
(1)   36/  C1C814 : 22D8                	move.l  (a0)+,(a1)+		; 20
(1)   36/  C1C816 : 22D8                	move.l  (a0)+,(a1)+		; 20
(1)   36/  C1C818 : 22D8                	move.l  (a0)+,(a1)+		; 20
(1)   36/  C1C81A : 22D8                	move.l  (a0)+,(a1)+		; 20
(1)   36/  C1C81C : 22D8                	move.l  (a0)+,(a1)+		; 20
(1)   36/  C1C81E : 22D8                	move.l  (a0)+,(a1)+		; 20
(1)   36/  C1C820 : 22D8                	move.l  (a0)+,(a1)+		; 20
(1)   36/  C1C822 : 22D8                	move.l  (a0)+,(a1)+		; 20
(1)   36/  C1C824 : 22D8                	move.l  (a0)+,(a1)+		; 20
(1)   38/  C1C826 : 5386                	subq.l  #1,d6			; 8
(1)   39/  C1C828 : 66D6                    bne     .copy32			; 10, total 354 cycles for 64 bytes (5.53 cycles per byte, 2119kB/s)
(1)   40/  C1C82A :                     .skip:
(1)   41/  C1C82A : 4A07                	tst.b   d7
(1)   42/  C1C82C : 670C                	beq     .exit
(1)   43/  C1C82E : 13C0 0030 0001      	move.b  d0,REG_DIPSW
(1)   44/  C1C834 :                     .copy2:
(1)   45/  C1C834 : 32D8                	move.w  (a0)+,(a1)+		; 12
(1)   46/  C1C836 : 5307                	subq.b  #1,d7			; 4
(1)   47/  C1C838 : 66FA                    bne     .copy2			; 10
(1)   48/  C1C83A :                     .exit:
(1)   49/  C1C83A : 4E75                    rts
(1)   50/  C1C83C :                     
(1)   51/  C1C83C :                     
(1)   52/  C1C83C : =>UNDEFINED             IFDEF EXPERIMENTAL
(1)   53/  C1C83C :                     RunDMADirectMulti:
(1)   54/  C1C83C :                         ; Using DMA copy causes corruption :( do a CPU copy instead
(1)   55/  C1C83C :                     	add.l   SectorLoadDest(a5),d0
(1)   56/  C1C83C :                     	movea.l d0,a1
(1)   57/  C1C83C :                     	move.l  SectorLoadBuffer(a5),a0
(1)   58/  C1C83C :                     	move.l  SectorLoadSize(a5),d0
(1)   59/  C1C83C :                     	
(1)   60/  C1C83C :                     	divu.w  #48,d0              ; 12 longword registers = 12*4 = 48 bytes per MOVEM
(1)   61/  C1C83C :                     	swap    d0                  ; QQQQRRRR
(1)   62/  C1C83C :                     	move.w  d0,d1               ; d1.w=RRRR
(1)   63/  C1C83C :                     	swap    d0                  ; d0.w=QQQQ
(1)   64/  C1C83C :                     
(1)   65/  C1C83C :                     	subq.w  #1,d0               ; Dangerous ! Can wrap if size < 48
(1)   66/  C1C83C :                     	subq.w  #1,d1
(1)   67/  C1C83C :                     	bmi     .multipleof48
(1)   68/  C1C83C :                     .subloop:
(1)   69/  C1C83C :                     	; Do sub-48 copy
(1)   70/  C1C83C :                     	move.b  (a0)+,(a1)+
(1)   71/  C1C83C :                     	dbra    d1,.subloop
(1)   72/  C1C83C :                     
 AS V1.42 Beta [Bld 311] - Source File main.asm(copy.asm) - Page 110 - 9/11/2026 13:29:43


(1)   73/  C1C83C :                     .multipleof48:
(1)   74/  C1C83C :                         movem.l (a0)+,d1-d7/a2-a6   ; 12+8n = 108
(1)   75/  C1C83C :                         movem.l d1-d7/a2-a6,(a1)    ; 8+8n = 104
(1)   76/  C1C83C :                         adda.l  #48,a1              ; 24 ?
(1)   77/  C1C83C :                         dbra    d0,.multipleof48    ; 10    Total 246 cycles for 48 bytes (5.125 cycles per byte, 2286kB/s)
(1)   78/  C1C83C :                     
(1)   79/  C1C83C :                         lea     $108000,a5
(1)   80/  C1C83C :                         rts
(1)   81/  C1C83C : [52]                    ENDIF
(1)   82/  C1C83C :                     
(1)   83/  C1C83C :                     
(1)   84/  C1C83C :                     UploadDMABytes:
(1)   85/  C1C83C : 202D 7EF4           	move.l  SectorLoadDest(a5),d0
(1)   86/  C1C840 : 0680 00E0 0000      	addi.l  #$E00000,d0
(1)   87/  C1C846 : 2240                	movea.l d0,a1
(1)   88/  C1C848 : 206D 7EF8               movea.l SectorLoadBuffer(a5),a0
(1)   89/  C1C84C : 2E2D 7EFC               move.l  SectorLoadSize(a5),d7
(1)   90/  C1C850 : E28F                	lsr.l   #1,d7               ; Original routine does a word copy
(1)   91/  C1C852 :                     .copy:
(1)   92/  C1C852 : 1018                	move.b  (a0)+,d0            ; 8 Read AA BB, store 00 AA 00 BB
(1)   93/  C1C854 : 32C0                    move.w  d0,(a1)+            ; 8 00 AA
(1)   94/  C1C856 : 1018                	move.b  (a0)+,d0            ; 8
(1)   95/  C1C858 : 32C0                	move.w  d0,(a1)+			; 8 00 BB
(1)   96/  C1C85A : 13C0 0030 0001      	move.b  d0,REG_DIPSW        ; 16
(1)   97/  C1C860 : 5387                	subq.l  #1,d7               ; 4
(1)   98/  C1C862 : 66EE                    bne     .copy               ; 10, total 62 for 2 bytes
(1)   99/  C1C864 : 202D 7EF4           	move.l  SectorLoadDest(a5),d0
(1)  100/  C1C868 : D0AD 7EFC           	add.l   SectorLoadSize(a5),d0
(1)  101/  C1C86C : D0AD 7EFC           	add.l   SectorLoadSize(a5),d0
(1)  102/  C1C870 : 2B40 7EF4           	move.l  d0,SectorLoadDest(a5)
(1)  103/  C1C874 : 4E75                	rts
(1)  104/  C1C876 :                     
(1)  105/  C1C876 :                     
(1)  106/  C1C876 :                     DMAClearPalettes:
(1)  107/  C1C876 : 48E7 8180               movem.l d0/d7/a0,-(sp)
(1)  108/  C1C87A : 13FC 0001 00FF 016F     move.b  #1,REG_UPLOAD_EN
(1)  109/  C1C882 : 13FC 0000 00FF 0119     move.b  #0,REG_ENVIDEO
(1)  110/  C1C88A : 13C0 0030 0001      	move.b  d0,REG_DIPSW
(1)  111/  C1C890 : 41F9 0040 0000          lea     PALETTES,a0
(1)  112/  C1C896 : 7000                    moveq.l #0,d0
(1)  113/  C1C898 : 3E3C 0FFF               move.w  #$1000-1,d7
(1)  114/  C1C89C :                     .fill:
(1)  115/  C1C89C : 30C0                    move.w  d0,(a0)+            ; 8
(1)  116/  C1C89E : 51CF FFFC               dbra    d7,.fill            ; 10, 18 total, 73728 cycles = 6.2ms
(1)  117/  C1C8A2 : 13FC 0001 00FF 0119     move.b  #1,REG_ENVIDEO
(1)  118/  C1C8AA : 13C0 0030 0001          move.b  d0,REG_DIPSW
(1)  119/  C1C8B0 : 13FC 0000 00FF 016F     move.b  #0,REG_UPLOAD_EN
(1)  120/  C1C8B8 : 4CDF 0181               movem.l (sp)+,d0/d7/a0
(1)  121/  C1C8BC : 4E75                    rts
(1)  122/  C1C8BE :                         
(1)  123/  C1C8BE :                     
(1)  124/  C1C8BE :                     DMAClearPCMDRAM:
(1)  125/  C1C8BE : 48E7 81C0               movem.l d0/d7/a0-a1,-(sp)
(1)  126/  C1C8C2 : 13FC 0001 00FF 016F     move.b  #1,REG_UPLOAD_EN
(1)  127/  C1C8CA : 13C0 00FF 0123          move.b  d0,REG_UPMAPPCM
(1)  128/  C1C8D0 : 13FC 0001 00FF 0105     move.b  #1,REG_TRANSAREA
(1)  129/  C1C8D8 :                     
(1)  130/  C1C8D8 : 303C FF08               move.w  #$FF08,d0           ; PCM silence
(1)  131/  C1C8DC : 43F9 0030 0001          lea     REG_DIPSW,a1
(1)  132/  C1C8E2 :                     
 AS V1.42 Beta [Bld 311] - Source File main.asm(copy.asm) - Page 111 - 9/11/2026 13:29:43


(1)  133/  C1C8E2 : 13FC 0000 00FF 01A3     move.b  #0,REG_PCMBANK
(1)  134/  C1C8EA : 4EB9 00C1 C912          jsr     .clear
(1)  135/  C1C8F0 : 13FC 0001 00FF 01A3     move.b  #1,REG_PCMBANK
(1)  136/  C1C8F8 : 4EB9 00C1 C912          jsr     .clear
(1)  137/  C1C8FE :                     
(1)  138/  C1C8FE : 13C0 00FF 0143          move.b  d0,REG_UPUNMAPPCM
(1)  139/  C1C904 : 13FC 0000 00FF 016F     move.b  #0,REG_UPLOAD_EN
(1)  140/  C1C90C : 4CDF 0381               movem.l (sp)+,d0/d7/a0-a1
(1)  141/  C1C910 : 4E75                    rts
(1)  142/  C1C912 :                     
(1)  143/  C1C912 :                     .clear:
(1)  144/  C1C912 : 207C 00E0 0000          movea.l #$E00000,a0
(1)  145/  C1C918 : 3E3C 7FFF               move.w  #($100000/32)-1,d7  ; 1MB range, 512kB of data on odd bytes
(1)  146/  C1C91C :                     .fill:
(1)  147/  C1C91C :                         REPT 8
(1)  148/  C1C91C :                         move.l  d0,(a0)+            ; 12
(1)  149/  C1C91C :                         ENDM
(1)  148/  C1C91C : 20C0                    move.l  d0,(a0)+            ; 12
(1)  148/  C1C91E : 20C0                    move.l  d0,(a0)+            ; 12
(1)  148/  C1C920 : 20C0                    move.l  d0,(a0)+            ; 12
(1)  148/  C1C922 : 20C0                    move.l  d0,(a0)+            ; 12
(1)  148/  C1C924 : 20C0                    move.l  d0,(a0)+            ; 12
(1)  148/  C1C926 : 20C0                    move.l  d0,(a0)+            ; 12
(1)  148/  C1C928 : 20C0                    move.l  d0,(a0)+            ; 12
(1)  148/  C1C92A : 20C0                    move.l  d0,(a0)+            ; 12
(1)  150/  C1C92C : 1280                	move.b  d0,(a1)             ; 8
(1)  151/  C1C92E : 51CF FFEC           	dbra    d7,.fill            ; 10
(1)  152/  C1C932 : 4E75                    rts                         ; 114 total, 3735552 cycles = 311ms
(1)  153/  C1C934 :                     
(1)  154/  C1C934 :                     
(1)  155/  C1C934 :                     ; Original routine copies at 378kB/s
(1)  156/  C1C934 :                     CopyBytesToWordCPU:
(1)  157/  C1C934 : 2C07                	move.l  d7,d6
(1)  158/  C1C936 : 0207 000F           	andi.b  #15,d7
(1)  159/  C1C93A : E88E                	lsr.l   #4,d6				; /16
(1)  160/  C1C93C : 674E                	beq     .copy1
(1)  161/  C1C93E :                     	; Do as many 16-bytes copies as possible and top it off with a 1-loop
(1)  162/  C1C93E :                     .copy16:
(1)  163/  C1C93E :                         REPT 16
(1)  164/  C1C93E :                     	move.b  (a0)+,d0			; 8
(1)  165/  C1C93E :                     	move.w  d0,(a1)+			; 8
(1)  166/  C1C93E :                     	ENDM
(1)  164/  C1C93E : 1018                	move.b  (a0)+,d0			; 8
(1)  165/  C1C940 : 32C0                	move.w  d0,(a1)+			; 8
(1)  164/  C1C942 : 1018                	move.b  (a0)+,d0			; 8
(1)  165/  C1C944 : 32C0                	move.w  d0,(a1)+			; 8
(1)  164/  C1C946 : 1018                	move.b  (a0)+,d0			; 8
(1)  165/  C1C948 : 32C0                	move.w  d0,(a1)+			; 8
(1)  164/  C1C94A : 1018                	move.b  (a0)+,d0			; 8
(1)  165/  C1C94C : 32C0                	move.w  d0,(a1)+			; 8
(1)  164/  C1C94E : 1018                	move.b  (a0)+,d0			; 8
(1)  165/  C1C950 : 32C0                	move.w  d0,(a1)+			; 8
(1)  164/  C1C952 : 1018                	move.b  (a0)+,d0			; 8
(1)  165/  C1C954 : 32C0                	move.w  d0,(a1)+			; 8
(1)  164/  C1C956 : 1018                	move.b  (a0)+,d0			; 8
(1)  165/  C1C958 : 32C0                	move.w  d0,(a1)+			; 8
(1)  164/  C1C95A : 1018                	move.b  (a0)+,d0			; 8
(1)  165/  C1C95C : 32C0                	move.w  d0,(a1)+			; 8
(1)  164/  C1C95E : 1018                	move.b  (a0)+,d0			; 8
(1)  165/  C1C960 : 32C0                	move.w  d0,(a1)+			; 8
 AS V1.42 Beta [Bld 311] - Source File main.asm(copy.asm) - Page 112 - 9/11/2026 13:29:43


(1)  164/  C1C962 : 1018                	move.b  (a0)+,d0			; 8
(1)  165/  C1C964 : 32C0                	move.w  d0,(a1)+			; 8
(1)  164/  C1C966 : 1018                	move.b  (a0)+,d0			; 8
(1)  165/  C1C968 : 32C0                	move.w  d0,(a1)+			; 8
(1)  164/  C1C96A : 1018                	move.b  (a0)+,d0			; 8
(1)  165/  C1C96C : 32C0                	move.w  d0,(a1)+			; 8
(1)  164/  C1C96E : 1018                	move.b  (a0)+,d0			; 8
(1)  165/  C1C970 : 32C0                	move.w  d0,(a1)+			; 8
(1)  164/  C1C972 : 1018                	move.b  (a0)+,d0			; 8
(1)  165/  C1C974 : 32C0                	move.w  d0,(a1)+			; 8
(1)  164/  C1C976 : 1018                	move.b  (a0)+,d0			; 8
(1)  165/  C1C978 : 32C0                	move.w  d0,(a1)+			; 8
(1)  164/  C1C97A : 1018                	move.b  (a0)+,d0			; 8
(1)  165/  C1C97C : 32C0                	move.w  d0,(a1)+			; 8
(1)  167/  C1C97E : 13C0 0030 0001      	move.b  d0,REG_DIPSW        ; 16
(1)  168/  C1C984 : 5346                	subq.w  #1,d6			    ; 4
(1)  169/  C1C986 : 66B6                    bne     .copy16             ; 10, total 286 cycles for 16 bytes (17.9 cycles per byte, 655kB/s)
(1)  170/  C1C988 : 4A07                	tst.b   d7
(1)  171/  C1C98A : 6708                	beq     .exit
(1)  172/  C1C98C :                     .copy1:
(1)  173/  C1C98C : 1018                	move.b  (a0)+,d0
(1)  174/  C1C98E : 32C0                	move.w  d0,(a1)+
(1)  175/  C1C990 : 5307                	subq.b  #1,d7			    ; 4
(1)  176/  C1C992 : 66F8                    bne     .copy1			    ; 10
(1)  177/  C1C994 :                     .exit:
(1)  178/  C1C994 : 4E75                    rts
(1)  179/  C1C996 :                     
     205/  C1C996 :                     	INCLUDE "mcu.asm"
(1)    1/  C1C996 :                     ; Copyright (C) 2020 Sean Gonsalves
(1)    2/  C1C996 :                     ;
(1)    3/  C1C996 :                     ; This file is part of Neo CD SD Loader.
(1)    4/  C1C996 :                     ;
(1)    5/  C1C996 :                     ; This program is free software; you can redistribute it and/or modify
(1)    6/  C1C996 :                     ; it under the terms of the GNU General Public License as published by
(1)    7/  C1C996 :                     ; the Free Software Foundation; either version 2, or (at your option)
(1)    8/  C1C996 :                     ; any later version.
(1)    9/  C1C996 :                     ;
(1)   10/  C1C996 :                     ; This program is distributed in the hope that it will be useful,
(1)   11/  C1C996 :                     ; but WITHOUT ANY WARRANTY; without even the implied warranty of
(1)   12/  C1C996 :                     ; MERCHANTABILITY or FITNESS FOR A PARTICULAR PURPOSE.  See the
(1)   13/  C1C996 :                     ; GNU General Public License for more details.
(1)   14/  C1C996 :                     ;
(1)   15/  C1C996 :                     ; You should have received a copy of the GNU General Public License
(1)   16/  C1C996 :                     ; along with this program; see the file COPYING.  If not, write to
(1)   17/  C1C996 :                     ; the Free Software Foundation, Inc., 51 Franklin Street,
(1)   18/  C1C996 :                     ; Boston, MA 02110-1301, USA.
(1)   19/  C1C996 :                     
(1)   20/  C1C996 :                     ; d3.b: command #
(1)   21/  C1C996 :                     ; Parameters in MCUCmdParams
(1)   22/  C1C996 :                     ; Sets carry on timeout
(1)   23/  C1C996 :                     MCUCommand:
(1)   24/  C1C996 : 2F04                    move.l  d4,-(sp)           ; Preserve d4
(1)   25/  C1C998 : 13C0 0030 0001          move.b  d0,REG_DIPSW
(1)   26/  C1C99E : 4239 0011 C1B6          clr.b   PollStatus         ; Stop periodic status polling until command is ack'd
(1)   27/  C1C9A4 : 13C3 0011 C193          move.b  d3,LastMCUCmd
(1)   28/  C1C9AA : 33C3 00C1 E000      	move.w  d3,CPLDREG_DATA    ; Write to MCU, lower byte of CPLDREG_DATA
(1)   29/  C1C9B0 : 4EB9 00C1 C9FE          jsr     MCUWaitAck
(1)   30/  C1C9B6 : 6538                    bcs     .timeout
(1)   31/  C1C9B8 : 781F                    moveq.l #32-1,d4           ; The command byte counts in the MCU's command buffer
(1)   32/  C1C9BA : 41F9 0011 C194          lea     MCUCmdParams,a0
 AS V1.42 Beta [Bld 311] - Source File main.asm(mcu.asm) - Page 113 - 9/11/2026 13:29:43


(1)   33/  C1C9C0 :                     .txparam:
(1)   34/  C1C9C0 : 1018                    move.b  (a0)+,d0
(1)   35/  C1C9C2 : 33C0 00C1 E000      	move.w  d0,CPLDREG_DATA    ; Write to MCU, lower byte of CPLDREG_DATA
(1)   36/  C1C9C8 : 4EB9 00C1 C9FE          jsr     MCUWaitAck
(1)   37/  C1C9CE : 6520                    bcs     .timeout
(1)   38/  C1C9D0 : 5304                    subq.b  #1,d4
(1)   39/  C1C9D2 : 66EC                    bne     .txparam
(1)   40/  C1C9D4 :                     
(1)   41/  C1C9D4 : 33C0 00C1 E100      	move.w  d0,CPLDREG_EXEC
(1)   42/  C1C9DA : 4EB9 00C1 CA30          jsr     MCUWaitExec
(1)   43/  C1C9E0 : 650E                    bcs     .timeout
(1)   44/  C1C9E2 : 50F9 0011 C1B6          st.b    PollStatus
(1)   45/  C1C9E8 : 281F                    move.l  (sp)+,d4
(1)   46/  C1C9EA : 023C 00FE               andi.b  #$FE,CCR           ; Ok
(1)   47/  C1C9EE : 4E75                    rts
(1)   48/  C1C9F0 :                     .timeout:
(1)   49/  C1C9F0 : 50F9 0011 C1B6          st.b    PollStatus
(1)   50/  C1C9F6 : 281F                    move.l  (sp)+,d4
(1)   51/  C1C9F8 : 003C 0001               ori.b   #1,CCR             ; Timeout occured
(1)   52/  C1C9FC : 4E75                    rts
(1)   53/  C1C9FE :                     
(1)   54/  C1C9FE :                     
(1)   55/  C1C9FE :                     ; Sets carry on timeout
(1)   56/  C1C9FE :                     MCUWaitAck:
(1)   57/  C1C9FE : 7000                	moveq.l #0,d0
(1)   58/  C1CA00 :                     	; Wait for CPLDREG_STAT bit 0 (BYTE_PENDING) to be reset
(1)   59/  C1CA00 : 2E3C 0002 F3FE      	move.l  #TIMEOUT_ACK,d7
(1)   60/  C1CA06 :                     .wait:
(1)   61/  C1CA06 : 13C0 0030 0001          move.b  d0,REG_DIPSW       ; 16
(1)   62/  C1CA0C : 3039 00C1 E200          move.w  CPLDREG_STAT,d0    ; 12
(1)   63/  C1CA12 : 0240 0001               andi.w  #$0001,d0          ; 8
(1)   64/  C1CA16 : 6712                    beq     .done              ; 8
(1)   65/  C1CA18 : 5387                    subq.l  #1,d7              ; 8
(1)   66/  C1CA1A : 66EA                    bne     .wait              ; 10 = 62, 5.167us
(1)   67/  C1CA1C : 13FC 0001 0011 C1B5     move.b  #1,TimeOutStage
(1)   68/  C1CA24 : 003C 0001               ori.b   #1,CCR             ; Timeout occured
(1)   69/  C1CA28 : 4E75                    rts
(1)   70/  C1CA2A :                     .done:
(1)   71/  C1CA2A : 023C 00FE               andi.b  #$FE,CCR           ; Ok
(1)   72/  C1CA2E : 4E75                    rts
(1)   73/  C1CA30 :                     
(1)   74/  C1CA30 :                     
(1)   75/  C1CA30 :                     ; Sets carry on timeout
(1)   76/  C1CA30 :                     MCUWaitExec:
(1)   77/  C1CA30 : 7000                	moveq.l #0,d0
(1)   78/  C1CA32 :                     	; Wait for CPLDREG_STAT bit 1 (EXEC_PENDING) to be reset
(1)   79/  C1CA32 : 2E3C 000B D038      	move.l  #TIMEOUT_EXEC,d7
(1)   80/  C1CA38 :                     .wait:
(1)   81/  C1CA38 : 13C0 0030 0001          move.b  d0,REG_DIPSW       ; 16
(1)   82/  C1CA3E : 3039 00C1 E200          move.w  CPLDREG_STAT,d0    ; 12
(1)   83/  C1CA44 : 0240 0002               andi.w  #$0002,d0          ; 8
(1)   84/  C1CA48 : 6712                    beq     .done              ; 8
(1)   85/  C1CA4A : 5387                    subq.l  #1,d7              ; 8
(1)   86/  C1CA4C : 66EA                    bne     .wait              ; 10 = 62, 5.167us
(1)   87/  C1CA4E : 13FC 0002 0011 C1B5     move.b  #2,TimeOutStage
(1)   88/  C1CA56 : 003C 0001               ori.b   #1,CCR             ; Timeout occured
(1)   89/  C1CA5A : 4E75                    rts
(1)   90/  C1CA5C :                     .done:
(1)   91/  C1CA5C : 4EB9 00C1 CA68          jsr     MCUWaitRefill
(1)   92/  C1CA62 : 023C 00FE               andi.b  #$FE,CCR           ; Ok
 AS V1.42 Beta [Bld 311] - Source File main.asm(mcu.asm) - Page 114 - 9/11/2026 13:29:43


(1)   93/  C1CA66 : 4E75                    rts
(1)   94/  C1CA68 :                     
(1)   95/  C1CA68 :                     
(1)   96/  C1CA68 :                     ; Sets carry on timeout
(1)   97/  C1CA68 :                     MCUWaitRefill:
(1)   98/  C1CA68 : 7000                	moveq.l #0,d0
(1)   99/  C1CA6A :                     	; Wait for CPLDREG_STAT bit 2 (REFILL_PENDING) to be reset
(1)  100/  C1CA6A : 2E3C 000B D038      	move.l  #TIMEOUT_EXEC,d7
(1)  101/  C1CA70 :                     .wait:
(1)  102/  C1CA70 : 13C0 0030 0001          move.b  d0,REG_DIPSW
(1)  103/  C1CA76 : 3039 00C1 E200          move.w  CPLDREG_STAT,d0    ; 12
(1)  104/  C1CA7C : 0240 0004               andi.w  #$0004,d0          ; 8
(1)  105/  C1CA80 : 6712                    beq     .done              ; 8
(1)  106/  C1CA82 : 5387                    subq.l  #1,d7              ; 8
(1)  107/  C1CA84 : 66EA                    bne     .wait              ; 10 = 46
(1)  108/  C1CA86 : 13FC 0003 0011 C1B5     move.b  #3,TimeOutStage
(1)  109/  C1CA8E : 003C 0001               ori.b   #1,CCR             ; Timeout occured
(1)  110/  C1CA92 : 4E75                    rts
(1)  111/  C1CA94 :                     .done:
(1)  112/  C1CA94 : 023C 00FE               andi.b  #$FE,CCR           ; Ok
(1)  113/  C1CA98 : 4E75                    rts
(1)  114/  C1CA9A :                     
(1)  115/  C1CA9A :                     
(1)  116/  C1CA9A :                     MCURead4Words:
(1)  117/  C1CA9A : 363C 0004               move.w  #4,d3
(1)  118/  C1CA9E :                     
(1)  119/  C1CA9E :                     ; d3.w: word count (should be a multiple of 4)
(1)  120/  C1CA9E :                     MCURead4WordsMult:
(1)  121/  C1CA9E : 3003                    move.w  d3,d0
(1)  122/  C1CAA0 : 4A40                    tst.w   d0      ; Useless ?
(1)  123/  C1CAA2 : 6734                    beq     .zero
(1)  124/  C1CAA4 : 0200 0003               andi.b  #3,d0
(1)  125/  C1CAA8 : 6704                    beq     .multipleof4
(1)  126/  C1CAAA : 0643 0004               addi.w  #4,d3
(1)  127/  C1CAAE :                     .multipleof4:
(1)  128/  C1CAAE : E44B                    lsr.w   #2,d3   ; Divide by 4
(1)  129/  C1CAB0 : 41F9 0011 C100          lea     MCUReplyBuffer,a0
(1)  130/  C1CAB6 :                     .rdloop:
(1)  131/  C1CAB6 : 30F9 00C1 E000      	move.w  CPLDREG_DATA,(a0)+ ; 20 Read from MCU
(1)  132/  C1CABC : 30F9 00C1 E000      	move.w  CPLDREG_DATA,(a0)+ ; Read from MCU
(1)  133/  C1CAC2 : 30F9 00C1 E000      	move.w  CPLDREG_DATA,(a0)+ ; Read from MCU
(1)  134/  C1CAC8 : 30F9 00C1 E000      	move.w  CPLDREG_DATA,(a0)+ ; Read from MCU
(1)  135/  C1CACE : 4EB9 00C1 CA68          jsr     MCUWaitRefill      ; Wait for FIFO to be refilled
(1)  136/  C1CAD4 : 5343                	subq.w  #1,d3              ; 4
(1)  137/  C1CAD6 : 66DE                	bne     .rdloop            ; 10
(1)  138/  C1CAD8 :                     .zero:
(1)  139/  C1CAD8 : 4E75                	rts
(1)  140/  C1CADA :                     
(1)  141/  C1CADA :                     
(1)  142/  C1CADA :                     ; Check MCU command reply flag, sets carry on error
(1)  143/  C1CADA :                     ; Uses d0
(1)  144/  C1CADA :                     CheckACK:
(1)  145/  C1CADA : 1039 0011 C100          move.b  MCUReplyBuffer,d0
(1)  146/  C1CAE0 : 0200 00F0               andi.b  #$F0,d0
(1)  147/  C1CAE4 : B03C 00F0               cmp.b   #$F0,d0
(1)  148/  C1CAE8 : 670A                    beq     .ack
(1)  149/  C1CAEA : 4EB9 00C1 9900      	jsr     DispError          ; Error occured, show error text and return
(1)  150/  C1CAF0 : 003C 0001               ori.b   #1,CCR
(1)  151/  C1CAF4 :                     .ack:
(1)  152/  C1CAF4 : 023C 00FE               andi.b  #$FE,CCR           ; Ok
 AS V1.42 Beta [Bld 311] - Source File main.asm(mcu.asm) - Page 115 - 9/11/2026 13:29:43


(1)  153/  C1CAF8 : 4E75                    rts
(1)  154/  C1CAFA :                     
     206/  C1CAFA :                     	INCLUDE "sectors.asm"
(1)    1/  C1CAFA :                     ; Copyright (C) 2021 Sean Gonsalves
(1)    2/  C1CAFA :                     ;
(1)    3/  C1CAFA :                     ; This file is part of Neo CD SD Loader.
(1)    4/  C1CAFA :                     ;
(1)    5/  C1CAFA :                     ; This program is free software; you can redistribute it and/or modify
(1)    6/  C1CAFA :                     ; it under the terms of the GNU General Public License as published by
(1)    7/  C1CAFA :                     ; the Free Software Foundation; either version 2, or (at your option)
(1)    8/  C1CAFA :                     ; any later version.
(1)    9/  C1CAFA :                     ;
(1)   10/  C1CAFA :                     ; This program is distributed in the hope that it will be useful,
(1)   11/  C1CAFA :                     ; but WITHOUT ANY WARRANTY; without even the implied warranty of
(1)   12/  C1CAFA :                     ; MERCHANTABILITY or FITNESS FOR A PARTICULAR PURPOSE.  See the
(1)   13/  C1CAFA :                     ; GNU General Public License for more details.
(1)   14/  C1CAFA :                     ;
(1)   15/  C1CAFA :                     ; You should have received a copy of the GNU General Public License
(1)   16/  C1CAFA :                     ; along with this program; see the file COPYING.  If not, write to
(1)   17/  C1CAFA :                     ; the Free Software Foundation, Inc., 51 Franklin Street,
(1)   18/  C1CAFA :                     ; Boston, MA 02110-1301, USA.
(1)   19/  C1CAFA :                     
(1)   20/  C1CAFA :                     IncMSF:
(1)   21/  C1CAFA :                     	; For original progressbar update:
(1)   22/  C1CAFA : 2039 0010 F690      	move.l  $10F690,d0
(1)   23/  C1CB00 : D0B9 0010 F68C      	add.l   $10F68C,d0         ; Inc value, computed from total size of data to load
(1)   24/  C1CB06 : 0C80 0080 0000      	cmpi.l  #$800000,d0
(1)   25/  C1CB0C : 6306                	bls     .nocap
(1)   26/  C1CB0E : 203C 0080 0000      	move.l  #$800000,d0
(1)   27/  C1CB14 :                     .nocap:
(1)   28/  C1CB14 : 23C0 0010 F690      	move.l  d0,$10F690
(1)   29/  C1CB1A :                     
(1)   30/  C1CB1A : 5379 0011 C180          subq.w  #1,CDSectorCount
(1)   31/  C1CB20 : 33F9 0011 C180 0010 	move.w  CDSectorCount,$10F688  ; SectorCounter
           C1CB28 : F688               
(1)   32/  C1CB2A :                     
(1)   33/  C1CB2A :                     	; Copied from TOP-SP1-2 @ $10586
(1)   34/  C1CB2A : 41F9 0011 C184          lea     MSFCounter+2,a0     ; Start at Frames
(1)   35/  C1CB30 : 1010                    move.b  (a0),d0
(1)   36/  C1CB32 : 7201                    moveq   #1,d1
(1)   37/  C1CB34 : 44FC 0000               move.w  #0,ccr
(1)   38/  C1CB38 : C101                    abcd    d1,d0               ; Inc frames
(1)   39/  C1CB3A : 1080                    move.b  d0,(a0)
(1)   40/  C1CB3C : 0C00 0075               cmpi.b  #$75,d0
(1)   41/  C1CB40 : 6500 0026               bcs.w   .incdone
(1)   42/  C1CB44 : 4210                    clr.b   (a0)                ; Clear Frames
(1)   43/  C1CB46 : 5388                    subq.l  #1,a0               ; Do Seconds
(1)   44/  C1CB48 : 1010                    move.b  (a0),d0
(1)   45/  C1CB4A : 44FC 0000               move.w  #0,ccr
(1)   46/  C1CB4E : C101                    abcd    d1,d0               ; Inc Seconds
(1)   47/  C1CB50 : 1080                    move.b  d0,(a0)
(1)   48/  C1CB52 : 0C00 0060               cmpi.b  #$60,d0
(1)   49/  C1CB56 : 6500 0010               bcs.w   .incdone
(1)   50/  C1CB5A : 4210                    clr.b   (a0)                ; Clear Seconds
(1)   51/  C1CB5C : 5388                    subq.l  #1,a0               ; Do Minutes
(1)   52/  C1CB5E : 1010                    move.b  (a0),d0
(1)   53/  C1CB60 : 44FC 0000               move.w  #0,ccr
(1)   54/  C1CB64 : C101                    abcd    d1,d0               ; Inc Minutes
(1)   55/  C1CB66 : 1080                    move.b  d0,(a0)
(1)   56/  C1CB68 :                     .incdone:
 AS V1.42 Beta [Bld 311] - Source File main.asm(sectors.asm) - Page 116 - 9/11/2026 13:29:43


(1)   57/  C1CB68 : 4E75                    rts
(1)   58/  C1CB6A :                         
(1)   59/  C1CB6A :                     
(1)   60/  C1CB6A :                     ; Ask MCU for a CD sector
(1)   61/  C1CB6A :                     ; MSFCounter: Requested MSF
(1)   62/  C1CB6A :                     ReqCDSector:
(1)   63/  C1CB6A : 23F9 0011 C182 0011     move.l  MSFCounter,MCUCmdParams
           C1CB72 : C194               
(1)   64/  C1CB74 : (MACRO)[121]            MCUCMD  MCU_CMD_LOADSECT
(1)   64/  C1CB74 : 163C 0008               move.b  #MCU_CMD_LOADSECT,d3
(1)   64/  C1CB78 : 4EB9 00C1 C996          jsr     MCUCommand
(1)   65/  C1CB7E : 6408                    bcc     .notimeout
(1)   66/  C1CB80 : 4EB9 00C1 98F2          jsr     DispErrorTimeout
(1)   67/  C1CB86 :                     .lockup:
(1)   68/  C1CB86 : 60FE                    bra     .lockup
(1)   69/  C1CB88 :                     .notimeout:
(1)   70/  C1CB88 : 4EB9 00C1 CA9A          jsr     MCURead4Words
(1)   71/  C1CB8E : 4EB9 00C1 CADA          jsr     CheckACK
(1)   72/  C1CB94 : 65F0                    bcs     .lockup
(1)   73/  C1CB96 : 4E75                    rts
(1)   74/  C1CB98 :                     
(1)   75/  C1CB98 :                         
(1)   76/  C1CB98 :                     ; Load an entire CD sector
(1)   77/  C1CB98 :                     ; a1: Destination
(1)   78/  C1CB98 :                     GetCDSectorRawFull:
(1)   79/  C1CB98 : 41F9 00C1 E000      	lea     CPLDREG_DATA,a0
(1)   80/  C1CB9E : 45F9 00C1 E200      	lea     CPLDREG_STAT,a2
(1)   81/  C1CBA4 : 7204                	moveq.l #$0004,d1
(1)   82/  C1CBA6 : 3E3C 00FF           	move.w  #256-1,d7 		   ; 256 * 8 = 2048 bytes
(1)   83/  C1CBAA : 13C0 0030 0001      	move.b  d0,REG_DIPSW
(1)   84/  C1CBB0 : 46FC 2700           	move.w  #$2700,sr		   ; Disable all interrupts
(1)   85/  C1CBB4 :                     .readsector:
(1)   86/  C1CBB4 : 22D0                	move.l  (a0),(a1)+         ; 20
(1)   87/  C1CBB6 : 22D0                	move.l  (a0),(a1)+         ; 20
(1)   88/  C1CBB8 :                     .wait:                         ; Wait for CPLDREG_STAT bit 2 (REFILL_PENDING) to be reset
(1)   89/  C1CBB8 : 3012                    move.w  (a2),d0            ; 8
(1)   90/  C1CBBA : C041                    and.w   d1,d0              ; 4
(1)   91/  C1CBBC : 66FA                    bne     .wait              ; 10
(1)   92/  C1CBBE : 51CF FFF4               dbra    d7,.readsector     ; 10, total 72 for 8 bytes, 1302kB/s
(1)   93/  C1CBC2 : 13C0 0030 0001      	move.b  d0,REG_DIPSW
(1)   94/  C1CBC8 : 46FC 2000           	move.w  #$2000,sr		   ; Enable all interrupts
(1)   95/  C1CBCC : 4E75                	rts
(1)   96/  C1CBCE :                     	
(1)   97/  C1CBCE :                     
(1)   98/  C1CBCE :                     GetCDSectorRawHead:
(1)   99/  C1CBCE :                         ; Byte-per-byte copy for first part of partial sector
(1)  100/  C1CBCE :                         ; No need to finish reading the whole sector, the MCU won't complain
(1)  101/  C1CBCE : 41F9 00C1 E000      	lea     CPLDREG_DATA,a0
(1)  102/  C1CBD4 : 45F9 00C1 E200      	lea     CPLDREG_STAT,a2
(1)  103/  C1CBDA : 7204                	moveq.l #$0004,d1
(1)  104/  C1CBDC : 2E2D 7EFC               move.l  SectorLoadSize(a5),d7
(1)  105/  C1CBE0 : 13C0 0030 0001      	move.b  d0,REG_DIPSW
(1)  106/  C1CBE6 : 46FC 2700           	move.w  #$2700,sr		   ; Disable all interrupts
(1)  107/  C1CBEA :                     .readsector:
(1)  108/  C1CBEA : 2010                	move.l  (a0),d0            ; AA BB CC DD
(1)  109/  C1CBEC :                     
(1)  110/  C1CBEC :                         REPT 4
(1)  111/  C1CBEC :                     	rol.l   #8,d0
(1)  112/  C1CBEC :                         move.b  d0,(a1)+           ; BB CC DD AA
(1)  113/  C1CBEC :                     	subq.l  #1,d7
 AS V1.42 Beta [Bld 311] - Source File main.asm(sectors.asm) - Page 117 - 9/11/2026 13:29:43


(1)  114/  C1CBEC :                     	beq     .done
(1)  115/  C1CBEC :                     	ENDM
(1)  111/  C1CBEC : E198                	rol.l   #8,d0
(1)  112/  C1CBEE : 12C0                    move.b  d0,(a1)+           ; BB CC DD AA
(1)  113/  C1CBF0 : 5387                	subq.l  #1,d7
(1)  114/  C1CBF2 : 6742                	beq     .done
(1)  111/  C1CBF4 : E198                	rol.l   #8,d0
(1)  112/  C1CBF6 : 12C0                    move.b  d0,(a1)+           ; BB CC DD AA
(1)  113/  C1CBF8 : 5387                	subq.l  #1,d7
(1)  114/  C1CBFA : 673A                	beq     .done
(1)  111/  C1CBFC : E198                	rol.l   #8,d0
(1)  112/  C1CBFE : 12C0                    move.b  d0,(a1)+           ; BB CC DD AA
(1)  113/  C1CC00 : 5387                	subq.l  #1,d7
(1)  114/  C1CC02 : 6732                	beq     .done
(1)  111/  C1CC04 : E198                	rol.l   #8,d0
(1)  112/  C1CC06 : 12C0                    move.b  d0,(a1)+           ; BB CC DD AA
(1)  113/  C1CC08 : 5387                	subq.l  #1,d7
(1)  114/  C1CC0A : 672A                	beq     .done
(1)  116/  C1CC0C :                     
(1)  117/  C1CC0C : 2010                	move.l  (a0),d0            ; AA BB CC DD
(1)  118/  C1CC0E :                     
(1)  119/  C1CC0E :                         REPT 4
(1)  120/  C1CC0E :                     	rol.l   #8,d0
(1)  121/  C1CC0E :                         move.b  d0,(a1)+           ; BB CC DD AA
(1)  122/  C1CC0E :                     	subq.l  #1,d7
(1)  123/  C1CC0E :                     	beq     .done
(1)  124/  C1CC0E :                     	ENDM
(1)  120/  C1CC0E : E198                	rol.l   #8,d0
(1)  121/  C1CC10 : 12C0                    move.b  d0,(a1)+           ; BB CC DD AA
(1)  122/  C1CC12 : 5387                	subq.l  #1,d7
(1)  123/  C1CC14 : 6720                	beq     .done
(1)  120/  C1CC16 : E198                	rol.l   #8,d0
(1)  121/  C1CC18 : 12C0                    move.b  d0,(a1)+           ; BB CC DD AA
(1)  122/  C1CC1A : 5387                	subq.l  #1,d7
(1)  123/  C1CC1C : 6718                	beq     .done
(1)  120/  C1CC1E : E198                	rol.l   #8,d0
(1)  121/  C1CC20 : 12C0                    move.b  d0,(a1)+           ; BB CC DD AA
(1)  122/  C1CC22 : 5387                	subq.l  #1,d7
(1)  123/  C1CC24 : 6710                	beq     .done
(1)  120/  C1CC26 : E198                	rol.l   #8,d0
(1)  121/  C1CC28 : 12C0                    move.b  d0,(a1)+           ; BB CC DD AA
(1)  122/  C1CC2A : 5387                	subq.l  #1,d7
(1)  123/  C1CC2C : 6708                	beq     .done
(1)  125/  C1CC2E :                     
(1)  126/  C1CC2E :                     .wait:                         ; Wait for CPLDREG_STAT bit 2 (REFILL_PENDING) to be reset
(1)  127/  C1CC2E : 3012                    move.w  (a2),d0
(1)  128/  C1CC30 : C041                    and.w   d1,d0
(1)  129/  C1CC32 : 66FA                    bne     .wait
(1)  130/  C1CC34 : 60B4                    bra     .readsector
(1)  131/  C1CC36 :                     .done:
(1)  132/  C1CC36 :                     
(1)  133/  C1CC36 : 13C0 0030 0001      	move.b  d0,REG_DIPSW
(1)  134/  C1CC3C : 46FC 2000           	move.w  #$2000,sr		   ; Enable all interrupts
(1)  135/  C1CC40 : 4E75                	rts
(1)  136/  C1CC42 :                     
(1)  137/  C1CC42 :                     
(1)  138/  C1CC42 :                     GetCDSectorRawTail:
(1)  139/  C1CC42 :                         ; Byte-per-byte copy for last part of partial sector
(1)  140/  C1CC42 : 41F9 00C1 E000      	lea     CPLDREG_DATA,a0
(1)  141/  C1CC48 : 45F9 00C1 E200      	lea     CPLDREG_STAT,a2
 AS V1.42 Beta [Bld 311] - Source File main.asm(sectors.asm) - Page 118 - 9/11/2026 13:29:43


(1)  142/  C1CC4E : 223C 0000 0800      	move.l  #2048,d1
(1)  143/  C1CC54 : 2E2D 7EFC               move.l  SectorLoadSize(a5),d7
(1)  144/  C1CC58 : 9287                    sub.l   d7,d1              ; How many bytes to skip at the beginning
(1)  145/  C1CC5A : 13C0 0030 0001      	move.b  d0,REG_DIPSW
(1)  146/  C1CC60 : 46FC 2700           	move.w  #$2700,sr		   ; Disable all interrupts
(1)  147/  C1CC64 :                     .readsector:
(1)  148/  C1CC64 : 2010                	move.l  (a0),d0            ; AA BB CC DD
(1)  149/  C1CC66 :                     
(1)  150/  C1CC66 :                         REPT 4
(1)  151/  C1CC66 :                     	rol.l   #8,d0
(1)  152/  C1CC66 :                     	tst.w   d1
(1)  153/  C1CC66 :                     	beq     .a
(1)  154/  C1CC66 :                     	subq.w  #1,d1
(1)  155/  C1CC66 :                     	bra     .b
(1)  156/  C1CC66 :                     .a:
(1)  157/  C1CC66 :                         move.b  d0,(a1)+
(1)  158/  C1CC66 :                     	subq.l  #1,d7
(1)  159/  C1CC66 :                     	beq     .done
(1)  160/  C1CC66 :                     .b:
(1)  161/  C1CC66 :                     	ENDM
(1)  151/  C1CC66 : E198                	rol.l   #8,d0
(1)  152/  C1CC68 : 4A41                	tst.w   d1
(1)  153/  C1CC6A : 6704                	beq     .a
(1)  154/  C1CC6C : 5341                	subq.w  #1,d1
(1)  155/  C1CC6E : 6006                	bra     .b
(1)  156/  C1CC70 :                     .a:
(1)  157/  C1CC70 : 12C0                    move.b  d0,(a1)+
(1)  158/  C1CC72 : 5387                	subq.l  #1,d7
(1)  159/  C1CC74 : 677E                	beq     .done
(1)  160/  C1CC76 :                     .b:
(1)  151/  C1CC76 : E198                	rol.l   #8,d0
(1)  152/  C1CC78 : 4A41                	tst.w   d1
(1)  153/  C1CC7A : 6704                	beq     .a
(1)  154/  C1CC7C : 5341                	subq.w  #1,d1
(1)  155/  C1CC7E : 6006                	bra     .b
(1)  156/  C1CC80 :                     .a:
(1)  157/  C1CC80 : 12C0                    move.b  d0,(a1)+
(1)  158/  C1CC82 : 5387                	subq.l  #1,d7
(1)  159/  C1CC84 : 676E                	beq     .done
(1)  160/  C1CC86 :                     .b:
(1)  151/  C1CC86 : E198                	rol.l   #8,d0
(1)  152/  C1CC88 : 4A41                	tst.w   d1
(1)  153/  C1CC8A : 6704                	beq     .a
(1)  154/  C1CC8C : 5341                	subq.w  #1,d1
(1)  155/  C1CC8E : 6006                	bra     .b
(1)  156/  C1CC90 :                     .a:
(1)  157/  C1CC90 : 12C0                    move.b  d0,(a1)+
(1)  158/  C1CC92 : 5387                	subq.l  #1,d7
(1)  159/  C1CC94 : 675E                	beq     .done
(1)  160/  C1CC96 :                     .b:
(1)  151/  C1CC96 : E198                	rol.l   #8,d0
(1)  152/  C1CC98 : 4A41                	tst.w   d1
(1)  153/  C1CC9A : 6704                	beq     .a
(1)  154/  C1CC9C : 5341                	subq.w  #1,d1
(1)  155/  C1CC9E : 6006                	bra     .b
(1)  156/  C1CCA0 :                     .a:
(1)  157/  C1CCA0 : 12C0                    move.b  d0,(a1)+
(1)  158/  C1CCA2 : 5387                	subq.l  #1,d7
(1)  159/  C1CCA4 : 674E                	beq     .done
(1)  160/  C1CCA6 :                     .b:
 AS V1.42 Beta [Bld 311] - Source File main.asm(sectors.asm) - Page 119 - 9/11/2026 13:29:43


(1)  162/  C1CCA6 :                     
(1)  163/  C1CCA6 : 2010                	move.l  (a0),d0            ; AA BB CC DD
(1)  164/  C1CCA8 :                     
(1)  165/  C1CCA8 :                         REPT 4
(1)  166/  C1CCA8 :                     	rol.l   #8,d0
(1)  167/  C1CCA8 :                     	tst.w   d1
(1)  168/  C1CCA8 :                     	beq     .a
(1)  169/  C1CCA8 :                     	subq.w  #1,d1
(1)  170/  C1CCA8 :                     	bra     .b
(1)  171/  C1CCA8 :                     .a:
(1)  172/  C1CCA8 :                         move.b  d0,(a1)+
(1)  173/  C1CCA8 :                     	subq.l  #1,d7
(1)  174/  C1CCA8 :                     	beq     .done
(1)  175/  C1CCA8 :                     .b:
(1)  176/  C1CCA8 :                     	ENDM
(1)  166/  C1CCA8 : E198                	rol.l   #8,d0
(1)  167/  C1CCAA : 4A41                	tst.w   d1
(1)  168/  C1CCAC : 6704                	beq     .a
(1)  169/  C1CCAE : 5341                	subq.w  #1,d1
(1)  170/  C1CCB0 : 6006                	bra     .b
(1)  171/  C1CCB2 :                     .a:
(1)  172/  C1CCB2 : 12C0                    move.b  d0,(a1)+
(1)  173/  C1CCB4 : 5387                	subq.l  #1,d7
(1)  174/  C1CCB6 : 673C                	beq     .done
(1)  175/  C1CCB8 :                     .b:
(1)  166/  C1CCB8 : E198                	rol.l   #8,d0
(1)  167/  C1CCBA : 4A41                	tst.w   d1
(1)  168/  C1CCBC : 6704                	beq     .a
(1)  169/  C1CCBE : 5341                	subq.w  #1,d1
(1)  170/  C1CCC0 : 6006                	bra     .b
(1)  171/  C1CCC2 :                     .a:
(1)  172/  C1CCC2 : 12C0                    move.b  d0,(a1)+
(1)  173/  C1CCC4 : 5387                	subq.l  #1,d7
(1)  174/  C1CCC6 : 672C                	beq     .done
(1)  175/  C1CCC8 :                     .b:
(1)  166/  C1CCC8 : E198                	rol.l   #8,d0
(1)  167/  C1CCCA : 4A41                	tst.w   d1
(1)  168/  C1CCCC : 6704                	beq     .a
(1)  169/  C1CCCE : 5341                	subq.w  #1,d1
(1)  170/  C1CCD0 : 6006                	bra     .b
(1)  171/  C1CCD2 :                     .a:
(1)  172/  C1CCD2 : 12C0                    move.b  d0,(a1)+
(1)  173/  C1CCD4 : 5387                	subq.l  #1,d7
(1)  174/  C1CCD6 : 671C                	beq     .done
(1)  175/  C1CCD8 :                     .b:
(1)  166/  C1CCD8 : E198                	rol.l   #8,d0
(1)  167/  C1CCDA : 4A41                	tst.w   d1
(1)  168/  C1CCDC : 6704                	beq     .a
(1)  169/  C1CCDE : 5341                	subq.w  #1,d1
(1)  170/  C1CCE0 : 6006                	bra     .b
(1)  171/  C1CCE2 :                     .a:
(1)  172/  C1CCE2 : 12C0                    move.b  d0,(a1)+
(1)  173/  C1CCE4 : 5387                	subq.l  #1,d7
(1)  174/  C1CCE6 : 670C                	beq     .done
(1)  175/  C1CCE8 :                     .b:
(1)  177/  C1CCE8 :                     
(1)  178/  C1CCE8 :                     .wait:                         ; Wait for CPLDREG_STAT bit 2 (REFILL_PENDING) to be reset
(1)  179/  C1CCE8 : 3012                    move.w  (a2),d0
(1)  180/  C1CCEA : C07C 0004               and.w   #$0004,d0
(1)  181/  C1CCEE : 66F8                    bne     .wait
 AS V1.42 Beta [Bld 311] - Source File main.asm(sectors.asm) - Page 120 - 9/11/2026 13:29:43


(1)  182/  C1CCF0 : 6000 FF72               bra     .readsector
(1)  183/  C1CCF4 :                     .done:
(1)  184/  C1CCF4 :                     
(1)  185/  C1CCF4 : 13C0 0030 0001      	move.b  d0,REG_DIPSW
(1)  186/  C1CCFA : 46FC 2000           	move.w  #$2000,sr		   ; Enable all interrupts
(1)  187/  C1CCFE : 4E75                	rts
(1)  188/  C1CD00 :                     	
(1)  189/  C1CD00 :                     	
(1)  190/  C1CD00 :                     GetCDSectorBytesHead:
(1)  191/  C1CD00 :                         ; Byte-per-byte copy for first part of partial sector
(1)  192/  C1CD00 :                         ; No need to finish reading the whole sector, the MCU won't complain
(1)  193/  C1CD00 : 41F9 00C1 E000      	lea     CPLDREG_DATA,a0
(1)  194/  C1CD06 : 45F9 00C1 E200      	lea     CPLDREG_STAT,a2
(1)  195/  C1CD0C : 7204                	moveq.l #$0004,d1
(1)  196/  C1CD0E : 2E2D 7EFC               move.l  SectorLoadSize(a5),d7
(1)  197/  C1CD12 : 13C0 0030 0001      	move.b  d0,REG_DIPSW
(1)  198/  C1CD18 : 46FC 2700           	move.w  #$2700,sr		   ; Disable all interrupts
(1)  199/  C1CD1C :                     .readsector:
(1)  200/  C1CD1C : 2010                	move.l  (a0),d0            ; 12 AA BB CC DD
(1)  201/  C1CD1E : 2410                	move.l  (a0),d2            ; 12 AA BB CC DD
(1)  202/  C1CD20 :                     
(1)  203/  C1CD20 : 2600                	move.l  d0,d3              ; 4
(1)  204/  C1CD22 : 4843                	swap    d3                 ; 4  CC DD AA BB
(1)  205/  C1CD24 : E198                	rol.l   #8,d0              ; 24 BB CC DD AA
(1)  206/  C1CD26 : 32C0                	move.w  d0,(a1)+           ; 8  xx AA
(1)  207/  C1CD28 : 5387                	subq.l  #1,d7
(1)  208/  C1CD2A : 6740                	beq     .done
(1)  209/  C1CD2C : 32C3                	move.w  d3,(a1)+           ; 8  xx BB
(1)  210/  C1CD2E : 5387                	subq.l  #1,d7
(1)  211/  C1CD30 : 673A                	beq     .done
(1)  212/  C1CD32 : 4840                	swap    d0                 ; 4  DD AA BB CC
(1)  213/  C1CD34 : 32C0                	move.w  d0,(a1)+           ; 8  xx CC
(1)  214/  C1CD36 : 5387                	subq.l  #1,d7
(1)  215/  C1CD38 : 6732                	beq     .done
(1)  216/  C1CD3A : 4843                	swap    d3                 ; 4  AA BB CC DD
(1)  217/  C1CD3C : 32C3                	move.w  d3,(a1)+           ; 8  xx DD
(1)  218/  C1CD3E : 5387                	subq.l  #1,d7
(1)  219/  C1CD40 : 672A                	beq     .done
(1)  220/  C1CD42 :                     
(1)  221/  C1CD42 : 2602                	move.l  d2,d3              ; 4
(1)  222/  C1CD44 : 4843                	swap    d3                 ; 4  CC DD AA BB
(1)  223/  C1CD46 : E19A                	rol.l   #8,d2              ; 24 BB CC DD AA
(1)  224/  C1CD48 : 32C2                	move.w  d2,(a1)+           ; 8  xx AA
(1)  225/  C1CD4A : 5387                	subq.l  #1,d7
(1)  226/  C1CD4C : 671E                	beq     .done
(1)  227/  C1CD4E : 32C3                	move.w  d3,(a1)+           ; 8  xx BB
(1)  228/  C1CD50 : 5387                	subq.l  #1,d7
(1)  229/  C1CD52 : 6718                	beq     .done
(1)  230/  C1CD54 : 4842                	swap    d2                 ; 4  DD AA BB CC
(1)  231/  C1CD56 : 32C2                	move.w  d2,(a1)+           ; 8  xx CC
(1)  232/  C1CD58 : 5387                	subq.l  #1,d7
(1)  233/  C1CD5A : 6710                	beq     .done
(1)  234/  C1CD5C : 4843                	swap    d3                 ; 4  AA BB CC DD
(1)  235/  C1CD5E : 32C3                	move.w  d3,(a1)+           ; 8  xx DD
(1)  236/  C1CD60 : 5387                	subq.l  #1,d7
(1)  237/  C1CD62 : 6708                	beq     .done
(1)  238/  C1CD64 :                     
(1)  239/  C1CD64 :                     .wait:                         ; Wait for CPLDREG_STAT bit 2 (REFILL_PENDING) to be reset
(1)  240/  C1CD64 : 3012                    move.w  (a2),d0
(1)  241/  C1CD66 : C041                    and.w   d1,d0
 AS V1.42 Beta [Bld 311] - Source File main.asm(sectors.asm) - Page 121 - 9/11/2026 13:29:43


(1)  242/  C1CD68 : 66FA                    bne     .wait
(1)  243/  C1CD6A : 60B0                    bra     .readsector
(1)  244/  C1CD6C :                     .done:
(1)  245/  C1CD6C :                     
(1)  246/  C1CD6C : 13C0 0030 0001      	move.b  d0,REG_DIPSW
(1)  247/  C1CD72 : 46FC 2000           	move.w  #$2000,sr		   ; Enable all interrupts
(1)  248/  C1CD76 : 4E75                	rts
(1)  249/  C1CD78 :                     
(1)  250/  C1CD78 :                     
(1)  251/  C1CD78 :                     GetCDSectorBytesTail:
(1)  252/  C1CD78 :                         ; Byte-per-byte copy for last part of partial sector
(1)  253/  C1CD78 : 41F9 00C1 E000      	lea     CPLDREG_DATA,a0
(1)  254/  C1CD7E : 45F9 00C1 E200      	lea     CPLDREG_STAT,a2
(1)  255/  C1CD84 : 223C 0000 0800      	move.l  #2048,d1
(1)  256/  C1CD8A : 2E2D 7EFC               move.l  SectorLoadSize(a5),d7
(1)  257/  C1CD8E : 9287                    sub.l   d7,d1              ; How many bytes to skip at the beginning
(1)  258/  C1CD90 : 13C0 0030 0001      	move.b  d0,REG_DIPSW
(1)  259/  C1CD96 : 46FC 2700           	move.w  #$2700,sr		   ; Disable all interrupts
(1)  260/  C1CD9A :                     .readsector:
(1)  261/  C1CD9A :                     
(1)  262/  C1CD9A :                         REPT 2
(1)  263/  C1CD9A :                     	move.l  (a0),d0            ; 12 AA BB CC DD
(1)  264/  C1CD9A :                     
(1)  265/  C1CD9A :                     	move.l  d0,d3              ; 4
(1)  266/  C1CD9A :                     	swap    d3                 ; 4  CC DD AA BB
(1)  267/  C1CD9A :                     	rol.l   #8,d0              ; 24 BB CC DD AA
(1)  268/  C1CD9A :                     	tst.w   d1
(1)  269/  C1CD9A :                     	beq     .copy1
(1)  270/  C1CD9A :                     	subq.w  #1,d1
(1)  271/  C1CD9A :                     	bra     .skip1
(1)  272/  C1CD9A :                     .copy1:
(1)  273/  C1CD9A :                     	move.w  d0,(a1)+           ; 8  xx AA
(1)  274/  C1CD9A :                     .skip1:
(1)  275/  C1CD9A :                     	tst.w   d1
(1)  276/  C1CD9A :                     	beq     .copy2
(1)  277/  C1CD9A :                     	subq.w  #1,d1
(1)  278/  C1CD9A :                     	bra     .skip2
(1)  279/  C1CD9A :                     .copy2:
(1)  280/  C1CD9A :                     	move.w  d3,(a1)+           ; 8  xx BB
(1)  281/  C1CD9A :                     .skip2:
(1)  282/  C1CD9A :                     	swap    d0                 ; 4  DD AA BB CC
(1)  283/  C1CD9A :                     	tst.w   d1
(1)  284/  C1CD9A :                     	beq     .copy3
(1)  285/  C1CD9A :                     	subq.w  #1,d1
(1)  286/  C1CD9A :                     	bra     .skip3
(1)  287/  C1CD9A :                     .copy3:
(1)  288/  C1CD9A :                     	move.w  d0,(a1)+           ; 8  xx CC
(1)  289/  C1CD9A :                     .skip3:
(1)  290/  C1CD9A :                     	swap    d3                 ; 4  AA BB CC DD
(1)  291/  C1CD9A :                     	tst.w   d1
(1)  292/  C1CD9A :                     	beq     .copy4
(1)  293/  C1CD9A :                     	subq.w  #1,d1
(1)  294/  C1CD9A :                     	bra     .skip4
(1)  295/  C1CD9A :                     .copy4:
(1)  296/  C1CD9A :                     	move.w  d3,(a1)+           ; 8  xx DD
(1)  297/  C1CD9A :                     .skip4:
(1)  298/  C1CD9A :                         ENDM
(1)  263/  C1CD9A : 2010                	move.l  (a0),d0            ; 12 AA BB CC DD
(1)  264/  C1CD9C :                     
(1)  265/  C1CD9C : 2600                	move.l  d0,d3              ; 4
 AS V1.42 Beta [Bld 311] - Source File main.asm(sectors.asm) - Page 122 - 9/11/2026 13:29:43


(1)  266/  C1CD9E : 4843                	swap    d3                 ; 4  CC DD AA BB
(1)  267/  C1CDA0 : E198                	rol.l   #8,d0              ; 24 BB CC DD AA
(1)  268/  C1CDA2 : 4A41                	tst.w   d1
(1)  269/  C1CDA4 : 6704                	beq     .copy1
(1)  270/  C1CDA6 : 5341                	subq.w  #1,d1
(1)  271/  C1CDA8 : 6002                	bra     .skip1
(1)  272/  C1CDAA :                     .copy1:
(1)  273/  C1CDAA : 32C0                	move.w  d0,(a1)+           ; 8  xx AA
(1)  274/  C1CDAC :                     .skip1:
(1)  275/  C1CDAC : 4A41                	tst.w   d1
(1)  276/  C1CDAE : 6704                	beq     .copy2
(1)  277/  C1CDB0 : 5341                	subq.w  #1,d1
(1)  278/  C1CDB2 : 6002                	bra     .skip2
(1)  279/  C1CDB4 :                     .copy2:
(1)  280/  C1CDB4 : 32C3                	move.w  d3,(a1)+           ; 8  xx BB
(1)  281/  C1CDB6 :                     .skip2:
(1)  282/  C1CDB6 : 4840                	swap    d0                 ; 4  DD AA BB CC
(1)  283/  C1CDB8 : 4A41                	tst.w   d1
(1)  284/  C1CDBA : 6704                	beq     .copy3
(1)  285/  C1CDBC : 5341                	subq.w  #1,d1
(1)  286/  C1CDBE : 6002                	bra     .skip3
(1)  287/  C1CDC0 :                     .copy3:
(1)  288/  C1CDC0 : 32C0                	move.w  d0,(a1)+           ; 8  xx CC
(1)  289/  C1CDC2 :                     .skip3:
(1)  290/  C1CDC2 : 4843                	swap    d3                 ; 4  AA BB CC DD
(1)  291/  C1CDC4 : 4A41                	tst.w   d1
(1)  292/  C1CDC6 : 6704                	beq     .copy4
(1)  293/  C1CDC8 : 5341                	subq.w  #1,d1
(1)  294/  C1CDCA : 6002                	bra     .skip4
(1)  295/  C1CDCC :                     .copy4:
(1)  296/  C1CDCC : 32C3                	move.w  d3,(a1)+           ; 8  xx DD
(1)  297/  C1CDCE :                     .skip4:
(1)  263/  C1CDCE : 2010                	move.l  (a0),d0            ; 12 AA BB CC DD
(1)  264/  C1CDD0 :                     
(1)  265/  C1CDD0 : 2600                	move.l  d0,d3              ; 4
(1)  266/  C1CDD2 : 4843                	swap    d3                 ; 4  CC DD AA BB
(1)  267/  C1CDD4 : E198                	rol.l   #8,d0              ; 24 BB CC DD AA
(1)  268/  C1CDD6 : 4A41                	tst.w   d1
(1)  269/  C1CDD8 : 6704                	beq     .copy1
(1)  270/  C1CDDA : 5341                	subq.w  #1,d1
(1)  271/  C1CDDC : 6002                	bra     .skip1
(1)  272/  C1CDDE :                     .copy1:
(1)  273/  C1CDDE : 32C0                	move.w  d0,(a1)+           ; 8  xx AA
(1)  274/  C1CDE0 :                     .skip1:
(1)  275/  C1CDE0 : 4A41                	tst.w   d1
(1)  276/  C1CDE2 : 6704                	beq     .copy2
(1)  277/  C1CDE4 : 5341                	subq.w  #1,d1
(1)  278/  C1CDE6 : 6002                	bra     .skip2
(1)  279/  C1CDE8 :                     .copy2:
(1)  280/  C1CDE8 : 32C3                	move.w  d3,(a1)+           ; 8  xx BB
(1)  281/  C1CDEA :                     .skip2:
(1)  282/  C1CDEA : 4840                	swap    d0                 ; 4  DD AA BB CC
(1)  283/  C1CDEC : 4A41                	tst.w   d1
(1)  284/  C1CDEE : 6704                	beq     .copy3
(1)  285/  C1CDF0 : 5341                	subq.w  #1,d1
(1)  286/  C1CDF2 : 6002                	bra     .skip3
(1)  287/  C1CDF4 :                     .copy3:
(1)  288/  C1CDF4 : 32C0                	move.w  d0,(a1)+           ; 8  xx CC
(1)  289/  C1CDF6 :                     .skip3:
(1)  290/  C1CDF6 : 4843                	swap    d3                 ; 4  AA BB CC DD
 AS V1.42 Beta [Bld 311] - Source File main.asm(sectors.asm) - Page 123 - 9/11/2026 13:29:43


(1)  291/  C1CDF8 : 4A41                	tst.w   d1
(1)  292/  C1CDFA : 6704                	beq     .copy4
(1)  293/  C1CDFC : 5341                	subq.w  #1,d1
(1)  294/  C1CDFE : 6002                	bra     .skip4
(1)  295/  C1CE00 :                     .copy4:
(1)  296/  C1CE00 : 32C3                	move.w  d3,(a1)+           ; 8  xx DD
(1)  297/  C1CE02 :                     .skip4:
(1)  299/  C1CE02 :                     
(1)  300/  C1CE02 :                     .wait:                         ; Wait for CPLDREG_STAT bit 2 (REFILL_PENDING) to be reset
(1)  301/  C1CE02 : 3012                    move.w  (a2),d0
(1)  302/  C1CE04 : C07C 0004               and.w   #$0004,d0
(1)  303/  C1CE08 : 66F8                    bne     .wait
(1)  304/  C1CE0A : 608E                    bra     .readsector
(1)  305/  C1CE0C :                     .done:
(1)  306/  C1CE0C :                     
(1)  307/  C1CE0C : 13C0 0030 0001      	move.b  d0,REG_DIPSW
(1)  308/  C1CE12 : 46FC 2000           	move.w  #$2000,sr		   ; Enable all interrupts
(1)  309/  C1CE16 : 4E75                	rts
(1)  310/  C1CE18 :                     	
(1)  311/  C1CE18 :                     
(1)  312/  C1CE18 :                     LoadPRGSectorFromSD:
(1)  313/  C1CE18 : 13C0 0030 0001      	move.b  d0,REG_DIPSW
(1)  314/  C1CE1E :                     	; Needed for Double Dragon ! Loads "DDVCT.PRG" which is smaller than a CD sector
(1)  315/  C1CE1E : 4A79 0011 C180      	tst.w   CDSectorCount
(1)  316/  C1CE24 : 674C                	beq     .exit
(1)  317/  C1CE26 :                     
(1)  318/  C1CE26 : 48E7 D1E0               movem.l d0/d1/d3/d7/a0-a2,-(sp)
(1)  319/  C1CE2A : 4EB9 00C1 CB6A          jsr     ReqCDSector
(1)  320/  C1CE30 : 13FC 0001 00FF 016F     move.b  #1,REG_UPLOAD_EN
(1)  321/  C1CE38 :                     
(1)  322/  C1CE38 : 226D 7EF4           	movea.l SectorLoadDest(a5),a1
(1)  323/  C1CE3C : 0CAD 0000 0800 7EFC     cmp.l   #2048,SectorLoadSize(a5)
(1)  324/  C1CE44 : 6708                    beq     .full
(1)  325/  C1CE46 : 4EB9 00C1 CBCE          jsr     GetCDSectorRawHead
(1)  326/  C1CE4C : 6006                    bra     .done
(1)  327/  C1CE4E :                     .full:
(1)  328/  C1CE4E : 4EB9 00C1 CB98          jsr     GetCDSectorRawFull
(1)  329/  C1CE54 :                     .done:
(1)  330/  C1CE54 : 13FC 0000 00FF 016F     move.b  #0,REG_UPLOAD_EN
(1)  331/  C1CE5C :                     
(1)  332/  C1CE5C :                         ; Update progress
(1)  333/  C1CE5C : 202D 7EF4               move.l  SectorLoadDest(a5),d0
(1)  334/  C1CE60 : D0AD 7EFC               add.l   SectorLoadSize(a5),d0
(1)  335/  C1CE64 : 2B40 7EF4               move.l  d0,SectorLoadDest(a5)
(1)  336/  C1CE68 : 4EB9 00C1 CAFA          jsr     IncMSF
(1)  337/  C1CE6E : 4CDF 078B               movem.l (sp)+,d0/d1/d3/d7/a0-a2
(1)  338/  C1CE72 :                     
(1)  339/  C1CE72 :                     .exit:
(1)  340/  C1CE72 : 4E75                    rts
(1)  341/  C1CE74 :                     
(1)  342/  C1CE74 :                     
(1)  343/  C1CE74 :                     LoadSPRSectorFromSD:
(1)  344/  C1CE74 : 13C0 0030 0001      	move.b  d0,REG_DIPSW
(1)  345/  C1CE7A :                     	; Not needed ?
(1)  346/  C1CE7A : 4A79 0011 C180      	tst.w   CDSectorCount
(1)  347/  C1CE80 : 6700 00BA           	beq     .exit
(1)  348/  C1CE84 :                     
(1)  349/  C1CE84 : 48E7 D1E0               movem.l d0/d1/d3/d7/a0-a2,-(sp)
(1)  350/  C1CE88 : 4EB9 00C1 CB6A          jsr     ReqCDSector
(1)  351/  C1CE8E : 13FC 0001 00FF 016F     move.b  #1,REG_UPLOAD_EN
 AS V1.42 Beta [Bld 311] - Source File main.asm(sectors.asm) - Page 124 - 9/11/2026 13:29:43


(1)  352/  C1CE96 :                     
(1)  353/  C1CE96 : 2B6D 7EFC 7DE2          move.l  SectorLoadSize(a5),SectorLoadCounter(a5)
(1)  354/  C1CE9C : 202D 7DE2               move.l  SectorLoadCounter(a5),d0
(1)  355/  C1CEA0 : 6700 0084               beq     .done
(1)  356/  C1CEA4 :                         ; if SectorLoadSize + SectorLoadDest > $100000, we need to cross a bank boundary
(1)  357/  C1CEA4 : D0AD 7EF4               add.l   SectorLoadDest(a5),d0
(1)  358/  C1CEA8 : B0BC 0010 0000          cmp.l   #$100000,d0
(1)  359/  C1CEAE : 635C                    bls     .fullsector             ; If not: simply load a full sector
(1)  360/  C1CEB0 : 203C 0010 0000          move.l  #$100000,d0             ; If so:
(1)  361/  C1CEB6 : 90AD 7EF4               sub.l   SectorLoadDest(a5),d0   ; Compute size of first part of sector ($100000 - SectorLoadDest)
(1)  362/  C1CEBA : 2B40 7EFC               move.l  d0,SectorLoadSize(a5)
(1)  363/  C1CEBE : 222D 7DE2               move.l  SectorLoadCounter(a5),d1
(1)  364/  C1CEC2 : 9280                    sub.l   d0,d1                   ; Compute what will be left to load (SectorLoadSize - SectorLoadCounter)
(1)  365/  C1CEC4 : 2B41 7DE2               move.l  d1,SectorLoadCounter(a5)
(1)  366/  C1CEC8 : 203C 00E0 0000          move.l  #$E00000,d0
(1)  367/  C1CECE : D0AD 7EF4           	add.l   SectorLoadDest(a5),d0
(1)  368/  C1CED2 : 2240                	movea.l d0,a1
(1)  369/  C1CED4 : 4EB9 00C1 CBCE          jsr     GetCDSectorRawHead      ; Load first part of sector (will end at exactly $100000)
(1)  370/  C1CEDA : 4EB9 00C1 CB6A          jsr     ReqCDSector             ; Reload same sector for the second part
(1)  371/  C1CEE0 : 522D 7EDB               addq.b  #1,BankCounter(a5)      ; Go to next bank
(1)  372/  C1CEE4 : 13ED 7EDB 00FF 01A1     move.b  BankCounter(a5),REG_SPRBANK
(1)  373/  C1CEEC : 42AD 7EF4               clr.l   SectorLoadDest(a5)      ; New destination is the start of the new bank
(1)  374/  C1CEF0 : 2B6D 7DE2 7EFC          move.l  SectorLoadCounter(a5),SectorLoadSize(a5)
(1)  375/  C1CEF6 : 227C 00E0 0000          move.l  #$E00000,a1
(1)  376/  C1CEFC : 4EB9 00C1 CC42          jsr     GetCDSectorRawTail      ; Load second part of sector
(1)  377/  C1CF02 : 202D 7EF4               move.l  SectorLoadDest(a5),d0
(1)  378/  C1CF06 : D0AD 7EFC               add.l   SectorLoadSize(a5),d0
(1)  379/  C1CF0A : 601A                    bra     .done
(1)  380/  C1CF0C :                     
(1)  381/  C1CF0C :                     .fullsector:
(1)  382/  C1CF0C : 203C 00E0 0000          move.l  #$E00000,d0
(1)  383/  C1CF12 : D0AD 7EF4           	add.l   SectorLoadDest(a5),d0
(1)  384/  C1CF16 : 2240                	movea.l d0,a1
(1)  385/  C1CF18 : 4EB9 00C1 CB98          jsr     GetCDSectorRawFull
(1)  386/  C1CF1E :                     
(1)  387/  C1CF1E :                         ; Update progress
(1)  388/  C1CF1E : 202D 7EF4               move.l  SectorLoadDest(a5),d0
(1)  389/  C1CF22 : D0AD 7EFC               add.l   SectorLoadSize(a5),d0
(1)  390/  C1CF26 :                     .done:
(1)  391/  C1CF26 : 2B40 7EF4               move.l  d0,SectorLoadDest(a5)
(1)  392/  C1CF2A : 4EB9 00C1 CAFA          jsr     IncMSF
(1)  393/  C1CF30 :                     
(1)  394/  C1CF30 : 13FC 0000 00FF 016F     move.b  #0,REG_UPLOAD_EN
(1)  395/  C1CF38 :                     
(1)  396/  C1CF38 : 4CDF 078B               movem.l (sp)+,d0/d1/d3/d7/a0-a2
(1)  397/  C1CF3C :                     .exit:
(1)  398/  C1CF3C : 4E75                    rts
(1)  399/  C1CF3E :                     
(1)  400/  C1CF3E :                     
(1)  401/  C1CF3E :                     
(1)  402/  C1CF3E :                     LoadPCMSectorFromSD:
(1)  403/  C1CF3E : 13C0 0030 0001      	move.b  d0,REG_DIPSW
(1)  404/  C1CF44 :                     
(1)  405/  C1CF44 : 48E7 F1E0               movem.l d0/d1/d2/d3/d7/a0-a2,-(sp)
(1)  406/  C1CF48 : 4EB9 00C1 CB6A          jsr     ReqCDSector
(1)  407/  C1CF4E : 13FC 0001 00FF 016F     move.b  #1,REG_UPLOAD_EN
(1)  408/  C1CF56 :                     
(1)  409/  C1CF56 : 2B6D 7EFC 7DE2          move.l  SectorLoadSize(a5),SectorLoadCounter(a5)
(1)  410/  C1CF5C : 202D 7DE2               move.l  SectorLoadCounter(a5),d0
(1)  411/  C1CF60 : 6700 00CA               beq     .done
 AS V1.42 Beta [Bld 311] - Source File main.asm(sectors.asm) - Page 125 - 9/11/2026 13:29:43


(1)  412/  C1CF64 :                         ; if SectorLoadSize*2 + SectorLoadDest > $100000, we need to cross a bank boundary
(1)  413/  C1CF64 : D080                    add.l   d0,d0
(1)  414/  C1CF66 : D0AD 7EF4               add.l   SectorLoadDest(a5),d0
(1)  415/  C1CF6A : B0BC 0010 0000          cmp.l   #$100000,d0
(1)  416/  C1CF70 : 6356                    bls     .fullsector             ; If not: simply load a full sector
(1)  417/  C1CF72 : 203C 0010 0000          move.l  #$100000,d0             ; If so:
(1)  418/  C1CF78 : 90AD 7EF4               sub.l   SectorLoadDest(a5),d0   ; Compute size of first part of sector ($100000 - SectorLoadDest)
(1)  419/  C1CF7C : E288                    lsr.l   #1,d0
(1)  420/  C1CF7E : 2B40 7EFC               move.l  d0,SectorLoadSize(a5)
(1)  421/  C1CF82 : 222D 7DE2               move.l  SectorLoadCounter(a5),d1
(1)  422/  C1CF86 : 9280                    sub.l   d0,d1                   ; Compute what will be left to load (SectorLoadSize - SectorLoadCounter)
(1)  423/  C1CF88 : 2B41 7DE2               move.l  d1,SectorLoadCounter(a5)
(1)  424/  C1CF8C : 203C 00E0 0000          move.l  #$E00000,d0
(1)  425/  C1CF92 : D0AD 7EF4           	add.l   SectorLoadDest(a5),d0
(1)  426/  C1CF96 : 2240                	movea.l d0,a1
(1)  427/  C1CF98 : 4EB9 00C1 CD00          jsr     GetCDSectorBytesHead    ; Load first part of sector (will end at exactly $100000)
(1)  428/  C1CF9E : 4EB9 00C1 CB6A          jsr     ReqCDSector             ; Reload same sector for the second part
(1)  429/  C1CFA4 : 522D 7EDB               addq.b  #1,BankCounter(a5)      ; Go to next bank
(1)  430/  C1CFA8 : 13ED 7EDB 00FF 01A3     move.b  BankCounter(a5),REG_PCMBANK
(1)  431/  C1CFB0 : 42AD 7EF4               clr.l   SectorLoadDest(a5)      ; New destination is the start of the new bank
(1)  432/  C1CFB4 : 2B6D 7DE2 7EFC          move.l  SectorLoadCounter(a5),SectorLoadSize(a5)
(1)  433/  C1CFBA : 227C 00E0 0000          move.l  #$E00000,a1
(1)  434/  C1CFC0 : 4EB9 00C1 CD78          jsr     GetCDSectorBytesTail    ; Load second part of sector
(1)  435/  C1CFC6 : 6064                    bra     .done
(1)  436/  C1CFC8 :                     
(1)  437/  C1CFC8 :                     .fullsector:
(1)  438/  C1CFC8 : 203C 00E0 0000          move.l  #$E00000,d0
(1)  439/  C1CFCE : D0AD 7EF4               add.l   SectorLoadDest(a5),d0
(1)  440/  C1CFD2 : 2240                	movea.l d0,a1
(1)  441/  C1CFD4 :                     
(1)  442/  C1CFD4 : 41F9 00C1 E000      	lea     CPLDREG_DATA,a0
(1)  443/  C1CFDA : 45F9 00C1 E200      	lea     CPLDREG_STAT,a2
(1)  444/  C1CFE0 : 7204                	moveq.l #$0004,d1
(1)  445/  C1CFE2 :                     
(1)  446/  C1CFE2 : 3E3C 00FF           	move.w  #256-1,d7 		   ; Read whole CD sector 256*8=2048 bytes
(1)  447/  C1CFE6 : 13C0 0030 0001      	move.b  d0,REG_DIPSW
(1)  448/  C1CFEC : 46FC 2700           	move.w  #$2700,sr		   ; Disable all interrupts
(1)  449/  C1CFF0 :                     .readsector:
(1)  450/  C1CFF0 :                         REPT 2
(1)  451/  C1CFF0 :                     	move.l  (a0),d0            ; 12 AA BB CC DD
(1)  452/  C1CFF0 :                     	move.l  d0,d3              ; 4
(1)  453/  C1CFF0 :                     	swap    d3                 ; 4  CC DD AA BB
(1)  454/  C1CFF0 :                     	rol.l   #8,d0              ; 24 BB CC DD AA
(1)  455/  C1CFF0 :                     	move.w  d0,(a1)+           ; 8  xx AA
(1)  456/  C1CFF0 :                     	move.w  d3,(a1)+           ; 8  xx BB
(1)  457/  C1CFF0 :                     	swap    d0                 ; 4  DD AA BB CC
(1)  458/  C1CFF0 :                     	move.w  d0,(a1)+           ; 8  xx CC
(1)  459/  C1CFF0 :                     	swap    d3                 ; 4  AA BB CC DD
(1)  460/  C1CFF0 :                     	move.w  d3,(a1)+           ; 8  xx DD
(1)  461/  C1CFF0 :                         ENDM
(1)  451/  C1CFF0 : 2010                	move.l  (a0),d0            ; 12 AA BB CC DD
(1)  452/  C1CFF2 : 2600                	move.l  d0,d3              ; 4
(1)  453/  C1CFF4 : 4843                	swap    d3                 ; 4  CC DD AA BB
(1)  454/  C1CFF6 : E198                	rol.l   #8,d0              ; 24 BB CC DD AA
(1)  455/  C1CFF8 : 32C0                	move.w  d0,(a1)+           ; 8  xx AA
(1)  456/  C1CFFA : 32C3                	move.w  d3,(a1)+           ; 8  xx BB
(1)  457/  C1CFFC : 4840                	swap    d0                 ; 4  DD AA BB CC
(1)  458/  C1CFFE : 32C0                	move.w  d0,(a1)+           ; 8  xx CC
(1)  459/  C1D000 : 4843                	swap    d3                 ; 4  AA BB CC DD
(1)  460/  C1D002 : 32C3                	move.w  d3,(a1)+           ; 8  xx DD
 AS V1.42 Beta [Bld 311] - Source File main.asm(sectors.asm) - Page 126 - 9/11/2026 13:29:43


(1)  451/  C1D004 : 2010                	move.l  (a0),d0            ; 12 AA BB CC DD
(1)  452/  C1D006 : 2600                	move.l  d0,d3              ; 4
(1)  453/  C1D008 : 4843                	swap    d3                 ; 4  CC DD AA BB
(1)  454/  C1D00A : E198                	rol.l   #8,d0              ; 24 BB CC DD AA
(1)  455/  C1D00C : 32C0                	move.w  d0,(a1)+           ; 8  xx AA
(1)  456/  C1D00E : 32C3                	move.w  d3,(a1)+           ; 8  xx BB
(1)  457/  C1D010 : 4840                	swap    d0                 ; 4  DD AA BB CC
(1)  458/  C1D012 : 32C0                	move.w  d0,(a1)+           ; 8  xx CC
(1)  459/  C1D014 : 4843                	swap    d3                 ; 4  AA BB CC DD
(1)  460/  C1D016 : 32C3                	move.w  d3,(a1)+           ; 8  xx DD
(1)  462/  C1D018 :                     
(1)  463/  C1D018 :                     .wait:                         ; Wait for CPLDREG_STAT bit 2 (REFILL_PENDING) to be reset
(1)  464/  C1D018 : 3012                    move.w  (a2),d0            ; 8
(1)  465/  C1D01A : C041                    and.w   d1,d0              ; 4
(1)  466/  C1D01C : 66FA                    bne     .wait              ; 10
(1)  467/  C1D01E :                     
(1)  468/  C1D01E : 51CF FFD0               dbra    d7,.readsector     ; 10, total 200 for 8 bytes, 468kB/s
(1)  469/  C1D022 : 13C0 0030 0001      	move.b  d0,REG_DIPSW
(1)  470/  C1D028 : 46FC 2000           	move.w  #$2000,sr		   ; Enable all interrupts
(1)  471/  C1D02C :                     
(1)  472/  C1D02C :                     .done:
(1)  473/  C1D02C : 202D 7EF4               move.l  SectorLoadDest(a5),d0
(1)  474/  C1D030 : D0AD 7EFC               add.l   SectorLoadSize(a5),d0
(1)  475/  C1D034 : D0AD 7EFC               add.l   SectorLoadSize(a5),d0
(1)  476/  C1D038 : 0C80 0010 0000          cmpi.l  #$100000,d0
(1)  477/  C1D03E : 650E                    bcs     .loc_C0BE7E
(1)  478/  C1D040 : 522D 7EDB               addq.b  #1,BankCounter(a5)
(1)  479/  C1D044 : 13ED 7EDB 00FF 01A3     move.b  BankCounter(a5),REG_PCMBANK
(1)  480/  C1D04C : 4280                    clr.l   d0
(1)  481/  C1D04E :                     .loc_C0BE7E:
(1)  482/  C1D04E : 2B40 7EF4               move.l  d0,SectorLoadDest(a5)
(1)  483/  C1D052 :                     
(1)  484/  C1D052 : 4EB9 00C1 CAFA          jsr     IncMSF
(1)  485/  C1D058 :                     
(1)  486/  C1D058 : 13FC 0000 00FF 016F     move.b  #0,REG_UPLOAD_EN
(1)  487/  C1D060 :                     
(1)  488/  C1D060 : 4CDF 078F               movem.l (sp)+,d0/d1/d2/d3/d7/a0-a2
(1)  489/  C1D064 : 4E75                    rts
(1)  490/  C1D066 :                     
(1)  491/  C1D066 :                     
(1)  492/  C1D066 :                     ; MAKE SURE THIS PRESERVES USED REGISTERS !
(1)  493/  C1D066 :                     LoadCDSectorFromSD:
(1)  494/  C1D066 : 13C0 0030 0001      	move.b  d0,REG_DIPSW
(1)  495/  C1D06C :                     	; Not needed ?
(1)  496/  C1D06C : 4A79 0011 C180      	tst.w   CDSectorCount
(1)  497/  C1D072 : 6720                	beq     .exit
(1)  498/  C1D074 : 48E7 D1E0               movem.l d0/d1/d3/d7/a0-a2,-(sp)
(1)  499/  C1D078 : 4EB9 00C1 CB6A          jsr     ReqCDSector
(1)  500/  C1D07E : 227C 0011 1204      	move.l  #CDSectorBuffer,a1
(1)  501/  C1D084 : 4EB9 00C1 CB98          jsr     GetCDSectorRawFull
(1)  502/  C1D08A : 4EB9 00C1 CAFA          jsr     IncMSF
(1)  503/  C1D090 : 4CDF 078B               movem.l (sp)+,d0/d1/d3/d7/a0-a2
(1)  504/  C1D094 :                     .exit:
(1)  505/  C1D094 : 4E75                    rts
(1)  506/  C1D096 :                     
(1)  507/  C1D096 :                     
(1)  508/  C1D096 :                     GetBMPSector:
(1)  509/  C1D096 :                         ; Ask MCU for a BMP data sector
(1)  510/  C1D096 : 48E7 51F0               movem.l d1/d3/d7/a0-a3,-(sp)
(1)  511/  C1D09A :                         ; The following is like ReqCDSector with error handling
 AS V1.42 Beta [Bld 311] - Source File main.asm(sectors.asm) - Page 127 - 9/11/2026 13:29:43


(1)  512/  C1D09A : 23F9 0011 C182 0011     move.l  MSFCounter,MCUCmdParams
           C1D0A2 : C194               
(1)  513/  C1D0A4 : (MACRO)[142]            MCUCMD  MCU_CMD_LOADSECT
(1)  513/  C1D0A4 : 163C 0008               move.b  #MCU_CMD_LOADSECT,d3
(1)  513/  C1D0A8 : 4EB9 00C1 C996          jsr     MCUCommand
(1)  514/  C1D0AE : 6408                    bcc     .notimeout
(1)  515/  C1D0B0 : 4EB9 00C1 98F2          jsr     DispErrorTimeout
(1)  516/  C1D0B6 : 6024                    bra     .err
(1)  517/  C1D0B8 :                     .notimeout:
(1)  518/  C1D0B8 : 4EB9 00C1 CA9A          jsr     MCURead4Words
(1)  519/  C1D0BE : 4EB9 00C1 CADA          jsr     CheckACK
(1)  520/  C1D0C4 : 6516                    bcs     .err
(1)  521/  C1D0C6 :                     
(1)  522/  C1D0C6 : 227C 0011 1204      	move.l  #CDSectorBuffer,a1
(1)  523/  C1D0CC : 4EB9 00C1 CB98          jsr     GetCDSectorRawFull
(1)  524/  C1D0D2 :                     
(1)  525/  C1D0D2 : 4CDF 0F8A               movem.l (sp)+,d1/d3/d7/a0-a3
(1)  526/  C1D0D6 : 023C 00FE               andi.b  #$FE,CCR           ; Ok
(1)  527/  C1D0DA : 4E75                    rts
(1)  528/  C1D0DC :                     .err:
(1)  529/  C1D0DC : 4CDF 0F8A               movem.l (sp)+,d1/d3/d7/a0-a3
(1)  530/  C1D0E0 : 003C 0001               ori.b   #1,CCR             ; Error occured
(1)  531/  C1D0E4 : 4E75                	rts
(1)  532/  C1D0E6 :                     
     207/  C1D0E6 :                     	INCLUDE "cdda.asm"
(1)    1/  C1D0E6 :                     ; Copyright (C) 2020 Sean Gonsalves
(1)    2/  C1D0E6 :                     ;
(1)    3/  C1D0E6 :                     ; This file is part of Neo CD SD Loader.
(1)    4/  C1D0E6 :                     ;
(1)    5/  C1D0E6 :                     ; This program is free software; you can redistribute it and/or modify
(1)    6/  C1D0E6 :                     ; it under the terms of the GNU General Public License as published by
(1)    7/  C1D0E6 :                     ; the Free Software Foundation; either version 2, or (at your option)
(1)    8/  C1D0E6 :                     ; any later version.
(1)    9/  C1D0E6 :                     ;
(1)   10/  C1D0E6 :                     ; This program is distributed in the hope that it will be useful,
(1)   11/  C1D0E6 :                     ; but WITHOUT ANY WARRANTY; without even the implied warranty of
(1)   12/  C1D0E6 :                     ; MERCHANTABILITY or FITNESS FOR A PARTICULAR PURPOSE.  See the
(1)   13/  C1D0E6 :                     ; GNU General Public License for more details.
(1)   14/  C1D0E6 :                     ;
(1)   15/  C1D0E6 :                     ; You should have received a copy of the GNU General Public License
(1)   16/  C1D0E6 :                     ; along with this program; see the file COPYING.  If not, write to
(1)   17/  C1D0E6 :                     ; the Free Software Foundation, Inc., 51 Franklin Street,
(1)   18/  C1D0E6 :                     ; Boston, MA 02110-1301, USA.
(1)   19/  C1D0E6 :                     
(1)   20/  C1D0E6 :                     StopCDDA:
(1)   21/  C1D0E6 : 13FC 0000 00FF 0119     move.b  #0,REG_ENVIDEO      ; Copied from original routine
(1)   22/  C1D0EE : 303C 0600           	move.w  #$0600,d0           ; Stop CDDA
(1)   23/  C1D0F2 : 4EF9 00C1 D0F8      	jmp     CDDACommand
(1)   24/  C1D0F8 :                     
(1)   25/  C1D0F8 :                     
(1)   26/  C1D0F8 :                     ; d0.w: command, track
(1)   27/  C1D0F8 :                     CDDACommand:
(1)   28/  C1D0F8 : =>UNDEFINED             IFNDEF MAMEDEBUG
(1)   29/  C1D0F8 : 0800 0009               btst.l  #9,d0
(1)   30/  C1D0FC : 6606                    bne     .ok              ; Command is pause or resume: ok
(1)   31/  C1D0FE : 4A00                    tst.b   d0
(1)   32/  C1D100 : 6602                    bne     .ok              ; Command is play with track # > 0: ok
(1)   33/  C1D102 : 4E75                    rts                      ; Command is null or invalid
(1)   34/  C1D104 :                     .ok:
(1)   35/  C1D104 :                         ; If command bit 2 is set, the system ROM steals the VBL IRQ until the command is processed
 AS V1.42 Beta [Bld 311] - Source File main.asm(cdda.asm) - Page 128 - 9/11/2026 13:29:43


(1)   36/  C1D104 :                         ;tst.b   $107             ; From original code. Bit 7 of byte at $107 prevents the use of blocking CDDA commands
(1)   37/  C1D104 :                         ;bmi     .direct
(1)   38/  C1D104 :                         ;st.b    CDDAPending
(1)   39/  C1D104 :                         ;move.w  #1,$FF0004
(1)   40/  C1D104 :                         ;move.l  #SYS_INT1,$68    ; Replace VBL handler by SYS_INT1 while the command is being procesed
(1)   41/  C1D104 :                         ;move.w  #$731,$FF0004
(1)   42/  C1D104 :                     ;.direct:
(1)   43/  C1D104 :                         ;clr.b   $10F6D9          ; CDDAReadyFlag
(1)   44/  C1D104 :                     
(1)   45/  C1D104 : 33C0 0011 C194          move.w  d0,MCUCmdParams
(1)   46/  C1D10A : (MACRO)[143]            MCUCMD  MCU_CMD_CDDA
(1)   46/  C1D10A : 163C 0009               move.b  #MCU_CMD_CDDA,d3
(1)   46/  C1D10E : 4EB9 00C1 C996          jsr     MCUCommand
(1)   47/  C1D114 : 6406                    bcc     .notimeout
(1)   48/  C1D116 : 4EF9 00C1 98F2          jmp     DispErrorTimeout
(1)   49/  C1D11C :                     .notimeout:
(1)   50/  C1D11C :                         ; Read 4 words from the MCU (see doc)
(1)   51/  C1D11C : 4EB9 00C1 CA9A          jsr     MCURead4Words
(1)   52/  C1D122 : 4EB9 00C1 CADA          jsr     CheckACK
(1)   53/  C1D128 :                         ; Aaaand do absolutely nothing with them (ignore errors)
(1)   54/  C1D128 : [28]                    ENDIF
(1)   55/  C1D128 : 4E75                    rts
(1)   56/  C1D12A :                     
(1)   57/  C1D12A :                     
(1)   58/  C1D12A :                     ProcessZ80CDDA:
(1)   59/  C1D12A : 1028 0001               move.b  1(a0),d0
(1)   60/  C1D12E : E148                    lsl.w   #8,d0
(1)   61/  C1D130 : 1028 0003               move.b  3(a0),d0
(1)   62/  C1D134 : 4228 0001               clr.b   1(a0)
(1)   63/  C1D138 : 4228 0003               clr.b   3(a0)
(1)   64/  C1D13C : 3F00                    move.w  d0,-(sp)
(1)   65/  C1D13E : 4EB9 00C1 D0F8          jsr     CDDACommand
(1)   66/  C1D144 : 301F                    move.w  (sp)+,d0
(1)   67/  C1D146 : 4EF9 00C0 D5DE          jmp     ReadCDDAFromZ80End
(1)   68/  C1D14C :                     
(1)   69/  C1D14C :                     
(1)   70/  C1D14C :                     BIOSF_CDDACMD:
(1)   71/  C1D14C : 48E7 FFC0               movem.l d0-d7/a0-a1,-(sp)
(1)   72/  C1D150 : 4EB9 00C1 D0F8          jsr     CDDACommand
(1)   73/  C1D156 : 4CDF 03FF               movem.l (sp)+,d0-d7/a0-a1
(1)   74/  C1D15A : 4E75                    rts
(1)   75/  C1D15C :                     
     208/  C1D15C :                     	INCLUDE "splash.asm"
(1)    1/  C1D15C :                     ; Copyright (C) 2020 Sean Gonsalves
(1)    2/  C1D15C :                     ;
(1)    3/  C1D15C :                     ; This file is part of Neo CD SD Loader.
(1)    4/  C1D15C :                     ;
(1)    5/  C1D15C :                     ; This program is free software; you can redistribute it and/or modify
(1)    6/  C1D15C :                     ; it under the terms of the GNU General Public License as published by
(1)    7/  C1D15C :                     ; the Free Software Foundation; either version 2, or (at your option)
(1)    8/  C1D15C :                     ; any later version.
(1)    9/  C1D15C :                     ;
(1)   10/  C1D15C :                     ; This program is distributed in the hope that it will be useful,
(1)   11/  C1D15C :                     ; but WITHOUT ANY WARRANTY; without even the implied warranty of
(1)   12/  C1D15C :                     ; MERCHANTABILITY or FITNESS FOR A PARTICULAR PURPOSE.  See the
(1)   13/  C1D15C :                     ; GNU General Public License for more details.
(1)   14/  C1D15C :                     ;
(1)   15/  C1D15C :                     ; You should have received a copy of the GNU General Public License
(1)   16/  C1D15C :                     ; along with this program; see the file COPYING.  If not, write to
(1)   17/  C1D15C :                     ; the Free Software Foundation, Inc., 51 Franklin Street,
 AS V1.42 Beta [Bld 311] - Source File main.asm(splash.asm) - Page 129 - 9/11/2026 13:29:43


(1)   18/  C1D15C :                     ; Boston, MA 02110-1301, USA.
(1)   19/  C1D15C :                     
(1)   20/  C1D15C :                     SplashInit:
(1)   21/  C1D15C : 4DF9 0010 0000      	lea    $100000,a6           ; Copied from original routine
(1)   22/  C1D162 : 4A39 0011 C191          tst.b  SettingBootAnim
(1)   23/  C1D168 : 6712                    beq    .newanim
(1)   24/  C1D16A : 23FC 0000 0258 0010 	move.l #600,$101B2E			; Copied from original routine
           C1D172 : 1B2E               
(1)   25/  C1D174 : 43F9 00C1 74C8      	lea    SpriteInitData,a1    ; Copied from original routine
(1)   26/  C1D17A : 4E75                	rts
(1)   27/  C1D17C :                     .newanim:
(1)   28/  C1D17C : 23FC 0000 0168 0010 	move.l #360,$101B2E			; Reduce splash duration (10s -> 6s)
           C1D184 : 1B2E               
(1)   29/  C1D186 : 43F9 00C1 D222      	lea    NewSpriteInitData,a1
(1)   30/  C1D18C : 4E75                    rts
(1)   31/  C1D18E :                         
(1)   32/  C1D18E :                     SplashStartCurve:
(1)   33/  C1D18E : 4A39 0011 C191          tst.b   SettingBootAnim
(1)   34/  C1D194 : 670A                    beq     .newanim
(1)   35/  C1D196 : 2D7C 008C 0000 0020     move.l  #$8C0000,$20(a6)    ; Copied from original routine
(1)   36/  C1D19E : 4E75                    rts
(1)   37/  C1D1A0 :                     .newanim:
(1)   38/  C1D1A0 : 2D7C 0092 0000 0020 	move.l  #$920000,$20(a6)    ; Loop start X position
(1)   39/  C1D1A8 : 4E75                    rts
(1)   40/  C1D1AA :                         
(1)   41/  C1D1AA :                     SplashLetterCurve:
(1)   42/  C1D1AA : 4A39 0011 C191          tst.b   SettingBootAnim
(1)   43/  C1D1B0 : 6708                    beq     .newanim
(1)   44/  C1D1B2 : 203C 0006 0000          move.l  #$60000,d0          ; Copied from original routine
(1)   45/  C1D1B8 : 4E75                    rts
(1)   46/  C1D1BA :                     .newanim:
(1)   47/  C1D1BA : 203C 0005 0000      	move.l  #$50000,d0			; Loop curve width (oval)
(1)   48/  C1D1C0 : 4E75                    rts
(1)   49/  C1D1C2 :                         
(1)   50/  C1D1C2 :                     SplashMapSprite:
(1)   51/  C1D1C2 : 7000                    moveq.l #0,d0               ; Copied from original routine
(1)   52/  C1D1C4 : 102E 0002               move.b  2(a6),d0            ; SpriteMapIndex
(1)   53/  C1D1C8 : 6610                    bne     .nspr0
(1)   54/  C1D1CA : 4A39 0011 C191          tst.b   SettingBootAnim
(1)   55/  C1D1D0 : 6608                    bne     .nspr0
(1)   56/  C1D1D2 : 45F9 00C2 314A          lea     map_splash_sdcard,a2
(1)   57/  C1D1D8 : 4E75                    rts
(1)   58/  C1D1DA :                     .nspr0:
(1)   59/  C1D1DA : D000                    add.b   d0,d0               ; Copied from original routine
(1)   60/  C1D1DC : D000                    add.b   d0,d0               ; Copied from original routine
(1)   61/  C1D1DE : 2471 0000               move.l  (a1,d0),a2          ; Copied from original routine
(1)   62/  C1D1E2 : 4E75                    rts
(1)   63/  C1D1E4 :                         
(1)   64/  C1D1E4 :                     InstallPalettes:
(1)   65/  C1D1E4 : 41F9 00C2 09A0          lea     CDPPalData,a0       ; Copied from original routine, CDPPalData
(1)   66/  C1D1EA :                     
(1)   67/  C1D1EA : 43F9 0040 0000          lea     PALETTES,a1         ; Copied from original routine
(1)   68/  C1D1F0 : 3E3C 007F               move.w  #128-1,d7           ; Copied from original routine, load 16 palettes
(1)   69/  C1D1F4 :                     .ldpal:
(1)   70/  C1D1F4 : 22D8                    move.l  (a0)+,(a1)+
(1)   71/  C1D1F6 : 51CF FFFC               dbf     d7,.ldpal
(1)   72/  C1D1FA : 4A39 0011 C191          tst.b   SettingBootAnim
(1)   73/  C1D200 : 6702                    beq     .newanim
(1)   74/  C1D202 : 4E75                    rts
(1)   75/  C1D204 :                     .newanim:
 AS V1.42 Beta [Bld 311] - Source File main.asm(splash.asm) - Page 130 - 9/11/2026 13:29:43


(1)   76/  C1D204 : 41F9 00C2 31CC          lea     pal_sd_card,a0      ; Replace CD palette (7)
(1)   77/  C1D20A : 43F9 0040 00E0          lea     (PALETTES+(2*16*7)),a1
(1)   78/  C1D210 : 22D8                    move.l  (a0)+,(a1)+
(1)   79/  C1D212 : 22D8                    move.l  (a0)+,(a1)+
(1)   80/  C1D214 : 22D8                    move.l  (a0)+,(a1)+
(1)   81/  C1D216 : 22D8                    move.l  (a0)+,(a1)+
(1)   82/  C1D218 : 22D8                    move.l  (a0)+,(a1)+
(1)   83/  C1D21A : 22D8                    move.l  (a0)+,(a1)+
(1)   84/  C1D21C : 22D8                    move.l  (a0)+,(a1)+
(1)   85/  C1D21E : 22D8                    move.l  (a0)+,(a1)+
(1)   86/  C1D220 : 4E75                    rts
(1)   87/  C1D222 :                     
(1)   88/  C1D222 :                     ; Original data:
(1)   89/  C1D222 :                     ;    dc.w $0000, $0700, $0000, $0000, $0058, $0038, $0008, $0018, $0008, $0018
(1)   90/  C1D222 :                     ;    dc.w $8001, $0000, $0000, $0000, $0050, $0038, $0008, $0018, $0008, $0018
(1)   91/  C1D222 :                     ;    dc.w $0002, $0120, $0000, $0001, $0150, $00B8, $0098, $00B8, $0033, $00B8
(1)   92/  C1D222 :                     ;    dc.w $0003, $0120, $0000, $0005, $0150, $00B8, $00A0, $00B8, $004F, $00B8
(1)   93/  C1D222 :                     ;    dc.w $0004, $0120, $0000, $0009, $0150, $00B8, $00A0, $00B8, $0067, $00B8
(1)   94/  C1D222 :                     ;    dc.w $0005, $0120, $0000, $000D, $0150, $00B8, $00A0, $00B8, $0081, $00B8
(1)   95/  C1D222 :                     ;    dc.w $0006, $0120, $0000, $000F, $0150, $00B8, $00A0, $00B8, $0089, $00B8
(1)   96/  C1D222 :                     ;    dc.w $0003, $0120, $0000, $0013, $0150, $00B8, $00A0, $00B8, $00A2, $00B8
(1)   97/  C1D222 :                     ;    dc.w $0004, $0120, $0000, $0017, $0150, $00B8, $00A0, $00B8, $00BA, $00B8
(1)   98/  C1D222 :                     ;    dc.w $0007, $0120, $0000, $001B, $0150, $00B8, $00A0, $00B8, $00D8, $00B8
(1)   99/  C1D222 :                     ;    dc.w $0008, $0120, $0000, $001F, $0150, $00B8, $00A0, $00B8, $00F0, $00B8
(1)  100/  C1D222 :                     ;    dc.w $FFFF
(1)  101/  C1D222 :                     
(1)  102/  C1D222 :                     NewSpriteInitData:
(1)  103/  C1D222 : 0000 0700 0000 0000     dc.w $0000, $0700, $0000, $0000, 96,    $0038, $0008, $0018, $0008, $0018
           C1D22A : 0060 0038 0008 0018
           C1D232 : 0008 0018         
(1)  104/  C1D236 : 8001 0000 0000 0000     dc.w $8001, $0000, $0000, $0000, 88,    $0038, $0008, $0018, $0008, $0018
           C1D23E : 0058 0038 0008 0018
           C1D246 : 0008 0018         
(1)  105/  C1D24A : 0002 0120 0000 0001     dc.w $0002, $0120, $0000, $0001, $0150, $00B8, $0098, $00B8, $48,   $00B8
           C1D252 : 0150 00B8 0098 00B8
           C1D25A : 0048 00B8         
(1)  106/  C1D25E : 0003 0120 0000 0005     dc.w $0003, $0120, $0000, $0005, $0150, $00B8, $00A0, $00B8, $48+28, $00B8
           C1D266 : 0150 00B8 00A0 00B8
           C1D26E : 0064 00B8         
(1)  107/  C1D272 : 0004 0120 0000 0009     dc.w $0004, $0120, $0000, $0009, $0150, $00B8, $00A0, $00B8, $48+54, $00B8
           C1D27A : 0150 00B8 00A0 00B8
           C1D282 : 007E 00B8         
(1)  108/  C1D286 : 0005 0120 0000 000D     dc.w $0005, $0120, $0000, $000D, $0150, $00B8, $00A0, $00B8, $48+83, $00B8
           C1D28E : 0150 00B8 00A0 00B8
           C1D296 : 009B 00B8         
(1)  109/  C1D29A : 0006 0120 0000 000F     dc.w $0006, $0120, $0000, $000F, $0150, $00B8, $00A0, $00B8, $48+94, $00B8
           C1D2A2 : 0150 00B8 00A0 00B8
           C1D2AA : 00A6 00B8         
(1)  110/  C1D2AE : 0003 0120 0000 0013     dc.w $0003, $0120, $0000, $0013, $0150, $00B8, $00A0, $00B8, $48+121, $00B8
           C1D2B6 : 0150 00B8 00A0 00B8
           C1D2BE : 00C1 00B8         
(1)  111/  C1D2C2 : 0004 0120 0000 0017     dc.w $0004, $0120, $0000, $0017, $0150, $00B8, $00A0, $00B8, $48+147, $00B8
           C1D2CA : 0150 00B8 00A0 00B8
           C1D2D2 : 00DB 00B8         
(1)  112/  C1D2D6 : FFFF 0120 0000 001B     dc.w $FFFF, $0120, $0000, $001B, $0150, $00B8, $00A0, $00B8, $00D8, $00B8
           C1D2DE : 0150 00B8 00A0 00B8
           C1D2E6 : 00D8 00B8         
(1)  113/  C1D2EA : 0008 0120 0000 001F     dc.w $0008, $0120, $0000, $001F, $0150, $00B8, $00A0, $00B8, $00F4, $00B8
           C1D2F2 : 0150 00B8 00A0 00B8
           C1D2FA : 00F4 00B8         
 AS V1.42 Beta [Bld 311] - Source File main.asm(splash.asm) - Page 131 - 9/11/2026 13:29:43


(1)  114/  C1D2FE : FFFF                    dc.w $FFFF
(1)  115/  C1D300 :                     
     209/  C1D300 :                     	INCLUDE "sdips.asm"
(1)    1/  C1D300 :                     ; Copyright (C) 2020 Sean Gonsalves
(1)    2/  C1D300 :                     ;
(1)    3/  C1D300 :                     ; This file is part of Neo CD SD Loader.
(1)    4/  C1D300 :                     ;
(1)    5/  C1D300 :                     ; This program is free software; you can redistribute it and/or modify
(1)    6/  C1D300 :                     ; it under the terms of the GNU General Public License as published by
(1)    7/  C1D300 :                     ; the Free Software Foundation; either version 2, or (at your option)
(1)    8/  C1D300 :                     ; any later version.
(1)    9/  C1D300 :                     ;
(1)   10/  C1D300 :                     ; This program is distributed in the hope that it will be useful,
(1)   11/  C1D300 :                     ; but WITHOUT ANY WARRANTY; without even the implied warranty of
(1)   12/  C1D300 :                     ; MERCHANTABILITY or FITNESS FOR A PARTICULAR PURPOSE.  See the
(1)   13/  C1D300 :                     ; GNU General Public License for more details.
(1)   14/  C1D300 :                     ;
(1)   15/  C1D300 :                     ; You should have received a copy of the GNU General Public License
(1)   16/  C1D300 :                     ; along with this program; see the file COPYING.  If not, write to
(1)   17/  C1D300 :                     ; the Free Software Foundation, Inc., 51 Franklin Street,
(1)   18/  C1D300 :                     ; Boston, MA 02110-1301, USA.
(1)   19/  C1D300 :                     
(1)   20/  C1D300 :                     ; Soft DIPs format:
(1)   21/  C1D300 :                     ; There can be max 4 special settings + 10 normal settings = 14 lines
(1)   22/  C1D300 :                     ; These are shown in the MVS BIOS as 2 pages, first has max 8 lines, second has max 6
(1)   23/  C1D300 :                     ; Note: BIOS_GAME_DIP is already init by the original BIOS (see ReadCDDAFlagSDIPs).
(1)   24/  C1D300 :                     
(1)   25/  C1D300 :                     ; Ask to save contents of BIOS_GAME_DIP to the SD card
(1)   26/  C1D300 :                     StoreSDIPs:
(1)   27/  C1D300 :                         ; Tell MCU to create file
(1)   28/  C1D300 : 41F9 0011 C194          lea     MCUCmdParams,a0
(1)   29/  C1D306 : 10BC 0001               move.b  #1,(a0)                 ; Subcommand 1: Open file
(1)   30/  C1D30A : 4228 0002               clr.b   2(a0)                   ; Force overwrite if file exists
(1)   31/  C1D30E :                     
(1)   32/  C1D30E : 41E8 0003               lea     3(a0),a0				; Move to filename string parameter
(1)   33/  C1D312 :                         ; Set filename to ASCII of game's NGH and append extension
(1)   34/  C1D312 : 3038 0108               move.w  HEADER_NGH,d0
(1)   35/  C1D316 : 7E03                    moveq.l #4-1,d7
(1)   36/  C1D318 :                     .convhex:
(1)   37/  C1D318 : E958                    rol.w   #4,d0
(1)   38/  C1D31A : 1200                    move.b  d0,d1
(1)   39/  C1D31C : 0201 000F               andi.b  #15,d1
(1)   40/  C1D320 : 4EB9 00C1 E37E          jsr     Hexify
(1)   41/  C1D326 : 10C1                    move.b  d1,(a0)+
(1)   42/  C1D328 : 51CF FFEE               dbra    d7,.convhex
(1)   43/  C1D32C : 10FC 002E               move.b  #'.',(a0)+
(1)   44/  C1D330 : 10FC 0044               move.b  #'D',(a0)+
(1)   45/  C1D334 : 10FC 0049               move.b  #'I',(a0)+
(1)   46/  C1D338 : 10FC 0050               move.b  #'P',(a0)+
(1)   47/  C1D33C : 10BC 0000               move.b  #0,(a0)
(1)   48/  C1D340 :                     
(1)   49/  C1D340 : (MACRO)[144]            MCUCMD  MCU_CMD_STORESAVE
(1)   49/  C1D340 : 163C 000C               move.b  #MCU_CMD_STORESAVE,d3
(1)   49/  C1D344 : 4EB9 00C1 C996          jsr     MCUCommand
(1)   50/  C1D34A : 6500 0096               bcs     .fail
(1)   51/  C1D34E :                         ; Read 4 words from the MCU (see doc)
(1)   52/  C1D34E : 4EB9 00C1 CA9A          jsr     MCURead4Words
(1)   53/  C1D354 :                         ; Check that command was processed ok
(1)   54/  C1D354 : 1039 0011 C100          move.b  MCUReplyBuffer,d0
(1)   55/  C1D35A : 0200 00F0               andi.b  #$F0,d0
 AS V1.42 Beta [Bld 311] - Source File main.asm(sdips.asm) - Page 132 - 9/11/2026 13:29:43


(1)   56/  C1D35E : B03C 00F0               cmp.b   #$F0,d0
(1)   57/  C1D362 : 667E                    bne     .fail
(1)   58/  C1D364 :                     
(1)   59/  C1D364 :                         ; Ok, send data one word at a time
(1)   60/  C1D364 : 41F9 0011 C194          lea     MCUCmdParams,a0
(1)   61/  C1D36A : 10FC 0002               move.b  #2,(a0)+                ; Subcommand 2: Setup data transfer
(1)   62/  C1D36E : 10FC 0000               move.b  #(16/2)>>8,(a0)+  		; Entire BIOS_GAME_DIP data is 16 bytes
(1)   63/  C1D372 : 10BC 0008               move.b  #(16/2)&255,(a0)
(1)   64/  C1D376 : (MACRO)[145]            MCUCMD  MCU_CMD_STORESAVE
(1)   64/  C1D376 : 163C 000C               move.b  #MCU_CMD_STORESAVE,d3
(1)   64/  C1D37A : 4EB9 00C1 C996          jsr     MCUCommand
(1)   65/  C1D380 : 6560                    bcs     .fail
(1)   66/  C1D382 :                         ; Read 4 words from the MCU (see doc)
(1)   67/  C1D382 : 4EB9 00C1 CA9A          jsr     MCURead4Words
(1)   68/  C1D388 :                         ; Check that command was processed ok
(1)   69/  C1D388 : 1039 0011 C100          move.b  MCUReplyBuffer,d0
(1)   70/  C1D38E : 0200 00F0               andi.b  #$F0,d0
(1)   71/  C1D392 : B03C 00F0               cmp.b   #$F0,d0
(1)   72/  C1D396 : 664A                    bne     .fail
(1)   73/  C1D398 :                     
(1)   74/  C1D398 : 41F9 0010 FD84          lea     BIOS_GAME_DIP,a0   ; Already word-aligned
(1)   75/  C1D39E : 283C 0000 0008          move.l  #16/2,d4           ; Data size in words
(1)   76/  C1D3A4 :                     .loop:
(1)   77/  C1D3A4 : 33D8 00C1 E000          move.w  (a0)+,CPLDREG_DATA ; Write to MCU
(1)   78/  C1D3AA : 4EB9 00C1 C9FE          jsr     MCUWaitAck
(1)   79/  C1D3B0 : 6530                    bcs     .fail
(1)   80/  C1D3B2 : 5304                    subq.b  #1,d4
(1)   81/  C1D3B4 : 66EE                    bne     .loop
(1)   82/  C1D3B6 :                     
(1)   83/  C1D3B6 : 13FC 0000 0011 C194     move.b  #0,MCUCmdParams    ; Subcommand 0: Close file
(1)   84/  C1D3BE : (MACRO)[146]            MCUCMD  MCU_CMD_STORESAVE
(1)   84/  C1D3BE : 163C 000C               move.b  #MCU_CMD_STORESAVE,d3
(1)   84/  C1D3C2 : 4EB9 00C1 C996          jsr     MCUCommand
(1)   85/  C1D3C8 : 6518                    bcs     .fail
(1)   86/  C1D3CA :                         ; Read 4 words from the MCU (see doc)
(1)   87/  C1D3CA : 4EB9 00C1 CA9A          jsr     MCURead4Words
(1)   88/  C1D3D0 :                         ; Check that command was processed ok
(1)   89/  C1D3D0 : 1039 0011 C100          move.b  MCUReplyBuffer,d0
(1)   90/  C1D3D6 : 0200 00F0               andi.b  #$F0,d0
(1)   91/  C1D3DA : B03C 00F0               cmp.b   #$F0,d0
(1)   92/  C1D3DE : 6602                    bne     .fail
(1)   93/  C1D3E0 :                     
(1)   94/  C1D3E0 : 4E75                	rts
(1)   95/  C1D3E2 :                     
(1)   96/  C1D3E2 :                     .fail:
(1)   97/  C1D3E2 :                         ; Silently ignore errors in IGM, too much of a mess to handle and there shouldn't be any !
(1)   98/  C1D3E2 :                     
(1)   99/  C1D3E2 : 4E75                	rts
(1)  100/  C1D3E4 :                     	
(1)  101/  C1D3E4 :                     
(1)  102/  C1D3E4 :                     ; Must be called just after IPL before passing control to game so we get HEADER_NGH set correctly
(1)  103/  C1D3E4 :                     LoadSDIPs:
(1)  104/  C1D3E4 :                         ; Ask MCU for SDIP files list
(1)  105/  C1D3E4 : 41F9 0011 C194          lea     MCUCmdParams,a0
(1)  106/  C1D3EA : 10FC 0001               move.b  #1,(a0)+           ; Subcommand 1: List SDIP files with matching NGH
(1)  107/  C1D3EE : 3038 0108               move.w  HEADER_NGH,d0
(1)  108/  C1D3F2 : 1140 0001               move.b  d0,1(a0)
(1)  109/  C1D3F6 : E048                    lsr.w   #8,d0
(1)  110/  C1D3F8 : 1080                    move.b  d0,(a0)
(1)  111/  C1D3FA :                     
 AS V1.42 Beta [Bld 311] - Source File main.asm(sdips.asm) - Page 133 - 9/11/2026 13:29:43


(1)  112/  C1D3FA : (MACRO)[147]            MCUCMD  MCU_CMD_GETSAVES
(1)  112/  C1D3FA : 163C 000B               move.b  #MCU_CMD_GETSAVES,d3
(1)  112/  C1D3FE : 4EB9 00C1 C996          jsr     MCUCommand
(1)  113/  C1D404 : 6570                    bcs     .fail
(1)  114/  C1D406 :                         ; Read 4 words from the MCU (see doc)
(1)  115/  C1D406 : 4EB9 00C1 CA9A          jsr     MCURead4Words
(1)  116/  C1D40C :                         ; Check that command was processed ok
(1)  117/  C1D40C : 1039 0011 C100          move.b  MCUReplyBuffer,d0
(1)  118/  C1D412 : 0200 00F0               andi.b  #$F0,d0
(1)  119/  C1D416 : B03C 00F0               cmp.b   #$F0,d0
(1)  120/  C1D41A : 665A                    bne     .fail
(1)  121/  C1D41C :                         ; Ok, get file count
(1)  122/  C1D41C : 4A39 0011 C101          tst.b   MCUReplyBuffer+1
(1)  123/  C1D422 : 6752                    beq     .fail		       ; No SDIP file found
(1)  124/  C1D424 :                     
(1)  125/  C1D424 :                     	; Read file if found
(1)  126/  C1D424 : 4239 0011 C194          clr.b   MCUCmdParams	   ; There should be only one (or no) file in list
(1)  127/  C1D42A :                     
(1)  128/  C1D42A :                         ; Ask MCU for data
(1)  129/  C1D42A : 13FC 0000 0011 C195     move.b  #0,MCUCmdParams+1  ; MSB of block number
(1)  130/  C1D432 : 13FC 0000 0011 C196     move.b  #0,MCUCmdParams+2  ; LSB of block number
(1)  131/  C1D43A : (MACRO)[148]            MCUCMD  MCU_CMD_LOADSAVE   ; d4 should come out the same
(1)  131/  C1D43A : 163C 000D               move.b  #MCU_CMD_LOADSAVE,d3
(1)  131/  C1D43E : 4EB9 00C1 C996          jsr     MCUCommand
(1)  132/  C1D444 : 6530                    bcs     .fail
(1)  133/  C1D446 :                         ; Read 4 words from the MCU (see doc)
(1)  134/  C1D446 : 4EB9 00C1 CA9A          jsr     MCURead4Words
(1)  135/  C1D44C :                         ; Check that command was processed ok
(1)  136/  C1D44C : 1039 0011 C100          move.b  MCUReplyBuffer,d0
(1)  137/  C1D452 : 0200 00F0               andi.b  #$F0,d0
(1)  138/  C1D456 : B03C 00F0               cmp.b   #$F0,d0
(1)  139/  C1D45A : 661A                    bne     .fail
(1)  140/  C1D45C :                     
(1)  141/  C1D45C :                         ; Ok, retrieve data
(1)  142/  C1D45C : 41F9 00C1 E000      	lea     CPLDREG_DATA,a0
(1)  143/  C1D462 : 43F9 0010 FD84          lea     BIOS_GAME_DIP,a1   ; Already word-aligned
(1)  144/  C1D468 : 283C 0000 0008          move.l  #16/2,d4           ; Data size in words
(1)  145/  C1D46E :                     .readdata:
(1)  146/  C1D46E : 32D0                	move.w  (a0),(a1)+
(1)  147/  C1D470 : 5304                	subq.b  #1,d4
(1)  148/  C1D472 : 66FA                	bne     .readdata
(1)  149/  C1D474 :                     
(1)  150/  C1D474 : 4E75                	rts
(1)  151/  C1D476 :                     
(1)  152/  C1D476 :                     .fail:
(1)  153/  C1D476 :                         ; Silently ignore errors in IGM, too much of a mess to handle and there shouldn't be any !
(1)  154/  C1D476 :                     
(1)  155/  C1D476 : 4E75                	rts
(1)  156/  C1D478 :                     
(1)  157/  C1D478 :                     
(1)  158/  C1D478 :                     ; Builds a list of the settings to facilitate display as a menu
(1)  159/  C1D478 :                     ; Each entry is 4 bytes:
(1)  160/  C1D478 :                     ; Byte, xxTTCCCC T=Type(0:normal, 1:count, 2:timer) C=Count(max-1)
(1)  161/  C1D478 :                     ; Byte, 12-char string index
(1)  162/  C1D478 :                     ; Byte, padding
(1)  163/  C1D478 :                     ; Byte, setting index (not address !) in BIOS_GAME_DIP (0~13), used to map menu cursor position to setting address
(1)  164/  C1D478 :                     InitSDIPList:
(1)  165/  C1D478 : 43F9 0011 C1C8          lea     SDIPItems,a1
(1)  166/  C1D47E : 7400                    moveq.l #0,d2          ; Current string index
(1)  167/  C1D480 : 2602                    move.l  d2,d3          ; Entry index
 AS V1.42 Beta [Bld 311] - Source File main.asm(sdips.asm) - Page 134 - 9/11/2026 13:29:43


(1)  168/  C1D482 : 2802                    move.l  d2,d4          ; Enabled entry counter
(1)  169/  C1D484 :                     
(1)  170/  C1D484 :                         ; Hide Japanese-only soft DIPs options for a few games
(1)  171/  C1D484 :                         ; No space to load the Japanese charset for now
(1)  172/  C1D484 : 41F9 00C1 D60C          lea     HideSoftDIPNGHs,a0
(1)  173/  C1D48A : 3038 0108               move.w  HEADER_NGH,d0
(1)  174/  C1D48E :                     .search:
(1)  175/  C1D48E : 3218                    move.w  (a0)+,d1
(1)  176/  C1D490 : 6706                    beq     .showsdips     ; Reached terminator
(1)  177/  C1D492 : B041                    cmp.w   d1,d0
(1)  178/  C1D494 : 6740                    beq     .nosdips       ; Found NGH
(1)  179/  C1D496 : 60F6                    bra     .search
(1)  180/  C1D498 :                     .showsdips:
(1)  181/  C1D498 :                     
(1)  182/  C1D498 : 2079 0011 C1C2          move.l  SDIPAddr,a0
(1)  183/  C1D49E : 41E8 0010               lea     16(a0),a0      ; Skip game name string
(1)  184/  C1D4A2 :                     
(1)  185/  C1D4A2 : 4EB9 00C1 D4E0          jsr     SDIPParseTime  ; Special setting 1
(1)  186/  C1D4A8 : 4EB9 00C1 D4E0          jsr     SDIPParseTime  ; Special setting 2
(1)  187/  C1D4AE : 4EB9 00C1 D4F8          jsr     SDIPParseCount ; Special setting 3
(1)  188/  C1D4B4 : 4EB9 00C1 D4F8          jsr     SDIPParseCount ; Special setting 4
(1)  189/  C1D4BA :                     
(1)  190/  C1D4BA :                         ; Simple settings
(1)  191/  C1D4BA : 7E0A                    moveq.l #10,d7
(1)  192/  C1D4BC :                     .ssloop:
(1)  193/  C1D4BC : 1018                    move.b  (a0)+,d0
(1)  194/  C1D4BE : 6710                    beq     .ssunused
(1)  195/  C1D4C0 : 0200 000F               andi.b  #15,d0
(1)  196/  C1D4C4 : 12C0                    move.b  d0,(a1)+       ; Store type 0, count
(1)  197/  C1D4C6 : 12C2                    move.b  d2,(a1)+       ; Store string index
(1)  198/  C1D4C8 : 32C3                    move.w  d3,(a1)+       ; Store BIOS_GAME_DIP index
(1)  199/  C1D4CA : D400                    add.b   d0,d2          ; Consumed count+1 strings
(1)  200/  C1D4CC : 5202                    addq.b  #1,d2
(1)  201/  C1D4CE : 5204                    addq.b  #1,d4          ; One more entry used
(1)  202/  C1D4D0 :                     .ssunused:
(1)  203/  C1D4D0 : 5203                    addq.b  #1,d3
(1)  204/  C1D4D2 : 5307                    subq.b  #1,d7
(1)  205/  C1D4D4 : 66E6                    bne     .ssloop
(1)  206/  C1D4D6 :                     
(1)  207/  C1D4D6 :                     .nosdips:
(1)  208/  C1D4D6 : 50D9                    st.b    (a1)+          ; List terminator
(1)  209/  C1D4D8 : 13C4 0011 C1C6          move.b  d4,SDIPCount
(1)  210/  C1D4DE : 4E75                    rts
(1)  211/  C1D4E0 :                     
(1)  212/  C1D4E0 :                     SDIPParseTime:
(1)  213/  C1D4E0 : 0C58 FFFF               cmp.w   #$FFFF,(a0)+
(1)  214/  C1D4E4 : 670E                    beq     SDIPUnused
(1)  215/  C1D4E6 : 123C 0020               move.b  #2<<4,d1       ; Time special setting type
(1)  216/  C1D4EA :                     SDIPAddEntry:
(1)  217/  C1D4EA : 12C1                    move.b  d1,(a1)+       ; Store type, count is implicit so unused
(1)  218/  C1D4EC : 12C2                    move.b  d2,(a1)+       ; Store string index
(1)  219/  C1D4EE : 32C3                    move.w  d3,(a1)+       ; Store BIOS_GAME_DIP index
(1)  220/  C1D4F0 : 5202                    addq.b  #1,d2          ; Consumed 1 string
(1)  221/  C1D4F2 : 5204                    addq.b  #1,d4          ; One more entry used
(1)  222/  C1D4F4 :                     SDIPUnused:
(1)  223/  C1D4F4 : 5203                    addq.b  #1,d3
(1)  224/  C1D4F6 : 4E75                    rts
(1)  225/  C1D4F8 :                     
(1)  226/  C1D4F8 :                     SDIPParseCount:
(1)  227/  C1D4F8 : 0C18 00FF               cmp.b   #$FF,(a0)+
 AS V1.42 Beta [Bld 311] - Source File main.asm(sdips.asm) - Page 135 - 9/11/2026 13:29:43


(1)  228/  C1D4FC : 67F6                    beq     SDIPUnused
(1)  229/  C1D4FE : 123C 0010               move.b  #1<<4,d1       ; Count special setting type
(1)  230/  C1D502 : 60E6                    bra     SDIPAddEntry
(1)  231/  C1D504 :                     
(1)  232/  C1D504 :                     
(1)  233/  C1D504 :                     JT_SDIPInc:
(1)  234/  C1D504 : 00C1 D510               dc.l    SDIPIncNormal
(1)  235/  C1D508 : 00C1 D534               dc.l    SDIPIncCount
(1)  236/  C1D50C : 00C1 D53E               dc.l    SDIPIncTime
(1)  237/  C1D510 :                     
(1)  238/  C1D510 :                     SDIPIncNormal:
(1)  239/  C1D510 :                         ; Increment value if lower than count
(1)  240/  C1D510 : 1239 0011 C1BD          move.b  IGMCursor,d1
(1)  241/  C1D516 : D201                    add.b   d1,d1
(1)  242/  C1D518 : D201                    add.b   d1,d1
(1)  243/  C1D51A : 41F9 0011 C1C8          lea     SDIPItems,a0
(1)  244/  C1D520 : 1230 1000               move.b  0(a0,d1),d1    ; Get count
(1)  245/  C1D524 : 0201 000F               andi.b  #15,d1
(1)  246/  C1D528 : 6708                    beq     .done          ; No options, just text line
(1)  247/  C1D52A : 5301                    subq.b  #1,d1          ; Max = count - 1
(1)  248/  C1D52C : B001                    cmp.b   d1,d0
(1)  249/  C1D52E : 6402                    bhs     .done
(1)  250/  C1D530 : 5200                    addq.b  #1,d0
(1)  251/  C1D532 :                     .done:
(1)  252/  C1D532 : 4E75                    rts
(1)  253/  C1D534 :                     
(1)  254/  C1D534 :                     SDIPIncCount:
(1)  255/  C1D534 :                         ; Increment value if lower than 100
(1)  256/  C1D534 : B03C 0064               cmp.b   #100,d0
(1)  257/  C1D538 : 6402                    bhs     .done
(1)  258/  C1D53A : 5200                    addq.b  #1,d0
(1)  259/  C1D53C :                     .done:
(1)  260/  C1D53C : 4E75                    rts
(1)  261/  C1D53E :                     
(1)  262/  C1D53E :                     SDIPIncTime:
(1)  263/  C1D53E : 7201                    moveq.l #1,d1
(1)  264/  C1D540 :                         ; Increment seconds value
(1)  265/  C1D540 : B03C 0059               cmp.b   #$59,d0
(1)  266/  C1D544 : 6408                    bhs     .smax
(1)  267/  C1D546 : 44FC 0000               move.w  #0,ccr
(1)  268/  C1D54A : C101                    abcd.b  d1,d0
(1)  269/  C1D54C : 4E75                    rts
(1)  270/  C1D54E :                     .smax:
(1)  271/  C1D54E :                         ; Increment minutes value
(1)  272/  C1D54E : E058                    ror.w   #8,d0
(1)  273/  C1D550 : B03C 0029               cmp.b   #$29,d0
(1)  274/  C1D554 : 640A                    bhs     .mmax
(1)  275/  C1D556 : 0240 00FF               andi.w  #$00FF,d0	; Reset seconds
(1)  276/  C1D55A : 44FC 0000               move.w  #0,ccr
(1)  277/  C1D55E : C101                    abcd.b  d1,d0
(1)  278/  C1D560 :                     .mmax:
(1)  279/  C1D560 : E158                    rol.w   #8,d0
(1)  280/  C1D562 : 4E75                    rts
(1)  281/  C1D564 :                     
(1)  282/  C1D564 :                     
(1)  283/  C1D564 :                     JT_SDIPDec:
(1)  284/  C1D564 : 00C1 D570               dc.l    SDIPDecByte
(1)  285/  C1D568 : 00C1 D570               dc.l    SDIPDecByte
(1)  286/  C1D56C : 00C1 D578               dc.l    SDIPDecTime
(1)  287/  C1D570 :                     
 AS V1.42 Beta [Bld 311] - Source File main.asm(sdips.asm) - Page 136 - 9/11/2026 13:29:43


(1)  288/  C1D570 :                     SDIPDecByte:
(1)  289/  C1D570 :                         ; Decrement byte value if non-zero
(1)  290/  C1D570 : 4A00                    tst.b   d0
(1)  291/  C1D572 : 6702                    beq     .done
(1)  292/  C1D574 : 5300                    subq.b  #1,d0
(1)  293/  C1D576 :                     .done:
(1)  294/  C1D576 : 4E75                    rts
(1)  295/  C1D578 :                     
(1)  296/  C1D578 :                     SDIPDecTime:
(1)  297/  C1D578 : 7201                    moveq.l #1,d1
(1)  298/  C1D57A :                         ; Decrement seconds value
(1)  299/  C1D57A : 4A00                    tst.b   d0
(1)  300/  C1D57C : 6704                    beq     .szero
(1)  301/  C1D57E : 8101                    sbcd.b  d1,d0
(1)  302/  C1D580 : 4E75                    rts
(1)  303/  C1D582 :                     .szero:
(1)  304/  C1D582 :                         ; Decrement minutes value
(1)  305/  C1D582 : E058                    ror.w   #8,d0
(1)  306/  C1D584 : 4A00                    tst.b   d0
(1)  307/  C1D586 : 6706                    beq     .mzero
(1)  308/  C1D588 : 0040 5900               ori.w   #$5900,d0	; Set seconds to 59
(1)  309/  C1D58C : 8101                    sbcd.b  d1,d0
(1)  310/  C1D58E :                     .mzero:
(1)  311/  C1D58E : E158                    rol.w   #8,d0
(1)  312/  C1D590 : 4E75                    rts
(1)  313/  C1D592 :                     
(1)  314/  C1D592 :                     ; Also multiply result by 4 to index jumptable
(1)  315/  C1D592 :                     GetSDIPEntryType:
(1)  316/  C1D592 : 41F9 0011 C1C8          lea     SDIPItems,a0
(1)  317/  C1D598 : 7000                    moveq.l #0,d0
(1)  318/  C1D59A : 1039 0011 C1BD          move.b  IGMCursor,d0
(1)  319/  C1D5A0 : D000                    add.b   d0,d0
(1)  320/  C1D5A2 : D000                    add.b   d0,d0
(1)  321/  C1D5A4 : 41F0 0000               lea     0(a0,d0),a0
(1)  322/  C1D5A8 : 1010                    move.b  (a0),d0
(1)  323/  C1D5AA : E808                    lsr.b   #4,d0
(1)  324/  C1D5AC : D000                    add.b   d0,d0
(1)  325/  C1D5AE : D000                    add.b   d0,d0
(1)  326/  C1D5B0 : 4E75                    rts
(1)  327/  C1D5B2 :                         
(1)  328/  C1D5B2 :                     ; d0.b/w: Return SDIP's value currently pointed by IGMCursor
(1)  329/  C1D5B2 :                     ; Uses d1 and a2
(1)  330/  C1D5B2 :                     GetSDIPValueCursor:
(1)  331/  C1D5B2 : 4EB9 00C1 D5F4          jsr     GetSDIPIndexCursor
(1)  332/  C1D5B8 : 1001                    move.b  d1,d0
(1)  333/  C1D5BA :                     ; d0.b/w: Return SDIP's value indexed in BIOS_GAME_DIP by d0.b
(1)  334/  C1D5BA :                     GetSDIPValueIndex:
(1)  335/  C1D5BA : 45F9 0010 FD84          lea     BIOS_GAME_DIP,a2
(1)  336/  C1D5C0 : B03C 0002               cmp.b   #2,d0
(1)  337/  C1D5C4 : 6506                    blo     .time
(1)  338/  C1D5C6 : 1032 0002               move.b  2(a2,d0),d0    ; Skip over the two time (word) values: d1=2 -> +4, d1=3 -> +5...
(1)  339/  C1D5CA : 4E75                    rts
(1)  340/  C1D5CC :                     .time:
(1)  341/  C1D5CC : D000                    add.b   d0,d0
(1)  342/  C1D5CE : 3032 0000               move.w  0(a2,d0),d0    ; Read a time (word) value at d1=0 -> +0 or d1=1 -> +2
(1)  343/  C1D5D2 : 4E75                    rts
(1)  344/  C1D5D4 :                     
(1)  345/  C1D5D4 :                     ; d0.b/w: Set SDIP's value currently pointed by IGMCursor
(1)  346/  C1D5D4 :                     ; Uses d1 and a2
(1)  347/  C1D5D4 :                     SetSDIPValue:
 AS V1.42 Beta [Bld 311] - Source File main.asm(sdips.asm) - Page 137 - 9/11/2026 13:29:43


(1)  348/  C1D5D4 : 4EB9 00C1 D5F4          jsr     GetSDIPIndexCursor
(1)  349/  C1D5DA : 45F9 0010 FD84          lea     BIOS_GAME_DIP,a2
(1)  350/  C1D5E0 : B23C 0002               cmp.b   #2,d1
(1)  351/  C1D5E4 : 6506                    blo     .time
(1)  352/  C1D5E6 : 1580 1002               move.b  d0,2(a2,d1)    ; Skip over the two time (word) values: d1=2 -> +4, d1=3 -> +5...
(1)  353/  C1D5EA : 4E75                    rts
(1)  354/  C1D5EC :                     .time:
(1)  355/  C1D5EC : D201                    add.b   d1,d1
(1)  356/  C1D5EE : 3580 1000               move.w  d0,0(a2,d1)    ; Write a time (word) value at d1=0 -> +0 or d1=1 -> +2
(1)  357/  C1D5F2 : 4E75                    rts
(1)  358/  C1D5F4 :                     
(1)  359/  C1D5F4 :                     ; d1.b: Return the index in BIOS_GAME_DIP of the SDIP currently pointed by IGMCursor
(1)  360/  C1D5F4 :                     ; Uses a2
(1)  361/  C1D5F4 :                     GetSDIPIndexCursor:
(1)  362/  C1D5F4 : 7200                    moveq.l #0,d1
(1)  363/  C1D5F6 : 1239 0011 C1BD          move.b  IGMCursor,d1
(1)  364/  C1D5FC : D201                    add.b   d1,d1
(1)  365/  C1D5FE : D201                    add.b   d1,d1
(1)  366/  C1D600 : 45F9 0011 C1C8          lea     SDIPItems,a2
(1)  367/  C1D606 : 1232 1003               move.b  3(a2,d1),d1
(1)  368/  C1D60A : 4E75                    rts
(1)  369/  C1D60C :                     
(1)  370/  C1D60C :                     ; List of games to ignore because they have Japanese-only soft DIPs strings
(1)  371/  C1D60C :                     HideSoftDIPNGHs:
(1)  372/  C1D60C : 0027                    dc.w $0027  ; minasan
(1)  373/  C1D60E : 0036                    dc.w $0036  ; bakatono
(1)  374/  C1D610 : 0048                    dc.w $0048  ; janshin
(1)  375/  C1D612 : 0206                    dc.w $0206  ; marukodq
(1)  376/  C1D614 : 0203                    dc.w $0203  ; moshougi
(1)  377/  C1D616 : 03E7                    dc.w $03E7  ; vliner
(1)  378/  C1D618 : 0000                    dc.w $0000  ; EOL
(1)  379/  C1D61A :                     
     210/  C1D61A :                     	INCLUDE "cheats.asm"
(1)    1/  C1D61A :                     ; Copyright (C) 2020 Sean Gonsalves
(1)    2/  C1D61A :                     ;
(1)    3/  C1D61A :                     ; This file is part of Neo CD SD Loader.
(1)    4/  C1D61A :                     ;
(1)    5/  C1D61A :                     ; This program is free software; you can redistribute it and/or modify
(1)    6/  C1D61A :                     ; it under the terms of the GNU General Public License as published by
(1)    7/  C1D61A :                     ; the Free Software Foundation; either version 2, or (at your option)
(1)    8/  C1D61A :                     ; any later version.
(1)    9/  C1D61A :                     ;
(1)   10/  C1D61A :                     ; This program is distributed in the hope that it will be useful,
(1)   11/  C1D61A :                     ; but WITHOUT ANY WARRANTY; without even the implied warranty of
(1)   12/  C1D61A :                     ; MERCHANTABILITY or FITNESS FOR A PARTICULAR PURPOSE.  See the
(1)   13/  C1D61A :                     ; GNU General Public License for more details.
(1)   14/  C1D61A :                     ;
(1)   15/  C1D61A :                     ; You should have received a copy of the GNU General Public License
(1)   16/  C1D61A :                     ; along with this program; see the file COPYING.  If not, write to
(1)   17/  C1D61A :                     ; the Free Software Foundation, Inc., 51 Franklin Street,
(1)   18/  C1D61A :                     ; Boston, MA 02110-1301, USA.
(1)   19/  C1D61A :                     
(1)   20/  C1D61A :                     SystemIOCustom:
(1)   21/  C1D61A :                         ; Check for start+select
(1)   22/  C1D61A :                         ; If so: set a flag to bring up the In-Game Menu
(1)   23/  C1D61A :                         ; Do NOT set up the IGM in SYSTEM_IO, because the game will then be able to mess with the fix during the current frame
(1)   24/  C1D61A :                         ; In SYSTEM_INT1, check if the IGM flag is set. If so, set up the IGM:
(1)   25/  C1D61A :                         ; Save fix bank #0 somewhere and the palette in extended RAM ($110000+)
(1)   26/  C1D61A :                         ; Load the in-game menu fix bank in fix bank #0 and the IGM palette
(1)   27/  C1D61A :                         ; Let inserted code in SYSTEM_INT1 (IGMVBL) handle the UI
 AS V1.42 Beta [Bld 311] - Source File main.asm(cheats.asm) - Page 138 - 9/11/2026 13:29:43


(1)   28/  C1D61A :                         
(1)   29/  C1D61A :                         ; If no start+select, check VBL cheats list and run them
(1)   30/  C1D61A :                     
(1)   31/  C1D61A : 4A39 0011 C1B4          tst.b   IsLoading   ; Skip everything cheat-related during loading
(1)   32/  C1D620 : 662E                    bne     .done
(1)   33/  C1D622 :                     
(1)   34/  C1D622 :                         ; This must be fast to avoid wasting the game's VBL time !
(1)   35/  C1D622 : 1039 0010 FDAC          move.b  BIOS_STATCURNT,d0
(1)   36/  C1D628 : 1200                    move.b  d0,d1
(1)   37/  C1D62A : 0200 0003               andi.b  #3,d0
(1)   38/  C1D62E : B03C 0003               cmp.b   #3,d0
(1)   39/  C1D632 : 671E                    beq     .sspress
(1)   40/  C1D634 : 0201 000C               andi.b  #3<<2,d1
(1)   41/  C1D638 : B23C 000C               cmp.b   #3<<2,d1
(1)   42/  C1D63C : 6714                    beq     .sspress
(1)   43/  C1D63E :                     
(1)   44/  C1D63E :                         ; No start+select press
(1)   45/  C1D63E :                     
(1)   46/  C1D63E :                         ; Run VBL cheats if there are any
(1)   47/  C1D63E : 41F9 0011 C20B          lea     VBLCheatActions,a0
(1)   48/  C1D644 :                     .runcheats:
(1)   49/  C1D644 : 4A10                    tst.b   (a0)
(1)   50/  C1D646 : 6708                    beq     .done
(1)   51/  C1D648 : 4EB9 00C1 D6FC          jsr     RunCheatActions
(1)   52/  C1D64E : 60F4                    bra     .runcheats
(1)   53/  C1D650 :                     .done:
(1)   54/  C1D650 : 4E75                    rts
(1)   55/  C1D652 :                     
(1)   56/  C1D652 :                     .sspress:
(1)   57/  C1D652 :                         ; Got start+select press
(1)   58/  C1D652 : 4239 0010 FDAC          clr.b   BIOS_STATCURNT  ; Do not pass the caught start+select press to the game
(1)   59/  C1D658 : 4239 0010 FDAD          clr.b   BIOS_STATCHANGE
(1)   60/  C1D65E : 4239 0010 FEDC          clr.b   $10FEDC
(1)   61/  C1D664 : 4239 0010 FEDD          clr.b   $10FEDD
(1)   62/  C1D66A :                     
(1)   63/  C1D66A : 4A39 0010 F6B9          tst.b   $10F6B9		    ; Check "GameStartState" to see if game is running
(1)   64/  C1D670 : 6ADE                    bpl     .done           ; No: Can't open IGM
(1)   65/  C1D672 :                     
(1)   66/  C1D672 : 50F9 0011 C20A          st.b    FlagSelectStart     ; Ask for IGM setup on next VBL
(1)   67/  C1D678 : 23F8 0068 0011 C296     move.l  $68,VBLVectorCopy
(1)   68/  C1D680 : 21FC 00C0 0438 0068     move.l  #SYS_INT1,$68
(1)   69/  C1D688 : 4E75                    rts
(1)   70/  C1D68A :                     
(1)   71/  C1D68A :                     
(1)   72/  C1D68A :                     InstallCheats:
(1)   73/  C1D68A :                         ; Process one-off cheats right now and prepare VBL cheats action list
(1)   74/  C1D68A : 2279 0011 C206          movea.l CheatDataAddr,a1
(1)   75/  C1D690 : 1E19                    move.b  (a1)+,d7                ; Cheats count
(1)   76/  C1D692 : 7A20                    moveq.l #32,d5                  ; Total iterations required for the ROR trick below to work
(1)   77/  C1D694 : 45F9 0011 C20B          lea     VBLCheatActions,a2
(1)   78/  C1D69A : 2639 0011 C202          move.l  CheatsBitmap,d3
(1)   79/  C1D6A0 :                     
(1)   80/  C1D6A0 :                     .process:
(1)   81/  C1D6A0 : E29B                    ror.l   #1,d3                   ; RORing allows easy reset of the one-off cheats
(1)   82/  C1D6A2 : 643C                    bcc     .skipcheat
(1)   83/  C1D6A4 : 4A07                    tst.b   d7
(1)   84/  C1D6A6 : 6738                    beq     .skipcheat              ; No more cheats to parse
(1)   85/  C1D6A8 : 7000                    moveq.l #0,d0
(1)   86/  C1D6AA : 1019                    move.b  (a1)+,d0                ; Get action data offset
(1)   87/  C1D6AC : E148                    lsl.w   #8,d0
 AS V1.42 Beta [Bld 311] - Source File main.asm(cheats.asm) - Page 139 - 9/11/2026 13:29:43


(1)   88/  C1D6AE : 1019                    move.b  (a1)+,d0
(1)   89/  C1D6B0 : 41F9 00C2 31EC          lea     CheatData,a0
(1)   90/  C1D6B6 : D1C0                    adda.l  d0,a0
(1)   91/  C1D6B8 :                     
(1)   92/  C1D6B8 :                         ; Run actions or add then to VBL list
(1)   93/  C1D6B8 : 1028 0001               move.b  1(a0),d0                ; Type byte
(1)   94/  C1D6BC : EC08                    lsr.b   #6,d0
(1)   95/  C1D6BE : 0200 0003               andi.b  #3,d0
(1)   96/  C1D6C2 : 5300                    subq.b  #1,d0                   ; Type is == 1 ?
(1)   97/  C1D6C4 : 6710                    beq     .vbltype
(1)   98/  C1D6C6 : 5300                    subq.b  #1,d0                   ; Type is == 2 ?
(1)   99/  C1D6C8 : 6618                    bne     .skipdesc               ; Invalid type, SHOULDN'T HAPPPEN !
(1)  100/  C1D6CA : 4EB9 00C1 D6FC          jsr     RunCheatActions
(1)  101/  C1D6D0 : 0883 001F               bclr.l  #31,d3                  ; Reset one-off cheat that was just RORed
(1)  102/  C1D6D4 : 600C                    bra     .skipdesc
(1)  103/  C1D6D6 :                     .vbltype:
(1)  104/  C1D6D6 : 1C10                    move.b  0(a0),d6                ; Size of action data
(1)  105/  C1D6D8 :                     .vblcopy:
(1)  106/  C1D6D8 : 14D8                    move.b  (a0)+,(a2)+
(1)  107/  C1D6DA : 5306                    subq.b  #1,d6
(1)  108/  C1D6DC : 66FA                    bne     .vblcopy
(1)  109/  C1D6DE : 6002                    bra     .skipdesc
(1)  110/  C1D6E0 :                     
(1)  111/  C1D6E0 :                     .skipcheat:
(1)  112/  C1D6E0 : 5489                    addq.l  #2,a1                   ; Skip action data offset
(1)  113/  C1D6E2 :                     .skipdesc:
(1)  114/  C1D6E2 : 4A19                    tst.b   (a1)+                   ; Skip description text
(1)  115/  C1D6E4 : 66FC                    bne     .skipdesc
(1)  116/  C1D6E6 :                     
(1)  117/  C1D6E6 : 4A07                    tst.b   d7
(1)  118/  C1D6E8 : 6702                    beq     .zero
(1)  119/  C1D6EA : 5307                    subq.b  #1,d7
(1)  120/  C1D6EC :                     .zero:
(1)  121/  C1D6EC : 5305                    subq.b  #1,d5
(1)  122/  C1D6EE : 66B0                    bne     .process
(1)  123/  C1D6F0 :                         
(1)  124/  C1D6F0 : 23C3 0011 C202          move.l  d3,CheatsBitmap
(1)  125/  C1D6F6 :                     
(1)  126/  C1D6F6 : 14FC 0000               move.b  #0,(a2)+                ; VBLCheatActions terminator
(1)  127/  C1D6FA : 4E75                    rts
(1)  128/  C1D6FC :                     
(1)  129/  C1D6FC :                     
(1)  130/  C1D6FC :                     ; a0: Actions list
(1)  131/  C1D6FC :                     RunCheatActions:
(1)  132/  C1D6FC : 48E7 FF70               movem.l d0-d7/a1-a3,-(sp)
(1)  133/  C1D700 : 2448                    move.l  a0,a2
(1)  134/  C1D702 : 7000                    moveq.l #0,d0
(1)  135/  C1D704 : 1018                    move.b  (a0)+,d0    ; Action data size
(1)  136/  C1D706 : 6730                    beq     .done       ; Should not happen
(1)  137/  C1D708 : D5C0                    add.l   d0,a2       ; End address
(1)  138/  C1D70A :                     .action:
(1)  139/  C1D70A : 1018                    move.b  (a0)+,d0    ; Type byte
(1)  140/  C1D70C : 1200                    move.b  d0,d1
(1)  141/  C1D70E : 0240 0003               andi.w  #3,d0       ; Get opcode
(1)  142/  C1D712 : E548                	lsl.w   #2,d0       ; JTOpCodes has 4-byte entries
(1)  143/  C1D714 : 43F9 00C1 D73E          lea     JTOpCodes,a1
(1)  144/  C1D71A : 2271 0000           	move.l  0(a1,d0),a1
(1)  145/  C1D71E :                     
(1)  146/  C1D71E : E609                    lsr.b   #3,d1       ; Get data size
(1)  147/  C1D720 : 0201 0007               andi.b  #7,d1
 AS V1.42 Beta [Bld 311] - Source File main.asm(cheats.asm) - Page 140 - 9/11/2026 13:29:43


(1)  148/  C1D724 :                     
(1)  149/  C1D724 : 1018                    move.b  (a0)+,d0    ; Get address MSB
(1)  150/  C1D726 : E148                    lsl.w   #8,d0
(1)  151/  C1D728 : 1018                    move.b  (a0)+,d0    ; Get address LSB
(1)  152/  C1D72A : 0080 0010 0000          ori.l   #RAMSTART,d0
(1)  153/  C1D730 : 2640                    movea.l d0,a3
(1)  154/  C1D732 :                     
(1)  155/  C1D732 : 4E91                	jsr     (a1)
(1)  156/  C1D734 :                     
(1)  157/  C1D734 : B5C8                	cmpa.l  a0,a2
(1)  158/  C1D736 : 66D2                    bne     .action     ; This may cause a crash if a0 goes over a2 (shouldn't happen if cheat data is formed correctly)
(1)  159/  C1D738 :                     .done:
(1)  160/  C1D738 : 4CDF 0EFF               movem.l (sp)+,d0-d7/a1-a3
(1)  161/  C1D73C : 4E75                    rts
(1)  162/  C1D73E :                     
(1)  163/  C1D73E :                     JTOpCodes:
(1)  164/  C1D73E : 00C1 D74E               dc.l Opcode0
(1)  165/  C1D742 : 00C1 D75A               dc.l Opcode1
(1)  166/  C1D746 : 00C1 D768               dc.l Opcode2
(1)  167/  C1D74A : 00C1 D776               dc.l Opcode3
(1)  168/  C1D74E :                     
(1)  169/  C1D74E :                     Opcode0:
(1)  170/  C1D74E :                         ; Write value to RAM address
(1)  171/  C1D74E : 4A01                    tst.b   d1
(1)  172/  C1D750 : 6706                    beq     .done
(1)  173/  C1D752 : 16D8                    move.b  (a0)+,(a3)+
(1)  174/  C1D754 : 5301                    subq.b  #1,d1
(1)  175/  C1D756 : 60F6                    bra     Opcode0
(1)  176/  C1D758 :                     .done:
(1)  177/  C1D758 : 4E75                    rts
(1)  178/  C1D75A :                     
(1)  179/  C1D75A :                     Opcode1:
(1)  180/  C1D75A :                         ; Write value to pointed RAM address + offset
(1)  181/  C1D75A : 7000                    moveq.l #0,d0
(1)  182/  C1D75C : 1018                    move.b  (a0)+,d0    ; Get offset MSB
(1)  183/  C1D75E : E148                    lsl.w   #8,d0
(1)  184/  C1D760 : 1018                    move.b  (a0)+,d0    ; Get offset LSB
(1)  185/  C1D762 : D093                    add.l   (a3),d0
(1)  186/  C1D764 : 2640                    movea.l d0,a3
(1)  187/  C1D766 : 60E6                    bra     Opcode0
(1)  188/  C1D768 :                     
(1)  189/  C1D768 :                     Opcode2:
(1)  190/  C1D768 :                         ; Mask (clear)
(1)  191/  C1D768 : 4A01                    tst.b   d1
(1)  192/  C1D76A : 6708                    beq     .done
(1)  193/  C1D76C : 1018                    move.b  (a0)+,d0
(1)  194/  C1D76E : C11B                    and.b   d0,(a3)+
(1)  195/  C1D770 : 5301                    subq.b  #1,d1
(1)  196/  C1D772 : 60F4                    bra     Opcode2
(1)  197/  C1D774 :                     .done:
(1)  198/  C1D774 : 4E75                    rts
(1)  199/  C1D776 :                     
(1)  200/  C1D776 :                     Opcode3:
(1)  201/  C1D776 :                         ; Mask (clear) and set
(1)  202/  C1D776 : 4A01                    tst.b   d1
(1)  203/  C1D778 : 6716                    beq     .done
(1)  204/  C1D77A : 7400                    moveq.l #0,d2
(1)  205/  C1D77C : 1401                    move.b  d1,d2       ; Data size used as constant offset in data for data and mask byte groups
(1)  206/  C1D77E :                     .process:
(1)  207/  C1D77E : 1013                    move.b  (a3),d0     ; Get data to modify
 AS V1.42 Beta [Bld 311] - Source File main.asm(cheats.asm) - Page 141 - 9/11/2026 13:29:43


(1)  208/  C1D780 : C010                    and.b   (a0),d0     ; Mask byte
(1)  209/  C1D782 : 8030 2000               or.b    0(a0,d2),d0 ; Set byte
(1)  210/  C1D786 : 16C0                    move.b  d0,(a3)+    ; Write back
(1)  211/  C1D788 : 5288                    addq.l  #1,a0
(1)  212/  C1D78A : 5301                    subq.b  #1,d1
(1)  213/  C1D78C : 66F0                    bne     .process
(1)  214/  C1D78E : D1C2                    adda.l  d2,a0
(1)  215/  C1D790 :                     .done:
(1)  216/  C1D790 : 4E75                    rts
(1)  217/  C1D792 :                     
     211/  C1D792 : =>TRUE              	if TARGET==1
     212/  C1D792 :                     	INCLUDE "front.asm"
(1)    1/  C1D792 :                     FrontIGMVBLInsert:
(1)    2/  C1D792 : 4EB9 00C0 B9F6          jsr     $C0B9F6             ; Controller_0        ; Copied from original routine
(1)    3/  C1D798 : 4EB9 00C0 D6E6          jsr     $C0D6E6             ; ProcessCDDACmds
(1)    4/  C1D79E : 4EB9 00C0 CC8E          jsr     $C0CC8E             ; ResetCDDIfCrashed
(1)    5/  C1D7A4 : 4EB9 00C1 BA40          jsr     IGMVBL
(1)    6/  C1D7AA : 4EF9 00C0 C9A4          jmp     $C0C9A4				; Return to original code
(1)    7/  C1D7B0 :                     
(1)    8/  C1D7B0 :                     
(1)    9/  C1D7B0 :                     FrontCheatInsert:
(1)   10/  C1D7B0 : 4EB9 00C0 D6E6          jsr     $C0D6E6             ; ProcessCDDACmds     ; Copied from original routine
(1)   11/  C1D7B6 : 4EB9 00C1 D61A          jsr     SystemIOCustom
(1)   12/  C1D7BC : 4EF9 00C0 D44A          jmp     $C0D44A
(1)   13/  C1D7C2 :                     
(1)   14/  C1D7C2 :                     
(1)   15/  C1D7C2 :                     DoCDDComm:
(1)   16/  C1D7C2 :                         ; This needs to be called when the CDD IRQ is triggered
(1)   17/  C1D7C2 :                         ; The CD drive inits the periodic data exchange
(1)   18/  C1D7C2 :                         
(1)   19/  C1D7C2 :                         ; Skip everything if in game or in loading, no need to waste time talking to the CDD in those cases
(1)   20/  C1D7C2 : 0CB8 00C0 0438 0068 	cmp.l   #$C00438,$68
(1)   21/  C1D7CA : 6600 00C6           	bne     .abort
(1)   22/  C1D7CE : 4A39 0011 C1B4      	tst.b   IsLoading
(1)   23/  C1D7D4 : 6600 00BC           	bne     .abort
(1)   24/  C1D7D8 :                     
(1)   25/  C1D7D8 : 13FC 0002 00FF 0165     move.b  #2,REG_CDDCTRL  ; HOCK low, bus input
(1)   26/  C1D7E0 :                     
(1)   27/  C1D7E0 : 41F9 0010 D073          lea     CDDReadBuffer,a0
(1)   28/  C1D7E6 : 7E08                    moveq.l #9-1,d7         ; Read 9 words (#10 is an exception)
(1)   29/  C1D7E8 :                     .readlp:
(1)   30/  C1D7E8 : 4EB9 00C1 D8E4          jsr     WaitCDCKLow
(1)   31/  C1D7EE : 6500 00A2               bcs     .abort
(1)   32/  C1D7F2 : 13FC 0003 00FF 0165     move.b  #3,REG_CDDCTRL  ; HOCK high, bus input
(1)   33/  C1D7FA : 0200 000F               andi.b  #15,d0
(1)   34/  C1D7FE : 10C0                    move.b  d0,(a0)+
(1)   35/  C1D800 : 4EB9 00C1 D906          jsr     WaitCDCKHigh
(1)   36/  C1D806 : 6500 008A               bcs     .abort
(1)   37/  C1D80A : 13FC 0002 00FF 0165     move.b  #2,REG_CDDCTRL  ; HOCK low, bus input
(1)   38/  C1D812 : 51CF FFD4               dbra    d7,.readlp
(1)   39/  C1D816 :                     
(1)   40/  C1D816 : 4EB9 00C1 D8E4          jsr     WaitCDCKLow
(1)   41/  C1D81C : 6574                    bcs     .abort
(1)   42/  C1D81E : 13FC 0003 00FF 0165     move.b  #3,REG_CDDCTRL  ; HOCK high, bus input
(1)   43/  C1D826 : 0200 000F               andi.b  #15,d0
(1)   44/  C1D82A : 10C0                    move.b  d0,(a0)+
(1)   45/  C1D82C : 4EB9 00C1 D906          jsr     WaitCDCKHigh
(1)   46/  C1D832 : 655E                    bcs     .abort
(1)   47/  C1D834 :                     
(1)   48/  C1D834 : 41F9 0010 D073          lea     CDDReadBuffer,a0
 AS V1.42 Beta [Bld 311] - Source File main.asm(front.asm) - Page 142 - 9/11/2026 13:29:43


(1)   49/  C1D83A : 7000                    moveq.l #0,d0           ; Compute checksum
(1)   50/  C1D83C : 2E3C 0000 0008          move.l  #9-1,d7
(1)   51/  C1D842 :                     .checksumlp:
(1)   52/  C1D842 : D018                    add.b   (a0)+,d0
(1)   53/  C1D844 : 51CF FFFC               dbra    d7,.checksumlp
(1)   54/  C1D848 : 5A00                    addq.b  #5,d0
(1)   55/  C1D84A : 4600                    not.b   d0
(1)   56/  C1D84C : 0200 000F               andi.b  #15,d0
(1)   57/  C1D850 : B010                    cmp.b   (a0),d0
(1)   58/  C1D852 : 660A                    bne     .checksumfail
(1)   59/  C1D854 : 13F9 0010 D073 0010     move.b  CDDReadBuffer,CDDStatus
           C1D85C : D07D               
(1)   60/  C1D85E :                     .checksumfail:
(1)   61/  C1D85E :                         ; If status info checksum is wrong, don't update CDDStatus, send command anyways
(1)   62/  C1D85E :                         
(1)   63/  C1D85E : 1039 0010 D07E          move.b  CDDCommand,d0
(1)   64/  C1D864 : 1400                    move.b  d0,d2
(1)   65/  C1D866 : 4239 0010 D07E          clr.b   CDDCommand
(1)   66/  C1D86C : 4EB9 00C1 D8AE          jsr     SendCDDNibble
(1)   67/  C1D872 : 651E                    bcs     .abort
(1)   68/  C1D874 :                     
(1)   69/  C1D874 : 7E07                    moveq.l #10-2-1,d7      ; Zero parameters
(1)   70/  C1D876 :                     .zerolp:
(1)   71/  C1D876 : 7000                    moveq.l #0,d0
(1)   72/  C1D878 : 4EB9 00C1 D8AE          jsr     SendCDDNibble
(1)   73/  C1D87E : 6512                    bcs     .abort
(1)   74/  C1D880 : 51CF FFF4               dbra    d7,.zerolp
(1)   75/  C1D884 :                     
(1)   76/  C1D884 : 1002                    move.b  d2,d0
(1)   77/  C1D886 : 0600 0005               addi.b  #5,d0
(1)   78/  C1D88A : 4600                    not.b   d0
(1)   79/  C1D88C : 4EB9 00C1 D8AE          jsr     SendCDDNibble   ; Checksum
(1)   80/  C1D892 :                     .abort:
(1)   81/  C1D892 : 4E75                    rts
(1)   82/  C1D894 :                     
(1)   83/  C1D894 :                     
(1)   84/  C1D894 :                     ToggleTray:
(1)   85/  C1D894 :                         ; See if CDD comm is still working with patch ! It must be
(1)   86/  C1D894 :                         ; if CDDCmdRDStatus1 == 5, tray is open
(1)   87/  C1D894 :                         ; Close: PushCDOp 1 = Send C 0 0 0 0 0 0 0 0 E
(1)   88/  C1D894 :                         ; Open: PushCDOp 0 = Send D 0 0 0 0 0 0 0 0 D
(1)   89/  C1D894 : 103C 000C               move.b  #12,d0
(1)   90/  C1D898 : 0C39 0005 0010 D07D     cmp.b   #5,CDDStatus
(1)   91/  C1D8A0 : 6704                    beq     .closetray
(1)   92/  C1D8A2 : 103C 000D               move.b  #13,d0
(1)   93/  C1D8A6 :                     .closetray:
(1)   94/  C1D8A6 : 13C0 0010 D07E          move.b  d0,CDDCommand
(1)   95/  C1D8AC : 4E75                    rts
(1)   96/  C1D8AE :                     
(1)   97/  C1D8AE :                     
(1)   98/  C1D8AE :                     SendCDDNibble:
(1)   99/  C1D8AE : 0200 000F               andi.b  #15,d0
(1)  100/  C1D8B2 : 13C0 00FF 0163          move.b  d0,REG_CDDOUTPUT
(1)  101/  C1D8B8 : 13FC 0000 00FF 0165     move.b  #0,REG_CDDCTRL  ; HOCK low
(1)  102/  C1D8C0 : 13FC 0002 00FF 0165     move.b  #2,REG_CDDCTRL  ; HOCK low
(1)  103/  C1D8C8 : 6100 001A               bsr.w   WaitCDCKLow
(1)  104/  C1D8CC : 6514                    bcs     .abort
(1)  105/  C1D8CE : 13FC 0001 00FF 0165     move.b  #1,REG_CDDCTRL  ; HOCK high
(1)  106/  C1D8D6 : 13FC 0003 00FF 0165     move.b  #3,REG_CDDCTRL  ; HOCK low
(1)  107/  C1D8DE : 6100 0026               bsr.w   WaitCDCKHigh
 AS V1.42 Beta [Bld 311] - Source File main.asm(front.asm) - Page 143 - 9/11/2026 13:29:43


(1)  108/  C1D8E2 :                     .abort:
(1)  109/  C1D8E2 : 4E75                    rts
(1)  110/  C1D8E4 :                     
(1)  111/  C1D8E4 :                     
(1)  112/  C1D8E4 :                     WaitCDCKLow:
(1)  113/  C1D8E4 : 223C 0000 0080          move.l  #128,d1         ; Timeout
(1)  114/  C1D8EA :                     .poll:
(1)  115/  C1D8EA : 1039 00FF 0161          move.b  REG_CDDINPUT,d0
(1)  116/  C1D8F0 : 0800 0004               btst    #4,d0
(1)  117/  C1D8F4 : 670A                    beq     .ok
(1)  118/  C1D8F6 : 51C9 FFF2               dbra    d1,.poll
(1)  119/  C1D8FA : 003C 0001               ori.b   #1,CCR             ; Timeout occured
(1)  120/  C1D8FE : 4E75                    rts
(1)  121/  C1D900 :                     .ok:
(1)  122/  C1D900 : 023C 00FE               andi.b  #$FE,CCR           ; Ok
(1)  123/  C1D904 : 4E75                    rts
(1)  124/  C1D906 :                     
(1)  125/  C1D906 :                     
(1)  126/  C1D906 :                     WaitCDCKHigh:
(1)  127/  C1D906 : 223C 0000 0080          move.l  #128,d1         ; Timeout
(1)  128/  C1D90C :                     .poll:
(1)  129/  C1D90C : 1039 00FF 0161          move.b  REG_CDDINPUT,d0
(1)  130/  C1D912 : 0800 0004               btst    #4,d0
(1)  131/  C1D916 : 660A                    bne     .ok
(1)  132/  C1D918 : 51C9 FFF2               dbra    d1,.poll
(1)  133/  C1D91C : 003C 0001               ori.b   #1,CCR             ; Timeout occured
(1)  134/  C1D920 : 4E75                    rts
(1)  135/  C1D922 :                     .ok:
(1)  136/  C1D922 : 023C 00FE               andi.b  #$FE,CCR           ; Ok
(1)  137/  C1D926 : 4E75                    rts
(1)  138/  C1D928 :                     
     213/  C1D928 : [211]                   ENDIF
     214/  C1D928 :                     
     215/  C1D928 :                         ALIGN 2
     216/  C1D928 :                     map_logo:
     217/  C1D928 :                     	BINCLUDE "gfxdata\menu_logo.map"
     218/  C1D946 :                     
     219/  C1D946 :                     CodeEndA:
     220/  C1D946 : =>FALSE                 IF CodeEndA > $C1E000
     221/  C1D946 :                             FATAL "\aAdded code in zone A is too large !"
     222/  C1D946 : =>TRUE                  ELSE
     223/  C1D946 : =>FALSE                     IF MOMPASS==1
     224/  C1D946 :                                 OUTRADIX 10
     225/  C1D946 :                                 MESSAGE "\aFree space zone A: \{($C1E000-CodeEndA)} bytes"
     226/  C1D946 : [223]                       ENDIF
     227/  C1D946 : [220]                   ENDIF
     228/  C1D946 :                         
     229/  C1D946 :                         ; CPLD registers here, so useful data or code MUST NOT be in C1E000~C1E2FF
     230/  C1D946 :                     
     231/  C1E300 :                     	ORG $C1E300
     232/  C1E300 :                     	INCLUDE "util.asm"
(1)    1/  C1E300 :                     ; Copyright (C) 2020 Sean Gonsalves
(1)    2/  C1E300 :                     ;
(1)    3/  C1E300 :                     ; This file is part of Neo CD SD Loader.
(1)    4/  C1E300 :                     ;
(1)    5/  C1E300 :                     ; This program is free software; you can redistribute it and/or modify
(1)    6/  C1E300 :                     ; it under the terms of the GNU General Public License as published by
(1)    7/  C1E300 :                     ; the Free Software Foundation; either version 2, or (at your option)
(1)    8/  C1E300 :                     ; any later version.
(1)    9/  C1E300 :                     ;
 AS V1.42 Beta [Bld 311] - Source File main.asm(util.asm) - Page 144 - 9/11/2026 13:29:43


(1)   10/  C1E300 :                     ; This program is distributed in the hope that it will be useful,
(1)   11/  C1E300 :                     ; but WITHOUT ANY WARRANTY; without even the implied warranty of
(1)   12/  C1E300 :                     ; MERCHANTABILITY or FITNESS FOR A PARTICULAR PURPOSE.  See the
(1)   13/  C1E300 :                     ; GNU General Public License for more details.
(1)   14/  C1E300 :                     ;
(1)   15/  C1E300 :                     ; You should have received a copy of the GNU General Public License
(1)   16/  C1E300 :                     ; along with this program; see the file COPYING.  If not, write to
(1)   17/  C1E300 :                     ; the Free Software Foundation, Inc., 51 Franklin Street,
(1)   18/  C1E300 :                     ; Boston, MA 02110-1301, USA.
(1)   19/  C1E300 :                     
(1)   20/  C1E300 :                     ; Clear whole fix layer
(1)   21/  C1E300 :                     ClearFix:
(1)   22/  C1E300 : 33FC 7000 003C 0000 	move.w  #$7000,REG_VRAMADDR
(1)   23/  C1E308 : 33FC 0001 003C 0004 	move.w  #1,REG_VRAMMOD
(1)   24/  C1E310 : 3E3C 04FF           	move.w  #(32*40)-1,d7
(1)   25/  C1E314 :                     .clear:
(1)   26/  C1E314 : 13C0 0030 0001      	move.b  d0,REG_DIPSW
(1)   27/  C1E31A : 4E71                	nop
(1)   28/  C1E31C : 33FC 00FF 003C 0002     move.w  #$00FF,REG_VRAMRW
(1)   29/  C1E324 : 51CF FFEE           	dbra    d7,.clear
(1)   30/  C1E328 : 4E75                	rts
(1)   31/  C1E32A :                     
(1)   32/  C1E32A :                     
(1)   33/  C1E32A :                     ; Clear top 28*40 fix rectangle
(1)   34/  C1E32A :                     ClearFixTop:
(1)   35/  C1E32A : 303C 7000           	move.w  #$7000,d0
(1)   36/  C1E32E : 33FC 0001 003C 0004 	move.w  #1,REG_VRAMMOD  
(1)   37/  C1E336 : 7C27                	moveq.l #40-1,d6
(1)   38/  C1E338 :                     .line:
(1)   39/  C1E338 : 33C0 003C 0000          move.w  d0,REG_VRAMADDR
(1)   40/  C1E33E : 7E1B                	moveq.l #(32-4)-1,d7
(1)   41/  C1E340 :                     .col:
(1)   42/  C1E340 : 13C0 0030 0001      	move.b  d0,REG_DIPSW
(1)   43/  C1E346 : 4E71                	nop
(1)   44/  C1E348 : 33FC 00FF 003C 0002     move.w  #$00FF,REG_VRAMRW
(1)   45/  C1E350 : 51CF FFEE           	dbra    d7,.col
(1)   46/  C1E354 : 0640 0020           	addi.w  #32,d0
(1)   47/  C1E358 : 51CE FFDE           	dbra    d6,.line
(1)   48/  C1E35C : 4E75                	rts
(1)   49/  C1E35E :                     
(1)   50/  C1E35E :                     
(1)   51/  C1E35E :                     ; Clear whole file list
(1)   52/  C1E35E :                     ClearFileList:
(1)   53/  C1E35E : 7000                	moveq.l #0,d0
(1)   54/  C1E360 : 41F9 0011 C900      	lea     FileList,a0
(1)   55/  C1E366 : 3E3C 0191           	move.w  #(FILE_LIST_LEN>>4)-1,d7
(1)   56/  C1E36A :                     .lp:
(1)   57/  C1E36A : 20C0                	move.l  d0,(a0)+
(1)   58/  C1E36C : 20C0                	move.l  d0,(a0)+
(1)   59/  C1E36E : 20C0                	move.l  d0,(a0)+
(1)   60/  C1E370 : 20C0                	move.l  d0,(a0)+
(1)   61/  C1E372 : 51CF FFF6           	dbra    d7,.lp
(1)   62/  C1E376 : 4279 0010 D004      	clr.w   TotalFileCount
(1)   63/  C1E37C : 4E75                	rts
(1)   64/  C1E37E :                     
(1)   65/  C1E37E :                     
(1)   66/  C1E37E :                     ; Hex digit to ASCII char
(1)   67/  C1E37E :                     ; d1.b: Hex nibble in / ASCII out
(1)   68/  C1E37E :                     Hexify:
(1)   69/  C1E37E : 0C01 0009           	cmpi.b  #9,d1
 AS V1.42 Beta [Bld 311] - Source File main.asm(util.asm) - Page 145 - 9/11/2026 13:29:43


(1)   70/  C1E382 : 6304                	bls     .deci
(1)   71/  C1E384 : 0601 0007               addi.b  #7,d1
(1)   72/  C1E388 :                     .deci:
(1)   73/  C1E388 : 0601 0030               addi.b  #'0',d1
(1)   74/  C1E38C : 4E75                    rts
(1)   75/  C1E38E :                     
(1)   76/  C1E38E :                     ; d0.b: Hex byte in / BCD out
(1)   77/  C1E38E :                     HexToBCD:
(1)   78/  C1E38E : 7200                	moveq.l #0,d1
(1)   79/  C1E390 : 1200                	move.b  d0,d1
(1)   80/  C1E392 : 82FC 000A           	divu.w  #10,d1
(1)   81/  C1E396 : 3001                	move.w  d1,d0
(1)   82/  C1E398 : E948                	lsl.w   #4,d0
(1)   83/  C1E39A : 4841                	swap.l  d1
(1)   84/  C1E39C : D041                	add.w   d1,d0
(1)   85/  C1E39E : 4E75                	rts
(1)   86/  C1E3A0 :                     
(1)   87/  C1E3A0 :                     
(1)   88/  C1E3A0 :                     ; a0.l: Pointer to map data
(1)   89/  C1E3A0 :                     AutoMap:
(1)   90/  C1E3A0 : 1218                    move.b  (a0)+,d1 				; Width
(1)   91/  C1E3A2 : 5201                    addq.b  #1,d1
(1)   92/  C1E3A4 : 1418                    move.b  (a0)+,d2 				; Height
(1)   93/  C1E3A6 : 5202                    addq.b  #1,d2
(1)   94/  C1E3A8 : ED4B                    lsl.w   #6,d3					; *64
(1)   95/  C1E3AA :                     .map_sprites:
(1)   96/  C1E3AA : 33C3 003C 0000      	move.w  d3,REG_VRAMADDR
(1)   97/  C1E3B0 : 3802                	move.w  d2,d4					; Restore height
(1)   98/  C1E3B2 :                     .map_tiles:
(1)   99/  C1E3B2 : 3A18                	move.w  (a0)+,d5
(1)  100/  C1E3B4 : 3C05                	move.w  d5,d6
(1)  101/  C1E3B6 : 0246 0FFF               andi.w  #$0FFF,d6				; Keep tile #
(1)  102/  C1E3BA : 33C6 003C 0002      	move.w  d6,REG_VRAMRW
(1)  103/  C1E3C0 : 0245 F000           	andi.w  #$F000,d5				; Keep palette # (4 bits)
(1)  104/  C1E3C4 : E84D                	lsr.w   #4,d5
(1)  105/  C1E3C6 : 33C5 003C 0002          move.w  d5,REG_VRAMRW
(1)  106/  C1E3CC : 5304                	subq.b  #1,d4
(1)  107/  C1E3CE : 66E2                	bne     .map_tiles
(1)  108/  C1E3D0 : 0643 0040           	addi.w  #2*32,d3				; Next sprite
(1)  109/  C1E3D4 : 5301                	subq.b  #1,d1
(1)  110/  C1E3D6 : 66D2                	bne     .map_sprites
(1)  111/  C1E3D8 : 4E75                	rts
(1)  112/  C1E3DA :                     
(1)  113/  C1E3DA :                     
(1)  114/  C1E3DA :                     ; d0.w: First sprite #
(1)  115/  C1E3DA :                     ; d1.w: Scaling value
(1)  116/  C1E3DA :                     ; d7.w: Sprite count
(1)  117/  C1E3DA :                     SetSprZ:
(1)  118/  C1E3DA : 0640 8000           	addi.w  #SCB2,d0
(1)  119/  C1E3DE : 33C0 003C 0000      	move.w  d0,REG_VRAMADDR
(1)  120/  C1E3E4 : 4E71                	nop
(1)  121/  C1E3E6 :                     .set_z:
(1)  122/  C1E3E6 : 4E71                	nop
(1)  123/  C1E3E8 : 4E71                	nop
(1)  124/  C1E3EA : 33C1 003C 0002      	move.w  d1,REG_VRAMRW
(1)  125/  C1E3F0 : 5347                	subq.w  #1,d7
(1)  126/  C1E3F2 : 66F2                	bne     .set_z
(1)  127/  C1E3F4 : 4E75                	rts
(1)  128/  C1E3F6 :                     
(1)  129/  C1E3F6 :                     
 AS V1.42 Beta [Bld 311] - Source File main.asm(util.asm) - Page 146 - 9/11/2026 13:29:43


(1)  130/  C1E3F6 :                     ; d0.w: First sprite #
(1)  131/  C1E3F6 :                     ; d1.w: SCB3 value
(1)  132/  C1E3F6 :                     ; d7.w: Sprite count
(1)  133/  C1E3F6 :                     SetSprY:
(1)  134/  C1E3F6 : 0640 8200           	addi.w  #SCB3,d0
(1)  135/  C1E3FA : 33C0 003C 0000      	move.w  d0,REG_VRAMADDR
(1)  136/  C1E400 : 4E71                	nop
(1)  137/  C1E402 :                     .set_y:
(1)  138/  C1E402 : 4E71                	nop
(1)  139/  C1E404 : 4E71                	nop
(1)  140/  C1E406 : 33C1 003C 0002      	move.w  d1,REG_VRAMRW
(1)  141/  C1E40C : 0041 0040           	ori.w   #64,d1					; Set chain bit
(1)  142/  C1E410 : 5347                	subq.w  #1,d7
(1)  143/  C1E412 : 66EE                	bne     .set_y
(1)  144/  C1E414 : 4E75                	rts
(1)  145/  C1E416 :                     
(1)  146/  C1E416 :                     
(1)  147/  C1E416 :                     ; d0.w: First sprite #
(1)  148/  C1E416 :                     ; d1.w: X position
(1)  149/  C1E416 :                     ; d7.w: Sprite count
(1)  150/  C1E416 :                     SetSprX:
(1)  151/  C1E416 : 0640 8400           	addi.w  #SCB4,d0
(1)  152/  C1E41A : 33C0 003C 0000      	move.w  d0,REG_VRAMADDR
(1)  153/  C1E420 : EF49                	lsl.w   #7,d1
(1)  154/  C1E422 :                     .set_x:
(1)  155/  C1E422 : 4E71                	nop
(1)  156/  C1E424 : 4E71                	nop
(1)  157/  C1E426 : 33C1 003C 0002      	move.w  d1,REG_VRAMRW
(1)  158/  C1E42C : 5347                	subq.w  #1,d7
(1)  159/  C1E42E : 66F2                	bne     .set_x
(1)  160/  C1E430 : 4E75                	rts
(1)  161/  C1E432 :                     
(1)  162/  C1E432 :                     
(1)  163/  C1E432 :                     ; d0.w: Width
(1)  164/  C1E432 :                     ; d1.w: Height
(1)  165/  C1E432 :                     ; d2.w: VRAM start address
(1)  166/  C1E432 :                     SaveFixMap:
(1)  167/  C1E432 : (MACRO)[149]            DIIRQ
(1)  167/  C1E432 : 13C0 0030 0001          move.b  d0,REG_DIPSW
(1)  167/  C1E438 : 40E7                        move.w  sr,-(a7)
(1)  167/  C1E43A : 007C 0700                   ori.w   #$0700,sr
(1)  168/  C1E43E : 41F9 0011 0804          lea     FixMapBuffer,a0
(1)  169/  C1E444 :                     .row:
(1)  170/  C1E444 : 3602                    move.w  d2,d3
(1)  171/  C1E446 : 3E00                    move.w  d0,d7
(1)  172/  C1E448 :                     .col:
(1)  173/  C1E448 : 33C3 003C 0000          move.w  d3,REG_VRAMADDR
(1)  174/  C1E44E : 0643 0020               addi.w  #32,d3
(1)  175/  C1E452 : 4E71                    nop
(1)  176/  C1E454 : 30F9 003C 0002          move.w  REG_VRAMRW,(a0)+
(1)  177/  C1E45A : 5347                    subq.w  #1,d7
(1)  178/  C1E45C : 66EA                    bne     .col
(1)  179/  C1E45E : 5242                    addq.w  #1,d2
(1)  180/  C1E460 : 5341                    subq.w  #1,d1
(1)  181/  C1E462 : 66E0                    bne     .row
(1)  182/  C1E464 : (MACRO)[150]        	ENIRQ
(1)  182/  C1E464 : 33FC 0007 003C 000C         move.w  #7,REG_IRQACK
(1)  182/  C1E46C : 46DF                        move.w  (a7)+,sr
(1)  183/  C1E46E : 4E75                    rts
(1)  184/  C1E470 :                     
 AS V1.42 Beta [Bld 311] - Source File main.asm(util.asm) - Page 147 - 9/11/2026 13:29:43


(1)  185/  C1E470 :                     
(1)  186/  C1E470 :                     ; d0.w: Width
(1)  187/  C1E470 :                     ; d1.w: Height
(1)  188/  C1E470 :                     ; d2.w: VRAM start address
(1)  189/  C1E470 :                     RestoreFixMap:
(1)  190/  C1E470 : (MACRO)[151]            DIIRQ
(1)  190/  C1E470 : 13C0 0030 0001          move.b  d0,REG_DIPSW
(1)  190/  C1E476 : 40E7                        move.w  sr,-(a7)
(1)  190/  C1E478 : 007C 0700                   ori.w   #$0700,sr
(1)  191/  C1E47C : 13C0 0030 0001          move.b  d0,REG_DIPSW
(1)  192/  C1E482 : 40E7                	move.w  sr,-(a7)
(1)  193/  C1E484 : 007C 0700           	ori.w   #$0700,sr
(1)  194/  C1E488 : 41F9 0011 0804          lea     FixMapBuffer,a0
(1)  195/  C1E48E :                     .row:
(1)  196/  C1E48E : 3602                    move.w  d2,d3
(1)  197/  C1E490 : 3E00                    move.w  d0,d7
(1)  198/  C1E492 :                     .col:
(1)  199/  C1E492 : 33C3 003C 0000          move.w  d3,REG_VRAMADDR
(1)  200/  C1E498 : 0643 0020               addi.w  #32,d3
(1)  201/  C1E49C : 4E71                    nop
(1)  202/  C1E49E : 33D8 003C 0002          move.w  (a0)+,REG_VRAMRW
(1)  203/  C1E4A4 : 5347                    subq.w  #1,d7
(1)  204/  C1E4A6 : 66EA                    bne     .col
(1)  205/  C1E4A8 : 5242                    addq.w  #1,d2
(1)  206/  C1E4AA : 5341                    subq.w  #1,d1
(1)  207/  C1E4AC : 66E0                    bne     .row
(1)  208/  C1E4AE : 46DF                	move.w  (a7)+,sr
(1)  209/  C1E4B0 : (MACRO)[152]        	ENIRQ
(1)  209/  C1E4B0 : 33FC 0007 003C 000C         move.w  #7,REG_IRQACK
(1)  209/  C1E4B8 : 46DF                        move.w  (a7)+,sr
(1)  210/  C1E4BA : 4E75                    rts
(1)  211/  C1E4BC :                     
(1)  212/  C1E4BC :                     
(1)  213/  C1E4BC :                     CopyPalette:
(1)  214/  C1E4BC :                         REPT 8
(1)  215/  C1E4BC :                         move.l  (a0)+,(a1)+
(1)  216/  C1E4BC :                         ENDM
(1)  215/  C1E4BC : 22D8                    move.l  (a0)+,(a1)+
(1)  215/  C1E4BE : 22D8                    move.l  (a0)+,(a1)+
(1)  215/  C1E4C0 : 22D8                    move.l  (a0)+,(a1)+
(1)  215/  C1E4C2 : 22D8                    move.l  (a0)+,(a1)+
(1)  215/  C1E4C4 : 22D8                    move.l  (a0)+,(a1)+
(1)  215/  C1E4C6 : 22D8                    move.l  (a0)+,(a1)+
(1)  215/  C1E4C8 : 22D8                    move.l  (a0)+,(a1)+
(1)  215/  C1E4CA : 22D8                    move.l  (a0)+,(a1)+
(1)  217/  C1E4CC : 4E75                    rts
(1)  218/  C1E4CE :                         
(1)  219/  C1E4CE :                     
(1)  220/  C1E4CE :                     WaitVBL:
(1)  221/  C1E4CE : 3039 003C 0006          move.w  REG_LSPCMODE,d0
(1)  222/  C1E4D4 : EE48                    lsr.w   #7,d0
(1)  223/  C1E4D6 : B07C 00F8               cmp.w   #$F8,d0
(1)  224/  C1E4DA : 66F2                    bne     WaitVBL
(1)  225/  C1E4DC : 4E75                    rts
(1)  226/  C1E4DE :                     
(1)  227/  C1E4DE :                     ; Sets carry on error
(1)  228/  C1E4DE :                     InitSD:
(1)  229/  C1E4DE :                         ; Tell MCU to init SD and get card type
(1)  230/  C1E4DE : 13FC 000A 0010 D072     move.b  #10,RetryCounter
(1)  231/  C1E4E6 :                     .retry:
 AS V1.42 Beta [Bld 311] - Source File main.asm(util.asm) - Page 148 - 9/11/2026 13:29:43


(1)  232/  C1E4E6 : (MACRO)[161]            MCUCMD  MCU_CMD_INITSD
(1)  232/  C1E4E6 : 163C 0005               move.b  #MCU_CMD_INITSD,d3
(1)  232/  C1E4EA : 4EB9 00C1 C996          jsr     MCUCommand
(1)  233/  C1E4F0 : 6408                    bcc     .notimeout
(1)  234/  C1E4F2 : 4EB9 00C1 98F2          jsr     DispErrorTimeout
(1)  235/  C1E4F8 : 6022                    bra     .error
(1)  236/  C1E4FA :                     .notimeout:
(1)  237/  C1E4FA : 4EB9 00C1 CA9A          jsr     MCURead4Words
(1)  238/  C1E500 : 4EB9 00C1 CADA          jsr     CheckACK
(1)  239/  C1E506 : 641A                    bcc     .initok
(1)  240/  C1E508 : 4EB9 00C1 E4CE          jsr     WaitVBL            ; Let at least one frame go by
(1)  241/  C1E50E : 4EB9 00C1 E4CE          jsr     WaitVBL
(1)  242/  C1E514 : 5339 0010 D072          subq.b  #1,RetryCounter
(1)  243/  C1E51A : 66CA                    bne     .retry
(1)  244/  C1E51C :                     .error:
(1)  245/  C1E51C : 003C 0001               ori.b   #1,CCR             ; Error occured
(1)  246/  C1E520 : 4E75                    rts
(1)  247/  C1E522 :                     .initok:
(1)  248/  C1E522 : 023C 00FE               andi.b  #$FE,CCR           ; Ok
(1)  249/  C1E526 : 4E75                    rts
(1)  250/  C1E528 :                         
     233/  C1E528 :                     	INCLUDE "print.asm"
(1)    1/  C1E528 :                     ; Copyright (C) 2020 Sean Gonsalves
(1)    2/  C1E528 :                     ;
(1)    3/  C1E528 :                     ; Neo CD SD Loader system ROM patch
(1)    4/  C1E528 :                     ; This file is part of Neo CD SD Loader.
(1)    5/  C1E528 :                     ;
(1)    6/  C1E528 :                     ; This program is free software; you can redistribute it and/or modify
(1)    7/  C1E528 :                     ; it under the terms of the GNU General Public License as published by
(1)    8/  C1E528 :                     ; the Free Software Foundation; either version 2, or (at your option)
(1)    9/  C1E528 :                     ; any later version.
(1)   10/  C1E528 :                     ;
(1)   11/  C1E528 :                     ; This program is distributed in the hope that it will be useful,
(1)   12/  C1E528 :                     ; but WITHOUT ANY WARRANTY; without even the implied warranty of
(1)   13/  C1E528 :                     ; MERCHANTABILITY or FITNESS FOR A PARTICULAR PURPOSE.  See the
(1)   14/  C1E528 :                     ; GNU General Public License for more details.
(1)   15/  C1E528 :                     ;
(1)   16/  C1E528 :                     ; You should have received a copy of the GNU General Public License
(1)   17/  C1E528 :                     ; along with this program; see the file COPYING.  If not, write to
(1)   18/  C1E528 :                     ; the Free Software Foundation, Inc., 51 Franklin Street,
(1)   19/  C1E528 :                     ; Boston, MA 02110-1301, USA.
(1)   20/  C1E528 :                     
(1)   21/  C1E528 :                     ;$00: End of string
(1)   22/  C1E528 :                     ;$01: Move from origin X, Y
(1)   23/  C1E528 :                     ;$A0: Restore palette to the one in FixWriteConfig
(1)   24/  C1E528 :                     ;$AF: Escape next char
(1)   25/  C1E528 :                     ;$Bx: Print button picto, x must be A, B, C or D
(1)   26/  C1E528 :                     ;$Cx: Change palette to x
(1)   27/  C1E528 :                     ;$Ex: Print stored byte in FixValueList at index x
(1)   28/  C1E528 :                     ;$Fx: Print stored longword in FixValueList at index x
(1)   29/  C1E528 :                     WriteFix:
(1)   30/  C1E528 : 13C0 0030 0001      	move.b  d0,REG_DIPSW
(1)   31/  C1E52E : 48E7 7F40               movem.l d1-d7/a1,-(sp)
(1)   32/  C1E532 : 3239 0011 C18A      	move.w  FixWriteConfig,d1
(1)   33/  C1E538 : 33FC 0020 003C 0004 	move.w  #32,REG_VRAMMOD
(1)   34/  C1E540 : 4E71                    nop
(1)   35/  C1E542 : 4E71                    nop
(1)   36/  C1E544 : 4E71                    nop
(1)   37/  C1E546 : 33C0 003C 0000          move.w  d0,REG_VRAMADDR
(1)   38/  C1E54C :                     .write:
 AS V1.42 Beta [Bld 311] - Source File main.asm(print.asm) - Page 149 - 9/11/2026 13:29:43


(1)   39/  C1E54C : 1218                    move.b  (a0)+,d1
(1)   40/  C1E54E : 4A01                    tst.b   d1
(1)   41/  C1E550 : 6748                    beq     .strend
(1)   42/  C1E552 : B23C 0001               cmp.b   #1,d1
(1)   43/  C1E556 : 6700 008E           	beq     .reloc
(1)   44/  C1E55A : B23C 00AF               cmp.b   #$AF,d1
(1)   45/  C1E55E : 660A                	bne     .noescape
(1)   46/  C1E560 : 1218                    move.b  (a0)+,d1
(1)   47/  C1E562 : 33C1 003C 0002      	move.w  d1,REG_VRAMRW
(1)   48/  C1E568 : 60E2                    bra     .write
(1)   49/  C1E56A :                     .noescape:
(1)   50/  C1E56A : 0C01 00A0               cmpi.b  #$A0,d1
(1)   51/  C1E56E : 6408                    bhs     .special
(1)   52/  C1E570 : 33C1 003C 0002      	move.w  d1,REG_VRAMRW
(1)   53/  C1E576 : 60D4                    bra     .write
(1)   54/  C1E578 :                     .special:
(1)   55/  C1E578 : 0C01 00F0               cmpi.b  #$F0,d1
(1)   56/  C1E57C : 647C                    bhs     .valuelong
(1)   57/  C1E57E : 0C01 00E0               cmpi.b  #$E0,d1
(1)   58/  C1E582 : 6400 00B2               bhs     .valuebyte
(1)   59/  C1E586 : 0C01 00C0               cmpi.b  #$C0,d1
(1)   60/  C1E58A : 641C                    bhs     .changepal
(1)   61/  C1E58C : 0C01 00B0               cmpi.b  #$B0,d1
(1)   62/  C1E590 : 6426                    bhs     .picto
(1)   63/  C1E592 : 0C01 00A0               cmpi.b  #$A0,d1
(1)   64/  C1E596 : 6708                    beq     .restorepal
(1)   65/  C1E598 :                     	;Invalid char
(1)   66/  C1E598 : 60B2                    bra     .write
(1)   67/  C1E59A :                     .strend:
(1)   68/  C1E59A : 4CDF 02FE               movem.l (sp)+,d1-d7/a1
(1)   69/  C1E59E : 4E75                	rts
(1)   70/  C1E5A0 :                     
(1)   71/  C1E5A0 :                     .restorepal:
(1)   72/  C1E5A0 : 3239 0011 C18A      	move.w  FixWriteConfig,d1
(1)   73/  C1E5A6 : 60A4                    bra     .write
(1)   74/  C1E5A8 :                     
(1)   75/  C1E5A8 :                     .changepal:
(1)   76/  C1E5A8 : 3401                    move.w  d1,d2
(1)   77/  C1E5AA : 0242 000F               andi.w  #$000F,d2
(1)   78/  C1E5AE : E85A                    ror.w   #4,d2
(1)   79/  C1E5B0 : 0241 0FFF               andi.w  #$0FFF,d1
(1)   80/  C1E5B4 : 8242                    or.w    d2,d1
(1)   81/  C1E5B6 : 6094                    bra     .write
(1)   82/  C1E5B8 :                     
(1)   83/  C1E5B8 :                     .picto:
(1)   84/  C1E5B8 : 363C 1500               move.w  #$1500,d3       ; Palette #1 bank 5
(1)   85/  C1E5BC : 3401                    move.w  d1,d2
(1)   86/  C1E5BE : 0242 000F               andi.w  #$0F,d2
(1)   87/  C1E5C2 : D402                    add.b   d2,d2
(1)   88/  C1E5C4 : 43F9 00C1 E670          lea     ButtonPictoLUT,a1
(1)   89/  C1E5CA : 1631 2000               move.b  0(a1,d2),d3
(1)   90/  C1E5CE : 33C3 003C 0002      	move.w  d3,REG_VRAMRW
(1)   91/  C1E5D4 : 4E71                	nop
(1)   92/  C1E5D6 : 4E71                	nop
(1)   93/  C1E5D8 : 1631 2001               move.b  1(a1,d2),d3
(1)   94/  C1E5DC : 33C3 003C 0002      	move.w  d3,REG_VRAMRW
(1)   95/  C1E5E2 : 6000 FF68               bra     .write
(1)   96/  C1E5E6 :                     
(1)   97/  C1E5E6 :                     
(1)   98/  C1E5E6 :                     .reloc:
 AS V1.42 Beta [Bld 311] - Source File main.asm(print.asm) - Page 150 - 9/11/2026 13:29:43


(1)   99/  C1E5E6 : 7600                    moveq.l #0,d3
(1)  100/  C1E5E8 : 1618                    move.b  (a0)+,d3
(1)  101/  C1E5EA : EB4B                    lsl.w   #5,d3
(1)  102/  C1E5EC : D640                    add.w   d0,d3
(1)  103/  C1E5EE : D618                    add.b   (a0)+,d3
(1)  104/  C1E5F0 : 33C3 003C 0000          move.w  d3,REG_VRAMADDR
(1)  105/  C1E5F6 : 6000 FF54               bra     .write
(1)  106/  C1E5FA :                     
(1)  107/  C1E5FA :                     .valuelong:
(1)  108/  C1E5FA : 7600                    moveq.l #0,d3
(1)  109/  C1E5FC : 1601                    move.b  d1,d3
(1)  110/  C1E5FE : 0203 000F               andi.b  #15,d3
(1)  111/  C1E602 : E54B                    lsl.w   #2,d3
(1)  112/  C1E604 : 43F9 0011 C140          lea     FixValueList,a1
(1)  113/  C1E60A : 2631 3000               move.l  (a1,d3),d3
(1)  114/  C1E60E : 3401                	move.w  d1,d2
(1)  115/  C1E610 : 7E08                    moveq.l #8,d7
(1)  116/  C1E612 :                     .writelong:
(1)  117/  C1E612 : E99B                	rol.l   #4,d3
(1)  118/  C1E614 : 1403                	move.b  d3,d2
(1)  119/  C1E616 : 0202 000F           	andi.b  #$F,d2
(1)  120/  C1E61A : 0C02 0009           	cmpi.b  #9,d2
(1)  121/  C1E61E : 6304                	bls     .deci
(1)  122/  C1E620 : 0602 0007               addi.b  #7,d2
(1)  123/  C1E624 :                     .deci:
(1)  124/  C1E624 : 0602 0030               addi.b  #$30,d2
(1)  125/  C1E628 : 33C2 003C 0002      	move.w  d2,REG_VRAMRW
(1)  126/  C1E62E : 5307                	subq.b  #1,d7
(1)  127/  C1E630 : 66E0                	bne     .writelong
(1)  128/  C1E632 : 6000 FF18               bra     .write
(1)  129/  C1E636 :                         
(1)  130/  C1E636 :                     .valuebyte:
(1)  131/  C1E636 : 7600                    moveq.l #0,d3
(1)  132/  C1E638 : 1601                    move.b  d1,d3
(1)  133/  C1E63A : 0203 000F               andi.b  #15,d3
(1)  134/  C1E63E : 43F9 0011 C140          lea     FixValueList,a1
(1)  135/  C1E644 : 1631 3000               move.b  (a1,d3),d3
(1)  136/  C1E648 : 3401                	move.w  d1,d2
(1)  137/  C1E64A : 7E02                    moveq.l #2,d7
(1)  138/  C1E64C :                     .writebyte:
(1)  139/  C1E64C : E91B                	rol.b   #4,d3
(1)  140/  C1E64E : 1403                	move.b  d3,d2
(1)  141/  C1E650 : 0202 000F           	andi.b  #$F,d2
(1)  142/  C1E654 : 0C02 0009           	cmpi.b  #9,d2
(1)  143/  C1E658 : 6304                	bls     .deci2
(1)  144/  C1E65A : 0602 0007               addi.b  #7,d2
(1)  145/  C1E65E :                     .deci2:
(1)  146/  C1E65E : 0602 0030               addi.b  #$30,d2
(1)  147/  C1E662 : 33C2 003C 0002      	move.w  d2,REG_VRAMRW
(1)  148/  C1E668 : 5307                	subq.b  #1,d7
(1)  149/  C1E66A : 66E0                	bne     .writebyte
(1)  150/  C1E66C : 6000 FEDE               bra     .write
(1)  151/  C1E670 :                         
(1)  152/  C1E670 : =>UNDEFINED             IFDEF DEBUGBUILD
(1)  153/  C1E670 :                     WriteWord:
(1)  154/  C1E670 :                     	move.w  #32,REG_VRAMMOD
(1)  155/  C1E670 :                     	move.w  FixWriteConfig,d1
(1)  156/  C1E670 :                         nop
(1)  157/  C1E670 :                         move.w  d0,REG_VRAMADDR
(1)  158/  C1E670 :                         moveq.l #4,d7
 AS V1.42 Beta [Bld 311] - Source File main.asm(print.asm) - Page 151 - 9/11/2026 13:29:43


(1)  159/  C1E670 :                     .writeword:
(1)  160/  C1E670 :                     	rol.w   #4,d2
(1)  161/  C1E670 :                     	moveq.l #0,d3
(1)  162/  C1E670 :                     	move.b  d2,d3
(1)  163/  C1E670 :                     	andi.b  #$F,d3
(1)  164/  C1E670 :                     	cmpi.b  #9,d3
(1)  165/  C1E670 :                     	bls     .deci
(1)  166/  C1E670 :                         addq.b  #7,d3
(1)  167/  C1E670 :                     .deci:
(1)  168/  C1E670 :                         addi.b  #$30,d3
(1)  169/  C1E670 :                         or.w    d1,d3
(1)  170/  C1E670 :                     	move.w  d3,REG_VRAMRW
(1)  171/  C1E670 :                     	subq.b  #1,d7
(1)  172/  C1E670 :                     	bne     .writeword
(1)  173/  C1E670 :                     	rts
(1)  174/  C1E670 : [152]               	ENDIF
(1)  175/  C1E670 :                     
(1)  176/  C1E670 :                     ButtonPictoLUT:
(1)  177/  C1E670 : 0000                    dc.b $00,$00
(1)  178/  C1E672 : 0000                    dc.b $00,$00
(1)  179/  C1E674 : 0000                    dc.b $00,$00
(1)  180/  C1E676 : 0000                    dc.b $00,$00
(1)  181/  C1E678 : 0000                    dc.b $00,$00
(1)  182/  C1E67A : 0000                    dc.b $00,$00
(1)  183/  C1E67C : 0000                    dc.b $00,$00
(1)  184/  C1E67E : 0000                    dc.b $00,$00
(1)  185/  C1E680 : 0000                    dc.b $00,$00
(1)  186/  C1E682 : 0000                    dc.b $00,$00
(1)  187/  C1E684 : 8C8D                    dc.b $8C,$8D    ; A button
(1)  188/  C1E686 : 8E8F                    dc.b $8E,$8F    ; B button
(1)  189/  C1E688 : 9C9D                    dc.b $9C,$9D    ; C button
(1)  190/  C1E68A : 9E9F                    dc.b $9E,$9F    ; D button
(1)  191/  C1E68C : 0000                    dc.b $00,$00
(1)  192/  C1E68E : 0000                    dc.b $00,$00
(1)  193/  C1E690 :                     
(1)  194/  C1E690 :                     ; a0.l: Data pointer
(1)  195/  C1E690 :                     ; a2.l: Dictionary pointer
(1)  196/  C1E690 :                     ; d0.w: VRAM address
(1)  197/  C1E690 :                     WriteFixDict:
(1)  198/  C1E690 : 13C0 0030 0001      	move.b  d0,REG_DIPSW
(1)  199/  C1E696 : 33FC 0020 003C 0004 	move.w  #32,REG_VRAMMOD
(1)  200/  C1E69E : 48E7 E040               movem.l d0-d2/a1,-(sp)
(1)  201/  C1E6A2 : 7400                    moveq.l #0,d2
(1)  202/  C1E6A4 : 3239 0011 C18A      	move.w  FixWriteConfig,d1
(1)  203/  C1E6AA : 33C0 003C 0000          move.w  d0,REG_VRAMADDR
(1)  204/  C1E6B0 :                     .write:
(1)  205/  C1E6B0 : 1218                    move.b  (a0)+,d1
(1)  206/  C1E6B2 : 4A01                    tst.b   d1
(1)  207/  C1E6B4 : 672A                    beq     .strend
(1)  208/  C1E6B6 : 6A1E                    bpl     .char
(1)  209/  C1E6B8 :                         ; Alias
(1)  210/  C1E6B8 : 7000                    moveq.l #0,d0
(1)  211/  C1E6BA : 1001                    move.b  d1,d0
(1)  212/  C1E6BC : 0400 0080               subi.b  #128,d0
(1)  213/  C1E6C0 : E948                    lsl.w   #4,d0
(1)  214/  C1E6C2 : 43F2 0000               lea     0(a2,d0),a1
(1)  215/  C1E6C6 :                     .awrite:
(1)  216/  C1E6C6 : 1219                    move.b  (a1)+,d1
(1)  217/  C1E6C8 : 4A01                    tst.b   d1
(1)  218/  C1E6CA : 67E4                    beq     .write
 AS V1.42 Beta [Bld 311] - Source File main.asm(print.asm) - Page 152 - 9/11/2026 13:29:43


(1)  219/  C1E6CC : 33C1 003C 0002      	move.w  d1,REG_VRAMRW
(1)  220/  C1E6D2 : 5202                	addq.b  #1,d2
(1)  221/  C1E6D4 : 60F0                    bra     .awrite
(1)  222/  C1E6D6 :                     .char:
(1)  223/  C1E6D6 : 33C1 003C 0002      	move.w  d1,REG_VRAMRW
(1)  224/  C1E6DC : 5202                	addq.b  #1,d2
(1)  225/  C1E6DE : 60D0                    bra     .write
(1)  226/  C1E6E0 :                     .strend:
(1)  227/  C1E6E0 :                         ; Pad to MAX_CHEAT_DESC if needed
(1)  228/  C1E6E0 : 123C 0020               move.b  #' ',d1
(1)  229/  C1E6E4 :                     .pad:
(1)  230/  C1E6E4 : B43C 0018               cmp.b   #MAX_CHEAT_DESC,d2
(1)  231/  C1E6E8 : 670A                    beq     .done
(1)  232/  C1E6EA : 33C1 003C 0002      	move.w  d1,REG_VRAMRW
(1)  233/  C1E6F0 : 5202                	addq.b  #1,d2
(1)  234/  C1E6F2 : 60F0                	bra     .pad
(1)  235/  C1E6F4 :                     .done:
(1)  236/  C1E6F4 : 4CDF 0207               movem.l (sp)+,d0-d2/a1
(1)  237/  C1E6F8 : 4E75                    rts
(1)  238/  C1E6FA :                     
(1)  239/  C1E6FA :                     
(1)  240/  C1E6FA :                     ; d0.b: Byte to write
(1)  241/  C1E6FA :                     ; Uses d1
(1)  242/  C1E6FA :                     WriteByte:
(1)  243/  C1E6FA : 4EB9 00C1 E700          jsr     .writebyte
(1)  244/  C1E700 :                     .writebyte:
(1)  245/  C1E700 : 3239 0011 C18A      	move.w  FixWriteConfig,d1
(1)  246/  C1E706 : E918                	rol.b   #4,d0
(1)  247/  C1E708 : 1200                	move.b  d0,d1
(1)  248/  C1E70A : 0201 000F           	andi.b  #$F,d1
(1)  249/  C1E70E : 0C01 0009           	cmpi.b  #9,d1
(1)  250/  C1E712 : 6304                	bls     .deci
(1)  251/  C1E714 : 0601 0007               addi.b  #7,d1
(1)  252/  C1E718 :                     .deci:
(1)  253/  C1E718 : 0601 0030               addi.b  #$30,d1
(1)  254/  C1E71C : 33C1 003C 0002      	move.w  d1,REG_VRAMRW
(1)  255/  C1E722 : 4E75                	rts
(1)  256/  C1E724 :                     
     234/  C1E724 :                     	INCLUDE "debug.asm"
(1)    1/  C1E724 :                     ; Copyright (C) 2020 Sean Gonsalves
(1)    2/  C1E724 :                     ;
(1)    3/  C1E724 :                     ; This file is part of Neo CD SD Loader.
(1)    4/  C1E724 :                     ;
(1)    5/  C1E724 :                     ; This program is free software; you can redistribute it and/or modify
(1)    6/  C1E724 :                     ; it under the terms of the GNU General Public License as published by
(1)    7/  C1E724 :                     ; the Free Software Foundation; either version 2, or (at your option)
(1)    8/  C1E724 :                     ; any later version.
(1)    9/  C1E724 :                     ;
(1)   10/  C1E724 :                     ; This program is distributed in the hope that it will be useful,
(1)   11/  C1E724 :                     ; but WITHOUT ANY WARRANTY; without even the implied warranty of
(1)   12/  C1E724 :                     ; MERCHANTABILITY or FITNESS FOR A PARTICULAR PURPOSE.  See the
(1)   13/  C1E724 :                     ; GNU General Public License for more details.
(1)   14/  C1E724 :                     ;
(1)   15/  C1E724 :                     ; You should have received a copy of the GNU General Public License
(1)   16/  C1E724 :                     ; along with this program; see the file COPYING.  If not, write to
(1)   17/  C1E724 :                     ; the Free Software Foundation, Inc., 51 Franklin Street,
(1)   18/  C1E724 :                     ; Boston, MA 02110-1301, USA.
(1)   19/  C1E724 :                     
(1)   20/  C1E724 : =>UNDEFINED             IFDEF DEBUGBUILD
(1)   21/  C1E724 :                     WarmResetTest:
 AS V1.42 Beta [Bld 311] - Source File main.asm(debug.asm) - Page 153 - 9/11/2026 13:29:43


(1)   22/  C1E724 :                         move.b  #0,REG_ENVIDEO      ; Copied from original routine, disables video
(1)   23/  C1E724 :                         cmp.w   #$201,$108          ; mslug NGH = 201
(1)   24/  C1E724 :                         ;beq     .gotmslug
(1)   25/  C1E724 :                         rts
(1)   26/  C1E724 :                     .gotmslug:
(1)   27/  C1E724 :                         move.b  #1,REG_DISBLSPR
(1)   28/  C1E724 :                         move.b  #0,REG_DISBLFIX
(1)   29/  C1E724 :                         move.b  #1,REG_ENVIDEO
(1)   30/  C1E724 :                         move.l  #NullIRQ,$68
(1)   31/  C1E724 :                     
(1)   32/  C1E724 :                         move.l  2(a7),PCERROR       ; Store PC from stack frame
(1)   33/  C1E724 :                         movem.l d0-d7/a0-a6,-(a7)   ; Store registers
(1)   34/  C1E724 :                         move.w  #RED,BACKDROP
(1)   35/  C1E724 :                         lea     FixStrWarmReset,a0
(1)   36/  C1E724 :                         jmp     DispExc
(1)   37/  C1E724 :                     
(1)   38/  C1E724 :                     NullIRQ:
(1)   39/  C1E724 :                         movem.l d0-a6,-(sp)
(1)   40/  C1E724 :                         move.b  d0,REG_DIPSW
(1)   41/  C1E724 :                         move.w  #4,REG_IRQACK
(1)   42/  C1E724 :                         movem.l (sp)+,d0-a6
(1)   43/  C1E724 :                         rte
(1)   44/  C1E724 :                     
(1)   45/  C1E724 :                     ;DrawProgressAnimation:
(1)   46/  C1E724 :                     ;	; Display sector counter at 20,16
(1)   47/  C1E724 :                     ;	move.w  #$3100,FixWriteConfig
(1)   48/  C1E724 :                     ;	move.w  #FIXMAP+16+(20*32),d0
(1)   49/  C1E724 :                     ;	move.w  $10F688,d2			; "SectorCounter"
(1)   50/  C1E724 :                     ;    jsr     WriteWord
(1)   51/  C1E724 :                     ;	rts
(1)   52/  C1E724 :                     	
(1)   53/  C1E724 :                     DebugDispFileName:
(1)   54/  C1E724 :                     	move.w  #$3100,FixWriteConfig
(1)   55/  C1E724 :                     
(1)   56/  C1E724 :                         lea     FixStrClear,a0
(1)   57/  C1E724 :                     	move.w  #FIXMAP+16+(4*32),d0
(1)   58/  C1E724 :                         jsr     WriteFix 			; Clear file name line
(1)   59/  C1E724 :                     
(1)   60/  C1E724 :                         movea.l $10F6A0,a0			; "FilenamePtr"
(1)   61/  C1E724 :                     	move.w  #FIXMAP+16+(4*32),d0
(1)   62/  C1E724 :                         jsr     WriteFix 			; Display filename
(1)   63/  C1E724 :                         rts
(1)   64/  C1E724 :                         
(1)   65/  C1E724 :                     DebugDispMSF:
(1)   66/  C1E724 :                         ; Display requested MSF at 6,3
(1)   67/  C1E724 :                     	;move.l  $10F6C8,d0			; Retrieve requested MSF
(1)   68/  C1E724 :                     	move.l  MSFCounter,d0
(1)   69/  C1E724 :                         lsr.l   #8,d0               ; Rightmost byte is unused
(1)   70/  C1E724 :                     	move.l  d0,FixValueList
(1)   71/  C1E724 :                         lea     FixStrReqSec,a0
(1)   72/  C1E724 :                     	move.w  #FIXMAP+3+(6*32),d0
(1)   73/  C1E724 :                     	jsr     WriteFix
(1)   74/  C1E724 :                     	move.b  d0,REG_DIPSW
(1)   75/  C1E724 :                     	rts
(1)   76/  C1E724 :                     
(1)   77/  C1E724 :                     DebugDispCDSectors:
(1)   78/  C1E724 :                         ; Display number of CD sectors to load at 6,5
(1)   79/  C1E724 :                     	moveq.l #0,d0
(1)   80/  C1E724 :                     	move.w  $10F688,d0			; Retrieve requested sector count to load
(1)   81/  C1E724 :                     	move.l  d0,FixValueList
 AS V1.42 Beta [Bld 311] - Source File main.asm(debug.asm) - Page 154 - 9/11/2026 13:29:43


(1)   82/  C1E724 :                         lea     FixStrCDSecCnt,a0
(1)   83/  C1E724 :                     	move.w  #FIXMAP+5+(6*32),d0
(1)   84/  C1E724 :                     	jsr     WriteFix
(1)   85/  C1E724 :                     	move.b  d0,REG_DIPSW
(1)   86/  C1E724 :                     	rts
(1)   87/  C1E724 : [20]                    ENDIF
(1)   88/  C1E724 :                     
(1)   89/  C1E724 :                     RefreshDump:
(1)   90/  C1E724 : 4EB9 00C1 E300      	jsr     ClearFix
(1)   91/  C1E72A :                     
(1)   92/  C1E72A : 33FC 3000 0011 C18A 	move.w  #$3000,FixWriteConfig	; Palette 3, bank 0
(1)   93/  C1E732 :                     
(1)   94/  C1E732 :                     	; Print address
(1)   95/  C1E732 : 41F9 0011 C140      	lea     FixValueList,a0
(1)   96/  C1E738 : 20C9                	move.l  a1,(a0)+
(1)   97/  C1E73A : 41F9 00C1 F4EA          lea     FixStrLongwordVal,a0
(1)   98/  C1E740 : 303C 7043           	move.w  #FIXMAP+3+(2*32),d0
(1)   99/  C1E744 : 4EB9 00C1 E528      	jsr     WriteFix
(1)  100/  C1E74A :                     
(1)  101/  C1E74A : 2449                	movea.l a1,a2
(1)  102/  C1E74C : 33FC 0020 003C 0004 	move.w  #32,REG_VRAMMOD
(1)  103/  C1E754 : 303C 70C5               move.w  #FIXMAP+5+(6*32),d0
(1)  104/  C1E758 : 3E3C 0018           	move.w  #24,d7			; 24 lines
(1)  105/  C1E75C :                     .writeblock:
(1)  106/  C1E75C : 33C0 003C 0000      	move.w  d0,REG_VRAMADDR
(1)  107/  C1E762 : 7200                	moveq.l #0,d1
(1)  108/  C1E764 : 3C3C 0010           	move.w  #16,d6			; 16 bytes per line (32 chars)
(1)  109/  C1E768 :                     .writeline:
(1)  110/  C1E768 : 13C0 0030 0001      	move.b  d0,REG_DIPSW
(1)  111/  C1E76E : 141A                	move.b  (a2)+,d2		; Read byte from memory
(1)  112/  C1E770 : 1202                	move.b  d2,d1 			; Split in nibbles
(1)  113/  C1E772 :                     
(1)  114/  C1E772 : E809                	lsr.b   #4,d1
(1)  115/  C1E774 : 4EB9 00C1 E37E      	jsr     Hexify
(1)  116/  C1E77A : 8279 0011 C18A      	or.w    FixWriteConfig,d1
(1)  117/  C1E780 : 33C1 003C 0002      	move.w  d1,REG_VRAMRW
(1)  118/  C1E786 :                     	
(1)  119/  C1E786 : 1202                	move.b  d2,d1
(1)  120/  C1E788 : 0201 000F           	andi.b  #$F,d1
(1)  121/  C1E78C : 4EB9 00C1 E37E      	jsr     Hexify
(1)  122/  C1E792 : 33C1 003C 0002      	move.w  d1,REG_VRAMRW
(1)  123/  C1E798 :                     
(1)  124/  C1E798 : 5306                	subq.b  #1,d6
(1)  125/  C1E79A : 66CC                	bne     .writeline
(1)  126/  C1E79C :                     
(1)  127/  C1E79C : 0640 0001           	addi.w  #1,d0			; Go down one line in the fix map
(1)  128/  C1E7A0 : 5307                	subq.b  #1,d7
(1)  129/  C1E7A2 : 66B8                	bne     .writeblock
(1)  130/  C1E7A4 : 4E75                	rts
(1)  131/  C1E7A6 :                     
(1)  132/  C1E7A6 :                     MemoryViewer:
(1)  133/  C1E7A6 : 13C0 0030 0001      	move.b  d0,REG_DIPSW
(1)  134/  C1E7AC :                     
(1)  135/  C1E7AC : 41F9 0040 0060      	lea     (2*16*3)+PALETTES,a0	; Set up palette 3 for text
(1)  136/  C1E7B2 : 30FC 8000           	move.w  #BLACK,(a0)+
(1)  137/  C1E7B6 : 30FC 7FFF           	move.w  #WHITE,(a0)+
(1)  138/  C1E7BA : 30BC 8000           	move.w  #BLACK,(a0)
(1)  139/  C1E7BE :                     
(1)  140/  C1E7BE : 4EB9 00C1 E724      	jsr     RefreshDump
(1)  141/  C1E7C4 :                     
 AS V1.42 Beta [Bld 311] - Source File main.asm(debug.asm) - Page 155 - 9/11/2026 13:29:43


(1)  142/  C1E7C4 : 13FC 0001 00FF 0119 	move.b  #1,REG_ENVIDEO
(1)  143/  C1E7CC : 13FC 0000 00FF 0111 	move.b  #0,REG_DISBLSPR
(1)  144/  C1E7D4 : 13FC 0000 00FF 0115 	move.b  #0,REG_DISBLFIX
(1)  145/  C1E7DC :                     
(1)  146/  C1E7DC :                     .loop:
(1)  147/  C1E7DC : 13C0 0030 0001      	move.b  d0,REG_DIPSW
(1)  148/  C1E7E2 :                     
(1)  149/  C1E7E2 : 1039 0030 0000      	move.b  REG_P1CNT,d0
(1)  150/  C1E7E8 : 4600                	not.b   d0
(1)  151/  C1E7EA : 1200                	move.b  d0,d1
(1)  152/  C1E7EC : B103                	eor.b   d0,d3
(1)  153/  C1E7EE : C600                    and.b   d0,d3
(1)  154/  C1E7F0 :                         
(1)  155/  C1E7F0 : 2EC1                    move.l  d1,(a7)+
(1)  156/  C1E7F2 :                     
(1)  157/  C1E7F2 : B63C 0001               cmp.b   #$01,d3
(1)  158/  C1E7F6 : 660C                    bne     .no_up
(1)  159/  C1E7F8 : 93FC 0000 0010      	subi.l  #16,a1				; UP: Address -= 16
(1)  160/  C1E7FE : 4EB9 00C1 E724      	jsr     RefreshDump
(1)  161/  C1E804 :                     .no_up:
(1)  162/  C1E804 : B63C 0002               cmp.b   #$02,d3
(1)  163/  C1E808 : 660C                    bne     .no_down
(1)  164/  C1E80A : D3FC 0000 0010      	addi.l  #16,a1				; DOWN: Address += 16
(1)  165/  C1E810 : 4EB9 00C1 E724      	jsr     RefreshDump
(1)  166/  C1E816 :                     .no_down:
(1)  167/  C1E816 : B63C 0004               cmp.b   #$04,d3
(1)  168/  C1E81A : 660C                    bne     .no_left
(1)  169/  C1E81C : 93FC 0000 0100      	subi.l  #256,a1				; LEFT: Address -= 256
(1)  170/  C1E822 : 4EB9 00C1 E724      	jsr     RefreshDump
(1)  171/  C1E828 :                     .no_left:
(1)  172/  C1E828 : B63C 0008               cmp.b   #$08,d3
(1)  173/  C1E82C : 660C                    bne     .no_right
(1)  174/  C1E82E : D3FC 0000 0100      	addi.l  #256,a1				; RIGHT: Address += 256
(1)  175/  C1E834 : 4EB9 00C1 E724      	jsr     RefreshDump
(1)  176/  C1E83A :                     .no_right:
(1)  177/  C1E83A :                     
(1)  178/  C1E83A : 2227                    move.l  -(a7),d1
(1)  179/  C1E83C :                     
(1)  180/  C1E83C : 1601                    move.b  d1,d3
(1)  181/  C1E83E : 609C                    bra     .loop
(1)  182/  C1E840 :                         
(1)  183/  C1E840 : =>UNDEFINED             IFDEF MAMEDEBUG
(1)  184/  C1E840 :                     DebugSetupMain:
(1)  185/  C1E840 :                         ; Set up a fake game file list for debugging
(1)  186/  C1E840 :                     	lea     GameDebugList,a0
(1)  187/  C1E840 :                     	lea     FileList,a1
(1)  188/  C1E840 :                     	move.w  #DEBUGFILECOUNT*FileEntry_LEN,d7
(1)  189/  C1E840 :                     .debug_game_list:
(1)  190/  C1E840 :                     	move.b  (a0)+,(a1)+
(1)  191/  C1E840 :                     	subq.w  #1,d7
(1)  192/  C1E840 :                     	bne     .debug_game_list
(1)  193/  C1E840 :                     	move.w  #DEBUGFILECOUNT,TotalFileCount
(1)  194/  C1E840 :                     
(1)  195/  C1E840 :                     	; DEBUG - Load embedded BMP data for custom bg
(1)  196/  C1E840 :                     	lea     DebugCustomBgData,a0
(1)  197/  C1E840 :                         ; Check BM magic at 00
(1)  198/  C1E840 :                         cmp.w   #$424D,$0(a0)
(1)  199/  C1E840 :                         bne     .bmpfail
(1)  200/  C1E840 :                         ; Check 320px at 12
(1)  201/  C1E840 :                         cmp.l   #$40010000,$12(a0)
 AS V1.42 Beta [Bld 311] - Source File main.asm(debug.asm) - Page 156 - 9/11/2026 13:29:43


(1)  202/  C1E840 :                         bne     .bmpfail
(1)  203/  C1E840 :                         ; Check 224px at 16
(1)  204/  C1E840 :                         cmp.l   #$E0000000,$16(a0)
(1)  205/  C1E840 :                         bne     .bmpfail
(1)  206/  C1E840 :                         ; Check 4bpp at 1C
(1)  207/  C1E840 :                         cmp.w   #$0400,$1C(a0)
(1)  208/  C1E840 :                         bne     .bmpfail
(1)  209/  C1E840 :                         ; Check no compression 0 at 1E
(1)  210/  C1E840 :                         cmp.l   #0,$1E(a0)
(1)  211/  C1E840 :                         bne     .bmpfail
(1)  212/  C1E840 :                         ; Get pixel data pointer from 0A
(1)  213/  C1E840 :                         move.l  $A(a0),d0       ; DD CC BB AA
(1)  214/  C1E840 :                         rol.w   #8,d0           ; DD CC AA BB
(1)  215/  C1E840 :                         swap.l  d0              ; AA BB DD CC
(1)  216/  C1E840 :                         rol.w   #8,d0           ; AA BB CC DD
(1)  217/  C1E840 :                         move.l  d0,a2
(1)  218/  C1E840 :                         add.l   a0,a2
(1)  219/  C1E840 :                         ; Get size of header from 0E
(1)  220/  C1E840 :                         move.l  $E(a0),d0       ; DD CC BB AA
(1)  221/  C1E840 :                         rol.w   #8,d0           ; DD CC AA BB
(1)  222/  C1E840 :                         swap.l  d0              ; AA BB DD CC
(1)  223/  C1E840 :                         rol.w   #8,d0           ; AA BB CC DD
(1)  224/  C1E840 :                         addi.l  #$E,d0
(1)  225/  C1E840 :                         add.l   d0,a0
(1)  226/  C1E840 :                         ; Load palette (4 bytes RGBA per entry * 16)
(1)  227/  C1E840 :                         lea     (PALETTES+(2*16*16)),a1     ; Palette #16
(1)  228/  C1E840 :                         moveq.l #16,d7
(1)  229/  C1E840 :                     .convertpal:
(1)  230/  C1E840 :                         moveq.l #0,d1
(1)  231/  C1E840 :                         move.b  (a0)+,d0    ; B
(1)  232/  C1E840 :                         lsr.b   #4,d0
(1)  233/  C1E840 :                         andi.w  #$000F,d0
(1)  234/  C1E840 :                         or.w    d0,d1
(1)  235/  C1E840 :                         move.b  (a0)+,d0    ; G
(1)  236/  C1E840 :                         lsr.b   #4,d0
(1)  237/  C1E840 :                         lsl.w   #4,d0
(1)  238/  C1E840 :                         andi.w  #$00F0,d0
(1)  239/  C1E840 :                         or.w    d0,d1
(1)  240/  C1E840 :                         move.b  (a0)+,d0    ; R
(1)  241/  C1E840 :                         lsr.b   #4,d0
(1)  242/  C1E840 :                         lsl.w   #8,d0
(1)  243/  C1E840 :                         andi.w  #$0F00,d0
(1)  244/  C1E840 :                         or.w    d0,d1
(1)  245/  C1E840 :                         move.w  d1,(a1)+
(1)  246/  C1E840 :                         move.b  (a0)+,d0    ; Skip A
(1)  247/  C1E840 :                         subq.w  #1,d7
(1)  248/  C1E840 :                         bne     .convertpal
(1)  249/  C1E840 :                         ; Copy color #0 to BACKDROP
(1)  250/  C1E840 :                         move.w  (PALETTES+(2*16*16)),BACKDROP
(1)  251/  C1E840 :                     
(1)  252/  C1E840 :                         move.b  #1,REG_DISBLSPR
(1)  253/  C1E840 :                         move.b  #1,REG_UPLOAD_EN
(1)  254/  C1E840 :                         move.b  d0,REG_UPMAPSPR
(1)  255/  C1E840 :                         move.b  #0,REG_TRANSAREA
(1)  256/  C1E840 :                     
(1)  257/  C1E840 :                         ; Load pixels
(1)  258/  C1E840 :                         lea     LUTIndexToBitplane,a0
(1)  259/  C1E840 :                         ; Start at bottom left pixel of bottom left tile
(1)  260/  C1E840 :                         ; Pen and paper required...
(1)  261/  C1E840 :                         lea     ($E00000+(256*128)+(128*14)-4),a4
 AS V1.42 Beta [Bld 311] - Source File main.asm(debug.asm) - Page 157 - 9/11/2026 13:29:43


(1)  262/  C1E840 :                     
(1)  263/  C1E840 :                         move.l  #14,d4
(1)  264/  C1E840 :                     .fullheight:
(1)  265/  C1E840 :                         move.l  a4,a3
(1)  266/  C1E840 :                         subi.l  #128,a4
(1)  267/  C1E840 :                     
(1)  268/  C1E840 :                         move.l  #16,d5
(1)  269/  C1E840 :                     .tileheight:
(1)  270/  C1E840 :                         move.l  a3,a1
(1)  271/  C1E840 :                         subi.l  #4,a3
(1)  272/  C1E840 :                     
(1)  273/  C1E840 :                         moveq.l #20,d6
(1)  274/  C1E840 :                     .sixteenpixelsrow:
(1)  275/  C1E840 :                     
(1)  276/  C1E840 :                         moveq.l #0,d0
(1)  277/  C1E840 :                         move.l  d0,d1
(1)  278/  C1E840 :                         move.l  d0,d2       ; 4 bitplane * 8 bit shift register
(1)  279/  C1E840 :                         moveq.l #4,d7
(1)  280/  C1E840 :                     .rowa:
(1)  281/  C1E840 :                         move.b  (a2)+,d1    ; Left pixel A
(1)  282/  C1E840 :                         move.b  d1,d0
(1)  283/  C1E840 :                         lsr.b   #4,d1
(1)  284/  C1E840 :                         lsl.b   #2,d1
(1)  285/  C1E840 :                         lsr.l   #1,d2
(1)  286/  C1E840 :                         or.l    0(a0,d1),d2
(1)  287/  C1E840 :                         andi.b  #$F,d0      ; Right pixel A
(1)  288/  C1E840 :                         lsl.b   #2,d0
(1)  289/  C1E840 :                         lsr.l   #1,d2
(1)  290/  C1E840 :                         or.l    0(a0,d0),d2
(1)  291/  C1E840 :                         subq.b  #1,d7
(1)  292/  C1E840 :                         bne     .rowa
(1)  293/  C1E840 :                         move.l  d2,0(a1)
(1)  294/  C1E840 :                     
(1)  295/  C1E840 :                         moveq.l #0,d0
(1)  296/  C1E840 :                         move.l  d0,d1
(1)  297/  C1E840 :                         move.l  d0,d2       ; 4 bitplane * 8 bit shift register
(1)  298/  C1E840 :                         moveq.l #4,d7
(1)  299/  C1E840 :                     .rowb:
(1)  300/  C1E840 :                         move.b  (a2)+,d1    ; Left pixel B
(1)  301/  C1E840 :                         move.b  d1,d0
(1)  302/  C1E840 :                         lsr.b   #4,d1
(1)  303/  C1E840 :                         lsl.b   #2,d1
(1)  304/  C1E840 :                         lsr.l   #1,d2
(1)  305/  C1E840 :                         or.l    0(a0,d1),d2
(1)  306/  C1E840 :                         andi.b  #$F,d0      ; Right pixel B
(1)  307/  C1E840 :                         lsl.b   #2,d0
(1)  308/  C1E840 :                         lsr.l   #1,d2
(1)  309/  C1E840 :                         or.l    0(a0,d0),d2
(1)  310/  C1E840 :                         subq.b  #1,d7
(1)  311/  C1E840 :                         bne     .rowb
(1)  312/  C1E840 :                         move.l  d2,-64(a1)
(1)  313/  C1E840 :                         
(1)  314/  C1E840 :                         lea     128*14(a1),a1
(1)  315/  C1E840 :                     
(1)  316/  C1E840 :                         subq.w  #1,d6
(1)  317/  C1E840 :                         bne     .sixteenpixelsrow
(1)  318/  C1E840 :                     
(1)  319/  C1E840 :                         subq.w  #1,d5
(1)  320/  C1E840 :                         bne     .tileheight
(1)  321/  C1E840 :                     
 AS V1.42 Beta [Bld 311] - Source File main.asm(debug.asm) - Page 158 - 9/11/2026 13:29:43


(1)  322/  C1E840 :                         subq.w  #1,d4
(1)  323/  C1E840 :                         bne     .fullheight
(1)  324/  C1E840 :                     
(1)  325/  C1E840 :                         st.b    CustomBGLoaded
(1)  326/  C1E840 :                     
(1)  327/  C1E840 :                         move.b  d0,REG_UPUNMAPSPR
(1)  328/  C1E840 :                         move.b  #0,REG_UPLOAD_EN
(1)  329/  C1E840 :                         move.b  #0,REG_DISBLSPR
(1)  330/  C1E840 :                     
(1)  331/  C1E840 :                     .bmpfail:
(1)  332/  C1E840 :                         rts
(1)  333/  C1E840 : [183]                   ENDIF
(1)  334/  C1E840 :                     
(1)  335/  C1E840 :                     	
(1)  336/  C1E840 :                     ; Required for mslug ! Otherwise a watchdog reset occurs after IPL
(1)  337/  C1E840 :                     SYSTEM_IO_WDKICK:
(1)  338/  C1E840 :                         ;lea    $108000,a0
(1)  339/  C1E840 : 13C0 0030 0001          move.b d0,REG_DIPSW
(1)  340/  C1E846 :                     
(1)  341/  C1E846 : =>DEFINED               IFDEF 0
(1)  342/  C1E846 :                         ; DEBUG: A+D -> Memory viewer
(1)  343/  C1E846 : 1039 0010 FD96          move.b  BIOS_P1CURRENT,d0
(1)  344/  C1E84C : B03C 0090           	cmp.b   #$90,d0
(1)  345/  C1E850 : 660C                    bne     .no_view
(1)  346/  C1E852 : 227C 0000 D190          movea.l #$00D190,a1
(1)  347/  C1E858 : 4EF9 00C1 E7A6          jmp     MemoryViewer
(1)  348/  C1E85E :                     .no_view:
(1)  349/  C1E85E :                     
(1)  350/  C1E85E :                         ; DEBUG: A+B -> Send $000000~$1FFFFF to MCU
(1)  351/  C1E85E : 1039 0010 FD96          move.b  BIOS_P1CURRENT,d0
(1)  352/  C1E864 : B03C 0030           	cmp.b   #$30,d0
(1)  353/  C1E868 : 6600 008E               bne     .no_dump
(1)  354/  C1E86C :                         
(1)  355/  C1E86C : 207C 0000 0000          movea.l #$000000,a0
(1)  356/  C1E872 : 363C 0000           	move.w  #MCU_CMD_TEST,d3
(1)  357/  C1E876 : 2C3C 0008 0000          move.l  #($200000)/4,d6
(1)  358/  C1E87C :                     .sendloop:
(1)  359/  C1E87C : 13C0 0030 0001          move.b  d0,REG_DIPSW
(1)  360/  C1E882 :                     
(1)  361/  C1E882 : 1039 0030 0000          move.b  REG_P1CNT,d0       ; C: Abort dump
(1)  362/  C1E888 : 0800 0006           	btst    #CNT_C,d0
(1)  363/  C1E88C : 676A                    beq     .no_dump
(1)  364/  C1E88E :                     
(1)  365/  C1E88E : 33C3 00C1 E000      	move.w  d3,CPLDREG_DATA    ; Write to MCU, lower byte of CPLDREG_DATA
(1)  366/  C1E894 : 4EB9 00C1 C9FE          jsr     MCUWaitAck
(1)  367/  C1E89A : 6556                    bcs     .timeout
(1)  368/  C1E89C : 2818                    move.l  (a0)+,d4
(1)  369/  C1E89E : E19C                	rol.l   #8,d4              ; BBCCDDAA
(1)  370/  C1E8A0 : 33C4 00C1 E000      	move.w  d4,CPLDREG_DATA    ; Write to MCU, lower byte of CPLDREG_DATA
(1)  371/  C1E8A6 : 4EB9 00C1 C9FE          jsr     MCUWaitAck
(1)  372/  C1E8AC : 6544                    bcs     .timeout
(1)  373/  C1E8AE : E19C                	rol.l   #8,d4              ; CCDDAABB
(1)  374/  C1E8B0 : 33C4 00C1 E000      	move.w  d4,CPLDREG_DATA    ; Write to MCU, lower byte of CPLDREG_DATA
(1)  375/  C1E8B6 : 4EB9 00C1 C9FE          jsr     MCUWaitAck
(1)  376/  C1E8BC : 6534                    bcs     .timeout
(1)  377/  C1E8BE : E19C                	rol.l   #8,d4              ; DDAABBCC
(1)  378/  C1E8C0 : 33C4 00C1 E000      	move.w  d4,CPLDREG_DATA    ; Write to MCU, lower byte of CPLDREG_DATA
(1)  379/  C1E8C6 : 4EB9 00C1 C9FE          jsr     MCUWaitAck
(1)  380/  C1E8CC : 6524                    bcs     .timeout
(1)  381/  C1E8CE : E19C                	rol.l   #8,d4              ; AABBCCDD
 AS V1.42 Beta [Bld 311] - Source File main.asm(debug.asm) - Page 159 - 9/11/2026 13:29:43


(1)  382/  C1E8D0 : 33C4 00C1 E000      	move.w  d4,CPLDREG_DATA    ; Write to MCU, lower byte of CPLDREG_DATA
(1)  383/  C1E8D6 : 4EB9 00C1 C9FE          jsr     MCUWaitAck
(1)  384/  C1E8DC : 6514                    bcs     .timeout
(1)  385/  C1E8DE :                     
(1)  386/  C1E8DE : 33C0 00C1 E100      	move.w  d0,CPLDREG_EXEC
(1)  387/  C1E8E4 : 4EB9 00C1 CA30          jsr     MCUWaitExec
(1)  388/  C1E8EA : 6506                    bcs     .timeout
(1)  389/  C1E8EC :                     
(1)  390/  C1E8EC : 5386                    subq.l  #1,d6
(1)  391/  C1E8EE : 668C                    bne     .sendloop
(1)  392/  C1E8F0 :                     
(1)  393/  C1E8F0 : 6006                    bra     .no_dump
(1)  394/  C1E8F2 :                     
(1)  395/  C1E8F2 :                     .timeout:
(1)  396/  C1E8F2 : 4EB9 00C1 98F2      	jsr     DispErrorTimeout
(1)  397/  C1E8F8 :                     
(1)  398/  C1E8F8 :                     .no_dump:
(1)  399/  C1E8F8 : [341]                   ENDIF
(1)  400/  C1E8F8 :                     
(1)  401/  C1E8F8 : 4BF9 0010 8000          lea    $108000,a5
(1)  402/  C1E8FE : 4E75                    rts
(1)  403/  C1E900 :                     
(1)  404/  C1E900 :                     
     235/  C1E900 :                         INCLUDE "exceptions.asm"
(1)    1/  C1E900 :                     ; Copyright (C) 2020 Sean Gonsalves
(1)    2/  C1E900 :                     ;
(1)    3/  C1E900 :                     ; This file is part of Neo CD SD Loader.
(1)    4/  C1E900 :                     ;
(1)    5/  C1E900 :                     ; This program is free software; you can redistribute it and/or modify
(1)    6/  C1E900 :                     ; it under the terms of the GNU General Public License as published by
(1)    7/  C1E900 :                     ; the Free Software Foundation; either version 2, or (at your option)
(1)    8/  C1E900 :                     ; any later version.
(1)    9/  C1E900 :                     ;
(1)   10/  C1E900 :                     ; This program is distributed in the hope that it will be useful,
(1)   11/  C1E900 :                     ; but WITHOUT ANY WARRANTY; without even the implied warranty of
(1)   12/  C1E900 :                     ; MERCHANTABILITY or FITNESS FOR A PARTICULAR PURPOSE.  See the
(1)   13/  C1E900 :                     ; GNU General Public License for more details.
(1)   14/  C1E900 :                     ;
(1)   15/  C1E900 :                     ; You should have received a copy of the GNU General Public License
(1)   16/  C1E900 :                     ; along with this program; see the file COPYING.  If not, write to
(1)   17/  C1E900 :                     ; the Free Software Foundation, Inc., 51 Franklin Street,
(1)   18/  C1E900 :                     ; Boston, MA 02110-1301, USA.
(1)   19/  C1E900 :                     
(1)   20/  C1E900 :                     ErrBus:
(1)   21/  C1E900 : 23EF 000A 0011 C186     move.l  10(a7),PCERROR      ; Store PC from stack frame
(1)   22/  C1E908 : 48E7 FFFE               movem.l d0-d7/a0-a6,-(a7)   ; Store registers
(1)   23/  C1E90C : 33FC 20F0 0040 1FFE     move.w  #GREEN,BACKDROP
(1)   24/  C1E914 : 41F9 00C1 F62C          lea     FixStrErrBus,a0
(1)   25/  C1E91A : 4EF9 00C1 E9A0          jmp     DispExc
(1)   26/  C1E920 :                     
(1)   27/  C1E920 :                     ErrAddr:
(1)   28/  C1E920 : 23EF 000A 0011 C186     move.l  10(a7),PCERROR      ; Store PC from stack frame, 2(a7) is the address value that caused the error
(1)   29/  C1E928 : 48E7 FFFE               movem.l d0-d7/a0-a6,-(a7)   ; Store registers
(1)   30/  C1E92C : 33FC 100F 0040 1FFE     move.w  #BLUE,BACKDROP
(1)   31/  C1E934 : 41F9 00C1 F636          lea     FixStrErrAddr,a0
(1)   32/  C1E93A : 4EF9 00C1 E9A0          jmp     DispExc
(1)   33/  C1E940 :                         
(1)   34/  C1E940 :                     ErrIllegal:
(1)   35/  C1E940 : 23EF 0002 0011 C186     move.l  2(a7),PCERROR       ; Store PC from stack frame
(1)   36/  C1E948 : 48E7 FFFE               movem.l d0-d7/a0-a6,-(a7)   ; Store registers
 AS V1.42 Beta [Bld 311] - Source File main.asm(exceptions.asm) - Page 160 - 9/11/2026 13:29:43


(1)   37/  C1E94C : 33FC 6FF0 0040 1FFE     move.w  #YELLOW,BACKDROP
(1)   38/  C1E954 : 41F9 00C1 F644          lea     FixStrErrIllegal,a0
(1)   39/  C1E95A : 4EF9 00C1 E9A0          jmp     DispExc
(1)   40/  C1E960 :                     
(1)   41/  C1E960 :                     ErrGeneric:
(1)   42/  C1E960 : 23EF 0002 0011 C186     move.l  2(a7),PCERROR       ; Store PC from stack frame
(1)   43/  C1E968 : 48E7 FFFE               movem.l d0-d7/a0-a6,-(a7)   ; Store registers
(1)   44/  C1E96C : 33FC 5F0F 0040 1FFE     move.w  #MAGENTA,BACKDROP
(1)   45/  C1E974 : 41F9 00C1 F658          lea     FixStrErrGeneric,a0
(1)   46/  C1E97A : 4EF9 00C1 E9A0          jmp     DispExc
(1)   47/  C1E980 :                     
(1)   48/  C1E980 :                     ErrUninit:
(1)   49/  C1E980 : 23EF 0002 0011 C186     move.l  2(a7),PCERROR       ; Store PC from stack frame
(1)   50/  C1E988 : 48E7 FFFE               movem.l d0-d7/a0-a6,-(a7)   ; Store registers
(1)   51/  C1E98C : 33FC 30FF 0040 1FFE     move.w  #CYAN,BACKDROP
(1)   52/  C1E994 : 41F9 00C1 F665          lea     FixStrErrUninit,a0
(1)   53/  C1E99A : 4EF9 00C1 E9A0          jmp     DispExc
(1)   54/  C1E9A0 :                         
(1)   55/  C1E9A0 :                     
(1)   56/  C1E9A0 :                     DispExc:
(1)   57/  C1E9A0 : 13C0 0030 0001          move.b  d0,REG_DIPSW
(1)   58/  C1E9A6 : 007C 0700           	ori.w   #$0700,sr
(1)   59/  C1E9AA :                     
(1)   60/  C1E9AA :                     	; Load 8x8 charset
(1)   61/  C1E9AA : 13FC 0011 0010 FEDA     move.b  #$11,BIOS_UPZONE
(1)   62/  C1E9B2 : 42B9 0010 FEF4          clr.l   BIOS_UPDEST
(1)   63/  C1E9B8 : 23FC 0000 2000 0010     move.l  #$2000,BIOS_UPSIZE
           C1E9C0 : FEFC               
(1)   64/  C1E9C2 : 23FC 00C5 FEB0 0010     move.l  #$C5FEB0,BIOS_UPSRC
           C1E9CA : FEF8               
(1)   65/  C1E9CC : 4EB9 00C0 0546          jsr     $C00546             ; BIOSF_UPLOAD
(1)   66/  C1E9D2 :                     
(1)   67/  C1E9D2 : 13C0 0030 0001          move.b  d0,REG_DIPSW
(1)   68/  C1E9D8 : 33FC 3000 0011 C18A 	move.w  #$3000,FixWriteConfig
(1)   69/  C1E9E0 :                     
(1)   70/  C1E9E0 : 303C 7085           	move.w  #FIXMAP+5+(4*32),d0
(1)   71/  C1E9E4 : 4EB9 00C1 E528      	jsr     WriteFix
(1)   72/  C1E9EA :                     
(1)   73/  C1E9EA : 41F9 0040 0060      	lea     (2*16*3)+PALETTES,a0	; Set up palette 3 for text
(1)   74/  C1E9F0 : 30FC 8000           	move.w  #BLACK,(a0)+
(1)   75/  C1E9F4 : 30FC 7FFF           	move.w  #WHITE,(a0)+
(1)   76/  C1E9F8 : 30BC 8000           	move.w  #BLACK,(a0)
(1)   77/  C1E9FC :                     
(1)   78/  C1E9FC :                     	;subi.l  #60,a7				; Rewind stack pointer
(1)   79/  C1E9FC : 41F9 0011 C140          lea     FixValueList,a0
(1)   80/  C1EA02 : 1E3C 0008               move.b  #8,d7
(1)   81/  C1EA06 :                     .loadDRegs:
(1)   82/  C1EA06 : 20DF                	move.l  (a7)+,(a0)+
(1)   83/  C1EA08 : 5307                	subq.b  #1,d7
(1)   84/  C1EA0A : 66FA                	bne     .loadDRegs
(1)   85/  C1EA0C : 41F9 00C1 F67F          lea     FixStrDRegsDump,a0
(1)   86/  C1EA12 : 303C 7086           	move.w  #FIXMAP+6+(4*32),d0
(1)   87/  C1EA16 : 4EB9 00C1 E528      	jsr     WriteFix
(1)   88/  C1EA1C :                     
(1)   89/  C1EA1C : 41F9 0011 C140          lea     FixValueList,a0
(1)   90/  C1EA22 : 1E3C 0007               move.b  #7,d7
(1)   91/  C1EA26 :                     .loadARegs:
(1)   92/  C1EA26 : 20DF                	move.l  (a7)+,(a0)+
(1)   93/  C1EA28 : 5307                	subq.b  #1,d7
(1)   94/  C1EA2A : 66FA                	bne     .loadARegs
 AS V1.42 Beta [Bld 311] - Source File main.asm(exceptions.asm) - Page 161 - 9/11/2026 13:29:43


(1)   95/  C1EA2C : 20B9 0011 C186      	move.l  PCERROR,(a0)
(1)   96/  C1EA32 : 41F9 00C1 F6B5          lea     FixStrARegsDump,a0
(1)   97/  C1EA38 : 303C 7206           	move.w  #FIXMAP+6+(16*32),d0
(1)   98/  C1EA3C : 4EB9 00C1 E528      	jsr     WriteFix
(1)   99/  C1EA42 :                     
(1)  100/  C1EA42 : 13C0 0030 0001          move.b  d0,REG_DIPSW
(1)  101/  C1EA48 : 41F9 0011 C140          lea     FixValueList,a0
(1)  102/  C1EA4E : 20F8 0068               move.l  $68,(a0)+
(1)  103/  C1EA52 : 10B9 00C0 AF6A          move.b  $C0AF6A,(a0)    ; Used to check patch version
(1)  104/  C1EA58 : 41F9 00C1 F61E          lea     FixStrVBL,a0
(1)  105/  C1EA5E : 303C 708F           	move.w  #FIXMAP+15+(4*32),d0
(1)  106/  C1EA62 : 4EB9 00C1 E528      	jsr     WriteFix
(1)  107/  C1EA68 :                     
(1)  108/  C1EA68 : 41F9 0011 C140          lea     FixValueList,a0
(1)  109/  C1EA6E : 224F                    move.l  a7,a1
(1)  110/  C1EA70 : 20C9                	move.l  a1,(a0)+
(1)  111/  C1EA72 : 1E3C 0028               move.b  #40,d7
(1)  112/  C1EA76 :                     .loadstackvalues:
(1)  113/  C1EA76 : 10D9                	move.b  (a1)+,(a0)+
(1)  114/  C1EA78 : 5307                	subq.b  #1,d7
(1)  115/  C1EA7A : 66FA                	bne     .loadstackvalues
(1)  116/  C1EA7C : 41F9 00C1 F6EB          lea     FixStrStackDump,a0
(1)  117/  C1EA82 : 303C 7091           	move.w  #FIXMAP+17+(4*32),d0
(1)  118/  C1EA86 : 4EB9 00C1 E528      	jsr     WriteFix
(1)  119/  C1EA8C :                     
(1)  120/  C1EA8C : 13C0 0030 0001          move.b  d0,REG_DIPSW
(1)  121/  C1EA92 : 41F9 0011 C140          lea     FixValueList,a0
(1)  122/  C1EA98 : 2039 0011 C186          move.l  PCERROR,d0
(1)  123/  C1EA9E : 5180                    subq.l  #8,d0
(1)  124/  C1EAA0 : 2240                    movea.l d0,a1
(1)  125/  C1EAA2 : 1E3C 0010               move.b  #16,d7
(1)  126/  C1EAA6 :                     .loadatpcvalues:
(1)  127/  C1EAA6 : 10D9                	move.b  (a1)+,(a0)+
(1)  128/  C1EAA8 : 5307                	subq.b  #1,d7
(1)  129/  C1EAAA : 66FA                	bne     .loadatpcvalues
(1)  130/  C1EAAC : 41F9 00C1 F732          lea     FixStrAtPCDump,a0
(1)  131/  C1EAB2 : 303C 7098           	move.w  #FIXMAP+24+(4*32),d0
(1)  132/  C1EAB6 : 4EB9 00C1 E528      	jsr     WriteFix
(1)  133/  C1EABC :                     
(1)  134/  C1EABC : 13FC 0001 00FF 0119 	move.b  #1,REG_ENVIDEO
(1)  135/  C1EAC4 : 13FC 0000 00FF 0111 	move.b  #0,REG_DISBLSPR
(1)  136/  C1EACC : 13FC 0000 00FF 0115 	move.b  #0,REG_DISBLFIX
(1)  137/  C1EAD4 :                     
(1)  138/  C1EAD4 : 4EF9 00C1 EADA      	jmp     Lockup
(1)  139/  C1EADA :                     
(1)  140/  C1EADA :                     ;ErrSD:
(1)  141/  C1EADA :                     ;	move.w  #$0000,FixWriteConfig
(1)  142/  C1EADA :                     ;
(1)  143/  C1EADA :                     ;	lea     PALETTES,a0			; Set up palettes for text
(1)  144/  C1EADA :                     ;	move.w  #BLACK,(a0)+
(1)  145/  C1EADA :                     ;	move.w  #WHITE,(a0)+
(1)  146/  C1EADA :                     ;	move.w  #BLACK,(a0)
(1)  147/  C1EADA :                     ;
(1)  148/  C1EADA :                     ;	move.b  d0,REG_DIPSW
(1)  149/  C1EADA :                     ;
(1)  150/  C1EADA :                     ;	jsr     ClearFix
(1)  151/  C1EADA :                     ;
(1)  152/  C1EADA :                     ;	; Print error message
(1)  153/  C1EADA :                     ;    lea     ErrFixStrList,a0
(1)  154/  C1EADA :                     ;	add.w   d0,d0
 AS V1.42 Beta [Bld 311] - Source File main.asm(exceptions.asm) - Page 162 - 9/11/2026 13:29:43


(1)  155/  C1EADA :                     ;	add.w   d0,d0
(1)  156/  C1EADA :                     ;	adda.l  d0,a0
(1)  157/  C1EADA :                     ;	movea.l (a0),a0
(1)  158/  C1EADA :                     ;	move.w  #FIXMAP+4+(4*32),d0
(1)  159/  C1EADA :                     ;	jsr     WriteFix
(1)  160/  C1EADA :                     ;
(1)  161/  C1EADA :                     ;    ; Display requested MSF
(1)  162/  C1EADA :                     ;	move.l  $10F6C8,d0			; Retrieve requested MSF
(1)  163/  C1EADA :                     ;	lsr.l   #8,d0               ; Rightmost byte is unused
(1)  164/  C1EADA :                     ;	move.l  d0,FixValueList
(1)  165/  C1EADA :                     ;    lea     FixStrReqSec,a0
(1)  166/  C1EADA :                     ;	move.w  #FIXMAP+14+(4*32),d0
(1)  167/  C1EADA :                     ;	jsr     WriteFix
(1)  168/  C1EADA :                     ;
(1)  169/  C1EADA :                     ;	jsr     DebugDispFileName
(1)  170/  C1EADA :                     ;
(1)  171/  C1EADA :                     ;	move.b  #1,REG_ENVIDEO
(1)  172/  C1EADA :                     ;	move.b  #0,REG_DISBLSPR
(1)  173/  C1EADA :                     ;	move.b  #0,REG_DISBLFIX
(1)  174/  C1EADA :                     ;
(1)  175/  C1EADA :                     ;	jmp     Lockup
(1)  176/  C1EADA :                     ;
(1)  177/  C1EADA :                     
(1)  178/  C1EADA :                     Lockup:
(1)  179/  C1EADA : 13C0 0030 0001      	move.b  d0,REG_DIPSW
(1)  180/  C1EAE0 : 1039 0010 FD96          move.b  BIOS_P1CURRENT,d0
(1)  181/  C1EAE6 : B03C 00F0               cmp.b   #$F0,d0				; A+B+C+D
(1)  182/  C1EAEA : 66EE                    bne     Lockup
(1)  183/  C1EAEC : 4EF9 00C0 0402      	jmp     $C00402				; Reset
(1)  184/  C1EAF2 :                     
     236/  C1EAF2 :                     	INCLUDE "strings.asm"
(1)    1/  C1EAF2 :                     ; Copyright (C) 2020 Sean Gonsalves
(1)    2/  C1EAF2 :                     ;
(1)    3/  C1EAF2 :                     ; This file is part of Neo CD SD Loader.
(1)    4/  C1EAF2 :                     ;
(1)    5/  C1EAF2 :                     ; This program is free software; you can redistribute it and/or modify
(1)    6/  C1EAF2 :                     ; it under the terms of the GNU General Public License as published by
(1)    7/  C1EAF2 :                     ; the Free Software Foundation; either version 2, or (at your option)
(1)    8/  C1EAF2 :                     ; any later version.
(1)    9/  C1EAF2 :                     ;
(1)   10/  C1EAF2 :                     ; This program is distributed in the hope that it will be useful,
(1)   11/  C1EAF2 :                     ; but WITHOUT ANY WARRANTY; without even the implied warranty of
(1)   12/  C1EAF2 :                     ; MERCHANTABILITY or FITNESS FOR A PARTICULAR PURPOSE.  See the
(1)   13/  C1EAF2 :                     ; GNU General Public License for more details.
(1)   14/  C1EAF2 :                     ;
(1)   15/  C1EAF2 :                     ; You should have received a copy of the GNU General Public License
(1)   16/  C1EAF2 :                     ; along with this program; see the file COPYING.  If not, write to
(1)   17/  C1EAF2 :                     ; the Free Software Foundation, Inc., 51 Franklin Street,
(1)   18/  C1EAF2 :                     ; Boston, MA 02110-1301, USA.
(1)   19/  C1EAF2 :                     
(1)   20/  C1EAF2 :                     	PADDING OFF
(1)   21/  C1EAF2 :                     
(1)   22/  C1EAF2 :                     ; See print.asm for special char codes
(1)   23/  C1EAF2 : =>FALSE                 IF 0
(1)   24/  C1EAF2 :                     StrDebugSSVRAM:
(1)   25/  C1EAF2 :                         dc.b "VRAM...    ",0
(1)   26/  C1EAF2 :                     StrDebugSSPal:
(1)   27/  C1EAF2 :                         dc.b "Palettes...",0
(1)   28/  C1EAF2 :                     StrDebugSSFix:
(1)   29/  C1EAF2 :                         dc.b "Fix...     ",0
 AS V1.42 Beta [Bld 311] - Source File main.asm(strings.asm) - Page 163 - 9/11/2026 13:29:43


(1)   30/  C1EAF2 :                     StrDebugSSZ80:
(1)   31/  C1EAF2 :                         dc.b "Z80...     ",0
(1)   32/  C1EAF2 :                     StrDebugSSPRG:
(1)   33/  C1EAF2 :                         dc.b "PRG...     ",0
(1)   34/  C1EAF2 :                     StrDebugSSSPR:
(1)   35/  C1EAF2 :                         dc.b "SPR...     ",0
(1)   36/  C1EAF2 :                     StrDebugSSPCM:
(1)   37/  C1EAF2 :                         dc.b "PCM...     ",0
(1)   38/  C1EAF2 :                     StrDebugSSWRAM:
(1)   39/  C1EAF2 :                         dc.b "WRAM...    ",0
(1)   40/  C1EAF2 :                     StrDebugSSDone:
(1)   41/  C1EAF2 :                         dc.b "Done :)        ",0
(1)   42/  C1EAF2 :                     StrDebugSSFailed:
(1)   43/  C1EAF2 :                         dc.b "Failed :(      ",0
(1)   44/  C1EAF2 :                     StrDebugSSCountdown:
(1)   45/  C1EAF2 :                         dc.b $F0,0
(1)   46/  C1EAF2 : [23]                    ENDIF
(1)   47/  C1EAF2 :                     
(1)   48/  C1EAF2 :                     StrIGMItems:
(1)   49/  C1EAF2 : 4D65 6E75 2064 6F20     dc.b "Menu do Jogo",1,1,4
           C1EAFA : 4A6F 676F 0101 04
(1)   50/  C1EB01 : 4368 6561 7473 0101     dc.b "Cheats",1,1,5
           C1EB09 : 05               
(1)   51/  C1EB0A : 536F 6674 2044 4950     dc.b "Soft DIPs",1,1,7
           C1EB12 : 7301 0107         
(1)   52/  C1EB16 :                         ;dc.b "Save state (beta)",1,1,7
(1)   53/  C1EB16 :                         ;dc.b "Load state (beta)",1,1,9
(1)   54/  C1EB16 : 5361 6972 2064 6F20     dc.b "Sair do Jogo",1,0,11
           C1EB1E : 4A6F 676F 0100 0B
(1)   55/  C1EB25 : 413A 4163 6573 7361     dc.b "A:Acessar B:Sair",0
           C1EB2D : 7220 423A 5361 6972
           C1EB35 : 00               
(1)   56/  C1EB36 :                     
(1)   57/  C1EB36 :                     StrCheats:
(1)   58/  C1EB36 : 4348 4541 5453 0100     dc.b "CHEATS",1,0,11
           C1EB3E : 0B               
(1)   59/  C1EB3F : 413A 4174 6976 6172     dc.b "A:Ativar B:Sair",0
           C1EB47 : 2042 3A53 6169 7200
(1)   60/  C1EB4F :                     StrNoCheats
(1)   61/  C1EB4F : 4348 4541 5453 0100     dc.b "CHEATS",1,0,3
           C1EB57 : 03               
(1)   62/  C1EB58 : 4E65 6E68 756D 2063     dc.b "Nenhum cheat disponivel",1,0,4
           C1EB60 : 6865 6174 2064 6973
           C1EB68 : 706F 6E69 7665 6C01
           C1EB70 : 0004               
(1)   63/  C1EB72 : 7061 7261 2065 7374     dc.b "para este jogo :(",1,0,11
           C1EB7A : 6520 6A6F 676F 203A
           C1EB82 : 2801 000B         
(1)   64/  C1EB86 : 423A 5361 6972 00       dc.b "B:Sair",0
(1)   65/  C1EB8D :                     
(1)   66/  C1EB8D :                     StrSDIP:
(1)   67/  C1EB8D : 0101 0053 4F46 5420     dc.b 1,1,0,"SOFT DIPS",1,0,11
           C1EB95 : 4449 5053 0100 0B
(1)   68/  C1EB9C : 452F 443A 4D75 6461     dc.b "E/D:Mudar B:Sair C:Padrao",0
           C1EBA4 : 7220 423A 5361 6972
           C1EBAC : 2043 3A50 6164 7261
           C1EBB4 : 6F00               
(1)   69/  C1EBB6 :                     StrNoSDIP:
(1)   70/  C1EBB6 : 0101 0053 4F46 5420     dc.b 1,1,0,"SOFT DIPS",1,0,3
           C1EBBE : 4449 5053 0100 03
 AS V1.42 Beta [Bld 311] - Source File main.asm(strings.asm) - Page 164 - 9/11/2026 13:29:43


(1)   71/  C1EBC5 : 4E65 6E68 756D 2073     dc.b "Nenhum soft DIP",1,0,4
           C1EBCD : 6F66 7420 4449 5001
           C1EBD5 : 0004               
(1)   72/  C1EBD7 : 7061 7261 2065 7374     dc.b "para este jogo :(",1,0,11
           C1EBDF : 6520 6A6F 676F 203A
           C1EBE7 : 2801 000B         
(1)   73/  C1EBEB : 423A 5361 6972 00       dc.b "B:Sair",0
(1)   74/  C1EBF2 :                     StrWITHOUT:
(1)   75/  C1EBF2 : 5345 4D20 2020 2020     dc.b "SEM     ",0
           C1EBFA : 00               
(1)   76/  C1EBFB :                     StrINFINITE:
(1)   77/  C1EBFB : 494E 4649 4E49 544F     dc.b "INFINITO",0
           C1EC03 : 00               
(1)   78/  C1EC04 :                     
(1)   79/  C1EC04 :                     FixStrLoadingBG:
(1)   80/  C1EC04 : AF01 1616 1616 1616     dc.b $AF,$01,[18]$16,$02,1,0,1
           C1EC0C : 1616 1616 1616 1616
           C1EC14 : 1616 1616 0201 0001
(1)   81/  C1EC1C : 1443 6172 7265 6761     dc.b $14,"Carregando fundo  ",$15,1,0,2
           C1EC24 : 6E64 6F20 6675 6E64
           C1EC2C : 6F20 2015 0100 02
(1)   82/  C1EC33 : 1441 6775 6172 6465     dc.b $14,"Aguarde...        ",$15,1,0,3
           C1EC3B : 2E2E 2E20 2020 2020
           C1EC43 : 2020 2015 0100 03
(1)   83/  C1EC4A : 0317 1717 1717 1717     dc.b $03,[18]$17,$04,0
           C1EC52 : 1717 1717 1717 1717
           C1EC5A : 1717 1704 00      
(1)   84/  C1EC5F :                     
(1)   85/  C1EC5F :                     FixStrLoadingList:
(1)   86/  C1EC5F : AF01 1616 1616 1616     dc.b $AF,$01,[18]$16,$02,1,0,1
           C1EC67 : 1616 1616 1616 1616
           C1EC6F : 1616 1616 0201 0001
(1)   87/  C1EC77 : 1443 6172 7265 6761     dc.b $14,"Carregando jogos  ",$15,1,0,2
           C1EC7F : 6E64 6F20 6A6F 676F
           C1EC87 : 7320 2015 0100 02
(1)   88/  C1EC8E : 1441 6775 6172 6465     dc.b $14,"Aguarde...        ",$15,1,0,3
           C1EC96 : 2E2E 2E20 2020 2020
           C1EC9E : 2020 2015 0100 03
(1)   89/  C1ECA5 : 0317 1717 1717 1717     dc.b $03,[18]$17,$04,0
           C1ECAD : 1717 1717 1717 1717
           C1ECB5 : 1717 1704 00      
(1)   90/  C1ECBA :                     
(1)   91/  C1ECBA :                     ; Special tiles for compact "START+SELECT" text in pictos tileset
(1)   92/  C1ECBA :                     FixStrIGMShortcut:
(1)   93/  C1ECBA : AFA0 AFA1 AFA2 AFA3     dc.b $AF,$A0,$AF,$A1,$AF,$A2,$AF,$A3,$AF,$A4,$AF,$A5,":Menu no Jogo",0
           C1ECC2 : AFA4 AFA5 3A4D 656E
           C1ECCA : 7520 6E6F 204A 6F67
           C1ECD2 : 6F00               
(1)   94/  C1ECD4 :                     
(1)   95/  C1ECD4 :                     FixStrMenu:
(1)   96/  C1ECD4 : 436F 6E66 6967 7572     dc.b "Configuracoes",1,0,1
           C1ECDC : 6163 6F65 7301 0001
(1)   97/  C1ECE4 : 4D65 6E75 2064 6520     dc.b "Menu de saves",1,0,2
           C1ECEC : 7361 7665 7301 0002
(1)   98/  C1ECF4 : 5361 6C76 6172 2064     dc.b "Salvar dados",1,0,3
           C1ECFC : 6164 6F73 0100 03
(1)   99/  C1ED03 : 4361 7272 6567 6172     dc.b "Carregar dados",1,0,4
           C1ED0B : 2064 6164 6F73 0100
           C1ED13 : 04               
(1)  100/  C1ED14 : 4174 7561 6C69 7A61 	dc.b "Atualizar firmware",1,0,5
 AS V1.42 Beta [Bld 311] - Source File main.asm(strings.asm) - Page 165 - 9/11/2026 13:29:43


           C1ED1C : 7220 6669 726D 7761
           C1ED24 : 7265 0100 05      
(1)  101/  C1ED29 : 536F 6272 6501 0008 	dc.b "Sobre",1,0,8
(1)  102/  C1ED31 : BA3A 5365 6C65 632E     dc.b $BA,":Selec.    ",$BB,":Sair",0
           C1ED39 : 2020 2020 BB3A 5361
           C1ED41 : 6972 00            
(1)  103/  C1ED44 :                     
(1)  104/  C1ED44 :                     FixStrAbout:
(1)  105/  C1ED44 :                     ;         0123456789ABCDEF0123456789ABCDE
(1)  106/  C1ED44 :                     ;         SN: 01234567 01234567 01234567
(1)  107/  C1ED44 :                     ;         MENU: Vx.x
(1)  108/  C1ED44 :                     ;         MCU: Vxx.xx         0123456789A
(1)  109/  C1ED44 :                     ;         CPLD: Vxx.xx        0123456789A
(1)  110/  C1ED44 : 534E 3A20 F020 F120     dc.b "SN: ",$F0," ",$F1," ",$F2,1,0,1
           C1ED4C : F201 0001         
(1)  111/  C1ED50 : 4D65 6E75 3A20 56C3 	dc.b "Menu: V",$C3,"\{VERSION_MAJ}.\{VERSION_MIN}",$A0,1,0,2
           C1ED58 : 302E 3633 A001 0002
(1)  112/  C1ED60 : 4D43 553A 2056 C3EC 	dc.b "MCU: V",$C3,$EC,".",$ED,$A0,"         "
           C1ED68 : 2EED A020 2020 2020
           C1ED70 : 2020 2020         
(1)  113/  C1ED74 : 0506 0708 090A 0B0C     dc.b 5,6,7,8,9,10,11,12,13,14,15,1,0,3
           C1ED7C : 0D0E 0F01 0003   
(1)  114/  C1ED82 : 4350 4C44 3A20 56C3 	dc.b "CPLD: V",$C3,$EE,".",$EF,$A0,"        "
           C1ED8A : EE2E EFA0 2020 2020
           C1ED92 : 2020 2020         
(1)  115/  C1ED96 : 1516 1718 191A 1B1C     dc.b 21,22,23,24,25,26,27,28,29,30,31,1,0,6
           C1ED9E : 1D1E 1F01 0006   
(1)  116/  C1EDA4 : 4167 7261 6465 6369     dc.b "Agradecimentos:",1,0,7,$C3
           C1EDAC : 6D65 6E74 6F73 3A01
           C1EDB4 : 0007 C3            
(1)  117/  C1EDB7 : 4165 7267 616E 2C20     dc.b "Aergan, Bjorn, CeL, Elbarto,",1,0,8
           C1EDBF : 426A 6F72 6E2C 2043
           C1EDC7 : 654C 2C20 456C 6261
           C1EDCF : 7274 6F2C 0100 08
(1)  118/  C1EDD6 : 4761 6467 6574 554B     dc.b "GadgetUK164, Justin Gibbins,",1,0,9
           C1EDDE : 3136 342C 204A 7573
           C1EDE6 : 7469 6E20 4769 6262
           C1EDEE : 696E 732C 0100 09
(1)  119/  C1EDF5 : 4B61 6E65 6461 2C20     dc.b "Kaneda, Kuk, Pugsy, RetroRGB,",1,0,10
           C1EDFD : 4B75 6B2C 2050 7567
           C1EE05 : 7379 2C20 5265 7472
           C1EE0D : 6F52 4742 2C01 000A
(1)  120/  C1EE15 : 536B 3865 7230 3030     dc.b "Sk8er000, TurfMasta,",1,0,11
           C1EE1D : 2C20 5475 7266 4D61
           C1EE25 : 7374 612C 0100 0B
(1)  121/  C1EE2C : 5661 6C74 6572 2043     dc.b "Valter Custodio",$A0,1,4,15
           C1EE34 : 7573 746F 6469 6FA0
           C1EE3C : 0104 0F            
(1)  122/  C1EE3F : 4F42 5249 4741 444F     dc.b     "OBRIGADO POR JOGAR",0
           C1EE47 : 2050 4F52 204A 4F47
           C1EE4F : 4152 00            
(1)  123/  C1EE52 :                     
(1)  124/  C1EE52 :                     FixStrIcon:
(1)  125/  C1EE52 : C1AF A6AF A7AF A801     dc.b $C1,$AF,$A6,$AF,$A7,$AF,$A8,1,0,1
           C1EE5A : 0001               
(1)  126/  C1EE5C : AFB6 AFB7 AFB8 0100     dc.b $AF,$B6,$AF,$B7,$AF,$B8,1,0,2
           C1EE64 : 02               
(1)  127/  C1EE65 : AFC6 AFC7 AFC8 00       dc.b $AF,$C6,$AF,$C7,$AF,$C8,0
(1)  128/  C1EE6C :                     
(1)  129/  C1EE6C :                     
 AS V1.42 Beta [Bld 311] - Source File main.asm(strings.asm) - Page 166 - 9/11/2026 13:29:43


(1)  130/  C1EE6C :                     ; Store save UI layout:
(1)  131/  C1EE6C :                     ; 01234567890123456789012345678901
(1)  132/  C1EE6C :                     ; Store saves to SD card
(1)  133/  C1EE6C :                     ;
(1)  134/  C1EE6C :                     ; File name:0123456789012345
(1)  135/  C1EE6C :                     ;           ^
(1)  136/  C1EE6C :                     ;
(1)  137/  C1EE6C :                     ; A B C D E F G H I J K L
(1)  138/  C1EE6C :                     ; M N O P Q R S T U V W X
(1)  139/  C1EE6C :                     ; Y Z 0 1 2 3 4 5 6 7 8 9
(1)  140/  C1EE6C :                     ;   ! # % & ( ) + - = @ _
(1)  141/  C1EE6C :                     ;     Exit        Save
(1)  142/  C1EE6C :                     ;
(1)  143/  C1EE6C :                     ; B:Backspace
(1)  144/  C1EE6C :                     ; C:Upper/lower case
(1)  145/  C1EE6C :                     
(1)  146/  C1EE6C :                     FixStrStoreSaveUI:
(1)  147/  C1EE6C : 5361 6C76 6172 2064     dc.b "Salvar dados no cartao SD",1,0,3
           C1EE74 : 6164 6F73 206E 6F20
           C1EE7C : 6361 7274 616F 2053
           C1EE84 : 4401 0003         
(1)  148/  C1EE88 : 4E6F 6D65 2064 6F20     dc.b "Nome do arquivo:",1,8,10
           C1EE90 : 6172 7175 6976 6F3A
           C1EE98 : 0108 0A            
(1)  149/  C1EE9B : 5361 6972 2020 2020     dc.b "Sair        Salvar",1,0,12
           C1EEA3 : 2020 2020 5361 6C76
           C1EEAB : 6172 0100 0C      
(1)  150/  C1EEB0 : BB3A 4170 6167 6172     dc.b $BB,":Apagar",1,0,13
           C1EEB8 : 0100 0D            
(1)  151/  C1EEBB : BC3A 4D61 6975 7363     dc.b $BC,":Maiusc/minusc",0
           C1EEC3 : 2F6D 696E 7573 6300
(1)  152/  C1EECB :                     
(1)  153/  C1EECB :                     FixStrNoFileName:
(1)  154/  C1EECB : 4469 6769 7465 2075     dc.b "Digite um nome de",1,0,1
           C1EED3 : 6D20 6E6F 6D65 2064
           C1EEDB : 6501 0001         
(1)  155/  C1EEDF : 6172 7175 6976 6F2E     dc.b "arquivo.",0
           C1EEE7 : 00               
(1)  156/  C1EEE8 :                     
(1)  157/  C1EEE8 :                     FixStrFileExists:
(1)  158/  C1EEE8 : 4F20 6172 7175 6976     dc.b "O arquivo de save",1,0,1
           C1EEF0 : 6F20 6465 2073 6176
           C1EEF8 : 6501 0001         
(1)  159/  C1EEFC : 6A61 2065 7869 7374     dc.b "ja existe.",1,0,2
           C1EF04 : 652E 0100 02      
(1)  160/  C1EF09 : 4465 7365 6A61 0100     dc.b "Deseja",1,0,3
           C1EF11 : 03               
(1)  161/  C1EF12 : 736F 6272 6573 6372     dc.b "sobrescrever ?",1,0,5
           C1EF1A : 6576 6572 203F 0100
           C1EF22 : 05               
(1)  162/  C1EF23 : BA3A 5369 6D20 20BB     dc.b $BA,":Sim  ",$BB,":Nao",0
           C1EF2B : 3A4E 616F 00      
(1)  163/  C1EF30 :                     
(1)  164/  C1EF30 :                     FileNameClear:
(1)  165/  C1EF30 : 2020 2020 2020 2020     dc.b "                ",1,0,1   ; This must match the max file name length
           C1EF38 : 2020 2020 2020 2020
           C1EF40 : 0100 01            
(1)  166/  C1EF43 : 2020 2020 2020 2020     dc.b "                 ",0      ; This must match the max file name length+1
           C1EF4B : 2020 2020 2020 2020
           C1EF53 : 2000               
 AS V1.42 Beta [Bld 311] - Source File main.asm(strings.asm) - Page 167 - 9/11/2026 13:29:43


(1)  167/  C1EF55 :                     
(1)  168/  C1EF55 :                     KeyboardMapUC:
(1)  169/  C1EF55 : 4142 4344 4546 4748     dc.b "ABCDEFGHIJKLMNOPQRSTUVWXYZ0123456789 !#%&()+-=@_",0
           C1EF5D : 494A 4B4C 4D4E 4F50
           C1EF65 : 5152 5354 5556 5758
           C1EF6D : 595A 3031 3233 3435
           C1EF75 : 3637 3839 2021 2325
           C1EF7D : 2628 292B 2D3D 405F
           C1EF85 : 00               
(1)  170/  C1EF86 :                     KeyboardMapLC:
(1)  171/  C1EF86 : 6162 6364 6566 6768     dc.b "abcdefghijklmnopqrstuvwxyz0123456789 !#%&()+-=@_",0
           C1EF8E : 696A 6B6C 6D6E 6F70
           C1EF96 : 7172 7374 7576 7778
           C1EF9E : 797A 3031 3233 3435
           C1EFA6 : 3637 3839 2021 2325
           C1EFAE : 2628 292B 2D3D 405F
           C1EFB6 : 00               
(1)  172/  C1EFB7 :                     
(1)  173/  C1EFB7 :                     FixStrLoadSaveUI:
(1)  174/  C1EFB7 : 4361 7272 6567 6172     dc.b "Carregar dados do cartao SD",1,0,1
           C1EFBF : 2064 6164 6F73 2064
           C1EFC7 : 6F20 6361 7274 616F
           C1EFCF : 2053 4401 0001   
(1)  175/  C1EFD5 : BA3A 4361 7272 6567     dc.b $BA,":Carregar ",$BB,":Sair ",$BC,":Apagar",0
           C1EFDD : 6172 20BB 3A53 6169
           C1EFE5 : 7220 BC3A 4170 6167
           C1EFED : 6172 00            
(1)  176/  C1EFF0 :                     
(1)  177/  C1EFF0 :                     FixStrLoadConfirm:
(1)  178/  C1EFF0 : 4973 736F 2076 6169     dc.b "Isso vai sobrescrever",1,0,1
           C1EFF8 : 2073 6F62 7265 7363
           C1F000 : 7265 7665 7201 0001
(1)  179/  C1F008 : 7365 7573 2073 6176     dc.b "seus saves atuais.",1,0,2
           C1F010 : 6573 2061 7475 6169
           C1F018 : 732E 0100 02      
(1)  180/  C1F01D : 5465 6D20 6365 7274     dc.b "Tem certeza que quer",1,0,3
           C1F025 : 657A 6120 7175 6520
           C1F02D : 7175 6572 0100 03
(1)  181/  C1F034 : 6361 7272 6567 6172     dc.b "carregar este save ?",1,0,5
           C1F03C : 2065 7374 6520 7361
           C1F044 : 7665 203F 0100 05
(1)  182/  C1F04B : BA3A 5369 6D20 20BB     dc.b $BA,":Sim  ",$BB,":Nao",0
           C1F053 : 3A4E 616F 00      
(1)  183/  C1F058 :                     
(1)  184/  C1F058 :                     FixStrDeleteConfirm:
(1)  185/  C1F058 : 5465 6D20 6365 7274     dc.b "Tem certeza que",1,0,1
           C1F060 : 657A 6120 7175 6501
           C1F068 : 0001               
(1)  186/  C1F06A : 7175 6572 2061 7061     dc.b "quer apagar este",1,0,2
           C1F072 : 6761 7220 6573 7465
           C1F07A : 0100 02            
(1)  187/  C1F07D : 6172 7175 6976 6F20     dc.b "arquivo de save ?",1,0,5
           C1F085 : 6465 2073 6176 6520
           C1F08D : 3F01 0005         
(1)  188/  C1F091 : BA3A 5369 6D20 20BB     dc.b $BA,":Sim  ",$BB,":Nao",0
           C1F099 : 3A4E 616F 00      
(1)  189/  C1F09E :                     
(1)  190/  C1F09E :                     FixStrLoadOK:
(1)  191/  C1F09E : 5361 7665 2063 6172     dc.b "Save carregado !",1,0,2
           C1F0A6 : 7265 6761 646F 2021
 AS V1.42 Beta [Bld 311] - Source File main.asm(strings.asm) - Page 168 - 9/11/2026 13:29:43


           C1F0AE : 0100 02            
(1)  192/  C1F0B1 : BB3A 5361 6972 00   	dc.b $BB,":Sair",0
(1)  193/  C1F0B8 :                     
(1)  194/  C1F0B8 :                     FixStrSaveChkError:
(1)  195/  C1F0B8 : 4661 6C68 6120 616F     dc.b "Falha ao carregar:",1,0,2
           C1F0C0 : 2063 6172 7265 6761
           C1F0C8 : 723A 0100 02      
(1)  196/  C1F0CD : 4573 7465 2061 7271     dc.b "Este arquivo de save",1,0,3
           C1F0D5 : 7569 766F 2064 6520
           C1F0DD : 7361 7665 0100 03
(1)  197/  C1F0E4 : 6573 7461 2063 6F72     dc.b "esta corrompido.",0
           C1F0EC : 726F 6D70 6964 6F2E
           C1F0F4 : 00               
(1)  198/  C1F0F5 :                         
(1)  199/  C1F0F5 :                     StrMsgBoxResetConfirm:
(1)  200/  C1F0F5 : 5265 696E 6963 6961     dc.b "Reiniciar console no",1,0,1
           C1F0FD : 7220 636F 6E73 6F6C
           C1F105 : 6520 6E6F 0100 01
(1)  201/  C1F10C : 6D6F 646F 2043 4420     dc.b "modo CD com a regiao",1,0,2
           C1F114 : 636F 6D20 6120 7265
           C1F11C : 6769 616F 0100 02
(1)  202/  C1F123 : 6465 6669 6E69 6461     dc.b "definida atualmente ?",1,0,5
           C1F12B : 2061 7475 616C 6D65
           C1F133 : 6E74 6520 3F01 0005
(1)  203/  C1F13B : BA3A 5369 6D20 20BB     dc.b $BA,":Sim  ",$BB,":Nao",0
           C1F143 : 3A4E 616F 00      
(1)  204/  C1F148 :                     
(1)  205/  C1F148 :                     ; Settings
(1)  206/  C1F148 :                     ; 
(1)  207/  C1F148 :                     ; Country: <      >
(1)  208/  C1F148 :                     ; Reset country
(1)  209/  C1F148 :                     ;
(1)  210/  C1F148 :                     ; Debug DIP 1: <        >
(1)  211/  C1F148 :                     ; Debug DIP 2: <        >
(1)  212/  C1F148 :                     ; Dev mode:    <        >
(1)  213/  C1F148 :                     ;
(1)  214/  C1F148 :                     ; Idle LED:    <       >
(1)  215/  C1F148 :                     ; Loading LED: <       >
(1)  216/  C1F148 :                     ; Screen saver:<        >
(1)  217/  C1F148 :                     ; Sound effects:<        >
(1)  218/  C1F148 :                     ; Startup animation:<   >
(1)  219/  C1F148 :                     ; Loading animation:<    >
(1)  220/  C1F148 :                     FixStrSettings:
(1)  221/  C1F148 : 436F 6E66 6967 7572     dc.b "Configuracoes",1,0,2
           C1F150 : 6163 6F65 7301 0002
(1)  222/  C1F158 : 5265 6769 616F 3A20     dc.b "Regiao:  ","      ",1,0,3
           C1F160 : 2020 2020 2020 2001
           C1F168 : 0003               
(1)  223/  C1F16A : 5265 7365 7461 7220     dc.b "Resetar regiao",1,0,5
           C1F172 : 7265 6769 616F 0100
           C1F17A : 05               
(1)  224/  C1F17B : 4465 6275 6720 4449     dc.b "Debug DIP 1: ","        ",1,0,6
           C1F183 : 5020 313A 2020 2020
           C1F18B : 2020 2020 2001 0006
(1)  225/  C1F193 : 4465 6275 6720 4449     dc.b "Debug DIP 2: ","        ",1,0,7
           C1F19B : 5020 323A 2020 2020
           C1F1A3 : 2020 2020 2001 0007
(1)  226/  C1F1AB : 4D6F 646F 2044 6576     dc.b "Modo Dev:    ","        ",1,0,9
           C1F1B3 : 3A20 2020 2020 2020
           C1F1BB : 2020 2020 2001 0009
 AS V1.42 Beta [Bld 311] - Source File main.asm(strings.asm) - Page 169 - 9/11/2026 13:29:43


(1)  227/  C1F1C3 : 4C45 4420 4F63 696F     dc.b "LED Ocioso:  ","       ",1,0,10
           C1F1CB : 736F 3A20 2020 2020
           C1F1D3 : 2020 2020 0100 0A
(1)  228/  C1F1DA : 4C45 4420 4361 7272     dc.b "LED Carreg.: ","       ",1,0,11
           C1F1E2 : 6567 2E3A 2020 2020
           C1F1EA : 2020 2020 0100 0B
(1)  229/  C1F1F1 : 5072 6F74 6574 6F72     dc.b "Protetor tela:","        ",1,0,12
           C1F1F9 : 2074 656C 613A 2020
           C1F201 : 2020 2020 2020 0100
           C1F209 : 0C               
(1)  230/  C1F20A : 4566 6569 746F 7320     dc.b "Efeitos sonoros:","        ",1,0,13
           C1F212 : 736F 6E6F 726F 733A
           C1F21A : 2020 2020 2020 2020
           C1F222 : 0100 0D            
(1)  231/  C1F225 : 416E 696D 2E20 6465     dc.b "Anim. de inicio:","   ",1,0,14
           C1F22D : 2069 6E69 6369 6F3A
           C1F235 : 2020 2001 000E   
(1)  232/  C1F23B : 416E 696D 2E20 6465     dc.b "Anim. de carreg.:","    ",1,0,16
           C1F243 : 2063 6172 7265 672E
           C1F24B : 3A20 2020 2001 0010
(1)  233/  C1F253 : BA3A 5365 6C65 632E     dc.b $BA,":Selec./Alternar DIP",1,0,17
           C1F25B : 2F41 6C74 6572 6E61
           C1F263 : 7220 4449 5001 0011
(1)  234/  C1F26B : BB3A 5361 6972 00       dc.b $BB,":Sair",0
(1)  235/  C1F272 :                     
(1)  236/  C1F272 :                     FixStrRED:
(1)  237/  C1F272 : 5245 4420 2020 2000     dc.b "RED    ",0
(1)  238/  C1F27A :                     FixStrYELLOW:
(1)  239/  C1F27A : 5945 4C4C 4F57 2000     dc.b "YELLOW ",0
(1)  240/  C1F282 :                     FixStrGREEN:
(1)  241/  C1F282 : 4752 4545 4E20 2000     dc.b "GREEN  ",0
(1)  242/  C1F28A :                     FixStrCYAN:
(1)  243/  C1F28A : 4359 414E 2020 2000     dc.b "CYAN   ",0
(1)  244/  C1F292 :                     FixStrBLUE:
(1)  245/  C1F292 : 424C 5545 2020 2000     dc.b "BLUE   ",0
(1)  246/  C1F29A :                     FixStrMAGENTA:
(1)  247/  C1F29A : 4D41 4745 4E54 4100     dc.b "MAGENTA",0
(1)  248/  C1F2A2 :                     FixStrWHITE:
(1)  249/  C1F2A2 : 5748 4954 4520 2000     dc.b "WHITE  ",0
(1)  250/  C1F2AA :                     
(1)  251/  C1F2AA :                     FixStrJAPAN:
(1)  252/  C1F2AA : 4A41 5041 4F20 00       dc.b "JAPAO ",0
(1)  253/  C1F2B1 :                     FixStrUSA:
(1)  254/  C1F2B1 : 4555 4120 2020 00       dc.b "EUA   ",0
(1)  255/  C1F2B8 :                     FixStrEUROPE:
(1)  256/  C1F2B8 : 4555 524F 5041 00       dc.b "EUROPA",0
(1)  257/  C1F2BF :                     FixStrBRAZIL:
(1)  258/  C1F2BF : 4252 4153 494C 00       dc.b "BRASIL",0
(1)  259/  C1F2C6 :                         
(1)  260/  C1F2C6 :                     FixStrBrazilWarning:
(1)  261/  C1F2C6 : 4156 4953 4F3A 0100     dc.b "AVISO:",1,0,2
           C1F2CE : 02               
(1)  262/  C1F2CF : 416C 6775 6E73 206A     dc.b "Alguns jogos nao foram",1,0,3
           C1F2D7 : 6F67 6F73 206E 616F
           C1F2DF : 2066 6F72 616D 0100
           C1F2E7 : 03               
(1)  263/  C1F2E8 : 7072 6F6A 6574 6164     dc.b "projetados p/ suportar",1,0,4
           C1F2F0 : 6F73 2070 2F20 7375
           C1F2F8 : 706F 7274 6172 0100
           C1F300 : 04               
 AS V1.42 Beta [Bld 311] - Source File main.asm(strings.asm) - Page 170 - 9/11/2026 13:29:43


(1)  264/  C1F301 : 6120 636F 6E66 6967     dc.b "a config. de regiao",1,0,5
           C1F309 : 2E20 6465 2072 6567
           C1F311 : 6961 6F01 0005   
(1)  265/  C1F317 : 4272 6173 696C 2E01     dc.b "Brasil.",1,0,7
           C1F31F : 0007               
(1)  266/  C1F321 : 506F 6465 6D20 7472     dc.b "Podem travar !",0
           C1F329 : 6176 6172 2021 00
(1)  267/  C1F330 :                     
(1)  268/  C1F330 : =>DEFINED               IFDEF 0
(1)  269/  C1F330 :                     FixStrROMDump:
(1)  270/  C1F330 : 4475 6D70 2073 7973     dc.b "Dump system ROM to",1,0,1
           C1F338 : 7465 6D20 524F 4D20
           C1F340 : 746F 0100 01      
(1)  271/  C1F345 : 5344 2063 6172 6420     dc.b "SD card ?",1,0,3
           C1F34D : 3F01 0003         
(1)  272/  C1F351 : 5741 524E 494E 473A     dc.b "WARNING: Console",1,0,4
           C1F359 : 2043 6F6E 736F 6C65
           C1F361 : 0100 04            
(1)  273/  C1F364 : 7769 6C6C 2072 6573     dc.b "will reset !",1,0,6
           C1F36C : 6574 2021 0100 06
(1)  274/  C1F373 : BA3A 4F4B 2020 2020     dc.b $BA,":OK     ",$BB,":Cancel",0
           C1F37B : 20BB 3A43 616E 6365
           C1F383 : 6C00               
(1)  275/  C1F385 : [268]                   ENDIF
(1)  276/  C1F385 :                         
(1)  277/  C1F385 :                     FixStrSaveStored:
(1)  278/  C1F385 : 4F20 6172 7175 6976     dc.b "O arquivo de save foi",1,0,1
           C1F38D : 6F20 6465 2073 6176
           C1F395 : 6520 666F 6901 0001
(1)  279/  C1F39D : 7361 6C76 6F20 636F     dc.b "salvo com sucesso !",0
           C1F3A5 : 6D20 7375 6365 7373
           C1F3AD : 6F20 2100         
(1)  280/  C1F3B1 :                     
(1)  281/  C1F3B1 :                     FixStrSaveLoaded:
(1)  282/  C1F3B1 : 4F20 6172 7175 6976     dc.b "O arquivo de save foi",1,0,1
           C1F3B9 : 6F20 6465 2073 6176
           C1F3C1 : 6520 666F 6901 0001
(1)  283/  C1F3C9 : 6361 7272 6567 6164     dc.b "carregado com sucesso !",0
           C1F3D1 : 6F20 636F 6D20 7375
           C1F3D9 : 6365 7373 6F20 2100
(1)  284/  C1F3E1 :                     
(1)  285/  C1F3E1 :                     StrMsgBoxInvalidGame:
(1)  286/  C1F3E1 : 4441 444F 5320 444F     dc.b "DADOS DO JOGO INVALIDOS",1,0,2
           C1F3E9 : 204A 4F47 4F20 494E
           C1F3F1 : 5641 4C49 444F 5301
           C1F3F9 : 0002               
(1)  287/  C1F3FB : 5665 7269 6669 7175     dc.b "Verifique se e uma",1,0,3
           C1F403 : 6520 7365 2065 2075
           C1F40B : 6D61 0100 03      
(1)  288/  C1F410 : 636F 7069 6120 626F     dc.b "copia boa e",1,0,4
           C1F418 : 6120 6501 0004   
(1)  289/  C1F41E : 636F 6E68 6563 6964     dc.b "conhecida.",0
           C1F426 : 612E 00            
(1)  290/  C1F429 :                     
(1)  291/  C1F429 :                     StrMsgBoxNoUpdate:
(1)  292/  C1F429 : 5345 4D20 4152 5155     dc.b "SEM ARQUIVO DE UPDATE",1,0,2
           C1F431 : 4956 4F20 4445 2055
           C1F439 : 5044 4154 4501 0002
(1)  293/  C1F441 : 5665 7269 6669 7175     dc.b "Verifique se um",1,0,3
           C1F449 : 6520 7365 2075 6D01
 AS V1.42 Beta [Bld 311] - Source File main.asm(strings.asm) - Page 171 - 9/11/2026 13:29:43


           C1F451 : 0003               
(1)  294/  C1F453 : 6172 7175 6976 6F20     dc.b "arquivo de update",1,0,4
           C1F45B : 6465 2075 7064 6174
           C1F463 : 6501 0004         
(1)  295/  C1F467 : 7661 6C69 646F 2065     dc.b "valido esta presente",1,0,5
           C1F46F : 7374 6120 7072 6573
           C1F477 : 656E 7465 0100 05
(1)  296/  C1F47E : 6E61 2072 6169 7A20     dc.b "na raiz do cartao SD.",0
           C1F486 : 646F 2063 6172 7461
           C1F48E : 6F20 5344 2E00   
(1)  297/  C1F494 :                         
(1)  298/  C1F494 :                     StrMsgBoxExceedGames:
(1)  299/  C1F494 : 4578 6973 7465 6D20     dc.b "Existem jogos demais",1,0,1
           C1F49C : 6A6F 676F 7320 6465
           C1F4A4 : 6D61 6973 0100 01
(1)  300/  C1F4AB : 7061 7261 206C 6973     dc.b "para listar.",1,0,3
           C1F4B3 : 7461 722E 0100 03
(1)  301/  C1F4BA : 4170 656E 6173 2043     dc.b "Apenas \{MAX_FILES} serao",1,0,4
           C1F4C2 : 3820 7365 7261 6F01
           C1F4CA : 0004               
(1)  302/  C1F4CC : 6578 6962 6964 6F73     dc.b "exibidos.",0
           C1F4D4 : 2E00               
(1)  303/  C1F4D6 :                     
(1)  304/  C1F4D6 :                     FixStrBExit:
(1)  305/  C1F4D6 : BB3A 5361 6972 00       dc.b $BB,":Sair",0
(1)  306/  C1F4DD :                     
(1)  307/  C1F4DD :                     FixStrClear:
(1)  308/  C1F4DD : 2020 2020 2020 2020     dc.b "            ",0
           C1F4E5 : 2020 2020 00      
(1)  309/  C1F4EA :                     FixStrLongwordVal:
(1)  310/  C1F4EA : F000                	dc.b "",$F0,0
(1)  311/  C1F4EC :                     
(1)  312/  C1F4EC :                     FixStrPressTop:
(1)  313/  C1F4EC : BA3A 4A6F 6761 7201     dc.b $BA,":Jogar",1,0,1
           C1F4F4 : 0001               
(1)  314/  C1F4F6 : BC3A 4F70 636F 6573     dc.b $BC,":Opcoes",1,0,2
           C1F4FE : 0100 02            
(1)  315/  C1F501 : BD3A 4D65 6E75 2043     dc.b $BD,":Menu CD",0
           C1F509 : 4400               
(1)  316/  C1F50B :                     
(1)  317/  C1F50B :                     FixStrPressFront:
(1)  318/  C1F50B : BA3A 4A6F 6761 7201     dc.b $BA,":Jogar",1,0,1
           C1F513 : 0001               
(1)  319/  C1F515 : BB3A 4162 7269 722F     dc.b $BB,":Abrir/Fechar",1,0,2
           C1F51D : 4665 6368 6172 0100
           C1F525 : 02               
(1)  320/  C1F526 : BC3A 4F70 636F 6573     dc.b $BC,":Opcoes",1,0,3
           C1F52E : 0100 03            
(1)  321/  C1F531 : BD3A 4D65 6E75 2043     dc.b $BD,":Menu CD",0
           C1F539 : 4400               
(1)  322/  C1F53B :                     
(1)  323/  C1F53B :                     FixMapFlagJP:
(1)  324/  C1F53B : 8081 8290 9192          dc.b $80,$81,$82,$90,$91,$92
(1)  325/  C1F541 :                     FixMapFlagUS:
(1)  326/  C1F541 : 8384 8593 9495          dc.b $83,$84,$85,$93,$94,$95
(1)  327/  C1F547 :                     FixMapFlagEU:
(1)  328/  C1F547 : 8687 8896 9798          dc.b $86,$87,$88,$96,$97,$98
(1)  329/  C1F54D :                     FixMapFlagBR:
(1)  330/  C1F54D : 898A 8B99 9A9B          dc.b $89,$8A,$8B,$99,$9A,$9B
(1)  331/  C1F553 :                     ;FixStrDebugPictos:
 AS V1.42 Beta [Bld 311] - Source File main.asm(strings.asm) - Page 172 - 9/11/2026 13:29:43


(1)  332/  C1F553 :                     ;    dc.b $8C,$8D,$8E,$8F,1,0,1
(1)  333/  C1F553 :                     ;    dc.b $9C,$9D,$9E,$9F,0
(1)  334/  C1F553 :                     
(1)  335/  C1F553 :                     MenuLetterList:
(1)  336/  C1F553 : 0041 4243 4445 4647     dc.b 0,"ABCDEFGHIJKLMNOPQRSTUVWXYZ"
           C1F55B : 4849 4A4B 4C4D 4E4F
           C1F563 : 5051 5253 5455 5657
           C1F56B : 5859 5A            
(1)  337/  C1F56E :                     LetterLUT:  ; For chars 64~127
(1)  338/  C1F56E : 0001 0203 0405 0607     dc.b  0, 1, 2, 3, 4, 5, 6, 7, 8, 9,10,11,12,13,14,15
           C1F576 : 0809 0A0B 0C0D 0E0F
(1)  339/  C1F57E : 1011 1213 1415 1617     dc.b 16,17,18,19,20,21,22,23,24,25,26, 0, 0, 0, 0, 0
           C1F586 : 1819 1A00 0000 0000
(1)  340/  C1F58E : 0001 0203 0405 0607     dc.b  0, 1, 2, 3, 4, 5, 6, 7, 8, 9,10,11,12,13,14,15
           C1F596 : 0809 0A0B 0C0D 0E0F
(1)  341/  C1F59E : 1011 1213 1415 1617     dc.b 16,17,18,19,20,21,22,23,24,25,26, 0, 0, 0, 0, 0
           C1F5A6 : 1819 1A00 0000 0000
(1)  342/  C1F5AE :                     FixStrNoFiles:
(1)  343/  C1F5AE : 4E65 6E68 756D 206A     dc.b "Nenhum jogo encontrado",0
           C1F5B6 : 6F67 6F20 656E 636F
           C1F5BE : 6E74 7261 646F 00
(1)  344/  C1F5C5 :                     FixStrNoCard:
(1)  345/  C1F5C5 : 4E65 6E68 756D 2063     dc.b "Nenhum cartao inserido",0
           C1F5CD : 6172 7461 6F20 696E
           C1F5D5 : 7365 7269 646F 00
(1)  346/  C1F5DC :                     FixStrVersion:
(1)  347/  C1F5DC : 5645 5220 302E 3633     dc.b "VER \{VERSION_MAJ}.\{VERSION_MIN}",0
           C1F5E4 : 00               
(1)  348/  C1F5E5 :                     
(1)  349/  C1F5E5 :                     FixStrError:
(1)  350/  C1F5E5 : 4E45 4F20 4344 2053     dc.b "NEO CD SD LOADER",1,0,2
           C1F5ED : 4420 4C4F 4144 4552
           C1F5F5 : 0100 02            
(1)  351/  C1F5F8 : 436F 6469 676F 2064     dc.b "Codigo de erro:",1,0,3
           C1F600 : 6520 6572 726F 3A01
           C1F608 : 0003               
(1)  352/  C1F60A : E02D E1E2 2DE3 E401     dc.b $E0,"-",$E1,$E2,"-",$E3,$E4,1,8,11
           C1F612 : 080B               
(1)  353/  C1F614 : E520 4DE6 E720 55E8     dc.b $E5," M",$E6,$E7," U",$E8,$E9,0
           C1F61C : E900               
(1)  354/  C1F61E :                     
(1)  355/  C1F61E :                     
(1)  356/  C1F61E : =>UNDEFINED             IFDEF MAMEDEBUG
(1)  357/  C1F61E :                     DEBUGFILECOUNT equ 23
(1)  358/  C1F61E :                     GameDebugList:
(1)  359/  C1F61E :                         dc.b $01,0, "2020 Baseball"
(1)  360/  C1F61E :                         dc.b 0,0,0,0,0,0,0,0,0,0,0,0,0,0,0,0,0
(1)  361/  C1F61E :                         dc.b $01,1, "3 Count Bout"
(1)  362/  C1F61E :                         dc.b 0,0,0,0,0,0,0,0,0,0,0,0,0,0,0,0,0,0
(1)  363/  C1F61E :                         dc.b $01,2, "double dragon" ; Lower case test
(1)  364/  C1F61E :                         dc.b 0,0,0,0,0,0,0,0,0,0,0,0,0,0,0,0,0
(1)  365/  C1F61E :                         dc.b $01,3, "Zintrick"
(1)  366/  C1F61E :                         dc.b 0,0,0,0,0,0,0,0,0,0,0,0,0,0,0,0,0,0
(1)  367/  C1F61E :                         dc.b 0,0,0,0
(1)  368/  C1F61E :                         dc.b $01,4, "Entry #0 9012345678901234",0,0,0,0,0
(1)  369/  C1F61E :                         dc.b $01,5, "Entry #1 9012345678901234",0,0,0,0,0
(1)  370/  C1F61E :                         dc.b $01,6, "Entry #2 9012345678901234",0,0,0,0,0
(1)  371/  C1F61E :                         dc.b $01,7, "Entry #3 9012345678901234",0,0,0,0,0
(1)  372/  C1F61E :                         dc.b $01,8, "Entry #4 9012345678901234",0,0,0,0,0
(1)  373/  C1F61E :                         dc.b $03,9, "Entry #5 A Long One 01234",0,0,0,0,0
 AS V1.42 Beta [Bld 311] - Source File main.asm(strings.asm) - Page 173 - 9/11/2026 13:29:43


(1)  374/  C1F61E :                         dc.b $01,10,"Entry #6 9012345678901234",0,0,0,0,0
(1)  375/  C1F61E :                         dc.b $01,11,"Entry #7 9012345678901234",0,0,0,0,0
(1)  376/  C1F61E :                         dc.b $01,12,"Entry #8 9012345678901234",0,0,0,0,0
(1)  377/  C1F61E :                         dc.b $01,13,"Entry #9 9012345678901234",0,0,0,0,0
(1)  378/  C1F61E :                         dc.b $01,14,"Entry #10 012345678901234",0,0,0,0,0
(1)  379/  C1F61E :                         dc.b $01,15,"Entry #11 012345678901234",0,0,0,0,0
(1)  380/  C1F61E :                         dc.b $01,16,"Entry #12 012345678901234",0,0,0,0,0
(1)  381/  C1F61E :                         dc.b $01,17,"Entry #13 012345678901234",0,0,0,0,0
(1)  382/  C1F61E :                         dc.b $01,18,"Entry #14 012345678901234",0,0,0,0,0
(1)  383/  C1F61E :                         dc.b $01,19,"Entry #15 012345678901234",0,0,0,0,0
(1)  384/  C1F61E :                         dc.b $01,20,"Entry #16 012345678901234",0,0,0,0,0
(1)  385/  C1F61E :                         dc.b $01,21,"Entry #17 012345678901234",0,0,0,0,0
(1)  386/  C1F61E :                         dc.b $01,22,"@special char entry 01234",0,0,0,0,0
(1)  387/  C1F61E :                         dc.b 0,0,0,0
(1)  388/  C1F61E :                     DEBUGSAVECOUNT equ 23
(1)  389/  C1F61E :                     SaveDebugList:
(1)  390/  C1F61E :                         dc.b $01,0, "Save file #0 345678901234",0,0,0,0,0
(1)  391/  C1F61E :                         dc.b $01,1, "Save file #1 345678901234",0,0,0,0,0
(1)  392/  C1F61E :                         dc.b $01,2, "Save file #2 345678901234",0,0,0,0,0
(1)  393/  C1F61E :                         dc.b $01,3, "Save file #3 345678901234",0,0,0,0,0
(1)  394/  C1F61E :                         dc.b $01,4, "Save file #4 345678901234",0,0,0,0,0
(1)  395/  C1F61E :                         dc.b $01,5, "Save file #5 345678901234",0,0,0,0,0
(1)  396/  C1F61E :                         dc.b $01,6, "Save file #6 345678901234",0,0,0,0,0
(1)  397/  C1F61E :                         dc.b $01,7, "Save file #7 345678901234",0,0,0,0,0
(1)  398/  C1F61E :                         dc.b $01,8, "Save file #8 345678901234",0,0,0,0,0
(1)  399/  C1F61E :                         dc.b $01,9, "Save file #9 345678901234",0,0,0,0,0
(1)  400/  C1F61E :                         dc.b $01,10, "Save file #10 45678901234",0,0,0,0,0
(1)  401/  C1F61E :                         dc.b $01,11, "Save file #11 45678901234",0,0,0,0,0
(1)  402/  C1F61E :                         dc.b $01,12, "Save file #12 45678901234",0,0,0,0,0
(1)  403/  C1F61E :                         dc.b $01,13, "Save file #13 45678901234",0,0,0,0,0
(1)  404/  C1F61E :                         dc.b $01,14, "Save file #14 45678901234",0,0,0,0,0
(1)  405/  C1F61E :                         dc.b $01,15, "Save file #15 45678901234",0,0,0,0,0
(1)  406/  C1F61E :                         dc.b $01,16, "Save file #16 45678901234",0,0,0,0,0
(1)  407/  C1F61E :                         dc.b $01,17, "Save file #17 45678901234",0,0,0,0,0
(1)  408/  C1F61E :                         dc.b $01,18, "Save file #18 45678901234",0,0,0,0,0
(1)  409/  C1F61E :                         dc.b $01,19, "Save file #19 45678901234",0,0,0,0,0
(1)  410/  C1F61E :                         dc.b $01,20, "Save file #20 45678901234",0,0,0,0,0
(1)  411/  C1F61E :                         dc.b $01,21, "Save file #21 45678901234",0,0,0,0,0
(1)  412/  C1F61E :                         dc.b $01,22, "Save file #22 45678901234",0,0,0,0,0
(1)  413/  C1F61E :                         dc.b 0,0,0,0
(1)  414/  C1F61E : [356]                   ENDIF
(1)  415/  C1F61E :                     
(1)  416/  C1F61E :                     ; Debug strings
(1)  417/  C1F61E : =>UNDEFINED             IFDEF LOADTEST
(1)  418/  C1F61E :                     FixStrDebugLoad:
(1)  419/  C1F61E :                         dc.b "Loading test",1,7,2
(1)  420/  C1F61E :                     	dc.b "Runs:",$F0,1,7,3
(1)  421/  C1F61E :                     	dc.b "Pass:",$F1,1,6,4
(1)  422/  C1F61E :                     	dc.b "Wrong:",$F2,1,0,5
(1)  423/  C1F61E :                     	dc.b "Last error @",$F3,0
(1)  424/  C1F61E : [417]               	ENDIF
(1)  425/  C1F61E :                     
(1)  426/  C1F61E : =>UNDEFINED             IFDEF DEBUGBUILD
(1)  427/  C1F61E :                     FixStrGameLoad:
(1)  428/  C1F61E :                     	dc.b "A:Load #0   B:Exit",0
(1)  429/  C1F61E :                     FixStrReqSec:
(1)  430/  C1F61E :                         dc.b "LOAD MMSSFF ",$F0,0
(1)  431/  C1F61E :                     FixStrCDSecCnt:
(1)  432/  C1F61E :                     	dc.b "CD SECTORS  ",$F0,0
(1)  433/  C1F61E :                     FixStrDebug:
 AS V1.42 Beta [Bld 311] - Source File main.asm(strings.asm) - Page 174 - 9/11/2026 13:29:43


(1)  434/  C1F61E :                         dc.b "MCU comm test",1,0,2
(1)  435/  C1F61E :                     	dc.b "   Next:",$F0,1,0,3
(1)  436/  C1F61E :                     	dc.b "   Pass:",$F1,1,0,4
(1)  437/  C1F61E :                     	dc.b "  Wrong:",$F2,1,0,5
(1)  438/  C1F61E :                     	dc.b "Timeout:",$F3,1,0,6
(1)  439/  C1F61E :                     	dc.b "   Last:",$F4,1,0,8
(1)  440/  C1F61E :                     	dc.b "A:Pause   B:Exit",0
(1)  441/  C1F61E :                     FixStrFileCount:
(1)  442/  C1F61E :                         dc.b "File count: ",$F0,0
(1)  443/  C1F61E :                     FixStrCmdDumpNOK:
(1)  444/  C1F61E :                         dc.b "DUMP ROM NOK",0
(1)  445/  C1F61E :                     FixStrSDV1:
(1)  446/  C1F61E :                         dc.b "SD OK, Type: SD/MMC",0
(1)  447/  C1F61E :                     FixStrSDV2:
(1)  448/  C1F61E :                         dc.b "SD OK, Type: SDHC",0       
(1)  449/  C1F61E : [426]                   ENDIF
(1)  450/  C1F61E :                     
(1)  451/  C1F61E :                     FixStrVBL:
(1)  452/  C1F61E : 5642 4C3A F020 4249     dc.b "VBL:",$F0," BIOSV:",$E4,0
           C1F626 : 4F53 563A E400   
(1)  453/  C1F62C :                     FixStrErrBus:
(1)  454/  C1F62C : 4255 5320 4552 524F     dc.b "BUS ERROR",0
           C1F634 : 5200               
(1)  455/  C1F636 :                     FixStrErrAddr:
(1)  456/  C1F636 : 4144 4452 4553 5320     dc.b "ADDRESS ERROR",0
           C1F63E : 4552 524F 5200   
(1)  457/  C1F644 :                     FixStrErrIllegal:
(1)  458/  C1F644 : 494C 4C45 4741 4C20     dc.b "ILLEGAL INSTRUCTION",0
           C1F64C : 494E 5354 5255 4354
           C1F654 : 494F 4E00         
(1)  459/  C1F658 :                     FixStrErrGeneric:
(1)  460/  C1F658 : 5245 5345 5433 2045     dc.b "RESET3 ERROR",0
           C1F660 : 5252 4F52 00      
(1)  461/  C1F665 :                     FixStrErrUninit:
(1)  462/  C1F665 : 554E 494E 4954 2E20     dc.b "UNINIT. VECTOR",0
           C1F66D : 5645 4354 4F52 00
(1)  463/  C1F674 :                     FixStrWarmReset:
(1)  464/  C1F674 : 5741 524D 2052 4553     dc.b "WARM RESET",0
           C1F67C : 4554 00            
(1)  465/  C1F67F :                     FixStrDRegsDump:
(1)  466/  C1F67F : 4430 3AF0 0100 01       dc.b "D0:",$F0,1,0,1
(1)  467/  C1F686 : 4431 3AF1 0100 02       dc.b "D1:",$F1,1,0,2
(1)  468/  C1F68D : 4432 3AF2 0100 03       dc.b "D2:",$F2,1,0,3
(1)  469/  C1F694 : 4433 3AF3 0100 04       dc.b "D3:",$F3,1,0,4
(1)  470/  C1F69B : 4434 3AF4 0100 05       dc.b "D4:",$F4,1,0,5
(1)  471/  C1F6A2 : 4435 3AF5 0100 06       dc.b "D5:",$F5,1,0,6
(1)  472/  C1F6A9 : 4436 3AF6 0100 07       dc.b "D6:",$F6,1,0,7
(1)  473/  C1F6B0 : 4437 3AF7 00            dc.b "D7:",$F7,0
(1)  474/  C1F6B5 :                     FixStrARegsDump:
(1)  475/  C1F6B5 : 4130 3AF0 0100 01       dc.b "A0:",$F0,1,0,1
(1)  476/  C1F6BC : 4131 3AF1 0100 02       dc.b "A1:",$F1,1,0,2
(1)  477/  C1F6C3 : 4132 3AF2 0100 03       dc.b "A2:",$F2,1,0,3
(1)  478/  C1F6CA : 4133 3AF3 0100 04       dc.b "A3:",$F3,1,0,4
(1)  479/  C1F6D1 : 4134 3AF4 0100 05       dc.b "A4:",$F4,1,0,5
(1)  480/  C1F6D8 : 4135 3AF5 0100 06       dc.b "A5:",$F5,1,0,6
(1)  481/  C1F6DF : 4136 3AF6 0100 07       dc.b "A6:",$F6,1,0,7
(1)  482/  C1F6E6 : 5043 3AF7 00            dc.b "PC:",$F7,0
(1)  483/  C1F6EB :                     FixStrStackDump:
(1)  484/  C1F6EB : 2053 503A F001 0001     dc.b " SP:",$F0,1,0,1
(1)  485/  C1F6F3 : 202B 303A F120 2B34     dc.b " +0:",$F1," +4:",$F2,1,0,2
 AS V1.42 Beta [Bld 311] - Source File main.asm(strings.asm) - Page 175 - 9/11/2026 13:29:43


           C1F6FB : 3AF2 0100 02      
(1)  486/  C1F700 : 202B 383A F320 2B43     dc.b " +8:",$F3," +C:",$F4,1,0,3
           C1F708 : 3AF4 0100 03      
(1)  487/  C1F70D : 2B31 303A F52B 3134     dc.b "+10:",$F5,"+14:",$F6,1,0,4
           C1F715 : 3AF6 0100 04      
(1)  488/  C1F71A : 2B31 383A F72B 3143     dc.b "+18:",$F7,"+1C:",$F8,1,0,5
           C1F722 : 3AF8 0100 05      
(1)  489/  C1F727 : 2B32 303A F92B 3234     dc.b "+20:",$F9,"+24:",$FA,0
           C1F72F : 3AFA 00            
(1)  490/  C1F732 :                     FixStrAtPCDump:
(1)  491/  C1F732 : 2850 4329 3A01 0001     dc.b "(PC):",1,0,1
(1)  492/  C1F73A : 202D 343A F020 2B30     dc.b " -4:",$F0," +0:",$F1,1,0,2
           C1F742 : 3AF1 0100 02      
(1)  493/  C1F747 : 202B 343A F220 2B38     dc.b " +4:",$F2," +8:",$F3,0
           C1F74F : 3AF3 00            
(1)  494/  C1F752 :                     
     237/  C1F752 :                     
     238/  C1F752 :                     CodeEndB:
     239/  C1F752 : =>FALSE                 IF CodeEndB > $C1FF00
     240/  C1F752 :                             FATAL "\aAdded code in zone B is too large !"
     241/  C1F752 : =>TRUE                  ELSE
     242/  C1F752 : =>FALSE                     IF MOMPASS==1
     243/  C1F752 :                                 OUTRADIX 10
     244/  C1F752 :                                 MESSAGE "\aFree space zone B: \{($C1FF00-CodeEndB)} bytes"
     245/  C1F752 : [242]                       ENDIF
     246/  C1F752 : [239]                   ENDIF
     247/  C1F752 :                         ; Approx 52kB of free space starting at $C23000
     248/  C23000 :                     	ORG $C23000
     249/  C23000 :                     
     250/  C23000 :                     map_ssaver_sprite:
     251/  C23000 :                     	BINCLUDE "gfxdata\ssaver_sprite.map"
     252/  C2300A :                     bg_pal_map:
     253/  C2300A :                     	BINCLUDE "gfxdata\bg_pal_map.bin"	; Palette numbers for default bg tiles
     254/  C2314A :                     map_splash_sdcard:
     255/  C2314A :                         BINCLUDE "gfxdata\sdcard.map"
     256/  C231CC :                     pal_sd_card:
     257/  C231CC :                     	BINCLUDE "gfxdata\sdcard.pal"
     258/  C231EC :                     
     259/  C231EC :                         ALIGN 2
     260/  C231EC :                     CheatData:
     261/  C231EC :                     	BINCLUDE "cheats\out.bin"
     262/  C27485 :                     CheatDataEnd:
     263/  C27485 : =>FALSE                 IF CheatDataEnd > $C30000
     264/  C27485 :                             FATAL "\aCheat data is too large !"
     265/  C27485 : [263]                   ENDIF
     266/  C27485 :                     
     267/  C27485 : =>UNDEFINED             IFDEF MAMEDEBUG
     268/  C27485 :                         ALIGN 2
     269/  C27485 :                     DebugCustomBgData:
     270/  C27485 :                         dc.b 0
     271/  C27485 :                     ;    BINCLUDE "gfxdata\debug_custom_bg.bmp"
     272/  C27485 : [267]                   ENDIF
     273/  C27485 :                     
     274/  C7FFFE :                     	ORG $C7FFFE
     275/  C7FFFE : 600D                    dc.w $600D                  ; "GOOD" magic word
     276/  C80000 :                     
 AS V1.42 Beta [Bld 311] - Source File main.asm - Page 176 - 9/11/2026 13:29:43


  Symbol Table (* = unused):
  --------------------------

 ACTIVELETTERS :             10D00C C |
*ARCHITECTURE :                                        "i386-unknown-win32" - |
 AUTOMAP :                   C1E3A0 C |  AUTOMAP.MAP_SPRITES :       C1E3AA C |
 AUTOMAP.MAP_TILES :         C1E3B2 C |  BACKDROP :                  401FFE - |
 BANKCOUNTER :                 7EDB - |  BGSILENTRELOAD :            11C28F C |
 BG_CODE :                       FF - |  BG_PAL_MAP :                C2300A C |
 BIOSF_CDDACMD :             C1D14C C |  BIOS_COUNTRY_CODE :         10FD83 - |
*BIOS_CRDF :                 10FDC4 - | *BIOS_CRDFILE :              10FDD0 - |
*BIOS_CRDNGH :               10FDCE - | *BIOS_CRDPTR :               10FDC8 - |
*BIOS_CRDRESULT :            10FDC6 - | *BIOS_CRDSIZE :              10FDCC - |
*BIOS_DAY :                  10FDD4 - |  BIOS_DEVMODE :              10FE80 - |
 BIOS_GAME_DIP :             10FD84 - | *BIOS_HOUR :                 10FDD6 - |
*BIOS_MESS_BUSY :            10FDC2 - | *BIOS_MESS_POINT :           10FDBE - |
*BIOS_MINUTE :               10FDD7 - | *BIOS_MONTH :                10FDD3 - |
*BIOS_MVS_FLAG :             10FD82 - |  BIOS_P1CHANGE :             10FD97 - |
 BIOS_P1CURRENT :            10FD96 - |  BIOS_P1PREVIOUS :           10FD95 - |
 BIOS_P1REPEAT :             10FD98 - | *BIOS_P1STATUS :             10FD94 - |
*BIOS_P1TIMER :              10FD99 - |  BIOS_P2CHANGE :             10FD9D - |
 BIOS_P2CURRENT :            10FD9C - |  BIOS_P2PREVIOUS :           10FD9B - |
 BIOS_P2REPEAT :             10FD9E - | *BIOS_P2STATUS :             10FD9A - |
*BIOS_P2TIMER :              10FD99 - | *BIOS_SECOND :               10FDD8 - |
*BIOS_SELECT_TIMER :         10FDDA - | *BIOS_START_FLAG :           10FDB4 - |
 BIOS_STATCHANGE :           10FDAD - |  BIOS_STATCURNT :            10FDAC - |
*BIOS_SYSTEM_MODE :          10FD80 - | *BIOS_UPBANK :               10FEDB - |
 BIOS_UPDEST :               10FEF4 - |  BIOS_UPSIZE :               10FEFC - |
 BIOS_UPSRC :                10FEF8 - |  BIOS_UPZONE :               10FEDA - |
*BIOS_USER_MODE :            10FDAF - | *BIOS_USER_REQUEST :         10FDAE - |
*BIOS_WEEKDAY :              10FDD5 - | *BIOS_YEAR :                 10FDD2 - |
 BLACK :                       8000 - |  BLUE :                        100F - |
 BOXDRAWROW :                C19846 C |  BOXDRAWROW.COL :            C1984E C |
 BUILDFILELIST :             C1A3F8 C |  BUILDFILELIST.COUNTBITS :   C1A416 C |
 BUILDFILELIST.DISP :        C1A446 C |  BUILDFILELIST.DONE :        C1A490 C |
 BUILDFILELIST.FOUND :       C1A424 C |  BUILDFILELIST.KEEPCURSOR :  C1A4BE C |
 BUILDFILELIST.LETTER :      C1A458 C |  BUILDFILELIST.NUMBER :      C1A476 C |
 BUILDFILELIST.SKIP :        C1A482 C |  BUILDFILELIST.ZERO :        C1A420 C |
 BUTTONPICTOLUT :            C1E670 C |  CALLNAVPROC :               C1B5B6 C |
 CARDEVENT :                 11C294 C | *CASESENSITIVE :                  0 - |
 CDCHECKDONE :               C1936E C |  CDCHECKDONE.VALID :         C19398 C |
 CDCHECKDONEEND :            C0F55C - |  CDDACOMMAND :               C1D0F8 C |
 CDDACOMMAND.NOTIMEOUT :     C1D11C C |  CDDACOMMAND.OK :            C1D104 C |
*CDDAPENDING :               11C1BA C |  CDDCOMMAND :                10D07E C |
 CDDREADBUFFER :             10D073 C |  CDDSTATUS :                 10D07D C |
 CDLOADBUSY :                10F6B6 - |  CDPCONTROLLERSTUFF :        C0EFF4 - |
 CDPLAYERVBLPROC :           C194A4 C |  CDPLAYERVBLPROC.GETSTAT :   C194C6 C |
 CDPLAYERVBLPROC.NO_KICK :   C194E2 C |  CDPLAYERVBLPROC.NO_MSGBOX : C1952E C |
 CDPLAYERVBLPROC.NO_SS :     C19538 C |  CDPLAYERVBLPROC.SKIPSTAT :  C194CC C |
 CDPLAYER_INIT :             C1915A C |  CDPPALDATA :                C209A0 - |
 CDSECTORBUFFER :            111204 - |  CDSECTORCOUNT :             11C180 C |
 CDVALIDFLAG :               10F656 - |  CD_SECTOR_SIZE :               800 - |
 CHAR_ARROW_DOWN :               13 - | *CHAR_ARROW_LEFT :               10 - |
 CHAR_ARROW_RIGHT :              11 - |  CHAR_ARROW_UP :                 12 - |
 CHAR_BOX :                       5 - |  CHAR_BOX_CHECKED :               6 - |
 CHEATDATA :                 C231EC C |  CHEATDATAADDR :             11C206 C |
 CHEATDATAEND :              C27485 C |  CHEATSBITMAP :              11C202 C |
 CHECKACK :                  C1CADA C |  CHECKACK.ACK :              C1CAF4 C |
 CHECKCDVALID :              C0F29A - |  CLEARFILELIST :             C1E35E C |
 CLEARFILELIST.LP :          C1E36A C |  CLEARFIX :                  C1E300 C |
 AS V1.42 Beta [Bld 311] - Source File main.asm - Page 177 - 9/11/2026 13:29:43


 CLEARFIX.CLEAR :            C1E314 C |  CLEARFIXTOP :               C1E32A C |
 CLEARFIXTOP.COL :           C1E340 C |  CLEARFIXTOP.LINE :          C1E338 C |
 CLEARIGM :                  C1BCAC C |  CLEARIGM.ROWFILL :          C1BCCE C |
 CLEARMAINSPRITES :          C19628 C |  CLEARMAINSPRITES.CLRSPR :   C19640 C |
 CLOSEIGM :                  C1BBA0 C |  CLOSEIGM.COPY :             C1BBE6 C |
 CNT_A :                          4 - |  CNT_B :                          5 - |
 CNT_C :                          6 - |  CNT_D :                          7 - |
 CNT_DOWN :                       1 - |  CNT_LEFT :                       2 - |
 CNT_RIGHT :                      3 - | *CNT_SELECT1 :                    1 - |
*CNT_SELECT2 :                    3 - | *CNT_START1 :                     0 - |
*CNT_START2 :                     2 - |  CNT_UP :                         0 - |
 CODEENDA :                  C1D946 C |  CODEENDB :                  C1F752 C |
 COLORLIST :                 C1B4EA C |  CONSOLESTART :              C1908C C |
*CONSTPI :        3.141592653589793 - |  COPYBYTESTOWORDCPU :        C1C934 C |
 COPYBYTESTOWORDCPU.COPY1 :  C1C98C C |  COPYBYTESTOWORDCPU.COPY16 : C1C93E C |
 COPYBYTESTOWORDCPU.EXIT :   C1C994 C |  COPYPALETTE :               C1E4BC C |
 COUNTRYLIST :               C1B4DA C |  COUNTRYNOBRAZIL :           C19190 C |
 COUNTRYNOBRAZIL.NOTBR :     C1919E C |  CPLDREG_DATA :              C1E000 - |
 CPLDREG_EXEC :              C1E100 - |  CPLDREG_STAT :              C1E200 - |
 CURRENTMSGBOX :             10D038 C |  CURRENTSCREEN :             10D02E C |
 CURRENTSCREENPREV :         10D036 C |  CURSORSVALID :              11C293 C |
 CUSTOMBGBACKDROP :          11C28C C |  CUSTOMBGFAIL :              C19CAE C |
 CUSTOMBGLOADED :            11C1BB C |  CYAN :                        30FF - |
*DATE :                 "9/11/2026" - | *DBGLAST :                   10D02A C |
*DBGPASS :                   10D01E C | *DBGTIMEOUT :                10D026 C |
*DBGTOTAL :                  10D01A C | *DBGWRONG :                  10D022 C |
 DEBUGDIP1 :                 10D017 C |  DEBUGDIP2 :                 10D018 C |
 DELETECONFIRM :             C1B084 C |  DELETECONFIRM.NO_A :        C1B0B0 C |
 DELETESAVES :               C1C7A0 C |  DELETESAVES.CMDOK :         C1C7DA C |
 DELETESAVES.NOTIMEOUT :     C1C7BE C | *DIPSW_CHUTES :                   1 - |
*DIPSW_CTRL :                     2 - | *DIPSW_FREEPLAY :                 6 - |
*DIPSW_FREEZE :                   7 - | *DIPSW_ID0 :                      3 - |
*DIPSW_ID1 :                      4 - | *DIPSW_MULTI :                    5 - |
*DIPSW_SETTINGS :                 0 - |  DISPERROR :                 C19900 C |
 DISPERROR2 :                C1990A C |  DISPERROR2.NOLOADING :      C19952 C |
 DISPERRORTIMEOUT :          C198F2 C |  DISPEXC :                   C1E9A0 C |
 DISPEXC.LOADAREGS :         C1EA26 C |  DISPEXC.LOADATPCVALUES :    C1EAA6 C |
 DISPEXC.LOADDREGS :         C1EA06 C |  DISPEXC.LOADSTACKVALUES :   C1EA76 C |
 DMACLEARPALETTES :          C1C876 C |  DMACLEARPALETTES.FILL :     C1C89C C |
 DMACLEARPCMDRAM :           C1C8BE C |  DMACLEARPCMDRAM.CLEAR :     C1C912 C |
 DMACLEARPCMDRAM.FILL :      C1C91C C |  DOCDDCOMM :                 C1D7C2 C |
 DOCDDCOMM.ABORT :           C1D892 C |  DOCDDCOMM.CHECKSUMFAIL :    C1D85E C |
 DOCDDCOMM.CHECKSUMLP :      C1D842 C |  DOCDDCOMM.READLP :          C1D7E8 C |
 DOCDDCOMM.ZEROLP :          C1D876 C |  DOUPDATE :                  C1B796 C |
 DOUPDATE.NOTIMEOUT :        C1B7A8 C |  DOUPDATE.OK :               C1B7D4 C |
 DRAWCHEATLIST :             C1BFA2 C |  DRAWCHEATLIST.DISABLED :    C1C054 C |
 DRAWCHEATLIST.DONE :        C1C074 C |  DRAWCHEATLIST.DRAWLINE :    C1C022 C |
 DRAWCHEATLIST.FOUND :       C1BFCA C |  DRAWCHEATLIST.LIST :        C1C010 C |
 DRAWCHEATLIST.NOCUR :       C1C038 C |  DRAWCHEATLIST.NO_ARROW :    C1C0A4 C |
 DRAWCHEATLIST.SEARCH :      C1BFBC C |  DRAWCHEATLIST.SKIPDESC :    C1C018 C |
 DRAWFILELIST :              C19578 C |  DRAWFILELIST.CARDPRESENT :  C195D4 C |
 DRAWFILELIST.CL_CHAR :      C1959A C |  DRAWFILELIST.CL_LINE :      C19590 C |
 DRAWFILELIST.DISP :         C19600 C |  DRAWFILELIST.DONE :         C19626 C |
 DRAWFILELIST.FILES :        C195E8 C |  DRAWIGMBOX :                C1BC3A C |
 DRAWIGMBOX.ROWFILL :        C1BC7C C |  DRAWIGMCURSOR :             C1BB2A C |
 DRAWKEYBOARD :              C1ADF8 C |  DRAWKEYBOARD.CHAR :         C1AE2E C |
 DRAWKEYBOARD.DONE :         C1AE54 C |  DRAWKEYBOARD.LOWERCASE :    C1AE10 C |
 DRAWKEYBOARD.ROW :          C1AE22 C |  DRAWPROGRESSANIMATION :     C0ED80 - |
 DRAWSDIP :                  C1C2E8 C |  DRAWSDIP.DONE :             C1C37C C |
 DRAWSDIP.DRAWLP :           C1C320 C |  DRAWSDIP.FIRSTPAGE :        C1C308 C |
 AS V1.42 Beta [Bld 311] - Source File main.asm - Page 178 - 9/11/2026 13:29:43


 DRAWSDIPCURSOR :            C1C27C C |  DRAWSDIPSTRING :            C1C454 C |
 DRAWSDIPSTRING.WRITENAME :  C1C45C C |  ERRADDR :                   C1E920 C |
 ERRBUS :                    C1E900 C |  ERRGENERIC :                C1E960 C |
 ERRILLEGAL :                C1E940 C |  ERRUNINIT :                 C1E980 C |
 EXCEED_CODE :                   FE - |  EXITFILEEXISTS :            C1C6D6 C |
 EXITFILEEXISTS.NO_A :       C1C6F0 C |  EXITLOADCONFIRM :           C1B056 C |
 EXITLOADCONFIRM.NO_A :      C1B07A C |  EXITSETTINGS :              C1B40E C |
*FALSE :                          0 - |  FILECURSOR :                10D000 C |
 FILECURSORPREV :            10D001 C | *FILEENTRY_FILENAME :             2 - |
*FILEENTRY_INDEX :                0 - |  FILEENTRY_LEN :                 20 - |
*FILEENTRY_RESERVED :            1C - |  FILELIST :                  11C900 C |
 FILELISTNAV :               C1964E C |  FILELISTNAV.NO_DOWN :       C196FC C |
 FILELISTNAV.NO_UP :         C196A2 C |  FILELISTNAV.SCROLLDOWN :    C196EE C |
 FILELISTNAV.TOP :           C19682 C |  FILENAMEBUFFER :            10D03E C |
 FILENAMECLEAR :             C1EF30 C |  FILENAMECURSOR :            10D04F C |
 FILE_LIST_LEN :               1920 - |  FIRSTLOADBANK :               7EDE - |
 FIRSTPRGSECTOR :            110004 - |  FIXBANKBUFFER :             11F000 C |
 FIXBANKZERO :               C5FEB0 C |  FIXMAP :                      7000 - |
 FIXMAPBUFFER :              110804 - |  FIXMAPBUFFER_SIZE :            1A4 - |
 FIXMAPFLAGBR :              C1F54D C |  FIXMAPFLAGEU :              C1F547 C |
 FIXMAPFLAGJP :              C1F53B C |  FIXMAPFLAGUS :              C1F541 C |
 FIXMAPIGMBOT :              C1BDE2 C |  FIXMAPIGMROW :              C1BDA6 C |
 FIXMAPIGMTOPA :             C1BD2E C |  FIXMAPIGMTOPB :             C1BD6A C |
 FIXMAPMSGBOXBOT :           C198C2 C |  FIXMAPMSGBOXROW :           C19892 C |
 FIXMAPMSGBOXTOP :           C19862 C |  FIXSIZECHECKA :             C61EB0 C |
 FIXSIZECHECKB :             C6BEB0 C |  FIXSTRABOUT :               C1ED44 C |
 FIXSTRAREGSDUMP :           C1F6B5 C |  FIXSTRATPCDUMP :            C1F732 C |
*FIXSTRBEXIT :               C1F4D6 C |  FIXSTRBLUE :                C1F292 C |
 FIXSTRBRAZIL :              C1F2BF C |  FIXSTRBRAZILWARNING :       C1F2C6 C |
*FIXSTRCLEAR :               C1F4DD C |  FIXSTRCLEARDIPS :           C1B11A C |
 FIXSTRCYAN :                C1F28A C |  FIXSTRDELETECONFIRM :       C1F058 C |
 FIXSTRDISABLED :            C1B12C C |  FIXSTRDREGSDUMP :           C1F67F C |
 FIXSTRENABLED :             C1B123 C |  FIXSTRERRADDR :             C1F636 C |
 FIXSTRERRBUS :              C1F62C C |  FIXSTRERRGENERIC :          C1F658 C |
 FIXSTRERRILLEGAL :          C1F644 C |  FIXSTRERROR :               C1F5E5 C |
 FIXSTRERRUNINIT :           C1F665 C |  FIXSTREUROPE :              C1F2B8 C |
 FIXSTRFAST :                C1B13D C |  FIXSTRFILEEXISTS :          C1EEE8 C |
 FIXSTRGREEN :               C1F282 C |  FIXSTRICON :                C1EE52 C |
 FIXSTRIGMSHORTCUT :         C1ECBA C |  FIXSTRJAPAN :               C1F2AA C |
 FIXSTRLOADCONFIRM :         C1EFF0 C |  FIXSTRLOADINGBG :           C1EC04 C |
 FIXSTRLOADINGLIST :         C1EC5F C | *FIXSTRLOADOK :              C1F09E C |
 FIXSTRLOADSAVEUI :          C1EFB7 C |  FIXSTRLONGWORDVAL :         C1F4EA C |
 FIXSTRMAGENTA :             C1F29A C |  FIXSTRMENU :                C1ECD4 C |
 FIXSTRNEW :                 C1B135 C |  FIXSTRNOCARD :              C1F5C5 C |
 FIXSTRNOFILENAME :          C1EECB C |  FIXSTRNOFILES :             C1F5AE C |
 FIXSTROLD :                 C1B139 C |  FIXSTRPRESSFRONT :          C1F50B C |
*FIXSTRPRESSTOP :            C1F4EC C |  FIXSTRRED :                 C1F272 C |
*FIXSTRROMDUMP :             C1F330 C |  FIXSTRSAVECHKERROR :        C1F0B8 C |
 FIXSTRSAVELOADED :          C1F3B1 C |  FIXSTRSAVESTORED :          C1F385 C |
 FIXSTRSETTINGS :            C1F148 C |  FIXSTRSLOW :                C1B142 C |
 FIXSTRSTACKDUMP :           C1F6EB C |  FIXSTRSTORESAVEUI :         C1EE6C C |
 FIXSTRUSA :                 C1F2B1 C |  FIXSTRVBL :                 C1F61E C |
 FIXSTRVERSION :             C1F5DC C | *FIXSTRWARMRESET :           C1F674 C |
 FIXSTRWHITE :               C1F2A2 C |  FIXSTRYELLOW :              C1F27A C |
 FIXVALUELIST :              11C140 C |  FIXWRITECONFIG :            11C18A C |
 FLAGLUT :                   C1A4C6 C |  FLAGSELECTSTART :           11C20A C |
*FLOATMAX :      1.797693134866E308 - |  FRAMECOUNTER :              10D032 C |
 FRONTCHEATINSERT :          C1D7B0 C |  FRONTIGMVBLINSERT :         C1D792 C |
*FULLPMMU :                       1 - |  GETBMPSECTOR :              C1D096 C |
 GETBMPSECTOR.ERR :          C1D0DC C |  GETBMPSECTOR.NOTIMEOUT :    C1D0B8 C |
 AS V1.42 Beta [Bld 311] - Source File main.asm - Page 179 - 9/11/2026 13:29:43


 GETCDSECTORBYTESHEAD :      C1CD00 C |  GETCDSECTORBYTESHEAD.DONE : C1CD6C C |
 GETCDSECTORBYTESHEAD.READSECTOR :                                   C1CD1C C |
 GETCDSECTORBYTESHEAD.WAIT : C1CD64 C |  GETCDSECTORBYTESTAIL :      C1CD78 C |
*GETCDSECTORBYTESTAIL.DONE : C1CE0C C |
 GETCDSECTORBYTESTAIL.READSECTOR :                                   C1CD9A C |
 GETCDSECTORBYTESTAIL.WAIT : C1CE02 C |  GETCDSECTORRAWFULL :        C1CB98 C |
 GETCDSECTORRAWFULL.READSECTOR :                                     C1CBB4 C |
 GETCDSECTORRAWFULL.WAIT :   C1CBB8 C |  GETCDSECTORRAWHEAD :        C1CBCE C |
 GETCDSECTORRAWHEAD.DONE :   C1CC36 C |
 GETCDSECTORRAWHEAD.READSECTOR :                                     C1CBEA C |
 GETCDSECTORRAWHEAD.WAIT :   C1CC2E C |  GETCDSECTORRAWTAIL :        C1CC42 C |
 GETCDSECTORRAWTAIL.DONE :   C1CCF4 C |
 GETCDSECTORRAWTAIL.READSECTOR :                                     C1CC64 C |
 GETCDSECTORRAWTAIL.WAIT :   C1CCE8 C |  GETMCUSTATUS :              C190E4 C |
 GETMCUSTATUS.CMDOK :        C1913A C |  GETMCUSTATUS.NOCARDEVENT :  C19158 C |
 GETMCUSTATUS.NOSET :        C19116 C |  GETMCUSTATUS.NOTIMEOUT :    C1912A C |
 GETNAVYPOS :                C1B5D6 C |  GETNEWBMPSECTOR :           C19CC6 C |
 GETSDIPENTRYTYPE :          C1D592 C |  GETSDIPINDEXCURSOR :        C1D5F4 C |
 GETSDIPVALUECURSOR :        C1D5B2 C |  GETSDIPVALUEINDEX :         C1D5BA C |
 GETSDIPVALUEINDEX.TIME :    C1D5CC C |  GREEN :                       20F0 - |
 GUBUFFER :                  11E2E8 C | *HAS64 :                          1 - |
*HASFPU :                         0 - | *HASPMMU :                        0 - |
 HEADER_NGH :                   108 - |  HEADER_SDIPS_EU :              11E - |
*HEADER_SDIPS_JP :              116 - |  HEADER_SDIPS_US :              11A - |
 HEXIFY :                    C1E37E C |  HEXIFY.DECI :               C1E388 C |
 HEXTOBCD :                  C1E38E C |  HIDESOFTDIPNGHS :           C1D60C C |
 IGMCURSOR :                 11C1BD C |  IGMCURSORSHIFT :            11C1BF C |
 IGMITEMS :                  11C1C0 C |  IGMITEMSY :                 C1BE1E C |
 IGMMODE :                   11C1C1 C |  IGMPALETTES :               C1BCEE C |
 IGMSETUPCHEATS :            C1BE4C C |  IGMSETUPCHEATS.NOCHEATS :   C1BE9C C |
 IGMSETUPSDIP :              C1C0AC C |  IGMSETUPSDIP.NOSDIPS :      C1C102 C |
 IGMVBL :                    C1BA40 C |  IGMVBL.NOF :                C1BA62 C |
 IGMVBL.NOIGM :              C1BA80 C |  IGMVBLPROCCHEATS :          C1BEAE C |
 IGMVBLPROCCHEATS.CLOSE :    C1BF9A C |  IGMVBLPROCCHEATS.NOCHEATS : C1BF6E C |
 IGMVBLPROCCHEATS.NO_A :     C1BF6E C |  IGMVBLPROCCHEATS.NO_B :     C1BFA0 C |
 IGMVBLPROCCHEATS.NO_DOWN :  C1BF40 C |  IGMVBLPROCCHEATS.NO_UP :    C1BEF4 C |
 IGMVBLPROCCHEATS.SCROLLDOWN :                                       C1BF34 C |
 IGMVBLPROCCHEATS.TOP :      C1BEE0 C |  IGMVBLPROCSDIP :            C1C126 C |
 IGMVBLPROCSDIP.DONE_DOWN :  C1C1A8 C |  IGMVBLPROCSDIP.DONE_UP :    C1C164 C |
 IGMVBLPROCSDIP.LPDEF :      C1C242 C |  IGMVBLPROCSDIP.NOSDIPS :    C1C258 C |
 IGMVBLPROCSDIP.NO_B :       C1C27A C |  IGMVBLPROCSDIP.NO_C :       C1C258 C |
 IGMVBLPROCSDIP.NO_DOWN :    C1C1AE C |  IGMVBLPROCSDIP.NO_LEFT :    C1C1E4 C |
 IGMVBLPROCSDIP.NO_RIGHT :   C1C21A C |  IGMVBLPROCSDIP.NO_UP :      C1C16A C |
 IGMVBLPROCSELECT :          C1BA82 C |  IGMVBLPROCSELECT.NO_A :     C1BAFA C |
 IGMVBLPROCSELECT.NO_B :     C1BB28 C |  IGMVBLPROCSELECT.NO_DOWN :  C1BAD0 C |
 IGMVBLPROCSELECT.NO_UP :    C1BAA8 C |  IGM_HEIGHT :                     E - |
 IGM_WIDTH :                     1E - |  INCMSF :                    C1CAFA C |
 INCMSF.INCDONE :            C1CB68 C |  INCMSF.NOCAP :              C1CB14 C |
 INITLOAD :                  C191C8 C |  INITRAM :                   C19170 C |
 INITSD :                    C1E4DE C |  INITSD.ERROR :              C1E51C C |
 INITSD.INITOK :             C1E522 C |  INITSD.NOTIMEOUT :          C1E4FA C |
 INITSD.RETRY :              C1E4E6 C |  INITSDIPLIST :              C1D478 C |
 INITSDIPLIST.NOSDIPS :      C1D4D6 C |  INITSDIPLIST.SEARCH :       C1D48E C |
 INITSDIPLIST.SHOWSDIPS :    C1D498 C |  INITSDIPLIST.SSLOOP :       C1D4BC C |
 INITSDIPLIST.SSUNUSED :     C1D4D0 C |  INITSOFTDIPS :              C191B0 C |
 INSTALLCHEATS :             C1D68A C |  INSTALLCHEATS.PROCESS :     C1D6A0 C |
 INSTALLCHEATS.SKIPCHEAT :   C1D6E0 C |  INSTALLCHEATS.SKIPDESC :    C1D6E2 C |
 INSTALLCHEATS.VBLCOPY :     C1D6D8 C |  INSTALLCHEATS.VBLTYPE :     C1D6D6 C |
 INSTALLCHEATS.ZERO :        C1D6EC C |  INSTALLPALETTES :           C1D1E4 C |
 INSTALLPALETTES.LDPAL :     C1D1F4 C |  INSTALLPALETTES.NEWANIM :   C1D204 C |
 AS V1.42 Beta [Bld 311] - Source File main.asm - Page 180 - 9/11/2026 13:29:43


*INSUPMODE :                      1 - | *INTWIDTH :                      40 - |
 ISINIGM :                   11C1BC C |  ISLOADING :                 11C1B4 C |
 JTFILELOADERS :             C0FD94 - |  JTOPCODES :                 C1D73E C |
 JT_IGMSETUPS :              C1BE24 C |  JT_IGMVBLPROCS :            C1BE30 C |
 JT_MENUSETUPS :             C1AA58 C |  JT_SDIPDEC :                C1D564 C |
 JT_SDIPDRAW :               C1C388 C |  JT_SDIPINC :                C1D504 C |
 JT_VBLPROCS :               C196FE C |  KEYBOARDMAPLC :             C1EF86 C |
 KEYBOARDMAPUC :             C1EF55 C |  LASTBGGAMEINDEX :           11C28E C |
 LASTFILECURSOR :            11C290 C |  LASTLETTERCURSOR :          11C292 C |
 LASTMCUCMD :                11C193 C |  LASTMENUSHIFT :             11C291 C |
 LASTSCREEN :                10D030 C |  LETTERCOUNT :               10D010 C |
 LETTERCURSOR :              10D007 C |  LETTERCURSORPREV :          10D008 C |
 LETTERCURSORX :             10D00A C |  LETTERGAMECOUNT :           10D006 C |
 LETTERLUT :                 C1F56E C |  LETTERSXPOS :               10D012 C |
*LISTON :                         1 - |  LOADANIMSLOWDOWN :          11C295 C |
 LOADCDSECTORFROMSD :        C1D066 C |  LOADCDSECTORFROMSD.EXIT :   C1D094 C |
 LOADCUSTOMBG :              C19B08 C |  LOADCUSTOMBGSILENT :        C19B20 C |
 LOADCUSTOMBGSILENT.CONVERTPAL :                                     C19B9E C |
 LOADCUSTOMBGSILENT.FULLHEIGHT :                                     C19C0E C |
 LOADCUSTOMBGSILENT.NORELOADA :                                      C19C56 C |
 LOADCUSTOMBGSILENT.NORELOADB :                                      C19C8C C |
 LOADCUSTOMBGSILENT.ROWA :   C19C2E C |  LOADCUSTOMBGSILENT.ROWB :   C19C64 C |
 LOADCUSTOMBGSILENT.SIXTEENPIXELSROW :                               C19C26 C |
 LOADCUSTOMBGSILENT.SKIPDISBLSPR :                                   C19BE6 C |
 LOADCUSTOMBGSILENT.TILEHEIGHT :                                     C19C1C C |
 LOADDEBUGDIPS :             C191A2 C |  LOADFILE :                  C19320 C |
 LOADFROMCD :                C193B4 C |  LOADGAME :                  C19402 C |
 LOADGAME.INVALID :          C194A2 C |  LOADGAME.NOTIMEOUT :        C19422 C |
 LOADGAMEBG :                C19A54 C |  LOADGAMEBG.APPLY :          C19B00 C |
 LOADGAMEBG.DONE :           C19B06 C |  LOADGAMEBG.TRYROOT :        C19ACE C |
 LOADINGFINISHED :           C1930A C |  LOADPCMSECTORFROMSD :       C1CF3E C |
 LOADPCMSECTORFROMSD.DONE :  C1D02C C |
 LOADPCMSECTORFROMSD.FULLSECTOR :                                    C1CFC8 C |
 LOADPCMSECTORFROMSD.LOC_C0BE7E :                                    C1D04E C |
 LOADPCMSECTORFROMSD.READSECTOR :                                    C1CFF0 C |
 LOADPCMSECTORFROMSD.WAIT :  C1D018 C |  LOADPCMSECTORSPATCH :       C192B6 C |
 LOADPCMSECTORSPATCH.LOADPCMSECTORS :                                C192BC C |
 LOADPRGSECTORFROMSD :       C1CE18 C |  LOADPRGSECTORFROMSD.DONE :  C1CE54 C |
 LOADPRGSECTORFROMSD.EXIT :  C1CE72 C |  LOADPRGSECTORFROMSD.FULL :  C1CE4E C |
 LOADPRGSECTORSPATCH :       C191E0 C |
 LOADPRGSECTORSPATCH.LOADPRGSECTORS :                                C19208 C |
 LOADPRGSECTORSPATCH.NOTFIRST :                                      C19204 C |
 LOADPRGSECTORSPATCH.NOTSSRPG :                                      C19260 C |
 LOADPRGVECTORTABLE :        C19336 C |  LOADPRGVECTORTABLE.COPY1 :  C19358 C |
 LOADPRGVECTORTABLE.COPY2 :  C19366 C |  LOADSAVES :                 C1C6F2 C |
 LOADSAVES.CHECKCSUM :       C1C76E C |  LOADSAVES.CMDOK :           C1C73E C |
 LOADSAVES.CSUM_OK :         C1C78A C |  LOADSAVES.LOADCHUNK :       C1C702 C |
 LOADSAVES.NOTIMEOUT :       C1C722 C |  LOADSAVES.READDATA :        C1C754 C |
 LOADSDIPS :                 C1D3E4 C |  LOADSDIPS.FAIL :            C1D476 C |
 LOADSDIPS.READDATA :        C1D46E C |  LOADSETTINGS :              C1C4E4 C |
 LOADSETTINGS.OK1 :          C1C550 C |  LOADSETTINGS.OK2 :          C1C566 C |
 LOADSPRSECTORFROMSD :       C1CE74 C |  LOADSPRSECTORFROMSD.DONE :  C1CF26 C |
 LOADSPRSECTORFROMSD.EXIT :  C1CF3C C |
 LOADSPRSECTORFROMSD.FULLSECTOR :                                    C1CF0C C |
 LOADSPRSECTORSPATCH :       C19266 C |
 LOADSPRSECTORSPATCH.LOADSPRSECTORS :                                C1926C C |
 LOADSPRSECTORSPATCH.NOTEOB :                                        C19294 C |
 LOCKUP :                    C1EADA C |  LUTINDEXTOBITPLANE :        C19CEA C |
*MACEXP :                         7 - |  MAGENTA :                     5F0F - |
 MAINLOOPEND :               C0D3EC - |  MAP_ARROWS :                C1A4D6 C |
 AS V1.42 Beta [Bld 311] - Source File main.asm - Page 181 - 9/11/2026 13:29:43


 MAP_LOGO :                  C1D928 C |  MAP_SPLASH_SDCARD :         C2314A C |
 MAP_SSAVER_SPRITE :         C23000 C |  MAX_CHEAT_DESC :                18 - |
 MAX_CHEAT_LINES :                8 - |  MAX_FILENAME :                  1A - |
 MAX_FILES :                     C8 - |  MAX_MENU_LINES :                 F - |
 MAX_MENU_LIST :                 C8 - |  MCUCMDPARAMS :              11C194 C |
 MCUCOMMAND :                C1C996 C |  MCUCOMMAND.TIMEOUT :        C1C9F0 C |
 MCUCOMMAND.TXPARAM :        C1C9C0 C |  MCUREAD4WORDS :             C1CA9A C |
 MCUREAD4WORDSMULT :         C1CA9E C |
 MCUREAD4WORDSMULT.MULTIPLEOF4 :                                     C1CAAE C |
 MCUREAD4WORDSMULT.RDLOOP :  C1CAB6 C |  MCUREAD4WORDSMULT.ZERO :    C1CAD8 C |
 MCUREPLYBUFFER :            11C100 C |  MCUSTATUS :                 10D034 C |
 MCUVERSION :                11C1B8 C |  MCUWAITACK :                C1C9FE C |
 MCUWAITACK.DONE :           C1CA2A C |  MCUWAITACK.WAIT :           C1CA06 C |
 MCUWAITEXEC :               C1CA30 C |  MCUWAITEXEC.DONE :          C1CA5C C |
 MCUWAITEXEC.WAIT :          C1CA38 C |  MCUWAITREFILL :             C1CA68 C |
 MCUWAITREFILL.DONE :        C1CA94 C |  MCUWAITREFILL.WAIT :        C1CA70 C |
 MCU_CMD_CDDA :                   9 - | *MCU_CMD_DUMPROM :                A - |
 MCU_CMD_GETGAMES :               6 - |  MCU_CMD_GETID :                  1 - |
 MCU_CMD_GETSAVES :               B - |  MCU_CMD_GETSTATUS :              2 - |
 MCU_CMD_INITSD :                 5 - |  MCU_CMD_LOADSAVE :               D - |
 MCU_CMD_LOADSECT :               8 - |  MCU_CMD_RESET :                  4 - |
 MCU_CMD_SELECTGAME :             7 - |  MCU_CMD_STORESAVE :              C - |
 MCU_CMD_TEST :                   0 - |  MCU_CMD_UPDATE :                 3 - |
 MEMCARD :                   800000 - |  MEMCARDMENU :               C1474A - |
 MEMORYVIEWER :              C1E7A6 C |  MEMORYVIEWER.LOOP :         C1E7DC C |
 MEMORYVIEWER.NO_DOWN :      C1E816 C |  MEMORYVIEWER.NO_LEFT :      C1E828 C |
 MEMORYVIEWER.NO_RIGHT :     C1E83A C |  MEMORYVIEWER.NO_UP :        C1E804 C |
 MENUINDEXLIST :             11E220 C |  MENULETTERLIST :            C1F553 C |
 MENUSHIFT :                 10D002 C |  MESSAGEBOX :                C1973E C |
 MESSAGEBOXCLOSE :           C19812 C |  MESSAGEBOXCLOSE.NOCALL :    C19844 C |
 MESSAGEBOXCUSTOM :          C19742 C |  MESSAGEBOXCUSTOM.ABORT :    C197E8 C |
 MESSAGEBOXCUSTOM.ROWFILL :  C197AA C | *MIDBLUE :                     1007 - |
*MIDCYAN :                     3077 - | *MIDGREEN :                    2070 - |
*MIDGREY :                     7777 - | *MIDMAGENTA :                  5707 - |
*MIDRED :                      4700 - | *MIDYELLOW :                   6770 - |
*MOMCPU :                     68000 - | *MOMCPUNAME :               "68000" - |
 MSFCOUNTER :                11C182 C |  MSGBOXEXITCALL :            10D03A C |
 MSGBOX_HEIGHT :                  E - |  MSGBOX_WIDTH :                  18 - |
 NAVPROCANIMLR :             C1B75E C |  NAVPROCCOUNTRYL :           C1B5E6 C |
 NAVPROCCOUNTRYR :           C1B600 C |  NAVPROCDDIPA :              C1B6A0 C |
 NAVPROCDDIPA.DIP1 :         C1B6B0 C |  NAVPROCDDIPL :              C1B66C C |
 NAVPROCDDIPR :              C1B686 C |  NAVPROCDEVMODELR :          C1B6CC C |
 NAVPROCDEVMODELR.NODEVMODE :                                        C1B6E6 C |
 NAVPROCLEDL :               C1B6F8 C |  NAVPROCLEDL.LEDIDLE :       C1B708 C |
 NAVPROCLEDL.SUBOK :         C1B712 C |  NAVPROCLEDR :               C1B72A C |
 NAVPROCLEDR.ADDOK :         C1B746 C |  NAVPROCLEDR.LEDIDLE :       C1B73A C |
 NAVPROCLOADLR :             C1B77A C |  NAVPROCNULL :               C1B5E4 C |
 NAVPROCRSTCOUNTRY :         C1B61A C |  NAVPROCSFXLR :              C1B650 C |
 NAVPROCSSAVERLR :           C1B634 C | *NESTMAX :                      100 - |
 NEWSPRITEINITDATA :         C1D222 C |  NO_B :                      C1B41E C |
 NO_B.NO_A :                 C1B4D8 C |  NO_B.NO_DOWN :              C1B48A C |
 NO_B.NO_LEFT :              C1B4A4 C |  NO_B.NO_RIGHT :             C1B4BE C |
 NO_B.NO_UP :                C1B452 C |  OPCODE0 :                   C1D74E C |
 OPCODE0.DONE :              C1D758 C |  OPCODE1 :                   C1D75A C |
 OPCODE2 :                   C1D768 C |  OPCODE2.DONE :              C1D774 C |
 OPCODE3 :                   C1D776 C |  OPCODE3.DONE :              C1D790 C |
 OPCODE3.PROCESS :           C1D77E C | *ORANGE :                      6F70 - |
*PADDING :                        0 - |  PALETTEBUFFER :             11C24C C |
 PALETTES :                  400000 - |  PAL_SD_CARD :               C231CC C |
 PCERROR :                   11C186 C |  PLAYSFX :                   C19568 C |
 AS V1.42 Beta [Bld 311] - Source File main.asm - Page 182 - 9/11/2026 13:29:43


 PLAYSFX.NOSFX :             C19576 C |  POLLSTATUS :                11C1B6 C |
 PREVIGMCURSOR :             11C1BE C |  PROCESSCDDACMDS :           C0D6E6 - |
 PROCESSZ80CDDA :            C1D12A C |  PROGRESSBARCODEPTR :        11C80C - |
 PUPPETSTUFF :               C19002 C |  PUPPETSTUFF.DONE :          C1908A C |
 RAMENDA :                   10D07F C |  RAMENDB :                   11C29A C |
 RAMENDC :                   11E4E8 C |  RAMENDD :                   120000 C |
 RAMSTART :                  100000 - |  READCDDAFROMZ80END :        C0D5DE - |
*RED :                         4F00 - |  REFRESHDUMP :               C1E724 C |
 REFRESHDUMP.WRITEBLOCK :    C1E75C C |  REFRESHDUMP.WRITELINE :     C1E768 C |
 REFRESHFLAGS :              10D003 C |  REGIONPATCH :               C0D326 - |
*REG_BRDFIX :                3A000B - |  REG_CDCONFIG :              FF011C - |
 REG_CDDCTRL :               FF0165 - |  REG_CDDINPUT :              FF0161 - |
 REG_CDDOUTPUT :             FF0163 - | *REG_CDRST :                 FF0181 - |
 REG_CRDBANK :               380011 - |  REG_CRDNORMAL :             3A0019 - |
*REG_CRTFIX :                3A001B - |  REG_DIPSW :                 300001 - |
 REG_DISBLFIX :              FF0115 - |  REG_DISBLSPR :              FF0111 - |
 REG_ENVIDEO :               FF0119 - |  REG_IRQACK :                3C000C - |
 REG_LSPCMODE :              3C0006 - |  REG_NOSHADOW :              3A0001 - |
 REG_P1CNT :                 300000 - | *REG_P2CNT :                 340000 - |
*REG_PALBANK0 :              3A001F - | *REG_PALBANK1 :              3A000F - |
 REG_PCMBANK :               FF01A3 - | *REG_POUTPUT :               380001 - |
*REG_SHADOW :                3A0011 - | *REG_SLOT :                  380021 - |
 REG_SOUND :                 320000 - |  REG_SPRBANK :               FF01A1 - |
*REG_STATUS_A :              320001 - | *REG_STATUS_B :              380000 - |
 REG_SWPROM :                3A0013 - | *REG_TIMERHIGH :             3C0008 - |
*REG_TIMERLOW :              3C000A - | *REG_TIMERSTOP :             3C000E - |
 REG_TRANSAREA :             FF0105 - |  REG_UPLOAD_EN :             FF016F - |
 REG_UPMAPFIX :              FF0129 - |  REG_UPMAPPCM :              FF0123 - |
 REG_UPMAPSPR :              FF0121 - | *REG_UPMAPZ80 :              FF0127 - |
 REG_UPUNMAPFIX :            FF0149 - |  REG_UPUNMAPPCM :            FF0143 - |
 REG_UPUNMAPSPR :            FF0141 - | *REG_UPUNMAPZ80 :            FF0147 - |
 REG_VRAMADDR :              3C0000 - |  REG_VRAMMOD :               3C0004 - |
 REG_VRAMRW :                3C0002 - |  REG_Z80RST :                FF0183 - |
*RELAXED :                        0 - |  REQCDSECTOR :               C1CB6A C |
 REQCDSECTOR.LOCKUP :        C1CB86 C |  REQCDSECTOR.NOTIMEOUT :     C1CB88 C |
 RESETCONFIRM :              C1A896 C |  RESETCONFIRM.NO_A :         C1A8D6 C |
 RESETCONFIRM.TIMEOUT :      C1A8D0 C |  RESETCOUNTRY :              C1917A C |
 RESTOREFIXMAP :             C1E470 C |  RESTOREFIXMAP.COL :         C1E492 C |
 RESTOREFIXMAP.ROW :         C1E48E C |  RETRYCOUNTER :              10D072 C |
 RUNCHEATACTIONS :           C1D6FC C |  RUNCHEATACTIONS.ACTION :    C1D70A C |
 RUNCHEATACTIONS.DONE :      C1D738 C |  RUNDMADIRECT :              C1C7E6 C |
 RUNDMADIRECT.COPY2 :        C1C834 C |  RUNDMADIRECT.COPY32 :       C1C800 C |
 RUNDMADIRECT.EXIT :         C1C83A C |  RUNDMADIRECT.SKIP :         C1C82A C |
 SAVEFIXMAP :                C1E432 C |  SAVEFIXMAP.COL :            C1E448 C |
 SAVEFIXMAP.ROW :            C1E444 C |  SAVESETTINGS :              C1C46C C |
 SAVE_DATA1 :                800001 - |  SAVE_DATA2 :                800009 - |
 SCB1 :                           0 - |  SCB2 :                        8000 - |
 SCB3 :                        8200 - |  SCB4 :                        8400 - |
 SCREEN_ABOUT :                   C - |  SCREEN_IDLE :                    0 - |
 SCREEN_LOAD_SAVE :               9 - |  SCREEN_MAIN :                    1 - |
 SCREEN_MENU :                    7 - |  SCREEN_MSGBOX :                  F - |
 SCREEN_SETTINGS :                A - |  SCREEN_SSAVER :                  D - |
 SCREEN_STORE_SAVE :              8 - |  SCROLLTIMER :               10D015 C |
 SCROLLX :                   10D016 C |  SDIPADDENTRY :              C1D4EA C |
 SDIPADDR :                  11C1C2 C |  SDIPCOUNT :                 11C1C6 C |
 SDIPDECBYTE :               C1D570 C |  SDIPDECBYTE.DONE :          C1D576 C |
 SDIPDECTIME :               C1D578 C |  SDIPDECTIME.MZERO :         C1D58E C |
 SDIPDECTIME.SZERO :         C1D582 C |  SDIPDRAWCOUNT :             C1C3AE C |
 SDIPDRAWCOUNT.CLEARCHAR :   C1C3D6 C |  SDIPDRAWCOUNT.INFINITE :    C1C3FC C |
 SDIPDRAWCOUNT.WITHOUT :     C1C3E4 C |  SDIPDRAWNORMAL :            C1C394 C |
 AS V1.42 Beta [Bld 311] - Source File main.asm - Page 183 - 9/11/2026 13:29:43


 SDIPDRAWTIMER :             C1C414 C |  SDIPINCCOUNT :              C1D534 C |
 SDIPINCCOUNT.DONE :         C1D53C C |  SDIPINCNORMAL :             C1D510 C |
 SDIPINCNORMAL.DONE :        C1D532 C |  SDIPINCTIME :               C1D53E C |
 SDIPINCTIME.MMAX :          C1D560 C |  SDIPINCTIME.SMAX :          C1D54E C |
 SDIPITEMS :                 11C1C8 C |  SDIPPARSECOUNT :            C1D4F8 C |
 SDIPPARSETIME :             C1D4E0 C |  SDIPUNUSED :                C1D4F4 C |
 SECTORCOUNTER :               7688 - |  SECTORLOADBUFFER :            7EF8 - |
 SECTORLOADCOUNTER :           7DE2 - |  SECTORLOADDEST :              7EF4 - |
 SECTORLOADSIZE :              7EFC - |  SECTORREQDEST :               7EE2 - |
 SENDCDDNIBBLE :             C1D8AE C |  SENDCDDNIBBLE.ABORT :       C1D8E2 C |
 SETKBDVRAMADDR :            C1AE5E C |  SETKBDVRAMADDR.KBDZONE :    C1AE70 C |
 SETLEDSTARTUP :             C190D8 C |  SETLETTERCURSORX :          C1A3DE C |
 SETMCUCONFIG :              11C1B7 C |  SETSDIPVALUE :              C1D5D4 C |
 SETSDIPVALUE.TIME :         C1D5EC C |  SETSPRX :                   C1E416 C |
 SETSPRX.SET_X :             C1E422 C |  SETSPRY :                   C1E3F6 C |
 SETSPRY.SET_Y :             C1E402 C |  SETSPRZ :                   C1E3DA C |
 SETSPRZ.SET_Z :             C1E3E6 C |  SETTINGBOOTANIM :           11C191 C |
 SETTINGCOUNTRY :            11C18C C |  SETTINGLEDIDLE :            11C18E C |
 SETTINGLEDLOAD :            11C18F C |  SETTINGLOADANIM :           11C192 C |
 SETTINGSFX :                11C190 C |  SETTINGSNAVTABLE :          C1B506 C |
 SETTINGSSAVER :             11C18D C |  SETUPABOUT :                C1B7D6 C |
 SETUPABOUT.CLDATA :         C1B804 C |  SETUPABOUT.CLDATALP :       C1B80E C |
 SETUPABOUT.COPY :           C1B836 C |  SETUPABOUT.DONE :           C1B828 C |
 SETUPABOUT.NOERROR :        C1B87E C |  SETUPABOUT.NOTIMEOUT :      C1B816 C |
 SETUPBGSPRITES :            C19990 C |  SETUPBGSPRITES.BGDONE :     C19A1C C |
 SETUPBGSPRITES.DEFAULTBG :  C199D8 C |
 SETUPBGSPRITES.SETUP_C_MAP :                                        C199AC C |
 SETUPBGSPRITES.SETUP_C_TILES :                                      C199B6 C |
 SETUPBGSPRITES.SETUP_D_MAP :                                        C199EE C |
 SETUPBGSPRITES.SETUP_D_TILES :                                      C199F8 C |
 SETUPIGM :                  C1B8A4 C |  SETUPIGM.CLEAR :            C1B954 C |
 SETUPIGM.COPY :             C1B93C C |  SETUPIGM.SAVEFIX :          C1B920 C |
 SETUPIGM.WRITECHAR :        C1B9F4 C |  SETUPLOADSAVE :             C1AE84 C |
 SETUPLOADSAVE.CP :          C1AF1C C |  SETUPLOADSAVE.LISTFILES :   C1AF02 C |
 SETUPLOADSAVE.LISTLP :      C1AF4E C |  SETUPLOADSAVE.NOTIMEOUT :   C1AED6 C |
 SETUPLOADSAVE.SETUP_INTERFACE :                                     C1AF3A C |
 SETUPMAIN :                 C19EB6 C |  SETUPMAIN.ALREADYSET :      C1A0CC C |
 SETUPMAIN.CP :              C1A06E C |  SETUPMAIN.ENABLED :         C1A158 C |
 SETUPMAIN.INVALID :         C1A234 C |  SETUPMAIN.LISTFILES :       C1A048 C |
 SETUPMAIN.NOACTIVE :        C1A0DA C |  SETUPMAIN.NOCUSTOMBG :      C19FD8 C |
 SETUPMAIN.NOEXCEED :        C1A032 C |  SETUPMAIN.NOLETTERS :       C1A2BC C |
 SETUPMAIN.NOTIMEOUTA :      C19FC0 C |  SETUPMAIN.NOTIMEOUTC :      C1A00A C |
 SETUPMAIN.NOTLETTER :       C1A0C6 C |  SETUPMAIN.NOTLOADED :       C19FA4 C |
 SETUPMAIN.SETDONE :         C1A18E C |  SETUPMAIN.SETLETTERS :      C1A14C C |
 SETUPMAIN.SETLETTERSX :     C1A200 C |  SETUPMAIN.SETLETTERSY :     C1A1C6 C |
 SETUPMAIN.SETUPACTIVE :     C1A0AA C |  SETUPMAIN.SETUP_INTERFACE : C1A084 C |
 SETUPMAIN.SHORTNAME :       C1A066 C |  SETUPMENU :                 C1A8E0 C |
 SETUPSAVESMENU :            C1C56E C |  SETUPSETTINGS :             C1B0BA C |
 SETUPSSAVER :               C19D2A C |  SETUPSSAVER.CLRSPR :        C19D52 C |
 SETUPSSAVER.SETSPR :        C19D6A C |  SETUPSSAVER.SETVARS :       C19DC6 C |
 SETUPSTORESAVE :            C1AA70 C |  SFX_EXIT :                      45 - |
 SFX_MOVE :                      41 - |  SFX_NEG :                       43 - |
 SFX_POS :                       42 - |  SFX_VAL :                       44 - |
 SOFTDIPSPTRS :              C1BE3C C | *SOUND_STOP :                D00046 - |
 SPLASHINIT :                C1D15C C |  SPLASHINIT.NEWANIM :        C1D17C C |
 SPLASHLETTERCURVE :         C1D1AA C |  SPLASHLETTERCURVE.NEWANIM : C1D1BA C |
 SPLASHMAPSPRITE :           C1D1C2 C |  SPLASHMAPSPRITE.NSPR0 :     C1D1DA C |
 SPLASHSTARTCURVE :          C1D18E C |  SPLASHSTARTCURVE.NEWANIM :  C1D1A0 C |
 SPRITEDATAEND :             C74DB0 C |  SPRITEINITDATA :            C174C8 - |
 SPR_ARROW_L :                   3E - |  SPR_ARROW_R :                   3F - |
 AS V1.42 Beta [Bld 311] - Source File main.asm - Page 184 - 9/11/2026 13:29:43


 SPR_BG :                         1 - |  SPR_LETTERS :                   20 - |
 SPR_LETTER_CUR :                3C - |  SPR_LOGO :                      15 - |
 SSAVERTIMER :               10D050 C |  SSAVER_TIMEOUT :                1E - |
 SSAVER_VARS :               10D052 C |  STARTGAMECD :               C0F248 - |
 STOPCDDA :                  C1D0E6 C |  STORESAVES :                C1C584 C |
 STORESAVES.CMDOK :          C1C618 C |  STORESAVES.CP :             C1C5A6 C |
 STORESAVES.ERROR :          C1C612 C |  STORESAVES.LOOP :           C1C65C C |
 STORESAVES.NOCHECK :        C1C59A C |  STORESAVES.NOTIMEOUT :      C1C5D6 C |
 STORESAVES.NULLCHAR :       C1C5B0 C |
 STORESAVES.STOREFAILTIMEOUT :                                       C1C5D0 C |
 STORESDIPS :                C1D300 C |  STORESDIPS.CONVHEX :        C1D318 C |
 STORESDIPS.FAIL :           C1D3E2 C |  STORESDIPS.LOOP :           C1D3A4 C |
 STRCHEATS :                 C1EB36 C |  STRIGMITEMS :               C1EAF2 C |
 STRINFINITE :               C1EBFB C |  STRMSGBOXEXCEEDGAMES :      C1F494 C |
 STRMSGBOXINVALIDGAME :      C1F3E1 C |  STRMSGBOXNOUPDATE :         C1F429 C |
 STRMSGBOXRESETCONFIRM :     C1F0F5 C |  STRNOCHEATS :               C1EB4F C |
 STRNOSDIP :                 C1EBB6 C |  STRSDIP :                   C1EB8D C |
 STRWITHOUT :                C1EBF2 C | *SYSROM :                    C00000 - |
 SYSTEMIOCUSTOM :            C1D61A C |  SYSTEMIOCUSTOM.DONE :       C1D650 C |
 SYSTEMIOCUSTOM.RUNCHEATS :  C1D644 C |  SYSTEMIOCUSTOM.SSPRESS :    C1D652 C |
 SYSTEM_IO_WDKICK :          C1E840 C |  SYSTEM_IO_WDKICK.NO_DUMP :  C1E8F8 C |
 SYSTEM_IO_WDKICK.NO_VIEW :  C1E85E C |  SYSTEM_IO_WDKICK.SENDLOOP : C1E87C C |
 SYSTEM_IO_WDKICK.TIMEOUT :  C1E8F2 C | *SYS_CARD :                  C00468 - |
*SYS_CARD_ERROR :            C0046E - |  SYS_CDPLAYER :              C0055E - |
*SYS_CREDIT_CHECK :          C00450 - | *SYS_CREDIT_DOWN :           C00456 - |
*SYS_FIX_CLEAR :             C004C2 - | *SYS_HOWTOPLAY :             C00474 - |
 SYS_INT1 :                  C00438 - | *SYS_IO :                    C0044A - |
*SYS_LSP_1ST :               C004C8 - | *SYS_MESS_OUT :              C004CE - |
*SYS_READ_CALENDAR :         C0045C - | *SYS_RETURN :                C00444 - |
 TARGET :                         1 - |  TILE_CURSOR :                   58 - |
*TIME :                  "13:29:43" - |  TIMEOUTSTAGE :              11C1B5 C |
 TIMEOUT_ACK :                2F3FE - |  TIMEOUT_EXEC :               BD038 - |
 TOGGLETRAY :                C1D894 C |  TOGGLETRAY.CLOSETRAY :      C1D8A6 C |
 TOTALFILECOUNT :            10D004 C | *TRUE :                           1 - |
 UITEMP :                    10D014 C |  UPDATELOADANIM :            C192D6 C |
 UPDATELOADANIM.FAST :       C192FE C |  UPDATELOADANIM.SKIP :       C19304 C |
 UPLOADDMABYTES :            C1C83C C |  UPLOADDMABYTES.COPY :       C1C852 C |
 VBLCHEATACTIONS :           11C20B C |  VBLPROCABOUT :              C1B880 C |
 VBLPROCABOUT.NO_PRESS :     C1B8A2 C | *VBLPROCBEXIT :              C1954E C |
 VBLPROCBEXIT.NO_B :         C19566 C |  VBLPROCLOADSAVE :           C1AF70 C |
 VBLPROCLOADSAVE.NOFILES :   C1B032 C |
 VBLPROCLOADSAVE.NOREFRESH0 :                                        C1AF80 C |
 VBLPROCLOADSAVE.NOREFRESH_CUR :                                     C1AFDC C |
 VBLPROCLOADSAVE.NO_A :      C1B00E C |  VBLPROCLOADSAVE.NO_B :      C1B054 C |
 VBLPROCLOADSAVE.NO_C :      C1B032 C |  VBLPROCMAIN :               C1A4E0 C |
 VBLPROCMAIN.CANTMOVE :      C1A826 C |  VBLPROCMAIN.HIDECURSOR :    C1A532 C |
 VBLPROCMAIN.IDLE :          C1A894 C |  VBLPROCMAIN.LEFT :          C1A760 C |
 VBLPROCMAIN.LEFT_DONE :     C1A76E C |  VBLPROCMAIN.NOBGLOAD :      C1A72E C |
 VBLPROCMAIN.NOCARDEVENT :   C1A4F4 C |  VBLPROCMAIN.NOMSGBOX :      C1A62C C |
 VBLPROCMAIN.NOREDRAW :      C1A5B2 C |  VBLPROCMAIN.NOREFRESH0 :    C1A514 C |
 VBLPROCMAIN.NOREFRESH1 :    C1A548 C |  VBLPROCMAIN.NOREFRESH_CUR : C1A5BA C |
 VBLPROCMAIN.NOSCROLL :      C1A710 C |  VBLPROCMAIN.NOSCROLLING :   C1A60E C |
*VBLPROCMAIN.NOTIMEOUT :     C1A884 C |  VBLPROCMAIN.NO_A :          C1A826 C |
 VBLPROCMAIN.NO_B :          C1A83E C |  VBLPROCMAIN.NO_C :          C1A860 C |
 VBLPROCMAIN.NO_D :          C1A884 C |  VBLPROCMAIN.NO_LEFT :       C1A77E C |
 VBLPROCMAIN.NO_RIGHT :      C1A7D2 C |  VBLPROCMAIN.READDATA :      C1A6B6 C |
 VBLPROCMAIN.RIGHT :         C1A7B4 C |  VBLPROCMAIN.RIGHT_DONE :    C1A7C2 C |
 VBLPROCMAIN.SCROLL :        C1A6D6 C |  VBLPROCMAIN.SCROLLING :     C1A716 C |
 VBLPROCMAIN.STREND :        C1A606 C |  VBLPROCMAIN.WRITE :         C1A5F6 C |
 VBLPROCMENU :               C1A93E C |  VBLPROCMENU.NOREFRESH_CUR : C1A996 C |
 AS V1.42 Beta [Bld 311] - Source File main.asm - Page 185 - 9/11/2026 13:29:43


 VBLPROCMENU.NO_A :          C1AA34 C |  VBLPROCMENU.NO_B :          C1AA56 C |
 VBLPROCMENU.NO_DOWN :       C1AA02 C |  VBLPROCMENU.NO_UP :         C1A9CA C |
 VBLPROCMSGBOX :             C197EA C |  VBLPROCMSGBOX.NOLOADING :   C1980A C |
 VBLPROCMSGBOX.NO_PUSH :     C19810 C |  VBLPROCNOTHING :            C19546 C |
 VBLPROCSETTINGS :           C1B148 C |  VBLPROCSETTINGS.BIT :       C1B1C0 C |
 VBLPROCSETTINGS.DISABLEDA : C1B29A C |  VBLPROCSETTINGS.DISABLEDB : C1B2D4 C |
 VBLPROCSETTINGS.DISABLEDC : C1B368 C |
 VBLPROCSETTINGS.DRAWBITVALUES :                                     C1B1BE C |
 VBLPROCSETTINGS.FAST :      C1B3C4 C |  VBLPROCSETTINGS.NEW :       C1B3A2 C |
 VBLPROCSETTINGS.NOREFRESH_ANIM :                                    C1B3D6 C |
 VBLPROCSETTINGS.NOREFRESH_COUNTRY :                                 C1B216 C |
 VBLPROCSETTINGS.NOREFRESH_CUR :                                     C1B27C C |
 VBLPROCSETTINGS.NOREFRESH_DEVMODE :                                 C1B2AC C |
 VBLPROCSETTINGS.NOREFRESH_DIPS :                                    C1B1D6 C |
 VBLPROCSETTINGS.NOREFRESH_LED :                                     C1B340 C |
 VBLPROCSETTINGS.NOREFRESH_SFX :                                     C1B37A C |
 VBLPROCSETTINGS.NOREFRESH_SSAVER :                                  C1B2E6 C |
 VBLPROCSETTINGS.ZERO :      C1B1CC C |  VBLPROCSSAVER :             C19E00 C |
 VBLPROCSSAVER.ANIM :        C19E4C C |  VBLPROCSSAVER.NO_EXIT :     C19EB4 C |
 VBLPROCSSAVER.NO_HIT_BOTTOM :                                       C19E82 C |
 VBLPROCSSAVER.NO_HIT_LEFT : C19E78 C |
 VBLPROCSSAVER.NO_HIT_RIGHT :                                        C19E6E C |
 VBLPROCSSAVER.NO_HIT_TOP :  C19E8C C |  VBLPROCSSAVER.SETSPRXY :    C19E0A C |
 VBLPROCSTORESAVE :          C1AAE8 C |  VBLPROCSTORESAVE.EXIT :     C1AD30 C |
 VBLPROCSTORESAVE.KBD_A :    C1AD40 C |
 VBLPROCSTORESAVE.LOWERCASE :                                        C1AD74 C |
 VBLPROCSTORESAVE.NOREFRESH_CUR :                                    C1AB76 C |
 VBLPROCSTORESAVE.NOREFRESH_FILENAME :                               C1ABD8 C |
 VBLPROCSTORESAVE.NOREFRESH_KBD :                                    C1AB12 C |
 VBLPROCSTORESAVE.NO_A :     C1AD98 C |  VBLPROCSTORESAVE.NO_B :     C1ADD4 C |
 VBLPROCSTORESAVE.NO_C :     C1ADF6 C |  VBLPROCSTORESAVE.NO_DOWN :  C1AC60 C |
 VBLPROCSTORESAVE.NO_LAST :  C1AC48 C |  VBLPROCSTORESAVE.NO_LAST2 : C1AC8E C |
 VBLPROCSTORESAVE.NO_LAST3 : C1ACD4 C |  VBLPROCSTORESAVE.NO_LAST4 : C1ACE8 C |
 VBLPROCSTORESAVE.NO_LEFT :  C1ACA6 C |  VBLPROCSTORESAVE.NO_RIGHT : C1ACEE C |
 VBLPROCSTORESAVE.NO_UP :    C1AC12 C |  VBLPROCSTORESAVE.NO_ZERO :  C1AC0C C |
 VBLPROCSTORESAVE.NO_ZERO2 : C1ACA0 C |
 VBLPROCSTORESAVE.STORESAVES :                                       C1AD28 C |
 VBLVECTORCOPY :             11C296 C | *VERSION :                     142F - |
 VERSION_MAJ :                    0 - |  VERSION_MIN :                   63 - |
 WAITCDCKHIGH :              C1D906 C |  WAITCDCKHIGH.OK :           C1D922 C |
 WAITCDCKHIGH.POLL :         C1D90C C |  WAITCDCKLOW :               C1D8E4 C |
 WAITCDCKLOW.OK :            C1D900 C |  WAITCDCKLOW.POLL :          C1D8EA C |
 WAITVBL :                   C1E4CE C |  WHITE :                       7FFF - |
 WRITEBYTE :                 C1E6FA C |  WRITEBYTE.DECI :            C1E718 C |
 WRITEBYTE.WRITEBYTE :       C1E700 C |  WRITEFIX :                  C1E528 C |
 WRITEFIX.CHANGEPAL :        C1E5A8 C |  WRITEFIX.DECI :             C1E624 C |
 WRITEFIX.DECI2 :            C1E65E C |  WRITEFIX.NOESCAPE :         C1E56A C |
 WRITEFIX.PICTO :            C1E5B8 C |  WRITEFIX.RELOC :            C1E5E6 C |
 WRITEFIX.RESTOREPAL :       C1E5A0 C |  WRITEFIX.SPECIAL :          C1E578 C |
 WRITEFIX.STREND :           C1E59A C |  WRITEFIX.VALUEBYTE :        C1E636 C |
 WRITEFIX.VALUELONG :        C1E5FA C |  WRITEFIX.WRITE :            C1E54C C |
 WRITEFIX.WRITEBYTE :        C1E64C C |  WRITEFIX.WRITELONG :        C1E612 C |
 WRITEFIXDICT :              C1E690 C |  WRITEFIXDICT.AWRITE :       C1E6C6 C |
 WRITEFIXDICT.CHAR :         C1E6D6 C |  WRITEFIXDICT.DONE :         C1E6F4 C |
 WRITEFIXDICT.PAD :          C1E6E4 C |  WRITEFIXDICT.STREND :       C1E6E0 C |
 WRITEFIXDICT.WRITE :        C1E6B0 C |  YELLOW :                      6FF0 - |

   1120 symbols
    119 unused symbols

 AS V1.42 Beta [Bld 311] - Source File main.asm - Page 186 - 9/11/2026 13:29:43


 AS V1.42 Beta [Bld 311] - Source File main.asm - Page 187 - 9/11/2026 13:29:43


  Defined Macros:
  ---------------

DIIRQ                                 | ENDIAN_CHG_L                         
ENIRQ                                 | MCUCMD                               
TESTCHANGE                            | TESTREPEAT                           

      6 macros

 AS V1.42 Beta [Bld 311] - Source File main.asm - Page 188 - 9/11/2026 13:29:43


  Defined Structures/Unions:
  --------------------------

FILEENTRY
  0      (I16) INDEX
  2      (I8) FILENAME
 1C      (I8) RESERVED
1 structure
 AS V1.42 Beta [Bld 311] - Source File main.asm - Page 189 - 9/11/2026 13:29:43


  Defined Functions:
  ------------------

FIXPOS                                |

 AS V1.42 Beta [Bld 311] - Source File main.asm - Page 190 - 9/11/2026 13:29:43


  Code Pages:
  ----------

STANDARD (0 changed characters)

1 code page

0.37 seconds assembly time

   9591 lines source file
  10102 lines incl. macro expansions
      5 passes
      0 errors
      2 warnings
