 AS V1.42 Beta [Bld 311] - Source File main.asm - Page 1 - 9/11/2026 23:43:16


       1/       0 :                     ; Copyright (C) 2020 Sean Gonsalves
       2/       0 :                     ;
       3/       0 :                     ; Neo CD SD Loader system ROM patch
       4/       0 :                     ; This file is part of Neo CD SD Loader.
       5/       0 :                     ;
       6/       0 :                     ; This program is free software; you can redistribute it and/or modify
       7/       0 :                     ; it under the terms of the GNU General Public License as published by
       8/       0 :                     ; the Free Software Foundation; either version 2, or (at your option)
       9/       0 :                     ; any later version.
      10/       0 :                     ;
      11/       0 :                     ; This program is distributed in the hope that it will be useful,
      12/       0 :                     ; but WITHOUT ANY WARRANTY; without even the implied warranty of
      13/       0 :                     ; MERCHANTABILITY or FITNESS FOR A PARTICULAR PURPOSE.  See the
      14/       0 :                     ; GNU General Public License for more details.
      15/       0 :                     ;
      16/       0 :                     ; You should have received a copy of the GNU General Public License
      17/       0 :                     ; along with this program; see the file COPYING.  If not, write to
      18/       0 :                     ; the Free Software Foundation, Inc., 51 Franklin Street,
      19/       0 :                     ; Boston, MA 02110-1301, USA.
      20/       0 :                     
      21/       0 :                     ; For FRONT, TOP-SP1, TOP-SP1-2 and TOP-SP1-3
      22/       0 :                     
      23/       0 :                         cpu 68000
      24/       0 :                         supmode on
      25/       0 :                     
      26/       0 :                     ;MAMEDEBUG equ 1        ; Uncomment to assemble for MAME debugging
      27/       0 :                     ;DEBUGBUILD equ 1		; Uncomment to enable debug messages
      28/       0 :                     ;LOADTEST equ 1		    ; Uncomment to enable CD data load with B press
      29/       0 :                     
      30/       0 : =>DEFINED               IFNDEF TARGET
      31/       0 :                             ERROR "TARGET is undefined"
      32/       0 : [30]                    ENDIF
      33/       0 :                     
      34/       0 :                         INCLUDE "defs.asm"
(1)    1/       0 :                     ; Copyright (C) 2020 Sean Gonsalves
(1)    2/       0 :                     ;
(1)    3/       0 :                     ; This file is part of Neo CD SD Loader.
(1)    4/       0 :                     ;
(1)    5/       0 :                     ; This program is free software; you can redistribute it and/or modify
(1)    6/       0 :                     ; it under the terms of the GNU General Public License as published by
(1)    7/       0 :                     ; the Free Software Foundation; either version 2, or (at your option)
(1)    8/       0 :                     ; any later version.
(1)    9/       0 :                     ;
(1)   10/       0 :                     ; This program is distributed in the hope that it will be useful,
(1)   11/       0 :                     ; but WITHOUT ANY WARRANTY; without even the implied warranty of
(1)   12/       0 :                     ; MERCHANTABILITY or FITNESS FOR A PARTICULAR PURPOSE.  See the
(1)   13/       0 :                     ; GNU General Public License for more details.
(1)   14/       0 :                     ;
(1)   15/       0 :                     ; You should have received a copy of the GNU General Public License
(1)   16/       0 :                     ; along with this program; see the file COPYING.  If not, write to
(1)   17/       0 :                     ; the Free Software Foundation, Inc., 51 Franklin Street,
(1)   18/       0 :                     ; Boston, MA 02110-1301, USA.
(1)   19/       0 :                     
(1)   20/       0 :                     ; Hard DIPs:
(1)   21/       0 : =$0                 DIPSW_SETTINGS  equ 0   ; Settings mode
(1)   22/       0 : =$1                 DIPSW_CHUTES    equ 1   ; Number of coin chutes
(1)   23/       0 : =$2                 DIPSW_CTRL      equ 2   ; Mahjong controller enable
(1)   24/       0 : =$3                 DIPSW_ID0       equ 3   ; Multiplayer ID
(1)   25/       0 : =$4                 DIPSW_ID1       equ 4   ; Multiplayer ID
(1)   26/       0 : =$5                 DIPSW_MULTI     equ 5   ; Multiplayer enable
 AS V1.42 Beta [Bld 311] - Source File main.asm(defs.asm) - Page 2 - 9/11/2026 23:43:16


(1)   27/       0 : =$6                 DIPSW_FREEPLAY  equ 6   ; Freeplay enable
(1)   28/       0 : =$7                 DIPSW_FREEZE    equ 7   ; Freeze frame
(1)   29/       0 :                     
(1)   30/       0 :                     ; Header values
(1)   31/       0 : =$108               HEADER_NGH        equ $108      ; Game's NGH
(1)   32/       0 : =$116               HEADER_SDIPS_JP   equ $116      ; JP soft DIPs layout
(1)   33/       0 : =$11A               HEADER_SDIPS_US   equ $11A      ; US soft DIPs layout
(1)   34/       0 : =$11E               HEADER_SDIPS_EU   equ $11E      ; EU soft DIPs layout
(1)   35/       0 :                     
(1)   36/       0 :                     ; VRAM zones:
(1)   37/       0 : =$0                 SCB1            equ $0000   ; Sprite tilemaps
(1)   38/       0 : =$7000              FIXMAP          equ $7000   ; Fix tilemap
(1)   39/       0 : =$8000              SCB2            equ $8000   ; Sprite shrink values
(1)   40/       0 : =$8200              SCB3            equ $8200   ; Sprite Y positions, heights and flags
(1)   41/       0 : =$8400              SCB4            equ $8400   ; Sprite X positions
(1)   42/       0 :                     
(1)   43/       0 :                     ; Basic colors:
(1)   44/       0 : =$8000              BLACK           equ $8000
(1)   45/       0 : =$4700              MIDRED          equ $4700
(1)   46/       0 : =$4F00              RED             equ $4F00
(1)   47/       0 : =$2070              MIDGREEN        equ $2070
(1)   48/       0 : =$20F0              GREEN           equ $20F0
(1)   49/       0 : =$1007              MIDBLUE         equ $1007
(1)   50/       0 : =$100F              BLUE            equ $100F
(1)   51/       0 : =$6770              MIDYELLOW       equ $6770
(1)   52/       0 : =$6FF0              YELLOW          equ $6FF0
(1)   53/       0 : =$5707              MIDMAGENTA      equ $5707
(1)   54/       0 : =$5F0F              MAGENTA         equ $5F0F
(1)   55/       0 : =$3077              MIDCYAN         equ $3077
(1)   56/       0 : =$30FF              CYAN            equ $30FF
(1)   57/       0 : =$6F70              ORANGE          equ $6F70
(1)   58/       0 : =$7777              MIDGREY         equ $7777
(1)   59/       0 : =$7FFF              WHITE           equ $7FFF
(1)   60/       0 :                     
(1)   61/       0 :                     ; Memory zones:
(1)   62/       0 : =$100000            RAMSTART        equ $100000   ; 68k work RAM
(1)   63/       0 : =$400000            PALETTES        equ $400000   ; Palette RAM
(1)   64/       0 : =$401FFE            BACKDROP        equ PALETTES+(16*2*256)-2
(1)   65/       0 : =$800000            MEMCARD         equ $800000   ; Memory card
(1)   66/       0 : =$C00000            SYSROM          equ $C00000   ; System ROM
(1)   67/       0 :                     
(1)   68/       0 :                     ; Registers:
(1)   69/       0 : =$300000            REG_P1CNT       equ $300000
(1)   70/       0 : =$300001            REG_DIPSW       equ $300001   ; Dipswitches/Watchdog
(1)   71/       0 : =$320000            REG_SOUND       equ $320000   ; Z80 I/O
(1)   72/       0 : =$320001            REG_STATUS_A    equ $320001
(1)   73/       0 : =$340000            REG_P2CNT       equ $340000
(1)   74/       0 : =$380000            REG_STATUS_B    equ $380000
(1)   75/       0 : =$380001            REG_POUTPUT     equ $380001   ; Joypad port outputs
(1)   76/       0 : =$380011            REG_CRDBANK     equ $380011
(1)   77/       0 : =$380021            REG_SLOT        equ $380021   ; Slot select
(1)   78/       0 :                     
(1)   79/       0 : =$3A0001            REG_NOSHADOW    equ $3A0001   ; Video output normal/dark
(1)   80/       0 : =$3A0011            REG_SHADOW      equ $3A0011
(1)   81/       0 : =$3A0013            REG_SWPROM      equ $3A0013
(1)   82/       0 : =$3A0019            REG_CRDNORMAL   equ $3A0019
(1)   83/       0 : =$3A000B            REG_BRDFIX      equ $3A000B   ; Use embedded fix tileset
(1)   84/       0 : =$3A001B            REG_CRTFIX      equ $3A001B   ; Use game fix tileset
(1)   85/       0 : =$3A000F            REG_PALBANK1    equ $3A000F   ; Use palette bank 1
(1)   86/       0 : =$3A001F            REG_PALBANK0    equ $3A001F   ; Use palette bank 0 (default)
 AS V1.42 Beta [Bld 311] - Source File main.asm(defs.asm) - Page 3 - 9/11/2026 23:43:16


(1)   87/       0 :                     
(1)   88/       0 : =$3C0000            REG_VRAMADDR    equ $3C0000
(1)   89/       0 : =$3C0002            REG_VRAMRW      equ $3C0002
(1)   90/       0 : =$3C0004            REG_VRAMMOD     equ $3C0004
(1)   91/       0 : =$3C0006            REG_LSPCMODE    equ $3C0006
(1)   92/       0 : =$3C0008            REG_TIMERHIGH   equ $3C0008
(1)   93/       0 : =$3C000A            REG_TIMERLOW    equ $3C000A
(1)   94/       0 : =$3C000C            REG_IRQACK      equ $3C000C
(1)   95/       0 : =$3C000E            REG_TIMERSTOP   equ $3C000E
(1)   96/       0 :                     
(1)   97/       0 : =$FF0105            REG_TRANSAREA   equ $FF0105
(1)   98/       0 : =$FF0111            REG_DISBLSPR	equ $FF0111
(1)   99/       0 : =$FF0115            REG_DISBLFIX	equ $FF0115
(1)  100/       0 : =$FF0119            REG_ENVIDEO		equ $FF0119
(1)  101/       0 : =$FF011C            REG_CDCONFIG    equ $FF011C
(1)  102/       0 : =$FF0121            REG_UPMAPSPR    equ $FF0121
(1)  103/       0 : =$FF0123            REG_UPMAPPCM    equ $FF0123
(1)  104/       0 : =$FF0127            REG_UPMAPZ80    equ $FF0127
(1)  105/       0 : =$FF0129            REG_UPMAPFIX    equ $FF0129
(1)  106/       0 : =$FF0141            REG_UPUNMAPSPR  equ $FF0141
(1)  107/       0 : =$FF0143            REG_UPUNMAPPCM  equ $FF0143
(1)  108/       0 : =$FF0147            REG_UPUNMAPZ80  equ $FF0147
(1)  109/       0 : =$FF0149            REG_UPUNMAPFIX  equ $FF0149
(1)  110/       0 : =$FF0161            REG_CDDINPUT    equ $FF0161
(1)  111/       0 : =$FF0163            REG_CDDOUTPUT   equ $FF0163
(1)  112/       0 : =$FF0165            REG_CDDCTRL     equ $FF0165
(1)  113/       0 : =$FF016F            REG_UPLOAD_EN   equ $FF016F
(1)  114/       0 : =$FF0181            REG_CDRST       equ $FF0181
(1)  115/       0 : =$FF0183            REG_Z80RST      equ $FF0183
(1)  116/       0 : =$FF01A1            REG_SPRBANK     equ $FF01A1
(1)  117/       0 : =$FF01A3            REG_PCMBANK     equ $FF01A3
(1)  118/       0 :                     
(1)  119/       0 :                     ; System ROM calls:
(1)  120/       0 : =$C00438            SYS_INT1          equ $C00438
(1)  121/       0 : =$C00444            SYS_RETURN        equ $C00444
(1)  122/       0 : =$C0044A            SYS_IO            equ $C0044A
(1)  123/       0 : =$C00450            SYS_CREDIT_CHECK  equ $C00450
(1)  124/       0 : =$C00456            SYS_CREDIT_DOWN   equ $C00456
(1)  125/       0 : =$C0045C            SYS_READ_CALENDAR equ $C0045C   ; MVS only
(1)  126/       0 : =$C00468            SYS_CARD          equ $C00468
(1)  127/       0 : =$C0046E            SYS_CARD_ERROR    equ $C0046E
(1)  128/       0 : =$C00474            SYS_HOWTOPLAY     equ $C00474   ; MVS only
(1)  129/       0 : =$C004C2            SYS_FIX_CLEAR     equ $C004C2
(1)  130/       0 : =$C004C8            SYS_LSP_1ST       equ $C004C8   ; Clear sprites
(1)  131/       0 : =$C004CE            SYS_MESS_OUT      equ $C004CE
(1)  132/       0 : =$C0055E            SYS_CDPLAYER      equ $C0055E
(1)  133/       0 :                     
(1)  134/       0 :                     ; RAM locations:
(1)  135/       0 : =$10FD80            BIOS_SYSTEM_MODE  equ $10FD80
(1)  136/       0 : =$10FD82            BIOS_MVS_FLAG     equ $10FD82
(1)  137/       0 : =$10FD83            BIOS_COUNTRY_CODE equ $10FD83
(1)  138/       0 : =$10FD84            BIOS_GAME_DIP     equ $10FD84   ; Start of soft DIPs settings (up to $10FD93)
(1)  139/       0 :                     
(1)  140/       0 :                     ; Set by SYS_IO:
(1)  141/       0 : =$10FD94            BIOS_P1STATUS   equ $10FD94
(1)  142/       0 : =$10FD95            BIOS_P1PREVIOUS equ $10FD95
(1)  143/       0 : =$10FD96            BIOS_P1CURRENT  equ $10FD96
(1)  144/       0 : =$10FD97            BIOS_P1CHANGE   equ $10FD97
(1)  145/       0 : =$10FD98            BIOS_P1REPEAT   equ $10FD98
(1)  146/       0 : =$10FD99            BIOS_P1TIMER    equ $10FD99
 AS V1.42 Beta [Bld 311] - Source File main.asm(defs.asm) - Page 4 - 9/11/2026 23:43:16


(1)  147/       0 :                     
(1)  148/       0 : =$10FD9A            BIOS_P2STATUS   equ $10FD9A
(1)  149/       0 : =$10FD9B            BIOS_P2PREVIOUS equ $10FD9B
(1)  150/       0 : =$10FD9C            BIOS_P2CURRENT  equ $10FD9C
(1)  151/       0 : =$10FD9D            BIOS_P2CHANGE   equ $10FD9D
(1)  152/       0 : =$10FD9E            BIOS_P2REPEAT   equ $10FD9E
(1)  153/       0 : =$10FD99            BIOS_P2TIMER    equ $10FD99
(1)  154/       0 :                     
(1)  155/       0 : =$10FDAC            BIOS_STATCURNT    equ $10FDAC
(1)  156/       0 : =$10FDAD            BIOS_STATCHANGE   equ $10FDAD
(1)  157/       0 : =$10FDAE            BIOS_USER_REQUEST equ $10FDAE
(1)  158/       0 : =$10FDAF            BIOS_USER_MODE    equ $10FDAF
(1)  159/       0 : =$10FDB4            BIOS_START_FLAG   equ $10FDB4
(1)  160/       0 : =$10FDBE            BIOS_MESS_POINT   equ $10FDBE
(1)  161/       0 : =$10FDC2            BIOS_MESS_BUSY    equ $10FDC2
(1)  162/       0 :                     
(1)  163/       0 :                     ; Memory card:
(1)  164/       0 : =$10FDC4            BIOS_CRDF       equ $10FDC4   ; Byte: function to perform when calling BIOSF_CRDACCESS
(1)  165/       0 : =$10FDC6            BIOS_CRDRESULT  equ $10FDC6   ; Byte: 00 on success, else 80+ and encodes the error
(1)  166/       0 : =$10FDC8            BIOS_CRDPTR     equ $10FDC8   ; Longword: pointer to read from/write to
(1)  167/       0 : =$10FDCC            BIOS_CRDSIZE    equ $10FDCC   ; Word: how much data to read/write from/to card
(1)  168/       0 : =$10FDCE            BIOS_CRDNGH     equ $10FDCE   ; Word: usually game NGH. Unique identifier for the game that owns the save file
(1)  169/       0 : =$10FDD0            BIOS_CRDFILE    equ $10FDD0   ; Word: each NGH has up to 16 save files associated with
(1)  170/       0 :                     
(1)  171/       0 :                     ; Calendar, MVS only (in BCD):
(1)  172/       0 : =$10FDD2            BIOS_YEAR       equ $10FDD2   ; Last 2 digits of year
(1)  173/       0 : =$10FDD3            BIOS_MONTH      equ $10FDD3
(1)  174/       0 : =$10FDD4            BIOS_DAY        equ $10FDD4
(1)  175/       0 : =$10FDD5            BIOS_WEEKDAY    equ $10FDD5   ; Sunday = 0, Monday = 1 ... Saturday = 6
(1)  176/       0 : =$10FDD6            BIOS_HOUR       equ $10FDD6   ; 24 hour time
(1)  177/       0 : =$10FDD7            BIOS_MINUTE     equ $10FDD7
(1)  178/       0 : =$10FDD8            BIOS_SECOND     equ $10FDD8
(1)  179/       0 :                     
(1)  180/       0 : =$10FDDA            BIOS_SELECT_TIMER equ $10FDDA ; Byte: game start countdown
(1)  181/       0 : =$10FE80            BIOS_DEVMODE      equ $10FE80 ; Byte: non-zero for developer mode
(1)  182/       0 :                     
(1)  183/       0 :                     ; Upload system ROM call:
(1)  184/       0 : =$10FEF4            BIOS_UPDEST     equ $10FEF4   ; Longword
(1)  185/       0 : =$10FEF8            BIOS_UPSRC      equ $10FEF8   ; Longword
(1)  186/       0 : =$10FEFC            BIOS_UPSIZE     equ $10FEFC   ; Longword
(1)  187/       0 : =$10FEDA            BIOS_UPZONE     equ $10FEDA   ; Byte: zone (0=PRG, 1=FIX, 2=SPR, 3=Z80, 4=PCM, 5=PAT)
(1)  188/       0 : =$10FEDB            BIOS_UPBANK     equ $10FEDB   ; Byte: bank
(1)  189/       0 :                     
(1)  190/       0 : =$D00046            SOUND_STOP      equ $D00046
(1)  191/       0 :                     
(1)  192/       0 :                     ; Inputs:
(1)  193/       0 : =$0                 CNT_UP	        equ 0
(1)  194/       0 : =$1                 CNT_DOWN		equ 1
(1)  195/       0 : =$2                 CNT_LEFT		equ 2
(1)  196/       0 : =$3                 CNT_RIGHT		equ 3
(1)  197/       0 : =$4                 CNT_A	        equ 4
(1)  198/       0 : =$5                 CNT_B	        equ 5
(1)  199/       0 : =$6                 CNT_C	        equ 6
(1)  200/       0 : =$7                 CNT_D	        equ 7
(1)  201/       0 : =$0                 CNT_START1      equ 0
(1)  202/       0 : =$1                 CNT_SELECT1     equ 1
(1)  203/       0 : =$2                 CNT_START2      equ 2
(1)  204/       0 : =$3                 CNT_SELECT2     equ 3
(1)  205/       0 :                     
      35/       0 :                     	INCLUDE "equ.asm"
 AS V1.42 Beta [Bld 311] - Source File main.asm(equ.asm) - Page 5 - 9/11/2026 23:43:16


(1)    1/       0 :                     ; Copyright (C) 2020 Sean Gonsalves
(1)    2/       0 :                     ;
(1)    3/       0 :                     ; This file is part of Neo CD SD Loader.
(1)    4/       0 :                     ;
(1)    5/       0 :                     ; This program is free software; you can redistribute it and/or modify
(1)    6/       0 :                     ; it under the terms of the GNU General Public License as published by
(1)    7/       0 :                     ; the Free Software Foundation; either version 2, or (at your option)
(1)    8/       0 :                     ; any later version.
(1)    9/       0 :                     ;
(1)   10/       0 :                     ; This program is distributed in the hope that it will be useful,
(1)   11/       0 :                     ; but WITHOUT ANY WARRANTY; without even the implied warranty of
(1)   12/       0 :                     ; MERCHANTABILITY or FITNESS FOR A PARTICULAR PURPOSE.  See the
(1)   13/       0 :                     ; GNU General Public License for more details.
(1)   14/       0 :                     ;
(1)   15/       0 :                     ; You should have received a copy of the GNU General Public License
(1)   16/       0 :                     ; along with this program; see the file COPYING.  If not, write to
(1)   17/       0 :                     ; the Free Software Foundation, Inc., 51 Franklin Street,
(1)   18/       0 :                     ; Boston, MA 02110-1301, USA.
(1)   19/       0 :                     
(1)   20/       0 : =$0                 VERSION_MAJ     equ 0
(1)   21/       0 : =$C                 VERSION_MIN     equ 12  ; NSDL0012
(1)   22/       0 :                     ; \{symbol} in strings.asm inserts a symbol's value as a single hex digit
(1)   23/       0 :                     ; character (correct for 0-9, but 10-15 come out as A-F) - split MIN into
(1)   24/       0 :                     ; two decimal digits so "Menu: V0.xx" displays properly for values >= 10.
(1)   25/       0 : =$1                 VERSION_MIN_TENS equ VERSION_MIN/10
(1)   26/       0 : =$2                 VERSION_MIN_ONES equ VERSION_MIN-(VERSION_MIN_TENS*10)
(1)   27/       0 :                     
(1)   28/       0 : =$1E                SSAVER_TIMEOUT  equ 30
(1)   29/       0 :                     
(1)   30/       0 : =$110804            FixMapBuffer    equ $110804 ; "FixSaveBuffer"
(1)   31/       0 :                     
(1)   32/       0 :                     ; HW registers:
(1)   33/       0 : =$C1E000            CPLDREG_DATA    equ $C1E000
(1)   34/       0 : =$C1E100            CPLDREG_EXEC    equ $C1E100
(1)   35/       0 : =$C1E200            CPLDREG_STAT    equ $C1E200
(1)   36/       0 :                     
(1)   37/       0 : =$FF                BG_CODE         equ 255
(1)   38/       0 : =$FE                EXCEED_CODE     equ 254
(1)   39/       0 :                     
(1)   40/       0 : =$111204            CDSectorBuffer  equ $111204
(1)   41/       0 : =$800               CD_SECTOR_SIZE  equ 2048
(1)   42/       0 :                     
(1)   43/       0 : =$800001            SAVE_DATA1      equ MEMCARD+1         ; See doc.odt for format
(1)   44/       0 : =$800009            SAVE_DATA2      equ MEMCARD+9         ; See doc.odt for format (3, 5, 7 locations are used by CD bios)
(1)   45/       0 :                     
(1)   46/       0 : =$C8                MAX_FILES       equ 200               ; Total max, 97 officially released games
(1)   47/       0 : =$C8                MAX_MENU_LIST	equ	MAX_FILES         ; Max entries for currently select letter
(1)   48/       0 :                     ; With the logo/version footer gone from the top of the screen (see the
(1)   49/       0 :                     ; main-menu redesign), rows 0-10 used to sit unused above the list - start
(1)   50/       0 :                     ; higher and show more of the list at once instead of wasting that space.
(1)   51/       0 :                     ; Row 2 overflowed into CRT overscan (first row or two got clipped off the
(1)   52/       0 :                     ; top of the picture on real hardware) - row 4 stays clear of that while
(1)   53/       0 :                     ; still reclaiming most of the space. Footer sits at fix row 26, so the
(1)   54/       0 :                     ; list must end by row 24 at the latest to leave it some breathing room.
(1)   55/       0 : =$4                 LIST_START_ROW  equ 4                 ; Fix row (y) the list starts at
(1)   56/       0 : =$14                MAX_MENU_LINES  equ 20                ; Max lines displayed at once (rows 4-23)
(1)   57/       0 : =$1A                MAX_FILENAME    equ 25+1              ; Max length of file name, null included
(1)   58/       0 :                     
(1)   59/       0 :                     ; Cover-art box (right side of the main menu screen): fixed square, centered
(1)   60/       0 :                     ; vertically. Independent from MAX_FILENAME above (that's the storage format
 AS V1.42 Beta [Bld 311] - Source File main.asm(equ.asm) - Page 6 - 9/11/2026 23:43:16


(1)   61/       0 :                     ; from the MCU); this is just how many chars of it are actually drawn per
(1)   62/       0 :                     ; row so the list column doesn't run under the cover box.
(1)   63/       0 : =$12                LIST_NAME_WIDTH equ 18                ; Visible chars per row (name scrolls to reveal the rest)
(1)   64/       0 :                     ; Shifted 1 column left from the original 1/2 - the rightmost character of
(1)   65/       0 :                     ; each row was getting clipped by CRT horizontal overscan.
(1)   66/       0 : =$0                 LIST_CURSOR_COL equ 0                 ; Fix column (x) for the cursor arrow
(1)   67/       0 : =$1                 LIST_NAME_COL   equ 1                 ; Fix column (x) for the file name text
(1)   68/       0 :                     
(1)   69/       0 :                     ; Cover-art box geometry, in 16px sprite tiles / screen pixels (320x224
(1)   70/       0 :                     ; visible). Box is BG_BOX_W_TILES x BG_BOX_H_TILES, on the right-hand side
(1)   71/       0 :                     ; of the screen, above the footer text (~Y208, fix row 26) with a clear
(1)   72/       0 :                     ; gap - Y72 only left 8px (one fix row) of clearance and was overlapping
(1)   73/       0 :                     ; the footer text on real hardware.
(1)   74/       0 : =$8                 BG_BOX_W_TILES  equ 8                 ; 128px wide
(1)   75/       0 : =$8                 BG_BOX_H_TILES  equ 8                 ; 128px tall
(1)   76/       0 : =$B0                BG_BOX_X        equ 176               ; Left edge, screen pixel X
(1)   77/       0 : =$30                BG_BOX_Y        equ 48                ; Top edge, screen pixel Y
(1)   78/       0 :                     
(1)   79/       0 : =$2F3FE             TIMEOUT_ACK     equ 193534            ; 5.167us, ~1s
(1)   80/       0 : =$BD038             TIMEOUT_EXEC    equ 774200            ; 5.167us, ~4s
(1)   81/       0 :                     
(1)   82/       0 : =$5                 CHAR_BOX        equ 5
(1)   83/       0 : =$6                 CHAR_BOX_CHECKED equ 6
(1)   84/       0 : =$10                CHAR_ARROW_LEFT equ 16
(1)   85/       0 : =$11                CHAR_ARROW_RIGHT equ 17
(1)   86/       0 : =$12                CHAR_ARROW_UP   equ 18
(1)   87/       0 : =$13                CHAR_ARROW_DOWN equ 19
(1)   88/       0 :                     
(1)   89/       0 : =$18                MSGBOX_WIDTH    equ 24
(1)   90/       0 : =$E                 MSGBOX_HEIGHT   equ 14
(1)   91/       0 :                     
(1)   92/       0 : =$1E                IGM_WIDTH    equ 30
(1)   93/       0 : =$E                 IGM_HEIGHT   equ 14
(1)   94/       0 :                     
(1)   95/       0 : =$8                 MAX_CHEAT_LINES equ 8
(1)   96/       0 : =$18                MAX_CHEAT_DESC  equ 24      ; This must match the value in the Python converter script
(1)   97/       0 :                     
(1)   98/       0 : =$0                 MCU_CMD_TEST        equ 0
(1)   99/       0 : =$1                 MCU_CMD_GETID       equ 1
(1)  100/       0 : =$2                 MCU_CMD_GETSTATUS   equ 2
(1)  101/       0 : =$3                 MCU_CMD_UPDATE      equ 3
(1)  102/       0 : =$4                 MCU_CMD_RESET       equ 4
(1)  103/       0 : =$5                 MCU_CMD_INITSD      equ 5
(1)  104/       0 : =$6                 MCU_CMD_GETGAMES    equ 6
(1)  105/       0 : =$7                 MCU_CMD_SELECTGAME  equ 7
(1)  106/       0 : =$8                 MCU_CMD_LOADSECT    equ 8
(1)  107/       0 : =$9                 MCU_CMD_CDDA        equ 9
(1)  108/       0 : =$A                 MCU_CMD_DUMPROM    	equ 10
(1)  109/       0 : =$B                 MCU_CMD_GETSAVES    equ 11
(1)  110/       0 : =$C                 MCU_CMD_STORESAVE   equ 12
(1)  111/       0 : =$D                 MCU_CMD_LOADSAVE    equ 13
(1)  112/       0 :                     
(1)  113/       0 : =$0                 SCREEN_IDLE     equ 0
(1)  114/       0 : =$1                 SCREEN_MAIN     equ 1
(1)  115/       0 :                     ;SCREEN_ROMDUMP  equ 2          ; Unused
(1)  116/       0 :                     ;SCREEN_COMMTEST equ 3          ; Unused
(1)  117/       0 :                     ;SCREEN_ID       equ 4          ; Unused
(1)  118/       0 :                     ;SCREEN_DEBUGSD  equ 5          ; Unused
(1)  119/       0 :                     ;SCREEN_DEBUGISO equ 6          ; Unused
(1)  120/       0 : =$7                 SCREEN_MENU     equ 7
 AS V1.42 Beta [Bld 311] - Source File main.asm(equ.asm) - Page 7 - 9/11/2026 23:43:16


(1)  121/       0 : =$8                 SCREEN_STORE_SAVE equ 8
(1)  122/       0 : =$9                 SCREEN_LOAD_SAVE equ 9
(1)  123/       0 : =$A                 SCREEN_SETTINGS equ 10
(1)  124/       0 :                     ; ID 11 used for debug, see ui.asm
(1)  125/       0 : =$C                 SCREEN_ABOUT    equ 12
(1)  126/       0 : =$D                 SCREEN_SSAVER   equ 13
(1)  127/       0 : =$F                 SCREEN_MSGBOX   equ 15
(1)  128/       0 :                     
(1)  129/       0 : =$58                TILE_CURSOR  	equ     $58		; Tile number for the letter cursor
(1)  130/       0 :                     
(1)  131/       0 : =$1                 SPR_BG			equ		1       ; Sprite numbers
(1)  132/       0 : =$15                SPR_LOGO		equ		21
(1)  133/       0 : =$20                SPR_LETTERS		equ		32
(1)  134/       0 : =$3C                SPR_LETTER_CUR	equ     60
(1)  135/       0 : =$3E                SPR_ARROW_L 	equ     62
(1)  136/       0 : =$3F                SPR_ARROW_R 	equ     63
(1)  137/       0 :                     
(1)  138/       0 : =$41                SFX_MOVE        equ     $41
(1)  139/       0 : =$42                SFX_POS         equ     $42
(1)  140/       0 : =$43                SFX_NEG         equ     $43
(1)  141/       0 : =$44                SFX_VAL         equ     $44
(1)  142/       0 : =$45                SFX_EXIT        equ     $45
(1)  143/       0 :                     
(1)  144/       0 :                     ; These should all be the same for all BIOS versions
(1)  145/       0 : =$10F6B6            CDLoadBusy          equ $10F6B6
(1)  146/       0 : =$10F656            CDValidFlag         equ $10F656
(1)  147/       0 : =$110004            FirstPRGSector      equ $110004
(1)  148/       0 : =$11C80C            ProgressBarCodePtr  equ $11C80C
(1)  149/       0 : =$7688              SectorCounter       equ $7688
(1)  150/       0 : =$7DE2              SectorLoadCounter   equ $7DE2
(1)  151/       0 : =$7EDB              BankCounter         equ $7EDB   ; BIOS_UPBANK
(1)  152/       0 : =$7EDE              FirstLoadBank       equ $7EDE
(1)  153/       0 : =$7EE2              SectorReqDest		equ $7EE2
(1)  154/       0 : =$7EF4              SectorLoadDest      equ $7EF4   ; BIOS_UPDEST
(1)  155/       0 : =$7EF8              SectorLoadBuffer    equ $7EF8   ; BIOS_UPSRC
(1)  156/       0 : =$7EFC              SectorLoadSize      equ $7EFC   ; BIOS_UPSIZE
(1)  157/       0 :                     
(1)  158/       0 :                     ENDIAN_CHG_L MACRO reg      ; DD CC BB AA
(1)  159/       0 :                         rol.w   #8,reg          ; DD CC AA BB
(1)  160/       0 :                         swap.l  reg             ; AA BB DD CC
(1)  161/       0 :                         rol.w   #8,reg          ; AA BB CC DD
(1)  162/       0 :                         ENDM
(1)  163/       0 :                     
(1)  164/       0 :                     MCUCMD MACRO cmd
(1)  165/       0 :                         move.b  #cmd,d3
(1)  166/       0 :                         jsr     MCUCommand
(1)  167/       0 :                         ENDM
(1)  168/       0 :                     
(1)  169/       0 :                     TESTCHANGE MACRO btn
(1)  170/       0 :                         move.b  BIOS_P1CHANGE,d0
(1)  171/       0 :                         or.b    BIOS_P2CHANGE,d0
(1)  172/       0 :                         andi.b  #(2^btn),d0
(1)  173/       0 :                         ENDM
(1)  174/       0 :                     
(1)  175/       0 :                     TESTREPEAT MACRO btn
(1)  176/       0 :                         move.b  BIOS_P1REPEAT,d0
(1)  177/       0 :                         or.b    BIOS_P2REPEAT,d0
(1)  178/       0 :                         andi.b  #(2^btn),d0
(1)  179/       0 :                         ENDM
(1)  180/       0 :                     
 AS V1.42 Beta [Bld 311] - Source File main.asm(equ.asm) - Page 8 - 9/11/2026 23:43:16


(1)  181/       0 :                     FIXPOS FUNCTION x,y,(FIXMAP+y+(x*32))
(1)  182/       0 :                     
(1)  183/       0 :                     DIIRQ MACRO
(1)  184/       0 :                         move.b  d0,REG_DIPSW
(1)  185/       0 :                     	move.w  sr,-(a7)
(1)  186/       0 :                     	ori.w   #$0700,sr
(1)  187/       0 :                     	ENDM
(1)  188/       0 :                     
(1)  189/       0 :                     ENIRQ MACRO
(1)  190/       0 :                     	move.w  #7,REG_IRQACK
(1)  191/       0 :                     	move.w  (a7)+,sr
(1)  192/       0 :                     	ENDM
(1)  193/       0 :                     
      36/       0 :                     	INCLUDE "ram.asm"
(1)    1/       0 :                     ; Copyright (C) 2020 Sean Gonsalves
(1)    2/       0 :                     ;
(1)    3/       0 :                     ; This file is part of Neo CD SD Loader.
(1)    4/       0 :                     ;
(1)    5/       0 :                     ; This program is free software; you can redistribute it and/or modify
(1)    6/       0 :                     ; it under the terms of the GNU General Public License as published by
(1)    7/       0 :                     ; the Free Software Foundation; either version 2, or (at your option)
(1)    8/       0 :                     ; any later version.
(1)    9/       0 :                     ;
(1)   10/       0 :                     ; This program is distributed in the hope that it will be useful,
(1)   11/       0 :                     ; but WITHOUT ANY WARRANTY; without even the implied warranty of
(1)   12/       0 :                     ; MERCHANTABILITY or FITNESS FOR A PARTICULAR PURPOSE.  See the
(1)   13/       0 :                     ; GNU General Public License for more details.
(1)   14/       0 :                     ;
(1)   15/       0 :                     ; You should have received a copy of the GNU General Public License
(1)   16/       0 :                     ; along with this program; see the file COPYING.  If not, write to
(1)   17/       0 :                     ; the Free Software Foundation, Inc., 51 Franklin Street,
(1)   18/       0 :                     ; Boston, MA 02110-1301, USA.
(1)   19/       0 :                     
(1)   20/       0 :                     FileEntry STRUCT
(1)   21/       0 :                     Index       ds.w 1
(1)   22/       2 :                     FileName	ds.b MAX_FILENAME
(1)   23/      1C :                     Reserved    ds.b 4
(1)   24/       0 : =$20                FileEntry ENDSTRUCT
(1)   25/       0 :                     
(1)   26/       0 : =>FALSE                 IF FileEntry_LEN <> 32
(1)   27/       0 :                             FATAL "\aFileEntry isn't == 32 !"
(1)   28/       0 : [26]                    ENDIF
(1)   29/       0 :                     
(1)   30/       0 : =$1920              FILE_LIST_LEN equ (MAX_FILES+1)*FileEntry_LEN    ; +1 for space to store the end-of-list entry
(1)   31/       0 :                     
(1)   32/       0 : =>FALSE                 IF (FILE_LIST_LEN # 16) <> 0
(1)   33/       0 :                             FATAL "\aFILE_LIST_LEN isn't a multiple of 16 !"
(1)   34/       0 : [32]                    ENDIF
(1)   35/       0 :                     
(1)   36/       0 : =$1A4               FIXMAPBUFFER_SIZE equ IGM_WIDTH * IGM_HEIGHT
(1)   37/       0 : =>FALSE                 IF FIXMAPBUFFER_SIZE < MSGBOX_WIDTH * MSGBOX_HEIGHT
(1)   38/       0 :                             FATAL "\aFIXMAPBUFFER_SIZE too small !"
(1)   39/       0 : [37]                    ENDIF
(1)   40/       0 : =>FALSE                 IF FIXMAPBUFFER_SIZE > $500
(1)   41/       0 :                             FATAL "\aFIXMAPBUFFER_SIZE too large ! Must be under $500"
(1)   42/       0 : [40]                    ENDIF
(1)   43/       0 :                     
(1)   44/       0 :                     	PADDING ON
(1)   45/       0 :                     
(1)   46/       0 :                     ; ---- Starting here, values are in work RAM, so they'll get overwritten by the game ! ----
 AS V1.42 Beta [Bld 311] - Source File main.asm(ram.asm) - Page 9 - 9/11/2026 23:43:16


(1)   47/  10D000 :                     	ORG $10D000
(1)   48/  10D000 :                     FileCursor		ds.b 1 	; File cursor position
(1)   49/  10D001 :                     FileCursorPrev	ds.b 1 	;
(1)   50/  10D002 :                     MenuShift		ds.b 1 	; File list starting position, for scrolling
(1)   51/  10D003 :                     RefreshFlags	ds.b 1 	; Bit0:Refresh file list, Bit2:Refresh file cursor, Bit6:Card was removed, Bit7:Reset main menu
(1)   52/  10D004 :                     TotalFileCount	ds.w 1 	; Total count
(1)   53/  10D006 :                     LetterGameCount	ds.b 1 	; File count in selected letter category
(1)   54/  10D007 :                     LetterCursor	ds.b 1  ; Used as index in MenuLetterList
(1)   55/  10D008 :                     LetterCursorPrev	ds.b 1
(1)   56/  10D009 :                     <padding>
(1)   56/  10D00A :                     ActiveLetters   ds.l 1  ; Bitmap of the enabled letters in the menu, bits 26~0 used, # is LSB
(1)   57/  10D00E :                     LetterCount     ds.b 1  ; Number of active letters, equivalent to ActiveLetters set bit count
(1)   58/  10D00F :                                             ; UITemp is accessed with move.w elsewhere - force it back onto an even
(1)   59/  10D00F :                                             ; address (removing the old word-sized LetterCursorX/LettersXPos above
(1)   60/  10D00F :                                             ; shifted everything after them by an odd number of bytes).
(1)   61/  10D00F :                     	ALIGN 2
(1)   62/  10D010 :                     UITemp          ds.b 1  ; General purpose
(1)   63/  10D011 :                     ScrollTimer     ds.b 1  ; Scrolling speed timer
(1)   64/  10D012 :                     ScrollX         ds.b 1  ; Scrolling shift (in chars)
(1)   65/  10D013 :                     ListNameScratch ds.b LIST_NAME_WIDTH+1 ; Truncated-copy scratch for DrawFileList (cover box column)
(1)   66/  10D026 :                     
(1)   67/  10D026 :                     DebugDIP1       ds.b 1
(1)   68/  10D027 :                     DebugDIP2       ds.b 1
(1)   69/  10D028 :                     
(1)   70/  10D028 :                     DBGTotal        ds.l 1
(1)   71/  10D02C :                     DBGPass         ds.l 1
(1)   72/  10D030 :                     DBGWrong        ds.l 1
(1)   73/  10D034 :                     DBGTimeout      ds.l 1
(1)   74/  10D038 :                     DBGLast         ds.l 1
(1)   75/  10D03C :                     
(1)   76/  10D03C :                     CurrentScreen   ds.w 1
(1)   77/  10D03E :                     LastScreen      ds.w 1
(1)   78/  10D040 :                     FrameCounter    ds.w 1
(1)   79/  10D042 :                     MCUStatus       ds.b 1
(1)   80/  10D043 :                     
(1)   81/  10D043 :                     <padding>
(1)   81/  10D044 :                     CurrentScreenPrev ds.w 1
(1)   82/  10D046 :                     ;FixMapBuffer    ds.w MSGBOX_WIDTH*MSGBOX_HEIGHT
(1)   83/  10D046 :                     CurrentMsgBox   ds.b 1
(1)   84/  10D047 :                     <padding>
(1)   84/  10D048 :                     MsgBoxExitCall  ds.l 1
(1)   85/  10D04C :                     
(1)   86/  10D04C :                     FileNameBuffer  ds.b 16+1   ; For save files
(1)   87/  10D05D :                     FileNameCursor  ds.b 1
(1)   88/  10D05E :                     
(1)   89/  10D05E :                     SSaverTimer     ds.b 1
(1)   90/  10D05F :                     <padding>
(1)   90/  10D060 :                     ssaver_vars     ds.w 4*4    ; X, Y, VX, VY - All values in 10.6
(1)   91/  10D080 :                     
(1)   92/  10D080 :                     RetryCounter    ds.b 1
(1)   93/  10D081 :                     
(1)   94/  10D081 : =>FALSE             	if TARGET==1
(1)   95/  10D081 :                     CDDReadBuffer   ds.b 10
(1)   96/  10D081 :                     CDDStatus       ds.b 1
(1)   97/  10D081 :                     CDDCommand      ds.b 1
(1)   98/  10D081 : [94]                    ENDIF
(1)   99/  10D081 :                     
(1)  100/  10D081 :                     RAMEndA:
(1)  101/  10D081 : =>FALSE                 IF RAMEndA > $110000
(1)  102/  10D081 :                             FATAL "\aRAM A allocation is too large !"
 AS V1.42 Beta [Bld 311] - Source File main.asm(ram.asm) - Page 10 - 9/11/2026 23:43:16


(1)  103/  10D081 : [101]                   ENDIF
(1)  104/  10D081 :                     
(1)  105/  10D081 :                     ; ---- Starting here, values are in system RAM, so they should be kept intact when a game runs ----
(1)  106/  10D081 :                     
(1)  107/  11C100 :                     	ORG $11C100
(1)  108/  11C100 :                     MCUReplyBuffer	ds.b 64
(1)  109/  11C140 :                     FixValueList	ds.l 16	; List of values (max 16) used by WriteFix codes $F0+
(1)  110/  11C180 :                     CDSectorCount	ds.w 1	; Length of data to load (1 CD sector = 4 SD sectors)
(1)  111/  11C182 :                     MSFCounter      ds.l 1
(1)  112/  11C186 :                     PCERROR			ds.l 1	; For error screen
(1)  113/  11C18A :                     FixWriteConfig	ds.w 1 	; ORed with fix tilemap data to set bank and palette
(1)  114/  11C18C :                     SettingCountry  ds.b 1  ; JAPAN, USA, EUROPE, BRAZIL
(1)  115/  11C18D :                     SettingSSaver   ds.b 1
(1)  116/  11C18E :                     SettingLEDIdle  ds.b 1
(1)  117/  11C18F :                     SettingLEDLoad  ds.b 1
(1)  118/  11C190 :                     SettingSFX      ds.b 1
(1)  119/  11C191 :                     SettingBootAnim ds.b 1
(1)  120/  11C192 :                     SettingLoadAnim ds.b 1
(1)  121/  11C193 :                     LastMCUCmd      ds.b 1
(1)  122/  11C194 :                     MCUCmdParams    ds.b 32 ; Does this need to be aligned ?
(1)  123/  11C1B4 :                     IsLoading       ds.b 1
(1)  124/  11C1B5 :                     TimeOutStage    ds.b 1
(1)  125/  11C1B6 :                     PollStatus      ds.b 1
(1)  126/  11C1B7 :                     SetMCUConfig    ds.b 1
(1)  127/  11C1B8 :                     MCUVersion      ds.w 1
(1)  128/  11C1BA :                     CDDAPending     ds.b 1
(1)  129/  11C1BB :                     CustomBGLoaded  ds.b 1
(1)  130/  11C1BC :                     IsInIGM         ds.b 1
(1)  131/  11C1BD :                     IGMCursor       ds.b 1
(1)  132/  11C1BE :                     PrevIGMCursor   ds.b 1
(1)  133/  11C1BF :                     IGMCursorShift  ds.b 1
(1)  134/  11C1C0 :                     IGMItems        ds.b 1
(1)  135/  11C1C1 :                     IGMMode         ds.b 1  ; Selection, Cheats or Soft DIPs
(1)  136/  11C1C2 :                     SDIPAddr        ds.l 1
(1)  137/  11C1C6 :                     SDIPCount       ds.b 1  ; Number of soft DIPs entries
(1)  138/  11C1C7 :                         ALIGN 2
(1)  139/  11C1C8 :                     SDIPItems       ds.b (14*4)+1   ; This MUST be word-aligned
(1)  140/  11C201 :                     <padding>
(1)  140/  11C202 :                     CheatsBitmap    ds.l 1  ; Each bit is an enable flag for a cheat (max. 32)
(1)  141/  11C206 :                     CheatDataAddr   ds.l 1
(1)  142/  11C20A :                     FlagSelectStart ds.b 1
(1)  143/  11C20B :                     VBLCheatActions ds.b 64 ; This must be large enough to contain all the action codes of all cheats for a given game
(1)  144/  11C24B :                     <padding>
(1)  144/  11C24C :                     PaletteBuffer   ds.w 16*2
(1)  145/  11C28C :                     CustomBGBackdrop  ds.w 1
(1)  146/  11C28E :                     LastBGGameIndex ds.b 1  ; File index of the game whose bg.bmp is currently shown, $FF = none yet
(1)  147/  11C28F :                     ; Custom bg tiles/palette are double-buffered (tiles 256..535 + palette #16,
(1)  148/  11C28F :                     ; or tiles 536..815 + palette #17) so a live reload can be decoded fully into
(1)  149/  11C28F :                     ; the buffer NOT currently on screen, then switched to atomically once ready -
(1)  150/  11C28F :                     ; no tearing, no palette-mismatch flash while the new image streams in.
(1)  151/  11C28F :                     BGActiveBuffer  ds.b 1  ; 0 or 1: which buffer SetupBGSprites currently shows
(1)  152/  11C290 :                     BGDecodeBuffer  ds.b 1  ; 0 or 1: which buffer the decoder in ui_bg.asm is filling
(1)  153/  11C291 :                     LastFileCursor    ds.b 1
(1)  154/  11C292 :                     LastMenuShift     ds.b 1
(1)  155/  11C293 :                     LastLetterCursor  ds.b 1
(1)  156/  11C294 :                     CursorsValid    ds.b 1  ; Non-zero when FileCursor and LetterCursor are valid, used to restore cursor to last game loaded
(1)  157/  11C295 :                     CardEvent       ds.b 1  ; Becomes non-zero when the card was removed or inserted 
(1)  158/  11C296 :                     LoadAnimSlowdown  ds.b 1
(1)  159/  11C297 :                     <padding>
(1)  159/  11C298 :                     VBLVectorCopy   ds.l 1	; Backup of the game's VBL vector, used for the IGM
 AS V1.42 Beta [Bld 311] - Source File main.asm(ram.asm) - Page 11 - 9/11/2026 23:43:16


(1)  160/  11C29C :                     ;    ALIGN 2
(1)  161/  11C29C :                     ;SSBuffer        ds.b 256   ; This MUST be word-aligned
(1)  162/  11C29C :                     ;CurDataBlock    ds.w 1
(1)  163/  11C29C :                     ;SSSP            ds.l 1  ; Stack pointer at the time the IGM was opened
(1)  164/  11C29C :                     
(1)  165/  11C29C :                     RAMEndB:
(1)  166/  11C29C : =>FALSE                 IF RAMEndB > $11C800
(1)  167/  11C29C :                             FATAL "\aRAM B allocation is too large !"
(1)  168/  11C29C : [166]                   ENDIF
(1)  169/  11C29C :                     
(1)  170/  11C900 :                     	ORG $11C900
(1)  171/  11C900 :                     FileList	    ds.b FILE_LIST_LEN
(1)  172/  11E220 :                     MenuIndexList   ds.b MAX_MENU_LIST
(1)  173/  11E2E8 :                     GUBuffer        ds.b 512   ; General Use - Must be at least 256+1 bytes for LFNs
(1)  174/  11E4E8 :                     
(1)  175/  11E4E8 :                     RAMEndC:
(1)  176/  11E4E8 : =>FALSE                 IF RAMEndC > $11F000
(1)  177/  11E4E8 :                             FATAL "\aRAM C allocation is too large !"
(1)  178/  11E4E8 : [176]                   ENDIF
(1)  179/  11E4E8 :                     
(1)  180/  11F000 :                     	ORG $11F000
(1)  181/  11F000 :                     FixBankBuffer   ds.b 4096   ; Only first half of fix bank is enough
(1)  182/  120000 :                     
(1)  183/  120000 :                     RAMEndD:
(1)  184/  120000 : =>FALSE                 IF RAMEndD > $120000
(1)  185/  120000 :                             FATAL "\aRAM D allocation is too large !"
(1)  186/  120000 : [184]                   ENDIF
(1)  187/  120000 :                     
      37/  120000 :                         INCLUDE "vectors.asm"
(1)    1/  120000 :                     ; Copyright (C) 2020 Sean Gonsalves
(1)    2/  120000 :                     ;
(1)    3/  120000 :                     ; This file is part of Neo CD SD Loader.
(1)    4/  120000 :                     ;
(1)    5/  120000 :                     ; This program is free software; you can redistribute it and/or modify
(1)    6/  120000 :                     ; it under the terms of the GNU General Public License as published by
(1)    7/  120000 :                     ; the Free Software Foundation; either version 2, or (at your option)
(1)    8/  120000 :                     ; any later version.
(1)    9/  120000 :                     ;
(1)   10/  120000 :                     ; This program is distributed in the hope that it will be useful,
(1)   11/  120000 :                     ; but WITHOUT ANY WARRANTY; without even the implied warranty of
(1)   12/  120000 :                     ; MERCHANTABILITY or FITNESS FOR A PARTICULAR PURPOSE.  See the
(1)   13/  120000 :                     ; GNU General Public License for more details.
(1)   14/  120000 :                     ;
(1)   15/  120000 :                     ; You should have received a copy of the GNU General Public License
(1)   16/  120000 :                     ; along with this program; see the file COPYING.  If not, write to
(1)   17/  120000 :                     ; the Free Software Foundation, Inc., 51 Franklin Street,
(1)   18/  120000 :                     ; Boston, MA 02110-1301, USA.
(1)   19/  120000 :                     
(1)   20/  C00408 :                         ORG $C00408
(1)   21/  C00408 : 4EF9 00C1 E900      	jmp     ErrBus
(1)   22/  C0040E :                     
(1)   23/  C0040E :                         ORG $C0040E
(1)   24/  C0040E : 4EF9 00C1 E920      	jmp     ErrAddr
(1)   25/  C00414 :                     
(1)   26/  C00414 :                         ORG $C00414
(1)   27/  C00414 : 4EF9 00C1 E940      	jmp     ErrIllegal
(1)   28/  C0041A :                     
(1)   29/  C00426 :                         ORG $C00426
(1)   30/  C00426 : 4EF9 00C1 E960      	jmp     ErrGeneric
(1)   31/  C0042C :                     
 AS V1.42 Beta [Bld 311] - Source File main.asm(vectors.asm) - Page 12 - 9/11/2026 23:43:16


(1)   32/  C0042C :                         ORG $C0042C
(1)   33/  C0042C : 4EF9 00C1 E980      	jmp     ErrUninit
(1)   34/  C00432 :                     
      38/  C00432 : =>FALSE                 IF TARGET==1
      39/  C00432 :                             IF MOMPASS==1
      40/  C00432 :                                 MESSAGE "Using FRONT-SP1 patches"
      41/  C00432 : [39]                        ENDIF
      42/  C00432 :                             INCLUDE "patchesfront.asm"
      43/  C00432 : =>TRUE                  ELSEIF TARGET==2
      44/  C00432 : =>FALSE                     IF MOMPASS==1
      45/  C00432 :                                 MESSAGE "Using TOP-SP1-1/2 patches"
      46/  C00432 : [44]                        ENDIF
      47/  C00432 :                             INCLUDE "patches1-2.asm"
(1)    1/  C00432 :                     ; Copyright (C) 2020 Sean Gonsalves
(1)    2/  C00432 :                     ;
(1)    3/  C00432 :                     ; Neo CD SD Loader system ROM patch
(1)    4/  C00432 :                     ; This file is part of Neo CD SD Loader.
(1)    5/  C00432 :                     ;
(1)    6/  C00432 :                     ; This program is free software; you can redistribute it and/or modify
(1)    7/  C00432 :                     ; it under the terms of the GNU General Public License as published by
(1)    8/  C00432 :                     ; the Free Software Foundation; either version 2, or (at your option)
(1)    9/  C00432 :                     ; any later version.
(1)   10/  C00432 :                     ;
(1)   11/  C00432 :                     ; This program is distributed in the hope that it will be useful,
(1)   12/  C00432 :                     ; but WITHOUT ANY WARRANTY; without even the implied warranty of
(1)   13/  C00432 :                     ; MERCHANTABILITY or FITNESS FOR A PARTICULAR PURPOSE.  See the
(1)   14/  C00432 :                     ; GNU General Public License for more details.
(1)   15/  C00432 :                     ;
(1)   16/  C00432 :                     ; You should have received a copy of the GNU General Public License
(1)   17/  C00432 :                     ; along with this program; see the file COPYING.  If not, write to
(1)   18/  C00432 :                     ; the Free Software Foundation, Inc., 51 Franklin Street,
(1)   19/  C00432 :                     ; Boston, MA 02110-1301, USA.
(1)   20/  C00432 :                     
(1)   21/  C00432 : =$C0EB96            CheckCDValid        equ $C0EB96
(1)   22/  C00432 : =$C0EE4E            CDCheckDoneEnd      equ $C0EE4E
(1)   23/  C00432 : =$C0F60A            JTFileLoaders       equ $C0F60A
(1)   24/  C00432 : =$C0CB7C            MainLoopEnd         equ $C0CB7C
(1)   25/  C00432 : =$C0EB44            StartGameCD         equ $C0EB44
(1)   26/  C00432 : =$C0E9A0            CDPControllerStuff  equ $C0E9A0
(1)   27/  C00432 : =$C0D022            ProcessCDDACmds     equ $C0D022
(1)   28/  C00432 : =$C1404E            MemCardMenu         equ $C1404E
(1)   29/  C00432 : =$C0CF1A            ReadCDDAFromZ80End  equ $C0CF1A
(1)   30/  C00432 : =$C16DF8            SpriteInitData      equ $C16DF8
(1)   31/  C00432 : =$C209AE            CDPPalData          equ $C209AE
(1)   32/  C00432 : =$C0CA40            RegionPatch         equ $C0CA40 ; "not.b d1" instruction to patch in InitRAM original system ROM routine
(1)   33/  C00432 : =$C0E712            DrawProgressAnimation equ $C0E712
(1)   34/  C00432 :                     
(1)   35/  C0AF6A :                         ORG $C0AF6A					; Replacement to avoid using DMA copy in DMAClearPalettes
(1)   36/  C0AF6A : 4EF9 00C1 C636      	jmp DMAClearPalettes
(1)   37/  C0AFB6 :                     	ORG $C0AFB6                 ; Replacement to avoid using DMA copy in DMAClearPCMDRAM
(1)   38/  C0AFB6 : 4EF9 00C1 C67E      	jmp DMAClearPCMDRAM
(1)   39/  C0BBCC :                     	ORG $C0BBCC					; Replacement to avoid using DMA copy
(1)   40/  C0BBCC : 00C1 C5FC           	dc.l UploadDMABytes
(1)   41/  C0BBD4 :                     	ORG $C0BBD4					; Replacement to avoid using DMA copy
(1)   42/  C0BBD4 : 00C1 C5FC           	dc.l UploadDMABytes
(1)   43/  C0BD0E :                     	ORG $C0BD0E					; Avoid using DMA copy in UploadPRGCopyLongwords
(1)   44/  C0BD0E : 4E71                	nop
(1)   45/  C0BD10 : 4E71                	nop
(1)   46/  C0BD12 : 4E71                	nop
(1)   47/  C0BD14 : 4E71                	nop
 AS V1.42 Beta [Bld 311] - Source File main.asm(patches1-2.asm) - Page 13 - 9/11/2026 23:43:16


(1)   48/  C0BD3A :                     	ORG $C0BD3A					; Avoid using DMA copy in UploadPalCopyLongwords
(1)   49/  C0BD3A : 4E71                	nop
(1)   50/  C0BD3C : 4E71                	nop
(1)   51/  C0BD3E : 4E71                	nop
(1)   52/  C0BD40 : 4E71                	nop
(1)   53/  C0BD5A :                     	ORG $C0BD5A					; Avoid using DMA copy in UploadSPRDMAWords
(1)   54/  C0BD5A : 4E71                	nop
(1)   55/  C0BD5C : 4E71                	nop
(1)   56/  C0BD5E : 4E71                	nop
(1)   57/  C0BD60 : 4E71                	nop
(1)   58/  C0BD62 :                     	;ORG $C0BDF2				; Avoid using DMA copy in UploadPCMDMABytes
(1)   59/  C0BD62 :                     	;nop                        ; Leave this removed ! Was causing data corruption during IGLs
(1)   60/  C0BD62 :                     	;nop
(1)   61/  C0BD62 :                     	;nop
(1)   62/  C0BD62 :                     	;nop
(1)   63/  C0BE84 :                     	ORG $C0BE84					; Avoid using DMA copy in UploadZ80DMABytes
(1)   64/  C0BE84 : 4E71                	nop
(1)   65/  C0BE86 : 4E71                	nop
(1)   66/  C0BE88 : 4E71                	nop
(1)   67/  C0BE8A : 4E71                	nop
(1)   68/  C0BEA2 :                     	ORG $C0BEA2					; Avoid using DMA copy in UploadPRGDMAWords
(1)   69/  C0BEA2 : 4E71                	nop
(1)   70/  C0BEA4 : 4E71                	nop
(1)   71/  C0BEA6 : 4E71                	nop
(1)   72/  C0BEA8 : 4E71                	nop
(1)   73/  C0BEBE :                     	ORG $C0BEBE					; Avoid using DMA copy in UploadPalDMAWords
(1)   74/  C0BEBE : 4E71                	nop
(1)   75/  C0BEC0 : 4E71                	nop
(1)   76/  C0BEC2 : 4E71                	nop
(1)   77/  C0BEC4 : 4E71                	nop
(1)   78/  C0BEE6 :                     	ORG $C0BEE6					; Replace RunDMADirect for UploadPRGDMAWords, UploadPalDMAWords and UploadSPRDMAWords
(1)   79/  C0BEE6 : 4EF9 00C1 C5A6      	jmp    RunDMADirect         ;RunDMADirectMulti
(1)   80/  C0BF5E :                         ORG $C0BF5E
(1)   81/  C0BF5E : 4EF9 00C1 C6F4      	jmp    CopyBytesToWordCPU	; Cache-to-DRAM copy speed optimization attempt to speed up PCM loads
(1)   82/  C0BF64 :                     
(1)   83/  C0C1F6 :                     	ORG $C0C1F6
(1)   84/  C0C1F6 : 00C1 94A4           	dc.l   CDPlayerVBLProc		; Replace pointer to CDPlayerVBLProc by one to new code
(1)   85/  C0C1FA :                     
(1)   86/  C0C360 :                     	ORG $C0C360
(1)   87/  C0C360 : 4EB9 00C1 B800      	jsr    IGMVBL               ; Replace CD lid check in SYSTEM_INT1
(1)   88/  C0C366 : 4E71                	nop
(1)   89/  C0C368 :                     
(1)   90/  C0C368 :                     	; ADDED in 0.11
(1)   91/  C0C65C :                     	ORG $C0C65C
(1)   92/  C0C65C : 4EB9 00C1 9190      	jsr    CountryNoBrazil		; Force soft DIPs init to Japan region if region is set to Brazil
(1)   93/  C0C662 : 4E71                	nop
(1)   94/  C0C664 :                     
(1)   95/  C0C440 :                     	ORG $C0C440
(1)   96/  C0C440 : 4EB9 00C1 908C      	jsr    ConsoleStart
(1)   97/  C0C446 :                     
(1)   98/  C0C6B2 :                         ORG $C0C6B2
(1)   99/  C0C6B2 : 4EB9 00C1 91A2      	jsr    LoadDebugDIPs		; Insertion - Called at game start
(1)  100/  C0C6B8 : 4E71                	nop
(1)  101/  C0C6BA :                     	
(1)  102/  C0C586 :                         ORG $C0C586
(1)  103/  C0C586 : 4EF9 00C1 91B0      	jmp    InitSoftDIPs			; Insertion - Called just before game start in ReadCDDAFlagSDIPs
(1)  104/  C0C58C :                     
(1)  105/  C0C854 :                         ORG $C0C854
(1)  106/  C0C854 : 4EF9 00C1 9002      	jmp    PUPPETStuff			; Insertion - Called at startup, initializes some new stuff
(1)  107/  C0C85A :                     
 AS V1.42 Beta [Bld 311] - Source File main.asm(patches1-2.asm) - Page 14 - 9/11/2026 23:43:16


(1)  108/  C0CA28 :                         ORG $C0CA28
(1)  109/  C0CA28 : 4EB9 00C1 9170      	jsr    InitRAM				; Insertion - Avoid tripping in-game copy protections and set nationality
(1)  110/  C0CA2E : 4E71                	nop
(1)  111/  C0CA30 :                     
(1)  112/  C0CA46 :                     	ORG $C0CA46
(1)  113/  C0CA46 : 4E71                	nop                         ; Disable getting nationality from jumpers
(1)  114/  C0CA48 : 4E71                	nop
(1)  115/  C0CA4A :                     
(1)  116/  C0CB72 :                     	ORG $C0CB72
(1)  117/  C0CB72 : 4EF9 00C1 915A      	jmp    CDPLAYER_Init		; Insertion - Make call SYS_CDPLAYER re-init the SD card and values in RAM
(1)  118/  C0CB78 :                     
(1)  119/  C0CB78 :                         ;ORG $C0CBD2
(1)  120/  C0CB78 :                     	;nop						; Bypass CD lid check in SYSTEM_IO
(1)  121/  C0CB78 :                     	;nop
(1)  122/  C0CB78 :                     
(1)  123/  C0CD4C :                         ORG $C0CD4C
(1)  124/  C0CD4C : 4EF9 00C1 D3DA      	jmp    SystemIOCustom       ; Replace CheckLid with jsr to cheat engine - Causes it to be run at each SYSTEM_IO call
(1)  125/  C0CD52 :                     
(1)  126/  C0CEAE :                     	ORG $C0CEAE
(1)  127/  C0CEAE : 4EF9 00C1 CEEA      	jmp    ProcessZ80CDDA       ; Insertion - ReadCDDAFromZ80
(1)  128/  C0CEB4 :                     
(1)  129/  C0D4BC :                         ORG $C0D4BC                 ; Insertion - BIOSF_CDDACMD
(1)  130/  C0D4BC : 4EF9 00C1 CF0C          jmp    BIOSF_CDDACMD
(1)  131/  C0D4C2 :                     
(1)  132/  C0E53A :                     	ORG $C0E53A
(1)  133/  C0E53A : 4E75                	rts                         ; Disables PushCDOp
(1)  134/  C0E53C :                     
(1)  135/  C0E53C :                         ; Disables CDC IRQ handling - Maybe not needed
(1)  136/  C0C244 :                     	ORG $C0C244
(1)  137/  C0C244 : 13FC 0020 00FF 000F 	move.b #$20,$FF000F
(1)  138/  C0C24C : 13C0 0030 0001          move.b d0,REG_DIPSW
(1)  139/  C0C252 : 4E73                    rte
(1)  140/  C0C254 :                         ; Disables CDD IRQ handling - Maybe not needed
(1)  141/  C0C266 :                     	ORG $C0C266
(1)  142/  C0C266 : 13FC 0010 00FF 000F 	move.b #$10,$FF000F
(1)  143/  C0C26E : 13C0 0030 0001          move.b d0,REG_DIPSW
(1)  144/  C0C274 : 4E73                    rte
(1)  145/  C0C276 :                     
(1)  146/  C0C276 :                     	;ORG $C0E712
(1)  147/  C0C276 :                     	;jmp    DrawProgressAnimation	; Replaces custom loading animation code with current sector display
(1)  148/  C0C276 :                     
(1)  149/  C0E89C :                     	ORG $C0E89C
(1)  150/  C0E89C : 4EF9 00C1 9EBC      	jmp    SetupMain			; Added to InitCDPlayerScreen (was ParseSDFiles)
(1)  151/  C0E8A2 :                     
(1)  152/  C0E8D2 :                     	ORG $C0E8D2
(1)  153/  C0E8D2 : 6000 0094           	bra    $C0E968             	; Skip CD player interface updating, just go to rts - Not needed anymore ?
(1)  154/  C0E8D6 :                     
(1)  155/  C0E8D6 : =>UNDEFINED             IFDEF MAMEDEBUG
(1)  156/  C0E8D6 :                     	ORG $C0EB96
(1)  157/  C0E8D6 :                     	rts
(1)  158/  C0E8D6 : =>TRUE              	ELSE
(1)  159/  C0EB96 :                     	ORG $C0EB96
(1)  160/  C0EB96 : 4E71                	nop							; Disable CDValidFlag check
(1)  161/  C0EB98 : 4E71                	nop
(1)  162/  C0EB9A : 4E71                	nop
(1)  163/  C0EB9C : 4E71                	nop
(1)  164/  C0EB9E : 4E71                	nop                         ; Disable CD mech detection in CheckCDValid
(1)  165/  C0EBA0 : 4E71                	nop                         ; Overwrite up to movem.l ...
(1)  166/  C0EBA2 : 4E71                	nop
(1)  167/  C0EBA4 : 4E71                	nop
 AS V1.42 Beta [Bld 311] - Source File main.asm(patches1-2.asm) - Page 15 - 9/11/2026 23:43:16


(1)  168/  C0EBA6 : 4E71                	nop
(1)  169/  C0EBA8 : 4E71                	nop
(1)  170/  C0EBAA : 4E71                	nop
(1)  171/  C0EBAC : 4E71                	nop
(1)  172/  C0EBAE : [155]               	ENDIF
(1)  173/  C0EBAE :                     
(1)  174/  C0EBC8 :                     	ORG $C0EBC8
(1)  175/  C0EBC8 : 4E71                	nop							; Disable "WAIT A MOMENT" message
(1)  176/  C0EBCA : 4E71                	nop
(1)  177/  C0EBCC :                     
(1)  178/  C0EBF2 :                     	ORG $C0EBF2
(1)  179/  C0EBF2 : 4E71                	nop							; Disable "WAIT A MOMENT" message (again)
(1)  180/  C0EBF4 : 4E71                	nop
(1)  181/  C0EBF6 :                     
(1)  182/  C0EC16 :                     	ORG $C0EC16
(1)  183/  C0EC16 : 4EB9 00C1 CE26      	jsr     LoadCDSectorFromSD	; Load first sector (CD001...)
(1)  184/  C0EC1C : 13C0 0030 0001      	move.b  d0,REG_DIPSW
(1)  185/  C0EC22 : 6016                	bra     $C0EC3A				; Skip first sector loading wait, there's no more CD :)
(1)  186/  C0EC24 :                     
(1)  187/  C0EC24 :                     	; ADDED in 0.11
(1)  188/  C0ED8C :                     	ORG $C0ED8C
(1)  189/  C0ED8C : 4EB9 00C1 9190      	jsr     CountryNoBrazil     ; Force LOGO file choice to Japan if region set to Brazil
(1)  190/  C0ED92 : 4E71                	nop
(1)  191/  C0ED94 :                     
(1)  192/  C0EDCC :                     	ORG $C0EDCC                 ; LOGO file loading
(1)  193/  C0EDCC : 4EB9 00C1 CE26      	jsr     LoadCDSectorFromSD
(1)  194/  C0EDD2 : 4EB9 00C0 BB92      	jsr     $C0BB92             ; "UploadData2"
(1)  195/  C0EDD8 : 4A79 0010 F688      	tst.w   $10F688				; "SectorCounter"
(1)  196/  C0EDDE : 6720                	beq     $C0EE00				; No more sectors to load: go to rts
(1)  197/  C0EDE0 : 60EA                	bra     $C0EDCC
(1)  198/  C0EDE2 :                     
(1)  199/  C0EE04 :                     	ORG $C0EE04
(1)  200/  C0EE04 : 4E71                	nop							; Bypass CD lid check
(1)  201/  C0EE06 :                     
(1)  202/  C0EE0C :                         ORG $C0EE0C
(1)  203/  C0EE0C : 4EF9 00C1 936E      	jmp     CDCheckDone         ; Insertion - Used to detect validity of "CD"
(1)  204/  C0EE12 :                     
(1)  205/  C0EF4C :                     	ORG $C0EF4C                 ; "GetCDFileList"
(1)  206/  C0EF4C : 4A79 0010 F688      	tst.w   $10F688				; "SectorCounter"
(1)  207/  C0EF52 : 677C                	beq     $C0EFD0				; No more sectors to load: go to rts
(1)  208/  C0EF54 : 4EB9 00C1 CE26      	jsr     LoadCDSectorFromSD
(1)  209/  C0EF5A : 600A                	bra     $C0EF66
(1)  210/  C0EF5C :                     
(1)  211/  C0EF6C :                     	ORG $C0EF6C					; Bypass CD lid check
(1)  212/  C0EF6C : 4E71                	nop
(1)  213/  C0EF6E : 4E71                	nop
(1)  214/  C0EF70 : 4E71                	nop
(1)  215/  C0EF72 :                     
(1)  216/  C0F022 :                     	ORG $C0F022					; Disable waiting for CD Op to be processed
(1)  217/  C0F022 : 4E75                	rts
(1)  218/  C0F024 :                     
(1)  219/  C0F024 : =>UNDEFINED             IFDEF DEBUGBUILD
(1)  220/  C0F024 :                     	ORG $C0F324
(1)  221/  C0F024 :                     	bra     $C0F348				; Prevent loading custom loading screens
(1)  222/  C0F024 :                     	ORG $C0F382
(1)  223/  C0F024 :                     	bra     $C0F3AA             ; Same
(1)  224/  C0F024 : [219]               	ENDIF
(1)  225/  C0F024 :                     	
(1)  226/  C0F0AA :                     	ORG $C0F0AA					; Disable waiting for CD to stop after IPL load
(1)  227/  C0F0AA : 4EB9 00C1 930A      	jsr     LoadingFinished     ; Insertion
 AS V1.42 Beta [Bld 311] - Source File main.asm(patches1-2.asm) - Page 16 - 9/11/2026 23:43:16


(1)  228/  C0F0B0 : 4E71                	nop
(1)  229/  C0F0B2 :                     
(1)  230/  C0F4E4 :                     	ORG $C0F4E4					; Disable waiting for CD to stop after BIOSF_LOADFILE
(1)  231/  C0F4E4 : 4EB9 00C1 930A      	jsr     LoadingFinished     ; Insertion
(1)  232/  C0F4EA : 4E71                	nop
(1)  233/  C0F4EC :                     
(1)  234/  C0CB30 :                     	ORG $C0CB30
(1)  235/  C0CB30 : 4EB9 00C1 CEA6      	jsr     StopCDDA
(1)  236/  C0CB36 : 4E71                	nop
(1)  237/  C0CB38 :                     
(1)  238/  C0CBBC :                     	ORG $C0CBBC
(1)  239/  C0CBBC : 4EB9 00C1 E840      	jsr     SYSTEM_IO_WDKICK
(1)  240/  C0CBC2 :                     
(1)  241/  C0F5FC :                     	ORG $C0F5FC
(1)  242/  C0F5FC : 4EF9 00C1 9320      	jmp     LoadFile			; Patch original LoadFile
(1)  243/  C0F602 :                     
(1)  244/  C0F602 :                         ;ORG $C0F80A                ; TESTING: Called in LoadPRGSectorsPatch
(1)  245/  C0F602 :                         ;jmp     LoadPRGVectorTable  ; Avoid using DMA in LoadPRGSectors - Double Dragon needs this
(1)  246/  C0F602 :                     
(1)  247/  C0F7B0 :                         ORG $C0F7B0 ;C0F784
(1)  248/  C0F7B0 : 4EF9 00C1 91E0          jmp     LoadPRGSectorsPatch ; Direct copy
(1)  249/  C0F9BE :                         ORG $C0F9BE ;C0F96C
(1)  250/  C0F9BE : 4EF9 00C1 9266          jmp     LoadSPRSectorsPatch ; Direct copy
(1)  251/  C0FA60 :                         ORG $C0FA60
(1)  252/  C0FA60 : 303C 07FF               move.w  #$7FF,d0			; Fix original system ROM Z80 RAM clearing bug - Thanks Justin !
(1)  253/  C0FB28 :                         ORG $C0FB28 ;C0FAD8
(1)  254/  C0FB28 : 4EF9 00C1 92B6          jmp     LoadPCMSectorsPatch ; Direct copy
(1)  255/  C0FB2E :                     
(1)  256/  C0FD78 :                     	ORG $C0FD78
(1)  257/  C0FD78 : 4EB9 00C1 CE26      	jsr     LoadCDSectorFromSD	; Load sector in SearchForFile
(1)  258/  C0FD7E : 6008                	bra     $C0FD88				; Skip waiting
(1)  259/  C0FD80 :                     
(1)  260/  C0FFA2 :                     	ORG $C0FFA2					; WaitForCD
(1)  261/  C0FFA2 : 4EB9 00C1 CE26      	jsr     LoadCDSectorFromSD
(1)  262/  C0FFA8 : 4E75                	rts
(1)  263/  C0FFAA :                     
(1)  264/  C0FFE6 :                     	ORG $C0FFE6					; WaitForNewSector (useless now ?)
(1)  265/  C0FFE6 : 4EB9 00C1 CE26      	jsr     LoadCDSectorFromSD
(1)  266/  C0FFEC : 4E75                	rts
(1)  267/  C0FFEE :                     
(1)  268/  C1002A :                     	ORG $C1002A					; WaitForCD2
(1)  269/  C1002A : 4EB9 00C1 CE26      	jsr     LoadCDSectorFromSD
(1)  270/  C10030 : 4E75                	rts
(1)  271/  C10032 :                     
(1)  272/  C10134 :                     	ORG $C10134					; WaitForLoaded
(1)  273/  C10134 : 4EB9 00C1 CE26      	jsr     LoadCDSectorFromSD
(1)  274/  C1013A : 4E75                	rts
(1)  275/  C1013C :                     
(1)  276/  C10206 :                     	ORG $C10206
(1)  277/  C10206 : 4EF9 00C1 93B4          jmp     LoadFromCD			; Patch original "LoadFromCD" (multiple calls)
(1)  278/  C1020C :                     
(1)  279/  C104CA :                         ORG $C104CA
(1)  280/  C104CA : 4E71                    nop                         ; Disable LC8951->DRAM DMA, shouldn't be used anyways
(1)  281/  C104CC : 4E71                    nop
(1)  282/  C104CE : 4E71                    nop
(1)  283/  C104D0 :                     
(1)  284/  C11788 :                     	ORG $C11788
(1)  285/  C11788 : 4E75                	rts
(1)  286/  C1178A :                     	;;jsr     $C0B278			; Just jump to ClearSprites ?
(1)  287/  C1178A :                     	;lea     $100040,a6        	; Disable CD player display and erase finger cursor from splash screen
 AS V1.42 Beta [Bld 311] - Source File main.asm(patches1-2.asm) - Page 17 - 9/11/2026 23:43:16


(1)  288/  C1178A :                     	;move.b  #0,4(a6)			; Sprite height
(1)  289/  C1178A :                     	;bra     $C16CF2			; "SpriteUpdateVRAM"
(1)  290/  C1178A :                     	
(1)  291/  C167FE :                     	ORG $C167FE
(1)  292/  C167FE : 7001                	moveq.l #1,d0
(1)  293/  C16800 : 1B40 764E           	move.b  d0,$764E(a5)
(1)  294/  C16804 : 1B40 7656           	move.b  d0,$7656(a5)		; Init "CDValidFlag" to 1 instead of 0 to kickstart CD checking
(1)  295/  C16808 :                     
(1)  296/  C20BE0 :                     	ORG $C20BE0
(1)  297/  C20BE0 : 4CF0                	dc.w $4CF0					; Make the loading bar green, just for fun :]
(1)  298/  C20BE2 : 5AF0                	dc.w $5AF0
(1)  299/  C20BE4 : 28F0                	dc.w $28F0
(1)  300/  C20BE6 : 24F0                	dc.w $24F0
(1)  301/  C20BE8 : 20D0                	dc.w $20D0
(1)  302/  C20BEA :                     
(1)  303/  C20BEA :                     	PADDING ON
(1)  304/  C20BEA :                     
(1)  305/  C20BEA : =>UNDEFINED             IFDEF DEBUGBUILD
(1)  306/  C20BEA :                     	ORG $C20C10   				; Define palette #3 during loading screen for debug text
(1)  307/  C20BEA :                     	dc.w BLACK, WHITE, BLACK
(1)  308/  C20BEA : [305]                   ENDIF
(1)  309/  C20BEA :                     
(1)  310/  C167F4 :                         ORG $C167F4
(1)  311/  C167F4 : 4EB9 00C1 90D8          jsr SetLEDStartup
(1)  312/  C167FA : 4E71                    nop
(1)  313/  C167FC : 4E71                    nop
(1)  314/  C167FE :                     
(1)  315/  C167FE :                     
(1)  316/  C168C0 :                         ORG $C168C0
(1)  317/  C168C0 : 4EB9 00C1 CF1C          jsr     SplashInit          ; Patch up to before $C168D4
(1)  318/  C168C6 : 4E71                    nop
(1)  319/  C168C8 : 4E71                    nop
(1)  320/  C168CA : 4E71                    nop
(1)  321/  C168CC : 4E71                    nop
(1)  322/  C168CE : 4E71                    nop
(1)  323/  C168D0 : 4E71                    nop
(1)  324/  C168D2 : 4E71                    nop
(1)  325/  C168D4 :                         
(1)  326/  C16BAA :                         ORG $C16BAA
(1)  327/  C16BAA : 4EB9 00C1 CF4E      	jsr     SplashStartCurve
(1)  328/  C16BB0 : 4E71                	nop
(1)  329/  C16BB2 :                     
(1)  330/  C16C12 :                     	ORG $C16C12
(1)  331/  C16C12 : 4EB9 00C1 CF6A      	jsr     SplashLetterCurve
(1)  332/  C16C18 :                     
(1)  333/  C16DAC :                     	ORG $C16DAC
(1)  334/  C16DAC : 1D42 0004           	move.b  d2,(4,a6)			; Sprite height bugfix :)
(1)  335/  C16DB0 :                     
(1)  336/  C16D8E :                     	ORG $C16D8E
(1)  337/  C16D8E : 4EB9 00C1 CF82      	jsr     SplashMapSprite     ; Patch MapSprite to switch between CD and SD card sprite map
(1)  338/  C16D94 : 4E71                    nop                         ; Patch up to before $C16D9C
(1)  339/  C16D96 : 4E71                    nop
(1)  340/  C16D98 : 4E71                    nop
(1)  341/  C16D9A : 4E71                    nop
(1)  342/  C16D9C :                     
(1)  343/  C0C642 :                         ORG $C0C642
(1)  344/  C0C642 : 4EF9 00C1 CFA4          jmp     InstallPalettes
(1)  345/  C0C648 :                     
(1)  346/  C0C648 :                     
(1)  347/  C209AE :                         ORG $C209AE
 AS V1.42 Beta [Bld 311] - Source File main.asm(patches1-2.asm) - Page 18 - 9/11/2026 23:43:16


(1)  348/  C209AE :                     	BINCLUDE "gfxdata\menu_font.pal"	; Replaces palette (0) used for fix
(1)  349/  C209CE :                         ORG $C209CE
(1)  350/  C209CE :                     	BINCLUDE "gfxdata\menu_picto.pal"	; Replaces palette (1) used for fix
(1)  351/  C209EE :                     	; Palette (2) is used for msgbox text, leave it alone
(1)  352/  C20A0E :                         ORG $C20A0E
(1)  353/  C20A0E :                     	BINCLUDE "gfxdata\menu_font_hl.pal"	; Replaces palette (3) used for fix
(1)  354/  C20AAE :                         ORG $C20AAE
(1)  355/  C20AAE :                     	BINCLUDE "gfxdata\tile_scroll_bg.pal" 	; Replaces CD player bg palette (8)
(1)  356/  C20ACE :                         ORG $C20ACE
(1)  357/  C20ACE :                     	BINCLUDE "gfxdata\letter_cursor.pal" 	; Replaces buttons palette (9)
(1)  358/  C20AEE :                         ORG $C20AEE
(1)  359/  C20AEE :                     	BINCLUDE "gfxdata\menu_logo.pal" 	    ; Replaces R vu-meter palette (10)
(1)  360/  C20B0E :                         ORG $C20B0E
(1)  361/  C20B0E :                     	BINCLUDE "gfxdata\menu_letters.pal" 	; Replaces cursor palette (11)
(1)  362/  C20B2E :                         ORG $C20B2E
(1)  363/  C20B2E :                     	BINCLUDE "gfxdata\scroll_shadow.pal" 	; Replaces buttons palette (12)
(1)  364/  C20B4E :                     
(1)  365/  C30000 :                     	ORG $C30000
(1)  366/  C30000 :                     	BINCLUDE "z80\z80.bin"
(1)  367/  C31000 :                     
(1)  368/  C5D0B0 :                     	ORG $C3FEB0+$1D200
(1)  369/  C5D0B0 :                     	BINCLUDE "sfx\sfx.bin"
(1)  370/  C5F1B0 :                     
(1)  371/  C5F1B0 :                     	; DataFix = $C5FEB0 (first bank), there are 8 banks
(1)  372/  C5F1B0 :                     	; Bank #0: Standard SFIX 8x8 charset
(1)  373/  C5F1B0 :                     	; Bank #1: Standard SFIX 8x16 charset top
(1)  374/  C5F1B0 :                     	; Bank #2: Standard SFIX 8x16 charset bottom
(1)  375/  C5F1B0 :                     	; Bank #3: Palette test, CD player 8x16 charset top, emptyness
(1)  376/  C5F1B0 :                     	; Bank #4: CD player 8x8 charset, 8x16 charset bottom, emptyness
(1)  377/  C5F1B0 :                     	; Bank #5: CD player message box tiles and Japanese chars
(1)  378/  C5F1B0 :                     	; Bank #6: Loading screen box and progressbar, emptyness
(1)  379/  C5F1B0 :                     	; Bank #7: Loading screen juggling monkey
(1)  380/  C5F1B0 :                     
(1)  381/  C5FEB0 :                         ORG $C5FEB0                                ; Overwrite bank #0: $C5FEB0+(0*$2000)=$C5FEB0
(1)  382/  C5FEB0 :                     FixBankZero:
(1)  383/  C5FEB0 :                     	BINCLUDE "gfxdata\fix_alphabet_bank.bin"   ; Replace with un-shittized standard font
(1)  384/  C61EB0 :                     
(1)  385/  C61EB0 :                     FixSizeCheckA:
(1)  386/  C61EB0 : =>FALSE                 IF FixSizeCheckA > $C5FEB0+$2000
(1)  387/  C61EB0 :                             FATAL "\aFix file #1 is larger than 8kB !"
(1)  388/  C61EB0 : [386]                   ENDIF
(1)  389/  C61EB0 :                     
(1)  390/  C69EB0 :                     	ORG $C69EB0 				               ; Overwrite bank #5: $C5FEB0+(5*$2000)=$C69EB0
(1)  391/  C69EB0 :                     	BINCLUDE "gfxdata\fix_menu_bank.bin"	   ; Replace with menu font & pictos
(1)  392/  C6BEB0 :                     
(1)  393/  C6BEB0 :                     FixSizeCheckB:
(1)  394/  C6BEB0 : =>FALSE                 IF FixSizeCheckB > $C69EB0+$2000
(1)  395/  C6BEB0 :                             FATAL "\aFix file #2 is larger than 8kB !"
(1)  396/  C6BEB0 : [394]                   ENDIF
(1)  397/  C6BEB0 :                     
(1)  398/  C6BEB0 : =>UNDEFINED             IFDEF DEBUGBUILD
(1)  399/  C6BEB0 :                     	ORG $C6DEB0 				               ; Overwrite bank #7: $C5FEB0+(7*$2000)=$C6DEB0
(1)  400/  C6BEB0 :                     	BINCLUDE "gfxdata\fix_alphabet_bank.bin"   ; Replace with un-shittized standard font
(1)  401/  C6BEB0 : [398]                   ENDIF
(1)  402/  C6BEB0 :                     
(1)  403/  C6BEB0 :                     	; DataSprites = $C6FEB0
(1)  404/  C6FEB0 :                         ORG $C6FEB0
(1)  405/  C6FEB0 :                     	BINCLUDE "gfxdata\sprites.bin"
(1)  406/  C74DB0 :                     SpriteDataEnd:
(1)  407/  C74DB0 : =>FALSE                 IF SpriteDataEnd > $C6FEB0+(4*64*128)
 AS V1.42 Beta [Bld 311] - Source File main.asm(patches1-2.asm) - Page 19 - 9/11/2026 23:43:16


(1)  408/  C74DB0 :                             FATAL "\aSprite data overflows banks 0~3 !"
(1)  409/  C74DB0 : [407]                   ENDIF
(1)  410/  C74DB0 :                     
      48/  C74DB0 : =>FALSE                 ELSEIF TARGET==3
      49/  C74DB0 :                             IF MOMPASS==1
      50/  C74DB0 :                                 MESSAGE "Using TOP-SP1-3 patches"
      51/  C74DB0 : [49]                        ENDIF
      52/  C74DB0 :                             INCLUDE "patches3.asm"
      53/  C74DB0 : [38]                    ENDIF
      54/  C74DB0 :                     
      55/  C74DB0 :                     	; Added code starts here
      56/  C74DB0 :                         ; Approx 30kB of free space starting at $C19000
      57/  C19000 :                     	ORG $C19000
      58/  C19000 : 000C                	dc.w VERSION_MAJ<<8+VERSION_MIN    ; DO NOT MOVE ! MCU uses this to check correct version of menu is flashed
      59/  C19002 :                     
      60/  C19002 :                     PUPPETStuff:
      61/  C19002 :                         ; Copied from original routine
      62/  C19002 : 33FC 0000 00FF 0000 	move.w  #0,$FF0000
      63/  C1900A : 33FC 0550 00FF 0002 	move.w  #$550,$FF0002
      64/  C19012 : 33FC 0731 00FF 0004     move.w  #$731,$FF0004
      65/  C1901A : 13FC 00FE 00FF 0011     move.b  #$FE,$FF0011
      66/  C19022 : 13FC 003C 00FF 000E     move.b  #$3C,$FF000E
      67/  C1902A : 33FC 0007 003C 000C 	move.w  #7,REG_IRQACK
      68/  C19032 : 027C F8FF           	andi.w  #$F8FF,sr
      69/  C19036 :                         ; Added
      70/  C19036 : 33FC 0000 0010 D05E 	move.w  #0,SSaverTimer
      71/  C1903E : 13FC 0001 0010 F6DC 	move.b  #1,$10F6DC           ; Prevents a leftover debug routine (?) from being triggered. See $C0D7CC.
      72/  C19046 :                         ; Get MCU FW version to load MCUVersion
      73/  C19046 : 33FC FFFF 0011 C1B8     move.w  #$FFFF,MCUVersion    ; Invalidate
      74/  C1904E : (MACRO)[0]              MCUCMD  MCU_CMD_GETID
      74/  C1904E : 163C 0001               move.b  #MCU_CMD_GETID,d3
      74/  C19052 : 4EB9 00C1 C756          jsr     MCUCommand
      75/  C19058 : 6530                    bcs     .done                ; Can't show errors at this early boot stage, just ignore
      76/  C1905A :                         ; Read 24 bytes from the MCU (see doc) CHANGED
      77/  C1905A : 363C 000C               move.w  #12,d3
      78/  C1905E : 4EB9 00C1 C85E          jsr     MCURead4WordsMult
      79/  C19064 : 1039 0011 C100          move.b  MCUReplyBuffer,d0
      80/  C1906A : 0200 00F0               andi.b  #$F0,d0
      81/  C1906E : B03C 00F0               cmp.b   #$F0,d0
      82/  C19072 : 6616                    bne     .done                ; Can't show errors at this early boot stage, just ignore
      83/  C19074 : 41F9 0011 C10D          lea     MCUReplyBuffer+13,a0
      84/  C1907A : 1018                    move.b  (a0)+,d0
      85/  C1907C : 13C0 0011 C1B8          move.b  d0,MCUVersion
      86/  C19082 : 1010                    move.b  (a0),d0
      87/  C19084 : 13C0 0011 C1B9          move.b  d0,MCUVersion+1
      88/  C1908A :                     .done:
      89/  C1908A : 4E75                	rts
      90/  C1908C :                     	
      91/  C1908C :                     
      92/  C1908C :                     ConsoleStart:
      93/  C1908C :                         ; Copied from original routine
      94/  C1908C : 13FC 0000 00FF 0119     move.b  #0,REG_ENVIDEO
      95/  C19094 :                         ; Added
      96/  C19094 : 7000                	moveq.l #0,d0
      97/  C19096 : 13C0 0011 C1BC      	move.b  d0,IsInIGM
      98/  C1909C : 33C0 0011 C18A      	move.w  d0,FixWriteConfig
      99/  C190A2 : 13C0 0010 D026      	move.b  d0,DebugDIP1
     100/  C190A8 : 13C0 0010 D027      	move.b  d0,DebugDIP2
     101/  C190AE : 33C0 0010 D05E      	move.w  d0,SSaverTimer
     102/  C190B4 : 13C0 0011 C1BB          move.b  d0,CustomBGLoaded
 AS V1.42 Beta [Bld 311] - Source File main.asm - Page 20 - 9/11/2026 23:43:16


     103/  C190BA : 13C0 0011 C294          move.b  d0,CursorsValid
     104/  C190C0 : 13C0 0011 C295          move.b  d0,CardEvent
     105/  C190C6 : 4EB9 00C1 C2A4      	jsr     LoadSettings
     106/  C190CC : 303C 0600           	move.w  #$0600,d0           ; Stop CDDA - Now useless ?
     107/  C190D0 : 4EB9 00C1 CEB8      	jsr     CDDACommand
     108/  C190D6 : 4E75                	rts
     109/  C190D8 :                     
     110/  C190D8 :                     
     111/  C190D8 :                     SetLEDStartup:
     112/  C190D8 : 50F9 0011 C1B7          st.b    SetMCUConfig
     113/  C190DE : 4EF9 00C1 90E4          jmp     GetMCUStatus
     114/  C190E4 :                     
     115/  C190E4 :                     
     116/  C190E4 :                     GetMCUStatus:
     117/  C190E4 : 7800                    moveq.l #0,d4
     118/  C190E6 : 13C4 0011 C194          move.b  d4,MCUCmdParams
     119/  C190EC : 4A39 0011 C1B7          tst.b   SetMCUConfig
     120/  C190F2 : 6722                    beq     .noset
     121/  C190F4 : 1839 0011 C18E          move.b  SettingLEDIdle,d4
     122/  C190FA : 5204                    addq.b  #1,d4
     123/  C190FC : E70C                    lsl.b   #3,d4
     124/  C190FE : 8839 0011 C18F          or.b    SettingLEDLoad,d4
     125/  C19104 : 5204                    addq.b  #1,d4
     126/  C19106 : 0004 0080               ori.b   #$80,d4
     127/  C1910A : 13C4 0011 C194          move.b  d4,MCUCmdParams
     128/  C19110 : 4239 0011 C1B7      	clr.b   SetMCUConfig
     129/  C19116 :                     .noset:
     130/  C19116 : (MACRO)[1]              MCUCMD  MCU_CMD_GETSTATUS
     130/  C19116 : 163C 0002               move.b  #MCU_CMD_GETSTATUS,d3
     130/  C1911A : 4EB9 00C1 C756          jsr     MCUCommand
     131/  C19120 : 6408                    bcc     .notimeout
     132/  C19122 : 4EB9 00C1 9914          jsr     DispErrorTimeout
     133/  C19128 : 4E75                    rts
     134/  C1912A :                     .notimeout:
     135/  C1912A : 4EB9 00C1 C85A          jsr     MCURead4Words
     136/  C19130 : 4EB9 00C1 C89A          jsr     CheckACK
     137/  C19136 : 6402                    bcc     .cmdok
     138/  C19138 : 4E75                    rts
     139/  C1913A :                     .cmdok:
     140/  C1913A : 1039 0011 C101          move.b  MCUReplyBuffer+1,d0
     141/  C19140 : 13C0 0010 D042          move.b  d0,MCUStatus
     142/  C19146 : 0800 0006               btst.l  #6,d0
     143/  C1914A : 670C                    beq     .nocardevent
     144/  C1914C : 4239 0011 C294          clr.b   CursorsValid
     145/  C19152 : 50F9 0011 C295          st.b    CardEvent
     146/  C19158 :                     .nocardevent:
     147/  C19158 : 4E75                    rts
     148/  C1915A :                     
     149/  C1915A :                     
     150/  C1915A :                     CDPLAYER_Init:
     151/  C1915A :                         ; This is run when a game exits to the CD player interface
     152/  C1915A : 33FC 0000 0011 C18A 	move.w  #$0000,FixWriteConfig
     153/  C19162 : 33FC 0000 0010 D05E 	move.w  #0,SSaverTimer
     154/  C1916A : 4EF9 00C0 CB7C      	jmp     MainLoopEnd
     155/  C19170 :                     
     156/  C19170 :                     
     157/  C19170 :                     InitRAM:
     158/  C19170 : =>FALSE                 IF TARGET==1
     159/  C19170 :                         clr.b   $7E84(a5)			; Copied from original routine
     160/  C19170 :                         clr.b   $7E85(a5)			; Make MSFMismatchCntr non-zero to make Robo Army happy
 AS V1.42 Beta [Bld 311] - Source File main.asm - Page 21 - 9/11/2026 23:43:16


     161/  C19170 : =>TRUE                  ELSE
     162/  C19170 : 42AD 775C           	clr.l   $775C(a5)			; CDLidCompareB - Copied from original routine
     163/  C19174 : 50ED 7E85           	st.b    $7E85(a5)			; Make MSFMismatchCntr non-zero to make Robo Army happy
     164/  C19178 : [158]                   ENDIF
     165/  C19178 : 4E75                    rts
     166/  C1917A :                     
     167/  C1917A :                     
     168/  C1917A :                     ResetCountry:
     169/  C1917A : 3039 00FF 011C          move.w  REG_CDCONFIG,d0
     170/  C19180 : E048                    lsr.w   #8,d0
     171/  C19182 : 4600                    not.b   d0
     172/  C19184 : 0200 0003               andi.b  #3,d0
     173/  C19188 : 13C0 0011 C18C          move.b  d0,SettingCountry
     174/  C1918E : 4E75                    rts
     175/  C19190 :                         
     176/  C19190 :                     CountryNoBrazil:
     177/  C19190 : 1039 0010 FD83      	move.b  BIOS_COUNTRY_CODE,d0
     178/  C19196 : B03C 0003           	cmp.b   #3,d0
     179/  C1919A : 6202                	bhi     .notbr
     180/  C1919C : 7000                	moveq.l #0,d0
     181/  C1919E :                     .notbr:
     182/  C1919E : E548                	lsl.w   #2,d0
     183/  C191A0 : 4E75                	rts
     184/  C191A2 :                     
     185/  C191A2 :                     LoadDebugDIPs:
     186/  C191A2 : 10F9 0010 D026          move.b  DebugDIP1,(a0)+		; Uses a0 set by original routine
     187/  C191A8 : 10F9 0010 D027          move.b  DebugDIP2,(a0)+		; Init debug DIPs to custom values instead of zero
     188/  C191AE : 4E75                    rts
     189/  C191B0 :                     
     190/  C191B0 :                     InitSoftDIPs:
     191/  C191B0 : 1018                	move.b  (a0)+,d0			; Copied from original routine
     192/  C191B2 : E808                	lsr.b   #4,d0				; Init soft DIPs to default values
     193/  C191B4 : 12C0                	move.b  d0,(a1)+
     194/  C191B6 : 51CF FFF8           	dbra    d7,InitSoftDIPs
     195/  C191BA : 13C0 0030 0001      	move.b  d0,REG_DIPSW		; Just to be sure
     196/  C191C0 : 4EB9 00C1 D1A4          jsr     LoadSDIPs			; Load soft DIPs from SD card if there are any
     197/  C191C6 : 4E75                    rts
     198/  C191C8 :                     
     199/  C191C8 :                     
     200/  C191C8 :                     	INCLUDE "loading.asm"
(1)    1/  C191C8 :                     ; Copyright (C) 2020 Sean Gonsalves
(1)    2/  C191C8 :                     ;
(1)    3/  C191C8 :                     ; This file is part of Neo CD SD Loader.
(1)    4/  C191C8 :                     ;
(1)    5/  C191C8 :                     ; This program is free software; you can redistribute it and/or modify
(1)    6/  C191C8 :                     ; it under the terms of the GNU General Public License as published by
(1)    7/  C191C8 :                     ; the Free Software Foundation; either version 2, or (at your option)
(1)    8/  C191C8 :                     ; any later version.
(1)    9/  C191C8 :                     ;
(1)   10/  C191C8 :                     ; This program is distributed in the hope that it will be useful,
(1)   11/  C191C8 :                     ; but WITHOUT ANY WARRANTY; without even the implied warranty of
(1)   12/  C191C8 :                     ; MERCHANTABILITY or FITNESS FOR A PARTICULAR PURPOSE.  See the
(1)   13/  C191C8 :                     ; GNU General Public License for more details.
(1)   14/  C191C8 :                     ;
(1)   15/  C191C8 :                     ; You should have received a copy of the GNU General Public License
(1)   16/  C191C8 :                     ; along with this program; see the file COPYING.  If not, write to
(1)   17/  C191C8 :                     ; the Free Software Foundation, Inc., 51 Franklin Street,
(1)   18/  C191C8 :                     ; Boston, MA 02110-1301, USA.
(1)   19/  C191C8 :                     
(1)   20/  C191C8 :                     InitLoad:
 AS V1.42 Beta [Bld 311] - Source File main.asm(loading.asm) - Page 22 - 9/11/2026 23:43:16


(1)   21/  C191C8 : 4EB9 00C1 93B4          jsr     LoadFromCD
(1)   22/  C191CE : 2B7C 0011 1204 7EF8     move.l  #CDSectorBuffer,SectorLoadBuffer(a5)
(1)   23/  C191D6 : 2B7C 0000 0800 7EFC     move.l  #2048,SectorLoadSize(a5)
(1)   24/  C191DE : 4E75                    rts
(1)   25/  C191E0 :                     
(1)   26/  C191E0 :                     LoadPRGSectorsPatch:
(1)   27/  C191E0 : 4EB9 00C1 91C8      	jsr     InitLoad
(1)   28/  C191E6 : 202D 7EE2               move.l  SectorReqDest(a5),d0
(1)   29/  C191EA : 6618                    bne.s   .notfirst
(1)   30/  C191EC :                     
(1)   31/  C191EC : 2B7C 0011 0004 7EF4     move.l  #FirstPRGSector,SectorLoadDest(a5)
(1)   32/  C191F4 : 4EB9 00C1 CBD8          jsr     LoadPRGSectorFromSD
(1)   33/  C191FA : 42AD 7732               clr.l   $7732(a5)
(1)   34/  C191FE : 203C 0000 0800          move.l  #2048,d0                    ; Second sector
(1)   35/  C19204 :                     
(1)   36/  C19204 :                     .notfirst:
(1)   37/  C19204 : 2B40 7EF4               move.l  d0,SectorLoadDest(a5)
(1)   38/  C19208 :                     
(1)   39/  C19208 :                     .loadPRGsectors:
(1)   40/  C19208 : 4EB9 00C1 CBD8          jsr     LoadPRGSectorFromSD
(1)   41/  C1920E : 4EB9 00C1 92D6          jsr     UpdateLoadAnim
(1)   42/  C19214 : 4A6D 7688               tst.w   SectorCounter(a5)
(1)   43/  C19218 : 66EE                    bne.s   .loadPRGsectors
(1)   44/  C1921A :                     
(1)   45/  C1921A :                     	; Detect and auto-patch SSRPG's EXT_SYS.PRG
(1)   46/  C1921A : 0CAD 0013 2000 7EE2     cmp.l   #$132000,SectorReqDest(a5)
(1)   47/  C19222 : 663C                	bne     .notssrpg
(1)   48/  C19224 : 0CB9 4E45 4F47 0013 	cmp.l   #$4E454F47,$132000	; Check for "NEOG" at $132000
           C1922C : 2000               
(1)   49/  C1922E : 6630                	bne     .notssrpg
(1)   50/  C19230 :                     	; Pretty sure we just loaded EXT_SYS.PRG at this point: patch it
(1)   51/  C19230 :                     	; Thanks Justin !
(1)   52/  C19230 : 23FC 4E75 4E75 0013 	move.l  #$4E754E75,$13201A	; rts rts
           C19238 : 201A               
(1)   53/  C1923A : 23FC 4E71 4EF9 0013 	move.l  #$4E714EF9,$13201E	; nop jmp.l
           C19242 : 201E               
(1)   54/  C19244 : 23FC 00C0 0552 0013 	move.l  #$00C00552,$132022  ; $C00552 (BIOSF_LOADFILE)
           C1924C : 2022               
(1)   55/  C1924E : 23FC 4EF9 00C0 0013 	move.l  #$4EF900C0,$132026  ; jmp.l $C00552 (BIOSF_LOADFILE_NOANIM)
           C19256 : 2026               
(1)   56/  C19258 : 33FC 0564 0013 202A 	move.w  #$0564,$13202A
(1)   57/  C19260 :                     
(1)   58/  C19260 :                     .notssrpg:
(1)   59/  C19260 : 4EF9 00C1 9336          jmp     LoadPRGVectorTable
(1)   60/  C19266 :                     
(1)   61/  C19266 :                     
(1)   62/  C19266 :                     LoadSPRSectorsPatch:
(1)   63/  C19266 : 4EB9 00C1 91C8      	jsr     InitLoad
(1)   64/  C1926C :                     
(1)   65/  C1926C :                     .loadSPRsectors:
(1)   66/  C1926C : 202D 7EF4               move.l  SectorLoadDest(a5),d0
(1)   67/  C19270 : 0C80 0010 0000          cmpi.l  #$100000,d0
(1)   68/  C19276 : 651C                    blo     .noteob                     ; Reached end of bank ?
(1)   69/  C19278 : 2B7C 0000 0000 7EF4     move.l  #0,SectorLoadDest(a5)       ; Go to next bank
(1)   70/  C19280 : 102D 7EDE               move.b  FirstLoadBank(a5),d0
(1)   71/  C19284 : 5200                    addq.b  #1,d0
(1)   72/  C19286 : 1B40 7EDE               move.b  d0,FirstLoadBank(a5)
(1)   73/  C1928A : 1B40 7EDB               move.b  d0,BankCounter(a5)
(1)   74/  C1928E : 13C0 00FF 01A1          move.b  d0,REG_SPRBANK
(1)   75/  C19294 :                     .noteob:
 AS V1.42 Beta [Bld 311] - Source File main.asm(loading.asm) - Page 23 - 9/11/2026 23:43:16


(1)   76/  C19294 : 4EB9 00C1 CC34          jsr     LoadSPRSectorFromSD
(1)   77/  C1929A : 4EB9 00C1 92D6          jsr     UpdateLoadAnim
(1)   78/  C192A0 : 4A6D 7688               tst.w   SectorCounter(a5)
(1)   79/  C192A4 : 66C6                    bne.s   .loadSPRsectors             ; Loaded all sectors ?
(1)   80/  C192A6 :                     
(1)   81/  C192A6 : 13C0 00FF 0141          move.b  d0,REG_UPUNMAPSPR
(1)   82/  C192AC : 13FC 0000 00FF 0111     move.b  #0,REG_DISBLSPR
(1)   83/  C192B4 : 4E75                    rts
(1)   84/  C192B6 :                         
(1)   85/  C192B6 :                         
(1)   86/  C192B6 :                     LoadPCMSectorsPatch:
(1)   87/  C192B6 : 4EB9 00C1 91C8      	jsr     InitLoad
(1)   88/  C192BC :                         
(1)   89/  C192BC :                     .loadPCMsectors:
(1)   90/  C192BC : 4EB9 00C1 CCFE          jsr     LoadPCMSectorFromSD
(1)   91/  C192C2 : 4EB9 00C1 92D6          jsr     UpdateLoadAnim
(1)   92/  C192C8 : 4A6D 7688               tst.w   SectorCounter(a5)
(1)   93/  C192CC : 66EE                    bne.s   .loadPCMsectors
(1)   94/  C192CE :                     
(1)   95/  C192CE : 13C0 00FF 0143          move.b  d0,REG_UPUNMAPPCM
(1)   96/  C192D4 : 4E75                    rts
(1)   97/  C192D6 :                         
(1)   98/  C192D6 :                         
(1)   99/  C192D6 :                     UpdateLoadAnim:
(1)  100/  C192D6 : 48E7 FFFE               movem.l d0-a6,-(sp)
(1)  101/  C192DA : 2079 0011 C80C          movea.l ProgressBarCodePtr,a0
(1)  102/  C192E0 : 4E90                    jsr     (a0)
(1)  103/  C192E2 : 4A39 0011 C192          tst.b   SettingLoadAnim
(1)  104/  C192E8 : 6714                    beq     .fast
(1)  105/  C192EA : 1039 0011 C296          move.b  LoadAnimSlowdown,d0
(1)  106/  C192F0 : 5200                    addq.b  #1,d0
(1)  107/  C192F2 : 13C0 0011 C296          move.b  d0,LoadAnimSlowdown
(1)  108/  C192F8 : 0200 0007               andi.b  #7,d0
(1)  109/  C192FC : 6606                    bne     .skip
(1)  110/  C192FE :                     .fast:
(1)  111/  C192FE : 4EB9 00C0 E712          jsr     DrawProgressAnimation
(1)  112/  C19304 :                     .skip:
(1)  113/  C19304 : 4CDF 7FFF               movem.l (sp)+,d0-a6
(1)  114/  C19308 : 4E75                    rts
(1)  115/  C1930A :                     
(1)  116/  C1930A :                     
(1)  117/  C1930A :                     LoadingFinished:
(1)  118/  C1930A : 13C0 0030 0001          move.b  d0,REG_DIPSW
(1)  119/  C19310 : 13FC 0001 0010 F6C3     move.b  #1,$10F6C3          ; Copied from original routine
(1)  120/  C19318 : 4239 0011 C1B4          clr.b   IsLoading           ; Added
(1)  121/  C1931E : 4E75                    rts
(1)  122/  C19320 :                     
(1)  123/  C19320 :                     
(1)  124/  C19320 :                     LoadFile:
(1)  125/  C19320 : =>UNDEFINED             IFDEF DEBUGBUILD
(1)  126/  C19320 :                     	jsr     DebugDispFileName
(1)  127/  C19320 : [125]               	ENDIF
(1)  128/  C19320 :                     
(1)  129/  C19320 :                         ; Copied from original routine
(1)  130/  C19320 :                         ; TODO: Is this still needed ?
(1)  131/  C19320 : 7000                	moveq.l #0,d0
(1)  132/  C19322 : 1039 0010 F6C2          move.b  $10F6C2,d0			; "FileTypeCode"
(1)  133/  C19328 : E508                    lsl.b   #2,d0
(1)  134/  C1932A : 41F9 00C0 F60A          lea     JTFileLoaders,a0
(1)  135/  C19330 : 2070 0000               movea.l 0(a0,d0),a0
 AS V1.42 Beta [Bld 311] - Source File main.asm(loading.asm) - Page 24 - 9/11/2026 23:43:16


(1)  136/  C19334 : 4ED0                    jmp     (a0)
(1)  137/  C19336 :                         
(1)  138/  C19336 :                     
(1)  139/  C19336 :                     LoadPRGVectorTable:
(1)  140/  C19336 :                         ; Copy everything from FirstPRGSector to the vector table at 0 except the VBL IRQ vector
(1)  141/  C19336 : 13FC 0000 003A 0013     move.b  #0,REG_SWPROM
(1)  142/  C1933E : 23F9 0011 006C 0010     move.l  $11006C,$10F6EE     ; VBLRoutine2,VBLVectorCopy(a5)
           C19346 : F6EE               
(1)  143/  C19348 : 207C 0011 0004          movea.l #FirstPRGSector,a0
(1)  144/  C1934E : 227C 0000 0000          movea.l #0,a1
(1)  145/  C19354 : 3E3C 0034               move.w  #104/2,d7
(1)  146/  C19358 :                     .copy1:
(1)  147/  C19358 : 32D8                    move.w  (a0)+,(a1)+
(1)  148/  C1935A : 5347                    subq.w  #1,d7
(1)  149/  C1935C : 66FA                    bne     .copy1
(1)  150/  C1935E : 2018                    move.l  (a0)+,d0            ; Just inc a0
(1)  151/  C19360 : 2019                    move.l  (a1)+,d0            ; Just inc a1
(1)  152/  C19362 : 3E3C 03CA               move.w  #1940/2,d7
(1)  153/  C19366 :                     .copy2:
(1)  154/  C19366 : 32D8                    move.w  (a0)+,(a1)+
(1)  155/  C19368 : 5347                    subq.w  #1,d7
(1)  156/  C1936A : 66FA                    bne     .copy2
(1)  157/  C1936C : 4E75                    rts
(1)  158/  C1936E :                     
(1)  159/  C1936E :                     
(1)  160/  C1936E :                     CDCheckDone:
(1)  161/  C1936E : 0839 0007 0010 F656 	btst   	#7,CDValidFlag
(1)  162/  C19376 : 6620                	bne     .valid
(1)  163/  C19378 :                     
(1)  164/  C19378 : =>UNDEFINED             IFDEF DEBUGBUILD
(1)  165/  C19378 :                     	lea     $111204,a1			; Debug: Dump memory starting from "CDSectorBuffer" and lock up
(1)  166/  C19378 :                     	bra     MemoryViewer
(1)  167/  C19378 : [164]               	ENDIF
(1)  168/  C19378 :                     
(1)  169/  C19378 : 41F9 00C1 F3E3      	lea     StrMsgBoxInvalidGame,a0
(1)  170/  C1937E : 4EB9 00C1 9760      	jsr     MessageBox
(1)  171/  C19384 : 4239 0010 F6B6      	clr.b   CDLoadBusy
(1)  172/  C1938A : 08B9 0000 0010 F656 	bclr    #0,CDValidFlag
(1)  173/  C19392 : 4EF9 00C0 EE4E          jmp     CDCheckDoneEnd      ; Return to original code
(1)  174/  C19398 :                     
(1)  175/  C19398 :                     .valid:
(1)  176/  C19398 :                         ; Copied from original routine
(1)  177/  C19398 : 4239 0010 F6B6      	clr.b   CDLoadBusy
(1)  178/  C1939E : 08B9 0000 0010 F656 	bclr    #0,CDValidFlag
(1)  179/  C193A6 : 13FC 0000 00FF 0119     move.b  #0,REG_ENVIDEO      ; Disable video to avoid seeing fix glitch
(1)  180/  C193AE : 4EF9 00C0 EE4E          jmp     CDCheckDoneEnd      ; Return to original code
(1)  181/  C193B4 :                     
(1)  182/  C193B4 :                     
(1)  183/  C193B4 :                     
(1)  184/  C193B4 :                     LoadFromCD:
(1)  185/  C193B4 :                         ; LoadFromCD jump patch
(1)  186/  C193B4 : 48E7 8080               movem.l d0/a0,-(sp)
(1)  187/  C193B8 :                     
(1)  188/  C193B8 :                         ; Copied from original routine
(1)  189/  C193B8 : 1B7C 0001 76B6          move.b  #1,$76B6(a5)
(1)  190/  C193BE : 422D 76B7               clr.b   $76B7(a5)
(1)  191/  C193C2 :                         ;Ignore PushCDOp
(1)  192/  C193C2 : 3B7C 0004 7684      	move.w  #4,$7684(a5)
(1)  193/  C193C8 : 1B7C 0040 76BA      	move.b  #64,$76BA(a5)
(1)  194/  C193CE : 1B7C 0040 76BB      	move.b  #64,$76BB(a5)
 AS V1.42 Beta [Bld 311] - Source File main.asm(loading.asm) - Page 25 - 9/11/2026 23:43:16


(1)  195/  C193D4 : 426D 76BC           	clr.w   $76BC(a5)
(1)  196/  C193D8 :                     
(1)  197/  C193D8 : 13C0 0030 0001      	move.b  d0,REG_DIPSW
(1)  198/  C193DE : 50F9 0011 C1B4      	st.b    IsLoading
(1)  199/  C193E4 :                     
(1)  200/  C193E4 : =>UNDEFINED             IFDEF DEBUGBUILD
(1)  201/  C193E4 :                         movem.l a1,-(sp)
(1)  202/  C193E4 :                         ; Set up palettes for debug text
(1)  203/  C193E4 :                         lea     IGMPalettes,a0
(1)  204/  C193E4 :                         lea     PALETTES,a1
(1)  205/  C193E4 :                         jsr     CopyPalette
(1)  206/  C193E4 :                     	jsr     DebugDispMSF
(1)  207/  C193E4 :                         movem.l (sp)+,a1
(1)  208/  C193E4 : [200]               	ENDIF
(1)  209/  C193E4 :                     
(1)  210/  C193E4 : 2039 0010 F6C8          move.l  $10F6C8,d0          ; Requested MSF
(1)  211/  C193EA : 23C0 0011 C182          move.l  d0,MSFCounter
(1)  212/  C193F0 :                     
(1)  213/  C193F0 : 3039 0010 F688      	move.w  $10F688,d0			; Retrieve requested sector count to load
(1)  214/  C193F6 : 33C0 0011 C180      	move.w  d0,CDSectorCount	; Make our own copy, just in case
(1)  215/  C193FC :                     
(1)  216/  C193FC : =>UNDEFINED             IFDEF DEBUGBUILD
(1)  217/  C193FC :                     	jsr		DebugDispCDSectors
(1)  218/  C193FC :                     	move.b  #1,REG_ENVIDEO
(1)  219/  C193FC :                     	move.b  #0,REG_DISBLSPR
(1)  220/  C193FC :                     	move.b  #0,REG_DISBLFIX
(1)  221/  C193FC : [216]               	ENDIF
(1)  222/  C193FC :                     
(1)  223/  C193FC : 4CDF 0101               movem.l (sp)+,d0/a0
(1)  224/  C19400 : 4E75                	rts
(1)  225/  C19402 :                     
(1)  226/  C19402 :                     
(1)  227/  C19402 :                     LoadGame:
(1)  228/  C19402 :                         ; Select file with index in d0.b and start loading
(1)  229/  C19402 : 13C0 0011 C194          move.b  d0,MCUCmdParams
(1)  230/  C19408 : 13FC 0000 0011 C195     move.b  #0,MCUCmdParams+1  ; Make sure a stale per-game-bg request flag doesn't linger
(1)  231/  C19410 : (MACRO)[2]              MCUCMD  MCU_CMD_SELECTGAME
(1)  231/  C19410 : 163C 0007               move.b  #MCU_CMD_SELECTGAME,d3
(1)  231/  C19414 : 4EB9 00C1 C756          jsr     MCUCommand
(1)  232/  C1941A : 6406                    bcc     .notimeout
(1)  233/  C1941C : 4EF9 00C1 9914          jmp     DispErrorTimeout
(1)  234/  C19422 :                     .notimeout:
(1)  235/  C19422 : 4EB9 00C1 C85A          jsr     MCURead4Words
(1)  236/  C19428 : 4EB9 00C1 C89A          jsr     CheckACK
(1)  237/  C1942E : 6572                    bcs     .invalid
(1)  238/  C19430 :                         ; Ok, start loading
(1)  239/  C19430 : 50F9 0011 C1B4      	st.b    IsLoading
(1)  240/  C19436 :                     
(1)  241/  C19436 : 1039 0011 C18C          move.b  SettingCountry,d0
(1)  242/  C1943C : 0200 0003           	andi.b  #3,d0               ; Sanitize
(1)  243/  C19440 : 13C0 0010 FD83      	move.b  d0,BIOS_COUNTRY_CODE
(1)  244/  C19446 :                     
(1)  245/  C19446 : 7000                    moveq.l #0,d0
(1)  246/  C19448 : 23C0 0011 C202      	move.l  d0,CheatsBitmap
(1)  247/  C1944E : 13C0 0011 C20A      	move.b  d0,FlagSelectStart
(1)  248/  C19454 : 13C0 0011 C20B      	move.b  d0,VBLCheatActions
(1)  249/  C1945A : 13C0 0011 C1BC      	move.b  d0,IsInIGM
(1)  250/  C19460 : 13C0 0011 C1BB          move.b  d0,CustomBGLoaded
(1)  251/  C19466 : 13F9 0010 D000 0011 	move.b  FileCursor,LastFileCursor
           C1946E : C291               
 AS V1.42 Beta [Bld 311] - Source File main.asm(loading.asm) - Page 26 - 9/11/2026 23:43:16


(1)  252/  C19470 : 13F9 0010 D002 0011 	move.b  MenuShift,LastMenuShift
           C19478 : C292               
(1)  253/  C1947A : 13F9 0010 D007 0011 	move.b  LetterCursor,LastLetterCursor
           C19482 : C293               
(1)  254/  C19484 : 50F9 0011 C294          st.b    CursorsValid
(1)  255/  C1948A :                     
(1)  256/  C1948A : 4EB9 00C0 EB96          jsr     CheckCDValid
(1)  257/  C19490 :                     
(1)  258/  C19490 : 0839 0007 0010 F656 	btst   	#7,CDValidFlag
(1)  259/  C19498 : 6708                	beq     .invalid
(1)  260/  C1949A : 13FC 0080 0010 F6B9 	move.b  #$80,$10F6B9		; "GameStartState" Kickstart loading
(1)  261/  C194A2 :                     .invalid:
(1)  262/  C194A2 : 4E75                    rts
(1)  263/  C194A4 :                     
     201/  C194A4 :                     	INCLUDE "ui.asm"
(1)    1/  C194A4 :                     ; Copyright (C) 2020 Sean Gonsalves
(1)    2/  C194A4 :                     ;
(1)    3/  C194A4 :                     ; This file is part of Neo CD SD Loader.
(1)    4/  C194A4 :                     ;
(1)    5/  C194A4 :                     ; This program is free software; you can redistribute it and/or modify
(1)    6/  C194A4 :                     ; it under the terms of the GNU General Public License as published by
(1)    7/  C194A4 :                     ; the Free Software Foundation; either version 2, or (at your option)
(1)    8/  C194A4 :                     ; any later version.
(1)    9/  C194A4 :                     ;
(1)   10/  C194A4 :                     ; This program is distributed in the hope that it will be useful,
(1)   11/  C194A4 :                     ; but WITHOUT ANY WARRANTY; without even the implied warranty of
(1)   12/  C194A4 :                     ; MERCHANTABILITY or FITNESS FOR A PARTICULAR PURPOSE.  See the
(1)   13/  C194A4 :                     ; GNU General Public License for more details.
(1)   14/  C194A4 :                     ;
(1)   15/  C194A4 :                     ; You should have received a copy of the GNU General Public License
(1)   16/  C194A4 :                     ; along with this program; see the file COPYING.  If not, write to
(1)   17/  C194A4 :                     ; the Free Software Foundation, Inc., 51 Franklin Street,
(1)   18/  C194A4 :                     ; Boston, MA 02110-1301, USA.
(1)   19/  C194A4 :                     
(1)   20/  C194A4 :                     CDPlayerVBLProc:
(1)   21/  C194A4 : 4EB9 00C0 E9A0          jsr     CDPControllerStuff  ; Copied from original routine
(1)   22/  C194AA :                     
(1)   23/  C194AA : =>UNDEFINED             IFNDEF MAMEDEBUG
(1)   24/  C194AA : 4A39 0011 C1B6          tst.b   PollStatus
(1)   25/  C194B0 : 671A                    beq     .skipstat
(1)   26/  C194B2 : 4A39 0011 C1B7          tst.b   SetMCUConfig        ; Set/get MCU status immediately if SetMCUConfig requested
(1)   27/  C194B8 : 660C                    bne     .getstat
(1)   28/  C194BA : 3039 0010 D040          move.w  FrameCounter,d0     ; Get status byte from MCU every 32 frames = ~0.5s, if allowed
(1)   29/  C194C0 : 0240 001F               andi.w  #$001F,d0
(1)   30/  C194C4 : 6606                    bne     .skipstat
(1)   31/  C194C6 :                     .getstat:
(1)   32/  C194C6 : 4EB9 00C1 90E4          jsr     GetMCUStatus
(1)   33/  C194CC :                     .skipstat:
(1)   34/  C194CC : [23]                    ENDIF
(1)   35/  C194CC :                     
(1)   36/  C194CC :                         ; Reset the screen saver timer on joypad activity
(1)   37/  C194CC : 1039 0010 FD96          move.b  BIOS_P1CURRENT,d0
(1)   38/  C194D2 : 8039 0010 FD9C          or.b    BIOS_P2CURRENT,d0
(1)   39/  C194D8 : 6708                    beq     .no_kick
(1)   40/  C194DA : 33FC 0000 0010 D05E     move.w  #0,SSaverTimer
(1)   41/  C194E2 :                     .no_kick:
(1)   42/  C194E2 :                     
(1)   43/  C194E2 :                         ; Call proc for current screen
(1)   44/  C194E2 : 7000                    moveq.l #0,d0
(1)   45/  C194E4 : 3039 0010 D03C          move.w  CurrentScreen,d0
 AS V1.42 Beta [Bld 311] - Source File main.asm(ui.asm) - Page 27 - 9/11/2026 23:43:16


(1)   46/  C194EA : E588                    lsl.l   #2,d0
(1)   47/  C194EC : 41F9 00C1 9720          lea     JT_VBLProcs,a0
(1)   48/  C194F2 : 2070 0000               move.l  0(a0,d0),a0
(1)   49/  C194F6 : 4E90                    jsr     (a0)
(1)   50/  C194F8 :                     
(1)   51/  C194F8 : 303C 0000               move.w  #0,d0
(1)   52/  C194FC : 1239 0011 C18D          move.b  SettingSSaver,d1
(1)   53/  C19502 : 0201 0001               andi.b  #1,d1
(1)   54/  C19506 : 6730                    beq     .no_ss
(1)   55/  C19508 : 0C79 000D 0010 D03C     cmp.w   #SCREEN_SSAVER,CurrentScreen
(1)   56/  C19510 : 6726                    beq     .no_ss
(1)   57/  C19512 : 3039 0010 D05E          move.w  SSaverTimer,d0
(1)   58/  C19518 : 5240                    addq.w  #1,d0
(1)   59/  C1951A : B07C 0708               cmp.w   #SSAVER_TIMEOUT*60,d0
(1)   60/  C1951E : 6518                    blo     .no_ss
(1)   61/  C19520 :                         ; If screen saver activates while a msgbox is shown, close it first to restore the correct CurrentScreen value
(1)   62/  C19520 : 4A39 0010 D046          tst.b   CurrentMsgBox
(1)   63/  C19526 : 6706                    beq     .no_msgbox
(1)   64/  C19528 : 4EB9 00C1 9834          jsr     MessageBoxClose
(1)   65/  C1952E :                     .no_msgbox:
(1)   66/  C1952E : 4EB9 00C1 9D30          jsr     SetupSSaver
(1)   67/  C19534 : 303C 0000               move.w  #0,d0
(1)   68/  C19538 :                     .no_ss:
(1)   69/  C19538 : 33C0 0010 D05E          move.w  d0,SSaverTimer
(1)   70/  C1953E :                     
(1)   71/  C1953E : 5279 0010 D040          addq.w  #1,FrameCounter
(1)   72/  C19544 :                     
(1)   73/  C19544 : 4E75                    rts
(1)   74/  C19546 :                     
(1)   75/  C19546 :                     
(1)   76/  C19546 :                     VBLProcNothing:
(1)   77/  C19546 : 13C0 0030 0001          move.b  d0,REG_DIPSW
(1)   78/  C1954C : 4E75                    rts
(1)   79/  C1954E :                         
(1)   80/  C1954E :                     
(1)   81/  C1954E :                     VBLProcBExit:
(1)   82/  C1954E : (MACRO)[3]          	TESTCHANGE CNT_B
(1)   82/  C1954E : 1039 0010 FD97          move.b  BIOS_P1CHANGE,d0
(1)   82/  C19554 : 8039 0010 FD9D          or.b    BIOS_P2CHANGE,d0
(1)   82/  C1955A : 0200 0020               andi.b  #(2^CNT_B),d0
(1)   83/  C1955E : 6706                    beq     .no_b
(1)   84/  C19560 : 4EB9 00C1 A6A0          jsr     SetupMenu
(1)   85/  C19566 :                     .no_b:
(1)   86/  C19566 : 4E75                    rts
(1)   87/  C19568 :                     
(1)   88/  C19568 :                     
(1)   89/  C19568 :                     ; d0: SFX code, see equ.asm
(1)   90/  C19568 :                     PlaySFX:
(1)   91/  C19568 : 4A39 0011 C190          tst.b   SettingSFX
(1)   92/  C1956E : 6706                    beq .nosfx
(1)   93/  C19570 : 13C0 0032 0000          move.b  d0,REG_SOUND
(1)   94/  C19576 :                     .nosfx:
(1)   95/  C19576 : 4E75                    rts
(1)   96/  C19578 :                         
(1)   97/  C19578 :                     
(1)   98/  C19578 :                     DrawFileList:
(1)   99/  C19578 : 33FC 0500 0011 C18A 	move.w  #$0500,FixWriteConfig	; Bank 5 has menu font
(1)  100/  C19580 :                     
(1)  101/  C19580 :                         ; Erase previously drawn list
(1)  102/  C19580 : 33FC 0020 003C 0004 	move.w  #32,REG_VRAMMOD         ; Line by line
 AS V1.42 Beta [Bld 311] - Source File main.asm(ui.asm) - Page 28 - 9/11/2026 23:43:16


(1)  103/  C19588 : 303C 7024           	move.w  #FIXMAP+LIST_START_ROW+(LIST_NAME_COL*32),d0
(1)  104/  C1958C : 3E3C 0014           	move.w  #MAX_MENU_LINES,d7
(1)  105/  C19590 :                     .cl_line:
(1)  106/  C19590 : 33C0 003C 0000      	move.w  d0,REG_VRAMADDR
(1)  107/  C19596 : 3C3C 0012           	move.w  #LIST_NAME_WIDTH,d6
(1)  108/  C1959A :                     .cl_char:
(1)  109/  C1959A : 33FC 0520 003C 0002 	move.w  #$0520,REG_VRAMRW	; Space, palette 0, bank 5
(1)  110/  C195A2 : 4E71                	nop
(1)  111/  C195A4 : 5346                	subq.w  #1,d6
(1)  112/  C195A6 : 66F2                	bne     .cl_char
(1)  113/  C195A8 : 5240                	addq.w  #1,d0				; Next line
(1)  114/  C195AA : 5347                	subq.w  #1,d7
(1)  115/  C195AC : 66E2                	bne     .cl_line
(1)  116/  C195AE :                     
(1)  117/  C195AE : 08B9 0000 0010 D003 	bclr.b  #0,RefreshFlags
(1)  118/  C195B6 :                     
(1)  119/  C195B6 :                         ; Does new list have entries ?
(1)  120/  C195B6 : 4A39 0010 D006      	tst.b   LetterGameCount
(1)  121/  C195BC : 662A                	bne     .files
(1)  122/  C195BE : 41F9 00C1 F5AD          lea     FixStrNoFiles,a0
(1)  123/  C195C4 : 0839 0007 0010 D042 	btst.b  #7,MCUStatus
(1)  124/  C195CC : 6606                	bne     .cardpresent
(1)  125/  C195CE : 41F9 00C1 F5C4          lea     FixStrNoCard,a0
(1)  126/  C195D4 :                     .cardpresent:
(1)  127/  C195D4 : 303C 7025           	move.w  #FIXMAP+LIST_START_ROW+1+(LIST_NAME_COL*32),d0
(1)  128/  C195D8 : 4EB9 00C1 E528      	jsr     WriteFix
(1)  129/  C195DE : 08F9 0002 0010 D003 	bset.b  #2,RefreshFlags     ; Force update to hide cursor
(1)  130/  C195E6 : 4E75                	rts
(1)  131/  C195E8 :                     .files:
(1)  132/  C195E8 :                     
(1)  133/  C195E8 :                     	; Draw new list
(1)  134/  C195E8 : 7E14                	moveq.l #MAX_MENU_LINES,d7
(1)  135/  C195EA : 7000                	moveq.l #0,d0
(1)  136/  C195EC : 1039 0010 D002      	move.b  MenuShift,d0		; Matched entries to skip, for scrolling
(1)  137/  C195F2 : 1C00                	move.b  d0,d6
(1)  138/  C195F4 : D0BC 0011 E220      	add.l   #MenuIndexList,d0
(1)  139/  C195FA : 2240                	movea.l d0,a1
(1)  140/  C195FC : 343C 7024           	move.w  #FIXMAP+LIST_START_ROW+(LIST_NAME_COL*32),d2
(1)  141/  C19600 :                     .disp:
(1)  142/  C19600 : BC39 0010 D006          cmp.b   LetterGameCount,d6
(1)  143/  C19606 : 6740                    beq     .done               ; Reached end of MenuIndexList
(1)  144/  C19608 :                         ; Get file name pointer from index
(1)  145/  C19608 : 7000                	moveq.l #0,d0
(1)  146/  C1960A : 1019                    move.b  (a1)+,d0
(1)  147/  C1960C : EB48                    lsl.w   #5,d0               ; *32
(1)  148/  C1960E : D0BC 0011 C902      	add.l   #FileList+2,d0      ; Skip flag and file number bytes
(1)  149/  C19614 : 2040                	movea.l d0,a0
(1)  150/  C19616 :                     
(1)  151/  C19616 :                         ; Copy up to LIST_NAME_WIDTH chars into a scratch buffer and force a null
(1)  152/  C19616 :                         ; terminator there, so a name longer than the cover-box column doesn't
(1)  153/  C19616 :                         ; get drawn on top of it (WriteFix itself just writes until the null in
(1)  154/  C19616 :                         ; the source string, with no width limit of its own).
(1)  155/  C19616 : 48E7 00C0               movem.l a0/a1,-(sp)
(1)  156/  C1961A : 43F9 0010 D013          lea     ListNameScratch,a1
(1)  157/  C19620 : 7212                    moveq.l #LIST_NAME_WIDTH,d1
(1)  158/  C19622 :                     .trunc:
(1)  159/  C19622 : 12D8                    move.b  (a0)+,(a1)+
(1)  160/  C19624 : 6708                    beq     .truncdone
(1)  161/  C19626 : 5341                    subq.w  #1,d1
(1)  162/  C19628 : 66F8                    bne     .trunc
 AS V1.42 Beta [Bld 311] - Source File main.asm(ui.asm) - Page 29 - 9/11/2026 23:43:16


(1)  163/  C1962A : 12BC 0000               move.b  #0,(a1)                ; Force terminator if name was longer
(1)  164/  C1962E :                     .truncdone:
(1)  165/  C1962E : 4CDF 0300               movem.l (sp)+,a0/a1
(1)  166/  C19632 : 41F9 0010 D013          lea     ListNameScratch,a0
(1)  167/  C19638 :                     
(1)  168/  C19638 :                         ; Write file name
(1)  169/  C19638 : 3002                	move.w  d2,d0
(1)  170/  C1963A : 4EB9 00C1 E528      	jsr     WriteFix
(1)  171/  C19640 : 5242                	addq.w  #1,d2				; Next FIX line
(1)  172/  C19642 :                     
(1)  173/  C19642 : 5246                    addq.w  #1,d6
(1)  174/  C19644 :                     
(1)  175/  C19644 : 5347                	subq.w  #1,d7
(1)  176/  C19646 : 66B8                	bne     .disp			    ; Max lines reached, stop
(1)  177/  C19648 :                     .done:
(1)  178/  C19648 :                     
(1)  179/  C19648 : 4E75                	rts
(1)  180/  C1964A :                     	
(1)  181/  C1964A :                     
(1)  182/  C1964A :                     ClearMainSprites:
(1)  183/  C1964A :                         ; Clear all sprites except logo and background
(1)  184/  C1964A : 33FC 0001 003C 0004     move.w  #1,REG_VRAMMOD
(1)  185/  C19652 : 33FC 8220 003C 0000 	move.w  #SCB3+SPR_LETTERS,REG_VRAMADDR
(1)  186/  C1965A : 323C 7400           	move.w  #((496-264)<<7)+0,d1
(1)  187/  C1965E : 3E3C 0160           	move.w  #384-SPR_LETTERS,d7
(1)  188/  C19662 :                     .clrspr:
(1)  189/  C19662 : 33C1 003C 0002      	move.w  d1,REG_VRAMRW
(1)  190/  C19668 : 4E71                	nop
(1)  191/  C1966A : 5347                	subq.w  #1,d7
(1)  192/  C1966C : 66F4                	bne     .clrspr
(1)  193/  C1966E : 4E75                    rts
(1)  194/  C19670 :                     
(1)  195/  C19670 :                     
(1)  196/  C19670 :                     ; This is used in ui_loadsaves and ui_main
(1)  197/  C19670 :                     FileListNav:
(1)  198/  C19670 :                         ; Handle input for selection of game from list
(1)  199/  C19670 : (MACRO)[4]          	TESTREPEAT CNT_UP
(1)  199/  C19670 : 1039 0010 FD98          move.b  BIOS_P1REPEAT,d0
(1)  199/  C19676 : 8039 0010 FD9E          or.b    BIOS_P2REPEAT,d0
(1)  199/  C1967C : 0200 0001               andi.b  #(2^CNT_UP),d0
(1)  200/  C19680 : 6742                    beq     .no_up
(1)  201/  C19682 : 4A39 0010 D000          tst.b   FileCursor
(1)  202/  C19688 : 671A                    beq     .top
(1)  203/  C1968A :                         ; Move cursor
(1)  204/  C1968A : 103C 0041               move.b  #SFX_MOVE,d0
(1)  205/  C1968E : 4EB9 00C1 9568          jsr     PlaySFX
(1)  206/  C19694 : 5339 0010 D000          subq.b  #1,FileCursor
(1)  207/  C1969A : 08F9 0002 0010 D003 	bset.b  #2,RefreshFlags
(1)  208/  C196A2 : 6020                    bra     .no_up
(1)  209/  C196A4 :                     .top:
(1)  210/  C196A4 : 4A39 0010 D002          tst.b   MenuShift       
(1)  211/  C196AA : 6718                    beq     .no_up
(1)  212/  C196AC :                         ; Scroll
(1)  213/  C196AC : 103C 0041               move.b  #SFX_MOVE,d0
(1)  214/  C196B0 : 4EB9 00C1 9568          jsr     PlaySFX
(1)  215/  C196B6 : 5339 0010 D002          subq.b  #1,MenuShift
(1)  216/  C196BC : 08F9 0000 0010 D003 	bset.b  #0,RefreshFlags
(1)  217/  C196C4 :                     .no_up:
(1)  218/  C196C4 :                     
(1)  219/  C196C4 : (MACRO)[5]          	TESTREPEAT CNT_DOWN
 AS V1.42 Beta [Bld 311] - Source File main.asm(ui.asm) - Page 30 - 9/11/2026 23:43:16


(1)  219/  C196C4 : 1039 0010 FD98          move.b  BIOS_P1REPEAT,d0
(1)  219/  C196CA : 8039 0010 FD9E          or.b    BIOS_P2REPEAT,d0
(1)  219/  C196D0 : 0200 0002               andi.b  #(2^CNT_DOWN),d0
(1)  220/  C196D4 : 6748                    beq     .no_down
(1)  221/  C196D6 : 1039 0010 D000          move.b  FileCursor,d0
(1)  222/  C196DC : D039 0010 D002      	add.b   MenuShift,d0
(1)  223/  C196E2 : 5200                	addq.b  #1,d0
(1)  224/  C196E4 : B039 0010 D006          cmp.b   LetterGameCount,d0
(1)  225/  C196EA : 6432                    bhs     .no_down
(1)  226/  C196EC : 103C 0041               move.b  #SFX_MOVE,d0
(1)  227/  C196F0 : 4EB9 00C1 9568          jsr     PlaySFX
(1)  228/  C196F6 : 0C39 0013 0010 D000     cmp.b   #MAX_MENU_LINES-1,FileCursor		; Max lines at once
(1)  229/  C196FE : 6710                    beq     .scrolldown
(1)  230/  C19700 :                         ; Move cursor
(1)  231/  C19700 : 5239 0010 D000          addq.b  #1,FileCursor
(1)  232/  C19706 : 08F9 0002 0010 D003 	bset.b  #2,RefreshFlags
(1)  233/  C1970E : 600E                    bra     .no_down
(1)  234/  C19710 :                     .scrolldown:
(1)  235/  C19710 :                         ; Scroll
(1)  236/  C19710 : 5239 0010 D002          addq.b  #1,MenuShift
(1)  237/  C19716 : 08F9 0000 0010 D003 	bset.b  #0,RefreshFlags
(1)  238/  C1971E :                     .no_down:
(1)  239/  C1971E : 4E75                    rts
(1)  240/  C19720 :                     
(1)  241/  C19720 :                     
(1)  242/  C19720 :                     ; This must match SCREEN_ equs !
(1)  243/  C19720 :                     JT_VBLProcs:
(1)  244/  C19720 : 00C1 9546               dc.l VBLProcNothing
(1)  245/  C19724 : 00C1 A24E               dc.l VBLProcMain
(1)  246/  C19728 : 00C1 9546               dc.l VBLProcNothing     ; Free to use
(1)  247/  C1972C : 00C1 9546               dc.l VBLProcNothing     ; Free to use
(1)  248/  C19730 : 00C1 9546               dc.l VBLProcNothing     ; Free to use
(1)  249/  C19734 : 00C1 9546               dc.l VBLProcNothing     ; Free to use
(1)  250/  C19738 : 00C1 9546               dc.l VBLProcNothing     ; Free to use
(1)  251/  C1973C : 00C1 A6FE               dc.l VBLProcMenu
(1)  252/  C19740 : 00C1 A8A8               dc.l VBLProcStoreSave
(1)  253/  C19744 : 00C1 AD30               dc.l VBLProcLoadSave
(1)  254/  C19748 : 00C1 AF08               dc.l VBLProcSettings
(1)  255/  C1974C : =>UNDEFINED             IFDEF LOADTEST
(1)  256/  C1974C :                         dc.l VBLProcDebugLoading
(1)  257/  C1974C : =>TRUE                  ELSE
(1)  258/  C1974C : 00C1 9546               dc.l VBLProcNothing
(1)  259/  C19750 : [255]                   ENDIF
(1)  260/  C19750 : 00C1 B640               dc.l VBLProcAbout
(1)  261/  C19754 : 00C1 9E06               dc.l VBLProcSSaver
(1)  262/  C19758 : 00C1 9546               dc.l VBLProcNothing
(1)  263/  C1975C : 00C1 980C               dc.l VBLProcMsgBox
(1)  264/  C19760 :                     
(1)  265/  C19760 :                         INCLUDE "msgbox.asm"
(2)    1/  C19760 :                     ; Copyright (C) 2020 Sean Gonsalves
(2)    2/  C19760 :                     ;
(2)    3/  C19760 :                     ; Neo CD SD Loader system ROM patch
(2)    4/  C19760 :                     ; This file is part of Neo CD SD Loader.
(2)    5/  C19760 :                     ;
(2)    6/  C19760 :                     ; This program is free software; you can redistribute it and/or modify
(2)    7/  C19760 :                     ; it under the terms of the GNU General Public License as published by
(2)    8/  C19760 :                     ; the Free Software Foundation; either version 2, or (at your option)
(2)    9/  C19760 :                     ; any later version.
(2)   10/  C19760 :                     ;
(2)   11/  C19760 :                     ; This program is distributed in the hope that it will be useful,
 AS V1.42 Beta [Bld 311] - Source File main.asm(msgbox.asm) - Page 31 - 9/11/2026 23:43:16


(2)   12/  C19760 :                     ; but WITHOUT ANY WARRANTY; without even the implied warranty of
(2)   13/  C19760 :                     ; MERCHANTABILITY or FITNESS FOR A PARTICULAR PURPOSE.  See the
(2)   14/  C19760 :                     ; GNU General Public License for more details.
(2)   15/  C19760 :                     ;
(2)   16/  C19760 :                     ; You should have received a copy of the GNU General Public License
(2)   17/  C19760 :                     ; along with this program; see the file COPYING.  If not, write to
(2)   18/  C19760 :                     ; the Free Software Foundation, Inc., 51 Franklin Street,
(2)   19/  C19760 :                     ; Boston, MA 02110-1301, USA.
(2)   20/  C19760 :                     
(2)   21/  C19760 :                     ; a0: Text
(2)   22/  C19760 :                     ; a1: Procedure to call after closing (only for MessageBoxCustom call)
(2)   23/  C19760 :                     MessageBox:
(2)   24/  C19760 : 7000                    moveq.l #0,d0
(2)   25/  C19762 : 2240                    move.l  d0,a1
(2)   26/  C19764 :                     MessageBoxCustom:
(2)   27/  C19764 : 4A39 0010 D046          tst.b   CurrentMsgBox
(2)   28/  C1976A : 6600 009E               bne     .abort
(2)   29/  C1976E : 50F9 0010 D046          st.b    CurrentMsgBox
(2)   30/  C19774 : 23C9 0010 D048          move.l  a1,MsgBoxExitCall
(2)   31/  C1977A : 2248                    movea.l a0,a1
(2)   32/  C1977C : 33F9 0010 D03C 0010     move.w  CurrentScreen,CurrentScreenPrev    ; Save
           C19784 : D044               
(2)   33/  C19786 :                     
(2)   34/  C19786 :                         ; Save fix map block
(2)   35/  C19786 : 303C 0018               move.w  #MSGBOX_WIDTH,d0
(2)   36/  C1978A : 323C 000E               move.w  #MSGBOX_HEIGHT,d1
(2)   37/  C1978E : 343C 7108               move.w  #FIXMAP+8+(8*32),d2
(2)   38/  C19792 : 4EB9 00C1 E432          jsr     SaveFixMap
(2)   39/  C19798 :                     
(2)   40/  C19798 : 3A39 0011 C18A          move.w  FixWriteConfig,d5       ; Save
(2)   41/  C1979E : 33FC 2000 0011 C18A     move.w  #$2000,FixWriteConfig   ; Palette #2 bank 0
(2)   42/  C197A6 :                     
(2)   43/  C197A6 :                         ; Draw message box
(2)   44/  C197A6 : 33FC 0020 003C 0004     move.w  #32,REG_VRAMMOD
(2)   45/  C197AE : 343C 7108               move.w  #FIXMAP+8+(8*32),d2
(2)   46/  C197B2 :                     
(2)   47/  C197B2 : 3239 0011 C18A          move.w  FixWriteConfig,d1
(2)   48/  C197B8 : 3E3C 0018               move.w  #MSGBOX_WIDTH,d7
(2)   49/  C197BC : 41F9 00C1 9884          lea     FixMapMsgBoxTop,a0
(2)   50/  C197C2 : 4EB9 00C1 9868          jsr     BoxDrawRow
(2)   51/  C197C8 : 3C3C 000C               move.w  #MSGBOX_HEIGHT-2,d6
(2)   52/  C197CC :                     .rowfill:
(2)   53/  C197CC : 3E3C 0018               move.w  #MSGBOX_WIDTH,d7
(2)   54/  C197D0 : 41F9 00C1 98B4          lea     FixMapMsgBoxRow,a0
(2)   55/  C197D6 : 4EB9 00C1 9868          jsr     BoxDrawRow
(2)   56/  C197DC : 5346                    subq.w  #1,d6
(2)   57/  C197DE : 66EC                    bne     .rowfill
(2)   58/  C197E0 : 3E3C 0018               move.w  #MSGBOX_WIDTH,d7
(2)   59/  C197E4 : 41F9 00C1 98E4          lea     FixMapMsgBoxBot,a0
(2)   60/  C197EA : 4EB9 00C1 9868          jsr     BoxDrawRow
(2)   61/  C197F0 :                     
(2)   62/  C197F0 : 2049                    movea.l a1,a0
(2)   63/  C197F2 : 303C 7129           	move.w  #FIXMAP+9+(9*32),d0
(2)   64/  C197F6 : 4EB9 00C1 E528      	jsr     WriteFix                ; Write message initially pointed by a0
(2)   65/  C197FC :                     
(2)   66/  C197FC : 33C5 0011 C18A          move.w  d5,FixWriteConfig       ; Restore
(2)   67/  C19802 :                     
(2)   68/  C19802 : 33FC 000F 0010 D03C     move.w  #SCREEN_MSGBOX,CurrentScreen
(2)   69/  C1980A :                     .abort:
(2)   70/  C1980A : 4E75                    rts
 AS V1.42 Beta [Bld 311] - Source File main.asm(msgbox.asm) - Page 32 - 9/11/2026 23:43:16


(2)   71/  C1980C :                     
(2)   72/  C1980C :                     VBLProcMsgBox:
(2)   73/  C1980C :                         ; Any button:
(2)   74/  C1980C :                         ;   In menu: Close msgbox
(2)   75/  C1980C :                         ;   In loading or game: Reset
(2)   76/  C1980C : 1039 0010 FD97          move.b  BIOS_P1CHANGE,d0
(2)   77/  C19812 : 8039 0010 FD9D          or.b    BIOS_P2CHANGE,d0
(2)   78/  C19818 : 0200 00F0           	andi.b  #$F0,d0
(2)   79/  C1981C : 6714                    beq     .no_push
(2)   80/  C1981E : 4A39 0011 C1B4          tst.b   IsLoading
(2)   81/  C19824 : 6706                    beq     .noloading
(2)   82/  C19826 : 4EF9 00C0 0402          jmp     $C00402     ; Reset
(2)   83/  C1982C :                     .noloading:
(2)   84/  C1982C : 4EB9 00C1 9834          jsr     MessageBoxClose
(2)   85/  C19832 :                     .no_push:
(2)   86/  C19832 : 4E75                    rts
(2)   87/  C19834 :                     
(2)   88/  C19834 :                     MessageBoxClose:
(2)   89/  C19834 :                         ; Restore fix map block
(2)   90/  C19834 : 303C 0018               move.w  #MSGBOX_WIDTH,d0
(2)   91/  C19838 : 323C 000E               move.w  #MSGBOX_HEIGHT,d1
(2)   92/  C1983C : 343C 7108               move.w  #FIXMAP+8+(8*32),d2
(2)   93/  C19840 : 4EB9 00C1 E470          jsr     RestoreFixMap
(2)   94/  C19846 :                     
(2)   95/  C19846 : 4239 0010 D046          clr.b   CurrentMsgBox
(2)   96/  C1984C : 33F9 0010 D044 0010     move.w  CurrentScreenPrev,CurrentScreen    ; Restore
           C19854 : D03C               
(2)   97/  C19856 : 4AB9 0010 D048          tst.l   MsgBoxExitCall
(2)   98/  C1985C : 6708                    beq     .nocall
(2)   99/  C1985E : 2079 0010 D048          move.l  MsgBoxExitCall,a0
(2)  100/  C19864 : 4ED0                    jmp     (a0)
(2)  101/  C19866 :                     .nocall:
(2)  102/  C19866 : 4E75                    rts
(2)  103/  C19868 :                     
(2)  104/  C19868 :                     ; d1.w: Palette << 12
(2)  105/  C19868 :                     ; d2.w: VRAM address
(2)  106/  C19868 :                     ; d7.w: Width
(2)  107/  C19868 :                     ; a0.l: Data pointer
(2)  108/  C19868 :                     BoxDrawRow:
(2)  109/  C19868 : 33C2 003C 0000          move.w  d2,REG_VRAMADDR
(2)  110/  C1986E : 4E71                    nop
(2)  111/  C19870 :                     .col:
(2)  112/  C19870 : 3018                    move.w  (a0)+,d0
(2)  113/  C19872 : 8041                    or.w    d1,d0
(2)  114/  C19874 : 33C0 003C 0002          move.w  d0,REG_VRAMRW
(2)  115/  C1987A : 4E71                    nop
(2)  116/  C1987C : 5347                    subq.w  #1,d7
(2)  117/  C1987E : 66F0                    bne     .col
(2)  118/  C19880 : 5242                    addq.w  #1,d2
(2)  119/  C19882 : 4E75                    rts
(2)  120/  C19884 :                     
(2)  121/  C19884 :                     FixMapMsgBoxTop:
(2)  122/  C19884 : 0001                    dc.w $001
(2)  123/  C19886 : 0016 0016 0016 0016     dc.w [MSGBOX_WIDTH-2]$016
           C1988E : 0016 0016 0016 0016
           C19896 : 0016 0016 0016 0016
           C1989E : 0016 0016 0016 0016
           C198A6 : 0016 0016 0016 0016
           C198AE : 0016 0016         
(2)  124/  C198B2 : 0002                    dc.w $002
 AS V1.42 Beta [Bld 311] - Source File main.asm(msgbox.asm) - Page 33 - 9/11/2026 23:43:16


(2)  125/  C198B4 :                     FixMapMsgBoxRow:
(2)  126/  C198B4 : 0014                    dc.w $014
(2)  127/  C198B6 : 0020 0020 0020 0020     dc.w [MSGBOX_WIDTH-2]$020
           C198BE : 0020 0020 0020 0020
           C198C6 : 0020 0020 0020 0020
           C198CE : 0020 0020 0020 0020
           C198D6 : 0020 0020 0020 0020
           C198DE : 0020 0020         
(2)  128/  C198E2 : 0015                    dc.w $015
(2)  129/  C198E4 :                     FixMapMsgBoxBot:
(2)  130/  C198E4 : 0003                    dc.w $003
(2)  131/  C198E6 : 0017 0017 0017 0017     dc.w [MSGBOX_WIDTH-2]$017
           C198EE : 0017 0017 0017 0017
           C198F6 : 0017 0017 0017 0017
           C198FE : 0017 0017 0017 0017
           C19906 : 0017 0017 0017 0017
           C1990E : 0017 0017         
(2)  132/  C19912 : 0004                    dc.w $004
(2)  133/  C19914 :                     
(2)  134/  C19914 :                     DispErrorTimeout:
(2)  135/  C19914 : 41F9 0011 C140          lea     FixValueList,a0
(2)  136/  C1991A : 10F9 0011 C1B5          move.b  TimeOutStage,(a0)+
(2)  137/  C19920 : 600A                    bra     DispError2
(2)  138/  C19922 :                     DispError:
(2)  139/  C19922 : 41F9 0011 C140          lea     FixValueList,a0
(2)  140/  C19928 : 10FC 0000               move.b  #0,(a0)+
(2)  141/  C1992C :                     DispError2:
(2)  142/  C1992C : 4A39 0011 C1B4          tst.b   IsLoading
(2)  143/  C19932 : 6740                    beq     .noloading
(2)  144/  C19934 : 4EB9 00C1 E300          jsr     ClearFix
(2)  145/  C1993A :                         ; Reload font bank and init palette #2 if error occurs during loading
(2)  146/  C1993A : 13FC 0011 0010 FEDA     move.b  #$11,$10FEDA        ; Type
(2)  147/  C19942 : 42B9 0010 FEF4          clr.l   $10FEF4             ; Destination
(2)  148/  C19948 : 23FC 0000 2000 0010     move.l  #$2000,$10FEFC      ; One fix bank
           C19950 : FEFC               
(2)  149/  C19952 : 23FC 00C5 FEB0 0010     move.l  #$C5FEB0,$10FEF8    ; Data_Fix
           C1995A : FEF8               
(2)  150/  C1995C : 4EB9 00C0 0546          jsr     $C00546             ; BIOSF_UPLOAD
(2)  151/  C19962 : 41F9 00C1 BAAE          lea     IGMPalettes,a0
(2)  152/  C19968 : 43F9 0040 0040      	lea     (2*16*2)+PALETTES,a1
(2)  153/  C1996E : 4EB9 00C1 E4BC          jsr     CopyPalette
(2)  154/  C19974 :                     .noloading:
(2)  155/  C19974 : 41F9 0011 C141          lea     FixValueList+1,a0
(2)  156/  C1997A :                         ; Last MCU command and first param byte
(2)  157/  C1997A : 10F9 0011 C193          move.b  LastMCUCmd,(a0)+
(2)  158/  C19980 : 10F9 0011 C194          move.b  MCUCmdParams,(a0)+
(2)  159/  C19986 : 43F9 0011 C100          lea     MCUReplyBuffer,a1
(2)  160/  C1998C :                         ; Two last MCU reply bytes
(2)  161/  C1998C : 10D9                    move.b  (a1)+,(a0)+
(2)  162/  C1998E : 10D1                    move.b  (a1),(a0)+
(2)  163/  C19990 :                         ; Patch type (byte value at $C0AF6A)
(2)  164/  C19990 : 10F9 00C0 AF6A          move.b  $C0AF6A,(a0)+
(2)  165/  C19996 :                         ; Menu version
(2)  166/  C19996 : 10FC 0000               move.b  #VERSION_MAJ,(a0)+
(2)  167/  C1999A : 10FC 000C               move.b  #VERSION_MIN,(a0)+
(2)  168/  C1999E :                         ; MCU version
(2)  169/  C1999E : 30F9 0011 C1B8          move.w  MCUVersion,(a0)+
(2)  170/  C199A4 : 41F9 00C1 F5DB          lea     FixStrError,a0
(2)  171/  C199AA : 4EB9 00C1 9760          jsr     MessageBox
(2)  172/  C199B0 : 4E75                    rts
 AS V1.42 Beta [Bld 311] - Source File main.asm(msgbox.asm) - Page 34 - 9/11/2026 23:43:16


(2)  173/  C199B2 :                     
(1)  266/  C199B2 :                     	INCLUDE "ui_bg.asm"
(2)    1/  C199B2 :                     ; Copyright (C) 2020 Sean Gonsalves
(2)    2/  C199B2 :                     ;
(2)    3/  C199B2 :                     ; This file is part of Neo CD SD Loader.
(2)    4/  C199B2 :                     ;
(2)    5/  C199B2 :                     ; This program is free software; you can redistribute it and/or modify
(2)    6/  C199B2 :                     ; it under the terms of the GNU General Public License as published by
(2)    7/  C199B2 :                     ; the Free Software Foundation; either version 2, or (at your option)
(2)    8/  C199B2 :                     ; any later version.
(2)    9/  C199B2 :                     ;
(2)   10/  C199B2 :                     ; This program is distributed in the hope that it will be useful,
(2)   11/  C199B2 :                     ; but WITHOUT ANY WARRANTY; without even the implied warranty of
(2)   12/  C199B2 :                     ; MERCHANTABILITY or FITNESS FOR A PARTICULAR PURPOSE.  See the
(2)   13/  C199B2 :                     ; GNU General Public License for more details.
(2)   14/  C199B2 :                     ;
(2)   15/  C199B2 :                     ; You should have received a copy of the GNU General Public License
(2)   16/  C199B2 :                     ; along with this program; see the file COPYING.  If not, write to
(2)   17/  C199B2 :                     ; the Free Software Foundation, Inc., 51 Franklin Street,
(2)   18/  C199B2 :                     ; Boston, MA 02110-1301, USA.
(2)   19/  C199B2 :                     
(2)   20/  C199B2 :                     ; Points the background sprite's tilemap (SPR_BG, BG_BOX_W_TILES x
(2)   21/  C199B2 :                     ; BG_BOX_H_TILES tiles - the cover-art box, right side of the menu screen)
(2)   22/  C199B2 :                     ; at either the custom bg tile range (double-buffered, see BGActiveBuffer)
(2)   23/  C199B2 :                     ; or the default repeating pattern, depending on CustomBGLoaded. Also
(2)   24/  C199B2 :                     ; (re)applies the sprite's Z/Y/X. Safe to call again after the menu is
(2)   25/  C199B2 :                     ; already up, e.g. once a per-game bg.bmp has just been loaded by LoadGameBG.
(2)   26/  C199B2 :                     SetupBGSprites:
(2)   27/  C199B2 : 4A39 0011 C1BB      	tst.b   CustomBGLoaded
(2)   28/  C199B8 : 6752                	beq     .hidebox
(2)   29/  C199BA :                     	; Setup sprites for custom background
(2)   30/  C199BA : 33FC 0001 003C 0004 	move.w  #1,REG_VRAMMOD
(2)   31/  C199C2 : 303C 0100           	move.w  #256,d0                 ; First tile number (buffer 0)
(2)   32/  C199C6 : 363C 1000           	move.w  #$1000,d3               ; Palette #16 (buffer 0)
(2)   33/  C199CA : 4A39 0011 C28F      	tst.b   BGActiveBuffer
(2)   34/  C199D0 : 6708                	beq     .buf0
(2)   35/  C199D2 : 0640 0040           	addi.w  #(BG_BOX_W_TILES*BG_BOX_H_TILES),d0  ; Buffer 1: tiles start right after buffer 0's
(2)   36/  C199D6 : 0643 0100           	addi.w  #$0100,d3               ; Buffer 1: palette #17
(2)   37/  C199DA :                     .buf0:
(2)   38/  C199DA : 343C 0040           	move.w  #SCB1+(SPR_BG*2*32),d2	; Tile map
(2)   39/  C199DE : 3E3C 0008           	move.w  #BG_BOX_W_TILES,d7		; Box width, in tiles
(2)   40/  C199E2 :                     .setup_c_map:
(2)   41/  C199E2 : 33C2 003C 0000      	move.w  d2,REG_VRAMADDR
(2)   42/  C199E8 : 3C3C 0008           	move.w  #BG_BOX_H_TILES,d6		; Box height, in tiles
(2)   43/  C199EC :                     .setup_c_tiles:
(2)   44/  C199EC : 4E71                	nop
(2)   45/  C199EE : 33C0 003C 0002      	move.w  d0,REG_VRAMRW	     	; Tile number
(2)   46/  C199F4 : 5240                	addq.w  #1,d0
(2)   47/  C199F6 : 4E71                	nop
(2)   48/  C199F8 : 33C3 003C 0002      	move.w  d3,REG_VRAMRW			; Palette bank for the active buffer
(2)   49/  C199FE : 5346                	subq.w  #1,d6
(2)   50/  C19A00 : 66EA                	bne     .setup_c_tiles
(2)   51/  C19A02 : 0642 0040           	addi.w  #2*32,d2				; Next sprite
(2)   52/  C19A06 : 5347                	subq.w  #1,d7
(2)   53/  C19A08 : 66D8                	bne     .setup_c_map
(2)   54/  C19A0A : 6014                	bra     .bgdone
(2)   55/  C19A0C :                     .hidebox:
(2)   56/  C19A0C :                     	; No cover art for this game - hide the box entirely instead of showing
(2)   57/  C19A0C :                     	; the old default repeating pattern (that only made sense back when this
(2)   58/  C19A0C :                     	; sprite was the full-screen background; as a small fixed box, "empty"
 AS V1.42 Beta [Bld 311] - Source File main.asm(ui_bg.asm) - Page 35 - 9/11/2026 23:43:16


(2)   59/  C19A0C :                     	; reads a lot cleaner than a checkered placeholder every other game).
(2)   60/  C19A0C : 303C 0001           	move.w  #SPR_BG,d0
(2)   61/  C19A10 : 323C 0000           	move.w  #0,d1                  ; Height 0 = invisible
(2)   62/  C19A14 : 3E3C 0008           	move.w  #BG_BOX_W_TILES,d7		; Box width, in tiles
(2)   63/  C19A18 : 4EB9 00C1 E3F6      	jsr     SetSprY
(2)   64/  C19A1E : 4E75                	rts
(2)   65/  C19A20 :                     .bgdone:
(2)   66/  C19A20 :                     
(2)   67/  C19A20 : 303C 0001           	move.w  #SPR_BG,d0
(2)   68/  C19A24 : 323C 0FFF           	move.w  #$0FFF,d1				; No shrink
(2)   69/  C19A28 : 3E3C 0008           	move.w  #BG_BOX_W_TILES,d7		; Box width, in tiles
(2)   70/  C19A2C : 4EB9 00C1 E3DA      	jsr     SetSprZ
(2)   71/  C19A32 : 303C 0001           	move.w  #SPR_BG,d0
(2)   72/  C19A36 : 323C E008           	move.w  #((496-BG_BOX_Y)<<7)+BG_BOX_H_TILES,d1	; Box top Y, centered vertically
(2)   73/  C19A3A : 3E3C 0008           	move.w  #BG_BOX_W_TILES,d7		; Box width, in tiles
(2)   74/  C19A3E : 4EB9 00C1 E3F6      	jsr     SetSprY
(2)   75/  C19A44 : 303C 0001           	move.w  #SPR_BG,d0
(2)   76/  C19A48 : 323C 00B0           	move.w  #BG_BOX_X,d1			; Box left X, right-hand column
(2)   77/  C19A4C : 3E3C 0008           	move.w  #BG_BOX_W_TILES,d7		; Box width, in tiles
(2)   78/  C19A50 : 4EB9 00C1 E416      	jsr     SetSprX
(2)   79/  C19A56 : 4E75                	rts
(2)   80/  C19A58 :                     
(2)   81/  C19A58 :                     
(2)   82/  C19A58 :                     ; Called from the main list's VBL handler once the cursor has stayed on a
(2)   83/  C19A58 :                     ; game for a little while. Looks for that game's own bg.bmp (same format/
(2)   84/  C19A58 :                     ; folder convention as CUSTOM_BG_FILENAME) and shows it as the menu
(2)   85/  C19A58 :                     ; background; falls back to the root bg.bmp, then to the default pattern.
(2)   86/  C19A58 :                     ; Does nothing if the highlighted game is already the one currently shown.
(2)   87/  C19A58 :                     LoadGameBG:
(2)   88/  C19A58 :                     	; Resolve currently highlighted game's file index (same lookup as
(2)   89/  C19A58 :                     	; the "Load selected game" code in ui_main_vbl.asm)
(2)   90/  C19A58 : 41F9 0011 E220      	lea     MenuIndexList,a0
(2)   91/  C19A5E : 7000                	moveq.l #0,d0
(2)   92/  C19A60 : 1039 0010 D000      	move.b  FileCursor,d0
(2)   93/  C19A66 : D039 0010 D002      	add.b   MenuShift,d0
(2)   94/  C19A6C : 7200                	moveq.l #0,d1
(2)   95/  C19A6E : 1230 0000           	move.b  0(a0,d0),d1
(2)   96/  C19A72 : 41F9 0011 C900      	lea     FileList,a0
(2)   97/  C19A78 : EB49                	lsl.w   #5,d1
(2)   98/  C19A7A : 1230 1001           	move.b  1(a0,d1),d1        ; d1 = resolved game index (file number)
(2)   99/  C19A7E :                     
(2)  100/  C19A7E : B239 0011 C28E      	cmp.b   LastBGGameIndex,d1
(2)  101/  C19A84 : 677C                	beq     .done               ; Already showing this game's bg, nothing to do
(2)  102/  C19A86 : 13C1 0011 C28E      	move.b  d1,LastBGGameIndex
(2)  103/  C19A8C :                     
(2)  104/  C19A8C : 51F9 0011 C1BB      	sf.b    CustomBGLoaded      ; Assume failure until LoadCustomBG proves otherwise
(2)  105/  C19A92 :                     
(2)  106/  C19A92 :                     	; Try this game's own bg.bmp first
(2)  107/  C19A92 : 13F9 0011 C28E 0011 	move.b  LastBGGameIndex,MCUCmdParams
           C19A9A : C194               
(2)  108/  C19A9C : 13FC 0001 0011 C195 	move.b  #1,MCUCmdParams+1   ; Per-game bg request flag
(2)  109/  C19AA4 : (MACRO)[6]          	MCUCMD  MCU_CMD_SELECTGAME
(2)  109/  C19AA4 : 163C 0007               move.b  #MCU_CMD_SELECTGAME,d3
(2)  109/  C19AA8 : 4EB9 00C1 C756          jsr     MCUCommand
(2)  110/  C19AAE : 651A                	bcs     .tryroot             ; Comm timeout, fall back
(2)  111/  C19AB0 : 4EB9 00C1 C85A      	jsr     MCURead4Words
(2)  112/  C19AB6 : 1039 0011 C100      	move.b  MCUReplyBuffer,d0
(2)  113/  C19ABC : 0200 00F0           	andi.b  #$F0,d0
(2)  114/  C19AC0 : 6708                	beq     .tryroot             ; No bg.bmp in this game's folder
(2)  115/  C19AC2 : 4EB9 00C1 9B1C      	jsr     LoadCustomBGSilent
 AS V1.42 Beta [Bld 311] - Source File main.asm(ui_bg.asm) - Page 36 - 9/11/2026 23:43:16


(2)  116/  C19AC8 : 6032                	bra     .apply
(2)  117/  C19ACA :                     .tryroot:
(2)  118/  C19ACA :                     	; No per-game art, fall back to the root bg.bmp (same as at menu startup)
(2)  119/  C19ACA : 51F9 0011 C1BB      	sf.b    CustomBGLoaded
(2)  120/  C19AD0 : 13FC 00FF 0011 C194 	move.b  #BG_CODE,MCUCmdParams
(2)  121/  C19AD8 : (MACRO)[7]          	MCUCMD  MCU_CMD_SELECTGAME
(2)  121/  C19AD8 : 163C 0007               move.b  #MCU_CMD_SELECTGAME,d3
(2)  121/  C19ADC : 4EB9 00C1 C756          jsr     MCUCommand
(2)  122/  C19AE2 : 6518                	bcs     .apply                ; Comm timeout, give up, use default pattern
(2)  123/  C19AE4 : 4EB9 00C1 C85A      	jsr     MCURead4Words
(2)  124/  C19AEA : 1039 0011 C100      	move.b  MCUReplyBuffer,d0
(2)  125/  C19AF0 : 0200 00F0           	andi.b  #$F0,d0
(2)  126/  C19AF4 : 6706                	beq     .apply                ; No root bg.bmp either, use default pattern
(2)  127/  C19AF6 : 4EB9 00C1 9B1C      	jsr     LoadCustomBGSilent
(2)  128/  C19AFC :                     .apply:
(2)  129/  C19AFC :                     	; CustomBGLoaded now reflects whether LoadCustomBG actually succeeded;
(2)  130/  C19AFC :                     	; SetupBGSprites falls back to the default pattern on its own if not.
(2)  131/  C19AFC : 4EB9 00C1 99B2      	jsr     SetupBGSprites
(2)  132/  C19B02 :                     .done:
(2)  133/  C19B02 : 4E75                	rts
(2)  134/  C19B04 :                     
(2)  135/  C19B04 :                     
(2)  136/  C19B04 :                     LoadCustomBG:
(2)  137/  C19B04 : 33FC 2000 0011 C18A     move.w  #$2000,FixWriteConfig   ; Palette #2 bank 0
(2)  138/  C19B0C : 41F9 00C1 EC04          lea     FixStrLoadingBG,a0      ; Show loading window
(2)  139/  C19B12 : 303C 714D           	move.w  #FIXMAP+13+(10*32),d0
(2)  140/  C19B16 : 4EB9 00C1 E528      	jsr     WriteFix
(2)  141/  C19B1C :                     
(2)  142/  C19B1C :                     ; Same as LoadCustomBG but without the "Loading..." fix text overlay — used by
(2)  143/  C19B1C :                     ; LoadGameBG while the file list is already on screen, where stamping that
(2)  144/  C19B1C :                     ; message over the list every time the cursor settles would leave it stuck
(2)  145/  C19B1C :                     ; there (nothing currently clears it outside of the one-time boot sequence).
(2)  146/  C19B1C :                     LoadCustomBGSilent:
(2)  147/  C19B1C :                     	; Decode into whichever buffer is NOT currently on screen. SetupBGSprites
(2)  148/  C19B1C :                     	; only switches to it (BGActiveBuffer) once the whole decode below has
(2)  149/  C19B1C :                     	; succeeded, so a live reload never shows a half-drawn or wrong-palette
(2)  150/  C19B1C :                     	; image - the switch is an atomic flip, not a gradual overwrite.
(2)  151/  C19B1C : 7001                	moveq.l #1,d0
(2)  152/  C19B1E : 9039 0011 C28F      	sub.b   BGActiveBuffer,d0
(2)  153/  C19B24 : 13C0 0011 C290      	move.b  d0,BGDecodeBuffer
(2)  154/  C19B2A :                     
(2)  155/  C19B2A :                     	; Load BMP data for custom bg
(2)  156/  C19B2A : 23FC 0002 0000 0011     move.l  #$00020000,MSFCounter   ; Init MSF at 00:02:00 (MCU subtracts 2s)
           C19B32 : C182               
(2)  157/  C19B34 : 4EB9 00C1 CE56          jsr     GetBMPSector
(2)  158/  C19B3A : 6500 0180               bcs     CustomBGFail
(2)  159/  C19B3E :                     
(2)  160/  C19B3E : 207C 0011 1204      	move.l  #CDSectorBuffer,a0
(2)  161/  C19B44 :                         ; Check "BM" magic at 00
(2)  162/  C19B44 : 0C50 424D               cmp.w   #$424D,$0(a0)
(2)  163/  C19B48 : 6600 0172               bne     CustomBGFail
(2)  164/  C19B4C :                         ; Check BG_BOX_W_TILES*16px (128px) width at $12
(2)  165/  C19B4C : 0CA8 8000 0000 0012     cmp.l   #$80000000,$12(a0)
(2)  166/  C19B54 : 6600 0166               bne     CustomBGFail
(2)  167/  C19B58 :                         ; Check BG_BOX_H_TILES*16px (128px) height at $16
(2)  168/  C19B58 : 0CA8 8000 0000 0016     cmp.l   #$80000000,$16(a0)
(2)  169/  C19B60 : 6600 015A               bne     CustomBGFail
(2)  170/  C19B64 :                         ; Check 4bpp at $1C
(2)  171/  C19B64 : 0C68 0400 001C          cmp.w   #$0400,$1C(a0)
(2)  172/  C19B6A : 6600 0150               bne     CustomBGFail
 AS V1.42 Beta [Bld 311] - Source File main.asm(ui_bg.asm) - Page 37 - 9/11/2026 23:43:16


(2)  173/  C19B6E :                         ; Check no compression code 0 at $1E
(2)  174/  C19B6E : 0CA8 0000 0000 001E     cmp.l   #0,$1E(a0)
(2)  175/  C19B76 : 6600 0144               bne     CustomBGFail
(2)  176/  C19B7A :                     
(2)  177/  C19B7A :                         ; Get pixel data pointer from $0A in a2
(2)  178/  C19B7A : 2028 000A               move.l  $A(a0),d0       ; DD CC BB AA
(2)  179/  C19B7E : (MACRO)[8]              ENDIAN_CHG_L d0         ; AA BB CC DD
(2)  179/  C19B7E : E158                    rol.w   #8,D0          ; DD CC AA BB
(2)  179/  C19B80 : 4840                    swap.l  D0             ; AA BB DD CC
(2)  179/  C19B82 : E158                    rol.w   #8,D0          ; AA BB CC DD
(2)  180/  C19B84 : 2440                    move.l  d0,a2
(2)  181/  C19B86 : D5C8                    add.l   a0,a2
(2)  182/  C19B88 :                         ; Get size of the DIB header from $0E in a0
(2)  183/  C19B88 : 2028 000E               move.l  $E(a0),d0       ; DD CC BB AA
(2)  184/  C19B8C : (MACRO)[9]              ENDIAN_CHG_L d0         ; AA BB CC DD
(2)  184/  C19B8C : E158                    rol.w   #8,D0          ; DD CC AA BB
(2)  184/  C19B8E : 4840                    swap.l  D0             ; AA BB DD CC
(2)  184/  C19B90 : E158                    rol.w   #8,D0          ; AA BB CC DD
(2)  185/  C19B92 : 0680 0000 000E          addi.l  #$E,d0          ; Add size of BMP header
(2)  186/  C19B98 : D1C0                    add.l   d0,a0
(2)  187/  C19B9A :                     
(2)  188/  C19B9A :                         ; Load and convert palette (BGRA * 16)
(2)  189/  C19B9A : 4EB9 00C1 E4CE          jsr     WaitVBL
(2)  190/  C19BA0 : 43F9 0040 0200          lea     (PALETTES+(2*16*16)),a1     ; Palette #16 (buffer 0)
(2)  191/  C19BA6 : 4A39 0011 C290          tst.b   BGDecodeBuffer
(2)  192/  C19BAC : 6706                    beq     .pal_buf0
(2)  193/  C19BAE : D3FC 0000 0020          addi.l  #2*16,a1                    ; Palette #17 (buffer 1)
(2)  194/  C19BB4 :                     .pal_buf0:
(2)  195/  C19BB4 : 7E10                    moveq.l #16,d7
(2)  196/  C19BB6 :                     .convertpal:
(2)  197/  C19BB6 : 7200                    moveq.l #0,d1
(2)  198/  C19BB8 : 1018                    move.b  (a0)+,d0    ; B
(2)  199/  C19BBA : E808                    lsr.b   #4,d0
(2)  200/  C19BBC : 0240 000F               andi.w  #$000F,d0
(2)  201/  C19BC0 : 8240                    or.w    d0,d1
(2)  202/  C19BC2 : 1018                    move.b  (a0)+,d0    ; G
(2)  203/  C19BC4 : 0240 00F0               andi.w  #$00F0,d0
(2)  204/  C19BC8 : 8240                    or.w    d0,d1
(2)  205/  C19BCA : 1018                    move.b  (a0)+,d0    ; R
(2)  206/  C19BCC : E948                    lsl.w   #4,d0
(2)  207/  C19BCE : 0240 0F00               andi.w  #$0F00,d0
(2)  208/  C19BD2 : 8240                    or.w    d0,d1
(2)  209/  C19BD4 : 32C1                    move.w  d1,(a1)+
(2)  210/  C19BD6 : 1018                    move.b  (a0)+,d0    ; Skip A
(2)  211/  C19BD8 : 5347                    subq.w  #1,d7
(2)  212/  C19BDA : 66DA                    bne     .convertpal
(2)  213/  C19BDC :                         ; BACKDROP itself is intentionally left alone here: with the cover art
(2)  214/  C19BDC :                         ; now a small fixed box instead of a full-screen background, the area
(2)  215/  C19BDC :                         ; around it should just stay solid black regardless of whichever
(2)  216/  C19BDC :                         ; game's palette color #0 happens to be - not flicker to a different
(2)  217/  C19BDC :                         ; color every time the selection changes.
(2)  218/  C19BDC :                     
(2)  219/  C19BDC :                         ; Load and convert pixels - straight into the inactive buffer, currently
(2)  220/  C19BDC :                         ; not displayed by any sprite, so no need to hide anything while this runs
(2)  221/  C19BDC : 13FC 0001 00FF 016F     move.b  #1,REG_UPLOAD_EN
(2)  222/  C19BE4 : 13C0 00FF 0121          move.b  d0,REG_UPMAPSPR
(2)  223/  C19BEA : 13FC 0000 00FF 0105     move.b  #0,REG_TRANSAREA
(2)  224/  C19BF2 :                     
(2)  225/  C19BF2 : 41F9 00C1 9CF0          lea     LUTIndexToBitplane,a0
(2)  226/  C19BF8 :                         ; Start at bottom left pixel of bottom left tile
 AS V1.42 Beta [Bld 311] - Source File main.asm(ui_bg.asm) - Page 38 - 9/11/2026 23:43:16


(2)  227/  C19BF8 :                         ; Pen and paper required !
(2)  228/  C19BF8 : 49F9 00E0 83FC          lea     ($E00000+(256*128)+(128*BG_BOX_H_TILES)-4),a4
(2)  229/  C19BFE : 4A39 0011 C290          tst.b   BGDecodeBuffer
(2)  230/  C19C04 : 6706                    beq     .tile_buf0
(2)  231/  C19C06 : D9FC 0000 2000          addi.l  #(BG_BOX_W_TILES*BG_BOX_H_TILES*128),a4  ; Buffer 1: tiles start right after buffer 0's
(2)  232/  C19C0C :                     .tile_buf0:
(2)  233/  C19C0C :                     
(2)  234/  C19C0C : 283C 0000 0008          move.l  #BG_BOX_H_TILES,d4      ; Height in tiles
(2)  235/  C19C12 :                     .fullheight:
(2)  236/  C19C12 : 264C                    move.l  a4,a3       ; Restore base address
(2)  237/  C19C14 : 99FC 0000 0080          subi.l  #128,a4     ; -1 tile (go to tile row above)
(2)  238/  C19C1A :                     
(2)  239/  C19C1A : 2A3C 0000 0010          move.l  #16,d5      ; Pixel rows per tile
(2)  240/  C19C20 :                     .tileheight:
(2)  241/  C19C20 : 224B                    move.l  a3,a1       ; Restore base address
(2)  242/  C19C22 : 97FC 0000 0004          subi.l  #4,a3       ; -1 row (go to pixel row above)
(2)  243/  C19C28 :                     
(2)  244/  C19C28 : 7C08                    moveq.l #BG_BOX_W_TILES,d6      ; Width in tiles
(2)  245/  C19C2A :                     .sixteenpixelsrow:
(2)  246/  C19C2A :                     
(2)  247/  C19C2A :                         ; Load left 8 pixels
(2)  248/  C19C2A : 7000                    moveq.l #0,d0
(2)  249/  C19C2C : 2200                    move.l  d0,d1
(2)  250/  C19C2E : 2400                    move.l  d0,d2       ; 4 bitplane * 8 bit shift register
(2)  251/  C19C30 : 7E04                    moveq.l #4,d7
(2)  252/  C19C32 :                     .rowa:
(2)  253/  C19C32 : 121A                    move.b  (a2)+,d1    ; Left pixel
(2)  254/  C19C34 : 1001                    move.b  d1,d0
(2)  255/  C19C36 : E809                    lsr.b   #4,d1
(2)  256/  C19C38 : E509                    lsl.b   #2,d1
(2)  257/  C19C3A : E28A                    lsr.l   #1,d2       ; Next pixel in SR
(2)  258/  C19C3C : 84B0 1000               or.l    0(a0,d1),d2
(2)  259/  C19C40 : 0200 000F               andi.b  #$F,d0      ; Right pixel
(2)  260/  C19C44 : E508                    lsl.b   #2,d0
(2)  261/  C19C46 : E28A                    lsr.l   #1,d2       ; Next pixel in SR
(2)  262/  C19C48 : 84B0 0000               or.l    0(a0,d0),d2
(2)  263/  C19C4C :                     
(2)  264/  C19C4C :                         ; Check if we need to load the next sector
(2)  265/  C19C4C : B5FC 0011 1A04          cmp.l   #CDSectorBuffer+CD_SECTOR_SIZE,a2    ; End of CDSectorBuffer
(2)  266/  C19C52 : 6606                    bne     .noreloada
(2)  267/  C19C54 : 4EB9 00C1 9CCC          jsr     GetNewBMPSector
(2)  268/  C19C5A :                     .noreloada:
(2)  269/  C19C5A :                     
(2)  270/  C19C5A : 5307                    subq.b  #1,d7
(2)  271/  C19C5C : 66D4                    bne     .rowa
(2)  272/  C19C5E : 2282                    move.l  d2,0(a1)    ; Left column
(2)  273/  C19C60 :                     
(2)  274/  C19C60 :                         ; Load right 8 pixels
(2)  275/  C19C60 : 7000                    moveq.l #0,d0
(2)  276/  C19C62 : 2200                    move.l  d0,d1
(2)  277/  C19C64 : 2400                    move.l  d0,d2       ; 4 bitplane * 8 bit shift register
(2)  278/  C19C66 : 7E04                    moveq.l #4,d7
(2)  279/  C19C68 :                     .rowb:
(2)  280/  C19C68 : 121A                    move.b  (a2)+,d1    ; Left pixel
(2)  281/  C19C6A : 1001                    move.b  d1,d0
(2)  282/  C19C6C : E809                    lsr.b   #4,d1
(2)  283/  C19C6E : E509                    lsl.b   #2,d1
(2)  284/  C19C70 : E28A                    lsr.l   #1,d2       ; Next pixel in SR
(2)  285/  C19C72 : 84B0 1000               or.l    0(a0,d1),d2
(2)  286/  C19C76 : 0200 000F               andi.b  #$F,d0      ; Right pixel
 AS V1.42 Beta [Bld 311] - Source File main.asm(ui_bg.asm) - Page 39 - 9/11/2026 23:43:16


(2)  287/  C19C7A : E508                    lsl.b   #2,d0
(2)  288/  C19C7C : E28A                    lsr.l   #1,d2       ; Next pixel in SR
(2)  289/  C19C7E : 84B0 0000               or.l    0(a0,d0),d2
(2)  290/  C19C82 :                     
(2)  291/  C19C82 :                         ; Check if we need to load the next sector
(2)  292/  C19C82 : B5FC 0011 1A04          cmp.l   #CDSectorBuffer+CD_SECTOR_SIZE,a2
(2)  293/  C19C88 : 6606                    bne     .noreloadb
(2)  294/  C19C8A : 4EB9 00C1 9CCC          jsr     GetNewBMPSector
(2)  295/  C19C90 :                     .noreloadb:
(2)  296/  C19C90 :                     
(2)  297/  C19C90 : 5307                    subq.b  #1,d7
(2)  298/  C19C92 : 66D4                    bne     .rowb
(2)  299/  C19C94 : 2342 FFC0               move.l  d2,-64(a1)      ; Right column
(2)  300/  C19C98 :                     
(2)  301/  C19C98 : 43E9 0400               lea     128*BG_BOX_H_TILES(a1),a1   ; Next tile to the right
(2)  302/  C19C9C :                     
(2)  303/  C19C9C : 5346                    subq.w  #1,d6           ; Done one tile pixel row
(2)  304/  C19C9E : 668A                    bne     .sixteenpixelsrow
(2)  305/  C19CA0 :                     
(2)  306/  C19CA0 : 5345                    subq.w  #1,d5           ; Done an entire pixel row
(2)  307/  C19CA2 : 6600 FF7C               bne     .tileheight
(2)  308/  C19CA6 :                     
(2)  309/  C19CA6 : 5344                    subq.w  #1,d4           ; Done one tile row
(2)  310/  C19CA8 : 6600 FF68               bne     .fullheight
(2)  311/  C19CAC :                         
(2)  312/  C19CAC : 50F9 0011 C1BB          st.b    CustomBGLoaded
(2)  313/  C19CB2 : 13F9 0011 C290 0011     move.b  BGDecodeBuffer,BGActiveBuffer   ; Flip: SetupBGSprites now shows this freshly-filled buffer
           C19CBA : C28F               
(2)  314/  C19CBC :                     
(2)  315/  C19CBC :                     CustomBGFail:
(2)  316/  C19CBC : 13C0 00FF 0141          move.b  d0,REG_UPUNMAPSPR
(2)  317/  C19CC2 : 13FC 0000 00FF 016F     move.b  #0,REG_UPLOAD_EN
(2)  318/  C19CCA : 4E75                    rts
(2)  319/  C19CCC :                         
(2)  320/  C19CCC :                         
(2)  321/  C19CCC :                     GetNewBMPSector:
(2)  322/  C19CCC : 1039 0011 C184          move.b  MSFCounter+2,d0 ; No need to do proper MSF inc here as file will always fit under 1 second worth of data
(2)  323/  C19CD2 : 7201                    moveq   #1,d1           ; Only inc frames
(2)  324/  C19CD4 : 44FC 0000               move    #0,ccr
(2)  325/  C19CD8 : C101                    abcd    d1,d0           ; BCD inc
(2)  326/  C19CDA : 13C0 0011 C184          move.b  d0,MSFCounter+2
(2)  327/  C19CE0 : 4EB9 00C1 CE56          jsr     GetBMPSector
(2)  328/  C19CE6 : 65D4                    bcs     CustomBGFail    ; Error loading sector
(2)  329/  C19CE8 : 247C 0011 1204          move.l  #CDSectorBuffer,a2
(2)  330/  C19CEE : 4E75                    rts
(2)  331/  C19CF0 :                         
(2)  332/  C19CF0 :                     
(2)  333/  C19CF0 :                     ; Used for custom bg, linear -> sprite bitplane conversion
(2)  334/  C19CF0 :                     LUTIndexToBitplane:
(2)  335/  C19CF0 :                         ;     11003322
(2)  336/  C19CF0 : 0000 0000               dc.l $00000000
(2)  337/  C19CF4 : 0080 0000               dc.l $00800000
(2)  338/  C19CF8 : 8000 0000               dc.l $80000000
(2)  339/  C19CFC : 8080 0000               dc.l $80800000
(2)  340/  C19D00 : 0000 0080               dc.l $00000080
(2)  341/  C19D04 : 0080 0080               dc.l $00800080
(2)  342/  C19D08 : 8000 0080               dc.l $80000080
(2)  343/  C19D0C : 8080 0080               dc.l $80800080
(2)  344/  C19D10 : 0000 8000               dc.l $00008000
(2)  345/  C19D14 : 0080 8000               dc.l $00808000
 AS V1.42 Beta [Bld 311] - Source File main.asm(ui_bg.asm) - Page 40 - 9/11/2026 23:43:16


(2)  346/  C19D18 : 8000 8000               dc.l $80008000
(2)  347/  C19D1C : 8080 8000               dc.l $80808000
(2)  348/  C19D20 : 0000 8080               dc.l $00008080
(2)  349/  C19D24 : 0080 8080               dc.l $00808080
(2)  350/  C19D28 : 8000 8080               dc.l $80008080
(2)  351/  C19D2C : 8080 8080               dc.l $80808080
(2)  352/  C19D30 :                     
(1)  267/  C19D30 :                     	INCLUDE "ui_ssaver.asm"
(2)    1/  C19D30 :                     ; Copyright (C) 2020 Sean Gonsalves
(2)    2/  C19D30 :                     ;
(2)    3/  C19D30 :                     ; This file is part of Neo CD SD Loader.
(2)    4/  C19D30 :                     ;
(2)    5/  C19D30 :                     ; This program is free software; you can redistribute it and/or modify
(2)    6/  C19D30 :                     ; it under the terms of the GNU General Public License as published by
(2)    7/  C19D30 :                     ; the Free Software Foundation; either version 2, or (at your option)
(2)    8/  C19D30 :                     ; any later version.
(2)    9/  C19D30 :                     ;
(2)   10/  C19D30 :                     ; This program is distributed in the hope that it will be useful,
(2)   11/  C19D30 :                     ; but WITHOUT ANY WARRANTY; without even the implied warranty of
(2)   12/  C19D30 :                     ; MERCHANTABILITY or FITNESS FOR A PARTICULAR PURPOSE.  See the
(2)   13/  C19D30 :                     ; GNU General Public License for more details.
(2)   14/  C19D30 :                     ;
(2)   15/  C19D30 :                     ; You should have received a copy of the GNU General Public License
(2)   16/  C19D30 :                     ; along with this program; see the file COPYING.  If not, write to
(2)   17/  C19D30 :                     ; the Free Software Foundation, Inc., 51 Franklin Street,
(2)   18/  C19D30 :                     ; Boston, MA 02110-1301, USA.
(2)   19/  C19D30 :                     
(2)   20/  C19D30 :                     SetupSSaver:
(2)   21/  C19D30 : 33F9 0010 D03C 0010     move.w  CurrentScreen,LastScreen    ; Store
           C19D38 : D03E               
(2)   22/  C19D3A : 33FC 0000 0010 D03C     move.w  #SCREEN_IDLE,CurrentScreen
(2)   23/  C19D42 :                     
(2)   24/  C19D42 : 4EB9 00C1 E300          jsr     ClearFix
(2)   25/  C19D48 :                     
(2)   26/  C19D48 :                         ; Clear all sprites
(2)   27/  C19D48 : 33FC 8200 003C 0000 	move.w  #SCB3,REG_VRAMADDR
(2)   28/  C19D50 : 323C 7400           	move.w  #((496-264)<<7)+0,d1
(2)   29/  C19D54 : 3E3C 0180           	move.w  #384,d7
(2)   30/  C19D58 :                     .clrspr:
(2)   31/  C19D58 : 33C1 003C 0002      	move.w  d1,REG_VRAMRW
(2)   32/  C19D5E : 4E71                	nop
(2)   33/  C19D60 : 5347                	subq.w  #1,d7
(2)   34/  C19D62 : 66F4                	bne     .clrspr
(2)   35/  C19D64 :                     
(2)   36/  C19D64 : 33FC 8000 0040 1FFE     move.w  #BLACK,BACKDROP
(2)   37/  C19D6C :                     
(2)   38/  C19D6C : 3C3C 0004               move.w  #4,d6                   ; Setup 4 bolts
(2)   39/  C19D70 :                     .setspr:
(2)   40/  C19D70 : 2F06                    move.l  d6,-(sp)
(2)   41/  C19D72 : 41F9 00C2 3000      	lea     map_ssaver_sprite,a0
(2)   42/  C19D78 : 3606                	move.w  d6,d3
(2)   43/  C19D7A : E34B                	lsl.w   #1,d3					; 2 sprites wide
(2)   44/  C19D7C : 4EB9 00C1 E3A0      	jsr     AutoMap
(2)   45/  C19D82 : 2C1F                    move.l  (sp)+,d6
(2)   46/  C19D84 :                     
(2)   47/  C19D84 : 3006                	move.w  d6,d0
(2)   48/  C19D86 : E348                	lsl.w   #1,d0					; 2 sprites wide
(2)   49/  C19D88 : 323C 0FFF           	move.w  #$0FFF,d1				; No shrink
(2)   50/  C19D8C : 3E3C 0002           	move.w  #2,d7					; 2 sprites wide
(2)   51/  C19D90 : 4EB9 00C1 E3DA      	jsr     SetSprZ
 AS V1.42 Beta [Bld 311] - Source File main.asm(ui_ssaver.asm) - Page 41 - 9/11/2026 23:43:16


(2)   52/  C19D96 :                     
(2)   53/  C19D96 : 3006                	move.w  d6,d0
(2)   54/  C19D98 : E348                	lsl.w   #1,d0					; 2 sprites wide
(2)   55/  C19D9A : 323C 0000           	move.w  #0,d1           		; Zero height for now
(2)   56/  C19D9E : 3E3C 0002           	move.w  #2,d7					; 2 sprites wide
(2)   57/  C19DA2 : 4EB9 00C1 E3F6      	jsr     SetSprY
(2)   58/  C19DA8 :                     
(2)   59/  C19DA8 : 5346                	subq.w  #1,d6
(2)   60/  C19DAA : 66C4                	bne     .setspr
(2)   61/  C19DAC :                     
(2)   62/  C19DAC : 3239 0010 D040          move.w  FrameCounter,d1         ; Shitty PRNG seed
(2)   63/  C19DB2 : 0281 0000 00FF          andi.l  #$FF,d1
(2)   64/  C19DB8 : 41F9 0010 D060      	lea     ssaver_vars,a0
(2)   65/  C19DBE : 43F9 00C0 4200      	lea     $C04200,a1              ; RND_DATA
(2)   66/  C19DC4 : 303C 0980           	move.w  #38<<6,d0               ; Initial X
(2)   67/  C19DC8 : 3E3C 0004               move.w  #4,d7
(2)   68/  C19DCC :                     .setvars:
(2)   69/  C19DCC : 30C0                	move.w  d0,(a0)+                ; X
(2)   70/  C19DCE : 0640 1180           	addi.w  #70<<6,d0
(2)   71/  C19DD2 : 30FC 1800           	move.w  #((224-32)/2)<<6,(a0)+  ; Initial Y
(2)   72/  C19DD6 :                     
(2)   73/  C19DD6 : 7400                    moveq.l #0,d2
(2)   74/  C19DD8 : 1431 1000               move.b  0(a1,d1),d2
(2)   75/  C19DDC : 4882                    ext.w   d2
(2)   76/  C19DDE : E242                    asr.w   #1,d2                   ; Slow the fuck down
(2)   77/  C19DE0 : 0642 0064               addi.w  #100,d2                 ; Minimum speed
(2)   78/  C19DE4 : 30C2                	move.w  d2,(a0)+                ; VX
(2)   79/  C19DE6 :                     
(2)   80/  C19DE6 : 7400                    moveq.l #0,d2
(2)   81/  C19DE8 : 1431 1001               move.b  1(a1,d1),d2
(2)   82/  C19DEC : 4882                    ext.w   d2
(2)   83/  C19DEE : E242                    asr.w   #1,d2                   ; Slow the fuck down
(2)   84/  C19DF0 : 0642 0064               addi.w  #100,d2                 ; Minimum speed
(2)   85/  C19DF4 : 30C2                	move.w  d2,(a0)+                ; VY
(2)   86/  C19DF6 :                     
(2)   87/  C19DF6 : 5401                    addq.b  #2,d1
(2)   88/  C19DF8 :                     
(2)   89/  C19DF8 : 5347                	subq.w  #1,d7
(2)   90/  C19DFA : 66D0                	bne     .setvars
(2)   91/  C19DFC :                     
(2)   92/  C19DFC : 33FC 000D 0010 D03C     move.w  #SCREEN_SSAVER,CurrentScreen
(2)   93/  C19E04 : 4E75                	rts
(2)   94/  C19E06 :                     
(2)   95/  C19E06 :                     
(2)   96/  C19E06 :                     VBLProcSSaver:
(2)   97/  C19E06 :                     	; Refresh stuff in VRAM while we're at the beginning of the vblank
(2)   98/  C19E06 : 41F9 0010 D060      	lea     ssaver_vars,a0
(2)   99/  C19E0C : 3C3C 0004               move.w  #4,d6
(2)  100/  C19E10 :                     .setsprxy:
(2)  101/  C19E10 : 3006                	move.w  d6,d0
(2)  102/  C19E12 : E348                	lsl.w   #1,d0					; 2 sprites wide
(2)  103/  C19E14 : 3218                	move.w  (a0)+,d1				; X
(2)  104/  C19E16 : EC49                	lsr.w   #6,d1                   ; 10.6 to int
(2)  105/  C19E18 : 3E3C 0002           	move.w  #2,d7					; 2 sprites wide
(2)  106/  C19E1C : 4EB9 00C1 E416      	jsr     SetSprX
(2)  107/  C19E22 :                     
(2)  108/  C19E22 : 3006                	move.w  d6,d0
(2)  109/  C19E24 : E348                	lsl.w   #1,d0					; 2 sprites wide
(2)  110/  C19E26 : 3218                	move.w  (a0)+,d1				; Y
(2)  111/  C19E28 : EC49                	lsr.w   #6,d1                   ; 10.6 to int
 AS V1.42 Beta [Bld 311] - Source File main.asm(ui_ssaver.asm) - Page 42 - 9/11/2026 23:43:16


(2)  112/  C19E2A : 4441                	neg.w   d1
(2)  113/  C19E2C : 0641 01F0           	addi.w  #496,d1
(2)  114/  C19E30 : EF49                	lsl.w   #7,d1
(2)  115/  C19E32 : 0041 0002           	ori.w   #2,d1                   ; 2 sprites high
(2)  116/  C19E36 : 3E3C 0002           	move.w  #2,d7					; 2 sprites wide
(2)  117/  C19E3A : 4EB9 00C1 E3F6      	jsr     SetSprY
(2)  118/  C19E40 :                     	
(2)  119/  C19E40 : 41E8 0004           	lea     4(a0),a0                ; Skip VX and VY
(2)  120/  C19E44 :                     
(2)  121/  C19E44 : 5346                	subq.w  #1,d6
(2)  122/  C19E46 : 66C8                	bne     .setsprxy
(2)  123/  C19E48 :                     	
(2)  124/  C19E48 :                     	; Animate
(2)  125/  C19E48 : 41F9 0010 D060      	lea     ssaver_vars,a0
(2)  126/  C19E4E : 3E3C 0004               move.w  #4,d7
(2)  127/  C19E52 :                     .anim:
(2)  128/  C19E52 : 3010                    move.w  0(a0),d0                ; X
(2)  129/  C19E54 : 3228 0002               move.w  2(a0),d1                ; Y
(2)  130/  C19E58 :                     
(2)  131/  C19E58 : D068 0004           	add.w   4(a0),d0				; VX
(2)  132/  C19E5C : 3080                    move.w  d0,0(a0)
(2)  133/  C19E5E : D268 0006           	add.w   6(a0),d1				; VY
(2)  134/  C19E62 : 3141 0002               move.w  d1,2(a0)
(2)  135/  C19E66 :                     	
(2)  136/  C19E66 : EC48                	lsr.w   #6,d0
(2)  137/  C19E68 : EC49                	lsr.w   #6,d1
(2)  138/  C19E6A :                     
(2)  139/  C19E6A : B07C 0120           	cmp.w   #320-32,d0
(2)  140/  C19E6E : 6504                	blo     .no_hit_right
(2)  141/  C19E70 : 4468 0004           	neg.w   4(a0)                   ; Negate VX
(2)  142/  C19E74 :                     .no_hit_right:
(2)  143/  C19E74 : B07C 0000           	cmp.w   #0,d0
(2)  144/  C19E78 : 6E04                	bgt     .no_hit_left
(2)  145/  C19E7A : 4468 0004           	neg.w   4(a0)                   ; Negate VX
(2)  146/  C19E7E :                     .no_hit_left:
(2)  147/  C19E7E :                     
(2)  148/  C19E7E : B27C 00C0           	cmp.w   #224-32,d1
(2)  149/  C19E82 : 6504                	blo     .no_hit_bottom
(2)  150/  C19E84 : 4468 0006           	neg.w   6(a0)                   ; Negate VY
(2)  151/  C19E88 :                     .no_hit_bottom:
(2)  152/  C19E88 : B27C 0000           	cmp.w   #0,d1
(2)  153/  C19E8C : 6E04                	bgt     .no_hit_top
(2)  154/  C19E8E : 4468 0006           	neg.w   6(a0)                   ; Negate VY
(2)  155/  C19E92 :                     .no_hit_top:
(2)  156/  C19E92 :                     
(2)  157/  C19E92 : 41E8 0008           	lea     8(a0),a0                ; Next entry
(2)  158/  C19E96 : 5347                	subq.w  #1,d7
(2)  159/  C19E98 : 66B8                	bne     .anim
(2)  160/  C19E9A :                     
(2)  161/  C19E9A :                         ; Screen saver disabled by any joypad activity
(2)  162/  C19E9A : 1039 0010 FD97          move.b  BIOS_P1CHANGE,d0
(2)  163/  C19EA0 : 8039 0010 FD9D          or.b    BIOS_P2CHANGE,d0
(2)  164/  C19EA6 : 1239 0010 FDAD          move.b  BIOS_STATCHANGE,d1
(2)  165/  C19EAC : 0201 000F               andi.b  #$0F,d1
(2)  166/  C19EB0 : 8001                    or.b    d1,d0
(2)  167/  C19EB2 : 6706                    beq     .no_exit
(2)  168/  C19EB4 :                         ; Exiting the screen saver always brings back to the Main screen
(2)  169/  C19EB4 : 4EB9 00C1 9EBC          jsr     SetupMain
(2)  170/  C19EBA :                     .no_exit:
(2)  171/  C19EBA : 4E75                	rts
 AS V1.42 Beta [Bld 311] - Source File main.asm(ui_ssaver.asm) - Page 43 - 9/11/2026 23:43:16


(2)  172/  C19EBC :                     
(1)  268/  C19EBC :                     	INCLUDE "ui_main_setup.asm"
(2)    1/  C19EBC :                     ; Copyright (C) 2020 Sean Gonsalves
(2)    2/  C19EBC :                     ;
(2)    3/  C19EBC :                     ; This file is part of Neo CD SD Loader.
(2)    4/  C19EBC :                     ;
(2)    5/  C19EBC :                     ; This program is free software; you can redistribute it and/or modify
(2)    6/  C19EBC :                     ; it under the terms of the GNU General Public License as published by
(2)    7/  C19EBC :                     ; the Free Software Foundation; either version 2, or (at your option)
(2)    8/  C19EBC :                     ; any later version.
(2)    9/  C19EBC :                     ;
(2)   10/  C19EBC :                     ; This program is distributed in the hope that it will be useful,
(2)   11/  C19EBC :                     ; but WITHOUT ANY WARRANTY; without even the implied warranty of
(2)   12/  C19EBC :                     ; MERCHANTABILITY or FITNESS FOR A PARTICULAR PURPOSE.  See the
(2)   13/  C19EBC :                     ; GNU General Public License for more details.
(2)   14/  C19EBC :                     ;
(2)   15/  C19EBC :                     ; You should have received a copy of the GNU General Public License
(2)   16/  C19EBC :                     ; along with this program; see the file COPYING.  If not, write to
(2)   17/  C19EBC :                     ; the Free Software Foundation, Inc., 51 Franklin Street,
(2)   18/  C19EBC :                     ; Boston, MA 02110-1301, USA.
(2)   19/  C19EBC :                     
(2)   20/  C19EBC :                     SetupMain:
(2)   21/  C19EBC :                     	; Palettes should already be set up correctly by InstallDataDRAM
(2)   22/  C19EBC :                     	; CDPPalData is patched with the new palettes
(2)   23/  C19EBC :                     
(2)   24/  C19EBC : 33FC 0000 0010 D03C     move.w  #SCREEN_IDLE,CurrentScreen
(2)   25/  C19EC4 :                     
(2)   26/  C19EC4 : 13FC 00FF 00FF 0183 	move.b  #$FF,REG_Z80RST		; Copied from original routine
(2)   27/  C19ECC :                     
(2)   28/  C19ECC : 13C0 003A 0001          move.b  d0,REG_NOSHADOW     ; Required after exiting from Ironclad
(2)   29/  C19ED2 :                     
(2)   30/  C19ED2 : 33FC 0100 003C 0006 	move.w  #$0100,REG_LSPCMODE ; Set auto-animation speed
(2)   31/  C19EDA :                     
(2)   32/  C19EDA : 13FC 0001 00FF 0119 	move.b  #1,REG_ENVIDEO
(2)   33/  C19EE2 : 13FC 0000 00FF 0111 	move.b  #0,REG_DISBLSPR
(2)   34/  C19EEA : 13FC 0000 00FF 0115 	move.b  #0,REG_DISBLFIX
(2)   35/  C19EF2 :                     
(2)   36/  C19EF2 : 7000                    moveq.l #0,d0
(2)   37/  C19EF4 : 13C0 0011 C1BC          move.b  d0,IsInIGM
(2)   38/  C19EFA : 13C0 0010 D000      	move.b  d0,FileCursor
(2)   39/  C19F00 : 13C0 0010 D001      	move.b  d0,FileCursorPrev
(2)   40/  C19F06 : 13C0 0010 D002      	move.b  d0,MenuShift
(2)   41/  C19F0C : 13C0 0010 D007      	move.b  d0,LetterCursor
(2)   42/  C19F12 : 13C0 0010 D046      	move.b  d0,CurrentMsgBox
(2)   43/  C19F18 : 13C0 0011 C1B4      	move.b  d0,IsLoading
(2)   44/  C19F1E : 23C0 0010 D00A      	move.l  d0,ActiveLetters
(2)   45/  C19F24 : 33C0 0010 D004          move.w  d0,TotalFileCount
(2)   46/  C19F2A : 33C0 0010 D010          move.w  d0,UITemp           ; Used as delay timer to start scrolling file names
(2)   47/  C19F30 : 13C0 0011 C20A      	move.b  d0,FlagSelectStart
(2)   48/  C19F36 : 50F9 0011 C1B6      	st.b    PollStatus
(2)   49/  C19F3C : 50F9 0011 C28E      	st.b    LastBGGameIndex     ; $FF, no per-game bg loaded yet
(2)   50/  C19F42 : 51F9 0011 C28F      	sf.b    BGActiveBuffer
(2)   51/  C19F48 :                     
(2)   52/  C19F48 :                     	; RefreshFlags bits use in ui_main:
(2)   53/  C19F48 :                     	; 0: Redraw file list
(2)   54/  C19F48 :                     	; 1: -                       (was "Redraw letter cursor" - bar removed)
(2)   55/  C19F48 :                     	; 2: Redraw file cursor
(2)   56/  C19F48 :                     	; 3: Redraw current file name for scrolling
(2)   57/  C19F48 :                     	; 4: Show msgbox about game count exceeding MAX_FILES
(2)   58/  C19F48 :                     	; 5: -
 AS V1.42 Beta [Bld 311] - Source File main.asm(ui_main_setup.asm) - Page 44 - 9/11/2026 23:43:16


(2)   59/  C19F48 :                     	; 6: -
(2)   60/  C19F48 :                     	; 7: -
(2)   61/  C19F48 : 13FC 0005 0010 D003     move.b  #%00000101,RefreshFlags
(2)   62/  C19F50 :                     
(2)   63/  C19F50 : 4EB9 00C1 E4CE          jsr     WaitVBL                 ; Wait for vblank to hide dirty things
(2)   64/  C19F56 :                     
(2)   65/  C19F56 : 41F9 00C1 BAAE          lea     IGMPalettes,a0
(2)   66/  C19F5C : 43F9 0040 0040      	lea     (2*16*2)+PALETTES,a1	; Set up palette 2 for msgbox text
(2)   67/  C19F62 : 4EB9 00C1 E4BC          jsr     CopyPalette
(2)   68/  C19F68 :                     
(2)   69/  C19F68 : 4EB9 00C1 E300          jsr     ClearFix
(2)   70/  C19F6E :                     
(2)   71/  C19F6E : 4EB9 00C1 E35E          jsr     ClearFileList
(2)   72/  C19F74 : 4EB9 00C1 964A          jsr     ClearMainSprites
(2)   73/  C19F7A :                     
(2)   74/  C19F7A :                         ; Apply whatever background is already valid (default pattern, or the
(2)   75/  C19F7A :                         ; still-standing custom buffer from before this screen) right away -
(2)   76/  C19F7A :                         ; otherwise SPR_BG keeps showing whatever the previous screen (e.g.
(2)   77/  C19F7A :                         ; Options) left behind for the whole game-list fetch below, which can
(2)   78/  C19F7A :                         ; take a while. The real SetupBGSprites call further down re-applies it
(2)   79/  C19F7A :                         ; in case a fresh bg.bmp gets loaded in the meantime.
(2)   80/  C19F7A : 4EB9 00C1 99B2          jsr     SetupBGSprites
(2)   81/  C19F80 :                     
(2)   82/  C19F80 : =>UNDEFINED             IFDEF MAMEDEBUG
(2)   83/  C19F80 :                         jsr     DebugSetupMain
(2)   84/  C19F80 :                     	bra     .setup_interface
(2)   85/  C19F80 : [82]                    ENDIF
(2)   86/  C19F80 :                     
(2)   87/  C19F80 : 4EB9 00C1 90E4          jsr     GetMCUStatus
(2)   88/  C19F86 :                     
(2)   89/  C19F86 : 0839 0007 0010 D042 	btst.b  #7,MCUStatus
(2)   90/  C19F8E : 6700 00FE           	beq     .setup_interface   ; SD card absent, skip loading game list
(2)   91/  C19F92 :                     
(2)   92/  C19F92 : =>UNDEFINED             IFNDEF MAMEDEBUG
(2)   93/  C19F92 : 4EB9 00C1 E4DE      	jsr     InitSD
(2)   94/  C19F98 : 6500 00F4           	bcs     .setup_interface   ; SD card error, skip loading game list
(2)   95/  C19F9C :                     
(2)   96/  C19F9C :                         ; BACKDROP is always solid black now (small cover box, not a full-screen
(2)   97/  C19F9C :                         ; background) - just reassert that in case we exited from screen saver
(2)   98/  C19F9C :                         ; (which changes it), no per-game color to "restore" anymore.
(2)   99/  C19F9C : 33FC 8000 0040 1FFE     move.w  #BLACK,BACKDROP
(2)  100/  C19FA4 : 4A39 0011 C1BB          tst.b   CustomBGLoaded
(2)  101/  C19FAA : 6702                    beq     .notloaded
(2)  102/  C19FAC : 6034                    bra     .nocustombg
(2)  103/  C19FAE :                     .notloaded:
(2)  104/  C19FAE :                     	; Check if there's a custom bg file available
(2)  105/  C19FAE : 13FC 00FF 0011 C194     move.b  #BG_CODE,MCUCmdParams
(2)  106/  C19FB6 : (MACRO)[10]             MCUCMD  MCU_CMD_SELECTGAME
(2)  106/  C19FB6 : 163C 0007               move.b  #MCU_CMD_SELECTGAME,d3
(2)  106/  C19FBA : 4EB9 00C1 C756          jsr     MCUCommand
(2)  107/  C19FC0 : 6408                    bcc     .notimeouta
(2)  108/  C19FC2 : 4EB9 00C1 9914          jsr     DispErrorTimeout
(2)  109/  C19FC8 : 6018                    bra     .nocustombg
(2)  110/  C19FCA :                     .notimeouta:
(2)  111/  C19FCA : 4EB9 00C1 C85A          jsr     MCURead4Words
(2)  112/  C19FD0 : 1039 0011 C100          move.b  MCUReplyBuffer,d0
(2)  113/  C19FD6 : 0200 00F0               andi.b  #$F0,d0
(2)  114/  C19FDA : 6706                    beq     .nocustombg
(2)  115/  C19FDC : 4EB9 00C1 9B04          jsr     LoadCustomBG
(2)  116/  C19FE2 :                     .nocustombg:
 AS V1.42 Beta [Bld 311] - Source File main.asm(ui_main_setup.asm) - Page 45 - 9/11/2026 23:43:16


(2)  117/  C19FE2 :                     
(2)  118/  C19FE2 : 33FC 2000 0011 C18A     move.w  #$2000,FixWriteConfig   ; Palette #2 bank 0
(2)  119/  C19FEA : 41F9 00C1 EC5F          lea     FixStrLoadingList,a0
(2)  120/  C19FF0 : 303C 714D           	move.w  #FIXMAP+13+(10*32),d0
(2)  121/  C19FF4 : 4EB9 00C1 E528      	jsr     WriteFix
(2)  122/  C19FFA :                     
(2)  123/  C19FFA :                         ; Ask MCU for game list
(2)  124/  C19FFA : 42B9 0011 C194          clr.l   MCUCmdParams
(2)  125/  C1A000 : (MACRO)[11]             MCUCMD  MCU_CMD_GETGAMES
(2)  125/  C1A000 : 163C 0006               move.b  #MCU_CMD_GETGAMES,d3
(2)  125/  C1A004 : 4EB9 00C1 C756          jsr     MCUCommand
(2)  126/  C1A00A : 6408                    bcc     .notimeoutc
(2)  127/  C1A00C : 4EB9 00C1 9914          jsr     DispErrorTimeout
(2)  128/  C1A012 : 607A                    bra     .setup_interface
(2)  129/  C1A014 :                     .notimeoutc:
(2)  130/  C1A014 : 4EB9 00C1 C85A          jsr     MCURead4Words
(2)  131/  C1A01A : 4EB9 00C1 C89A          jsr     CheckACK
(2)  132/  C1A020 : 656C                    bcs     .setup_interface
(2)  133/  C1A022 :                         ; Ok, get file count
(2)  134/  C1A022 : 7000                    moveq.l #0,d0
(2)  135/  C1A024 : 1039 0011 C101          move.b  MCUReplyBuffer+1,d0
(2)  136/  C1A02A : B03C 00FE               cmp.b   #EXCEED_CODE,d0
(2)  137/  C1A02E : 660C                    bne     .noexceed
(2)  138/  C1A030 :                         ; Available games count exceed MAX_FILES
(2)  139/  C1A030 :                         ; Cap to MAX_FILES and warn user with msgbox after listing
(2)  140/  C1A030 : 103C 00C8               move.b  #MAX_FILES,d0
(2)  141/  C1A034 : 08F9 0004 0010 D003     bset.b  #4,RefreshFlags     ; Request warning msgbox
(2)  142/  C1A03C :                     .noexceed:
(2)  143/  C1A03C : 33C0 0010 D004          move.w  d0,TotalFileCount
(2)  144/  C1A042 :                     
(2)  145/  C1A042 :                         ; Retrieve file names
(2)  146/  C1A042 : 3C39 0010 D004          move.w  TotalFileCount,d6
(2)  147/  C1A048 : 4A46                    tst.w   d6
(2)  148/  C1A04A : 6742                    beq     .setup_interface    ; Skip if no files
(2)  149/  C1A04C : 43F9 0011 C900          lea     FileList,a1    
(2)  150/  C1A052 :                     .listfiles:
(2)  151/  C1A052 : 363C 0010               move.w  #16,d3              ; 1+30+1, ID.b + string + /0 (no /0 if LFN)
(2)  152/  C1A056 : 4EB9 00C1 C85E          jsr     MCURead4WordsMult
(2)  153/  C1A05C :                     
(2)  154/  C1A05C : 41F9 0011 C100          lea     MCUReplyBuffer,a0
(2)  155/  C1A062 : 303C 0100               move.w  #$0100,d0           ; "Entry used" flag
(2)  156/  C1A066 : 4A28 001B               tst.b   MAX_FILENAME+1(a0)
(2)  157/  C1A06A : 6704                    beq     .shortname
(2)  158/  C1A06C : 0040 0200               ori.w   #$0200,d0           ; Add "long filename" flag
(2)  159/  C1A070 :                     .shortname:
(2)  160/  C1A070 : 1018                    move.b  (a0)+,d0
(2)  161/  C1A072 : 32C0                    move.w  d0,(a1)+            ; File index + flags
(2)  162/  C1A074 :                     
(2)  163/  C1A074 : 2449                    movea.l a1,a2
(2)  164/  C1A076 : 7E19                    moveq.l #MAX_FILENAME-1,d7
(2)  165/  C1A078 :                     .cp:
(2)  166/  C1A078 : 14D8                    move.b  (a0)+,(a2)+         ; Copy file name, cap to MAX_FILENAME chars
(2)  167/  C1A07A : 5307                	subq.b  #1,d7
(2)  168/  C1A07C : 66FA                	bne     .cp
(2)  169/  C1A07E : 14FC 0000               move.b  #0,(a2)+            ; Force last char to 0
(2)  170/  C1A082 :                     
(2)  171/  C1A082 : 43E9 001E               lea     32-2(a1),a1
(2)  172/  C1A086 :                     
(2)  173/  C1A086 : 5346                	subq.w  #1,d6
(2)  174/  C1A088 : 66C8                	bne     .listfiles
 AS V1.42 Beta [Bld 311] - Source File main.asm(ui_main_setup.asm) - Page 46 - 9/11/2026 23:43:16


(2)  175/  C1A08A :                     
(2)  176/  C1A08A : 12FC 0000               move.b  #0,(a1)+            ; Terminate
(2)  177/  C1A08E : [92]                    ENDIF
(2)  178/  C1A08E :                     
(2)  179/  C1A08E :                     .setup_interface:
(2)  180/  C1A08E :                     
(2)  181/  C1A08E : 4EB9 00C1 E300          jsr     ClearFix            ; Erase any "Please wait" messages
(2)  182/  C1A094 :                     
(2)  183/  C1A094 :                         ; Prepare ActiveLetters
(2)  184/  C1A094 : 7600                    moveq.l #0,d3
(2)  185/  C1A096 : 3E39 0010 D004          move.w  TotalFileCount,d7
(2)  186/  C1A09C : 4A47                    tst.w   d7
(2)  187/  C1A09E : 6744                    beq     .noactive           ; Skip if no files
(2)  188/  C1A0A0 : 41F9 0011 C900          lea     FileList,a0
(2)  189/  C1A0A6 : 43F9 00C1 F56D          lea     LetterLUT,a1
(2)  190/  C1A0AC : 2439 0010 D00A          move.l  ActiveLetters,d2
(2)  191/  C1A0B2 : 7000                    moveq.l #0,d0
(2)  192/  C1A0B4 :                     .setupactive
(2)  193/  C1A0B4 : 123C 0000               move.b  #0,d1
(2)  194/  C1A0B8 : 1028 0002               move.b  2(a0),d0            ; Get game's name first letter
(2)  195/  C1A0BC : B03C 0040               cmp.b   #'@',d0
(2)  196/  C1A0C0 : 650E                    blo     .notletter
(2)  197/  C1A0C2 : B03C 007A               cmp.b   #'z',d0
(2)  198/  C1A0C6 : 6208                    bhi     .notletter
(2)  199/  C1A0C8 : 0400 0040               subi.b  #64,d0
(2)  200/  C1A0CC : 1231 0000               move.b  0(a1,d0),d1         ; Look up corresponding ActiveLetters bit position
(2)  201/  C1A0D0 :                     .notletter:
(2)  202/  C1A0D0 : 03C2                    bset.l  d1,d2
(2)  203/  C1A0D2 : 6602                    bne     .alreadyset         ; BSET does a BTST before setting the bit
(2)  204/  C1A0D4 : 5203                    addq.b  #1,d3
(2)  205/  C1A0D6 :                     .alreadyset:
(2)  206/  C1A0D6 : 41E8 0020               lea     32(a0),a0
(2)  207/  C1A0DA : 5347                    subq.w  #1,d7
(2)  208/  C1A0DC : 66D6                    bne     .setupactive
(2)  209/  C1A0DE : 23C2 0010 D00A          move.l  d2,ActiveLetters
(2)  210/  C1A0E4 :                     .noactive:
(2)  211/  C1A0E4 : 13C3 0010 D00E          move.b  d3,LetterCount
(2)  212/  C1A0EA :                         
(2)  213/  C1A0EA :                         ; Wait for vblank to hide dirty things
(2)  214/  C1A0EA : 4EB9 00C1 E4CE          jsr     WaitVBL
(2)  215/  C1A0F0 :                     
(2)  216/  C1A0F0 : 4EB9 00C1 99B2          jsr     SetupBGSprites
(2)  217/  C1A0F6 :                     
(2)  218/  C1A0F6 :                     	; Letters bar is gone (no on-screen A-Z strip anymore), but ActiveLetters/
(2)  219/  C1A0F6 :                     	; LetterCount/LetterCursor still drive CNT_LEFT/CNT_RIGHT letter-jump
(2)  220/  C1A0F6 :                     	; navigation in VBLProcMain (JumpToLetter) - no sprites to set up here.
(2)  221/  C1A0F6 :                     
(2)  222/  C1A0F6 :                         ; Restore cursors to last valid ones
(2)  223/  C1A0F6 : 4A39 0011 C294      	tst.b   CursorsValid
(2)  224/  C1A0FC : 671E                	beq     .invalid
(2)  225/  C1A0FE : 13F9 0011 C291 0010 	move.b  LastFileCursor,FileCursor
           C1A106 : D000               
(2)  226/  C1A108 : 13F9 0011 C292 0010 	move.b  LastMenuShift,MenuShift
           C1A110 : D002               
(2)  227/  C1A112 : 13F9 0011 C293 0010 	move.b  LastLetterCursor,LetterCursor
           C1A11A : D007               
(2)  228/  C1A11C :                     .invalid:
(2)  229/  C1A11C :                     
(2)  230/  C1A11C :                     	; Draw footer: compact action-button hints (left, bottom rows) and the
(2)  231/  C1A11C :                     	; region flag (right, bottom rows) - the header logo/instructions and
 AS V1.42 Beta [Bld 311] - Source File main.asm(ui_main_setup.asm) - Page 47 - 9/11/2026 23:43:16


(2)  232/  C1A11C :                     	; the old START+SELECT/version footer are gone; this replaces them.
(2)  233/  C1A11C : 33FC 0500 0011 C18A 	move.w  #$0500,FixWriteConfig
(2)  234/  C1A124 : 303C 703A           	move.w  #FIXMAP+26+(LIST_NAME_COL*32),d0
(2)  235/  C1A128 : =>FALSE             	IF TARGET==1
(2)  236/  C1A128 :                         lea     FixStrFooterActionsFront,a0
(2)  237/  C1A128 : =>TRUE              	ELSE
(2)  238/  C1A128 : 41F9 00C1 F4EE          lea     FixStrFooterActionsTop,a0
(2)  239/  C1A12E : [235]               	ENDIF
(2)  240/  C1A12E : 4EB9 00C1 E528      	jsr     WriteFix
(2)  241/  C1A134 :                     
(2)  242/  C1A134 :                     	; Draw nationality flag (footer, right-hand side)
(2)  243/  C1A134 : 41F9 00C1 A23E      	lea     FlagLUT,a0
(2)  244/  C1A13A : 7000                	moveq.l #0,d0
(2)  245/  C1A13C : 1039 0011 C18C      	move.b  SettingCountry,d0
(2)  246/  C1A142 : D040                	add.w   d0,d0
(2)  247/  C1A144 : D040                	add.w   d0,d0
(2)  248/  C1A146 : 2070 0000           	movea.l (a0,d0),a0
(2)  249/  C1A14A : 303C 1500           	move.w  #$1500,d0
(2)  250/  C1A14E : 33FC 745A 003C 0000 	move.w  #FIXMAP+26+(34*32),REG_VRAMADDR
(2)  251/  C1A156 : 33FC 0020 003C 0004 	move.w  #32,REG_VRAMMOD    ; 20
(2)  252/  C1A15E : 4E71                	nop                        ; 4
(2)  253/  C1A160 : 4E71                	nop                        ; 4
(2)  254/  C1A162 : 1018                	move.b  (a0)+,d0           ; 8
(2)  255/  C1A164 : 33C0 003C 0002      	move.w  d0,REG_VRAMRW      ; 16
(2)  256/  C1A16A : 4E71                	nop                        ; 4
(2)  257/  C1A16C : 4E71                	nop                        ; 4
(2)  258/  C1A16E : 1018                	move.b  (a0)+,d0           ; 8
(2)  259/  C1A170 : 33C0 003C 0002      	move.w  d0,REG_VRAMRW      ; 16
(2)  260/  C1A176 : 4E71                	nop
(2)  261/  C1A178 : 4E71                	nop
(2)  262/  C1A17A : 1018                	move.b  (a0)+,d0
(2)  263/  C1A17C : 33C0 003C 0002      	move.w  d0,REG_VRAMRW
(2)  264/  C1A182 : 4E71                	nop
(2)  265/  C1A184 : 4E71                	nop
(2)  266/  C1A186 : 33FC 745B 003C 0000 	move.w  #FIXMAP+27+(34*32),REG_VRAMADDR
(2)  267/  C1A18E : 4E71                	nop
(2)  268/  C1A190 : 4E71                	nop
(2)  269/  C1A192 : 1018                	move.b  (a0)+,d0
(2)  270/  C1A194 : 33C0 003C 0002      	move.w  d0,REG_VRAMRW
(2)  271/  C1A19A : 4E71                	nop
(2)  272/  C1A19C : 4E71                	nop
(2)  273/  C1A19E : 1018                	move.b  (a0)+,d0
(2)  274/  C1A1A0 : 33C0 003C 0002      	move.w  d0,REG_VRAMRW
(2)  275/  C1A1A6 : 4E71                	nop
(2)  276/  C1A1A8 : 4E71                	nop
(2)  277/  C1A1AA : 1010                	move.b  (a0),d0
(2)  278/  C1A1AC : 33C0 003C 0002      	move.w  d0,REG_VRAMRW
(2)  279/  C1A1B2 :                     
(2)  280/  C1A1B2 : 4EB9 00C1 A1C2          jsr     BuildFileList
(2)  281/  C1A1B8 :                     
(2)  282/  C1A1B8 : 33FC 0001 0010 D03C 	move.w  #SCREEN_MAIN,CurrentScreen
(2)  283/  C1A1C0 : 4E75                	rts
(2)  284/  C1A1C2 :                     
(2)  285/  C1A1C2 :                     
(2)  286/  C1A1C2 :                     ; Builds the (always full, unfiltered) visible game list: MenuIndexList[i]=i
(2)  287/  C1A1C2 :                     ; for every game in FileList, in the order the MCU returned them. There's no
(2)  288/  C1A1C2 :                     ; on-screen letter bar anymore to filter by, so the list always shows every
(2)  289/  C1A1C2 :                     ; game - CNT_LEFT/CNT_RIGHT (JumpToLetter in ui_main_vbl.asm) just move the
(2)  290/  C1A1C2 :                     ; cursor to the next/prev letter's first match within this same full list,
(2)  291/  C1A1C2 :                     ; they don't change what's in it. Called once from SetupMain after the game
 AS V1.42 Beta [Bld 311] - Source File main.asm(ui_main_setup.asm) - Page 48 - 9/11/2026 23:43:16


(2)  292/  C1A1C2 :                     ; list is fetched.
(2)  293/  C1A1C2 :                     BuildFileList:
(2)  294/  C1A1C2 : 4239 0010 D006      	clr.b   LetterGameCount     ; Reset entry count (== TotalFileCount below)
(2)  295/  C1A1C8 :                     
(2)  296/  C1A1C8 : 7C00                	moveq.l #0,d6
(2)  297/  C1A1CA : 3C39 0010 D004      	move.w  TotalFileCount,d6
(2)  298/  C1A1D0 : 6716                	beq     .done                ; No files
(2)  299/  C1A1D2 : 13C6 0010 D006      	move.b  d6,LetterGameCount    ; Fits a byte: TotalFileCount capped to MAX_FILES
(2)  300/  C1A1D8 :                     
(2)  301/  C1A1D8 : 41F9 0011 E220      	lea     MenuIndexList,a0
(2)  302/  C1A1DE : 7000                	moveq.l #0,d0
(2)  303/  C1A1E0 :                     .fill:
(2)  304/  C1A1E0 : 10C0                	move.b  d0,(a0)+
(2)  305/  C1A1E2 : 5240                	addq.w  #1,d0
(2)  306/  C1A1E4 : 5346                	subq.w  #1,d6
(2)  307/  C1A1E6 : 66F8                	bne     .fill
(2)  308/  C1A1E8 :                     .done:
(2)  309/  C1A1E8 :                     
(2)  310/  C1A1E8 : 08F9 0000 0010 D003 	bset.b  #0,RefreshFlags 	; File list needs refresh
(2)  311/  C1A1F0 : 4A39 0011 C294      	tst.b   CursorsValid
(2)  312/  C1A1F6 : 6616                	bne     .keepcursor
(2)  313/  C1A1F8 : 4239 0010 D000      	clr.b   FileCursor          ; Reset file cursor to top
(2)  314/  C1A1FE : 4239 0010 D002      	clr.b   MenuShift
(2)  315/  C1A204 : 08F9 0002 0010 D003 	bset.b  #2,RefreshFlags     ; File cursor needs refresh
(2)  316/  C1A20C : 4E75                	rts
(2)  317/  C1A20E :                     .keepcursor:
(2)  318/  C1A20E : 4239 0011 C294          clr.b   CursorsValid
(2)  319/  C1A214 : 4E75                    rts
(2)  320/  C1A216 :                     
(2)  321/  C1A216 :                     
(2)  322/  C1A216 :                     ; Resolves LetterCursor (index into the active-letters bitmap) to the actual
(2)  323/  C1A216 :                     ; letter character (or 0 for the numbers/"#" bucket), same lookup BuildFileList
(2)  324/  C1A216 :                     ; used to do per-filter. d1 = resolved match char (0 = numbers bucket).
(2)  325/  C1A216 :                     ResolveLetterCursor:
(2)  326/  C1A216 : 7400                	moveq.l #0,d2
(2)  327/  C1A218 : 1039 0010 D007      	move.b  LetterCursor,d0
(2)  328/  C1A21E : 2239 0010 D00A      	move.l  ActiveLetters,d1
(2)  329/  C1A224 :                     .countbits:
(2)  330/  C1A224 : E289                    lsr.l   #1,d1
(2)  331/  C1A226 : 6406                    bcc     .zero               ; Unused letter
(2)  332/  C1A228 : 4A00                    tst.b   d0
(2)  333/  C1A22A : 6706                    beq     .found
(2)  334/  C1A22C : 5300                    subq.b  #1,d0
(2)  335/  C1A22E :                     .zero:
(2)  336/  C1A22E : 5202                    addq.b  #1,d2
(2)  337/  C1A230 : 60F2                    bra     .countbits
(2)  338/  C1A232 :                     .found:
(2)  339/  C1A232 : 41F9 00C1 F552      	lea     MenuLetterList,a0
(2)  340/  C1A238 : 1230 2000           	move.b  0(a0,d2),d1
(2)  341/  C1A23C : 4E75                	rts
(2)  342/  C1A23E :                     
(2)  343/  C1A23E :                     
(2)  344/  C1A23E :                     FlagLUT:
(2)  345/  C1A23E : 00C1 F53A               dc.l    FixMapFlagJP
(2)  346/  C1A242 : 00C1 F540               dc.l    FixMapFlagUS
(2)  347/  C1A246 : 00C1 F546               dc.l    FixMapFlagEU
(2)  348/  C1A24A : 00C1 F54C               dc.l    FixMapFlagBR
(2)  349/  C1A24E :                     
(1)  269/  C1A24E :                     	INCLUDE "ui_main_vbl.asm"
(2)    1/  C1A24E :                     ; Copyright (C) 2020 Sean Gonsalves
 AS V1.42 Beta [Bld 311] - Source File main.asm(ui_main_vbl.asm) - Page 49 - 9/11/2026 23:43:16


(2)    2/  C1A24E :                     ;
(2)    3/  C1A24E :                     ; This file is part of Neo CD SD Loader.
(2)    4/  C1A24E :                     ;
(2)    5/  C1A24E :                     ; This program is free software; you can redistribute it and/or modify
(2)    6/  C1A24E :                     ; it under the terms of the GNU General Public License as published by
(2)    7/  C1A24E :                     ; the Free Software Foundation; either version 2, or (at your option)
(2)    8/  C1A24E :                     ; any later version.
(2)    9/  C1A24E :                     ;
(2)   10/  C1A24E :                     ; This program is distributed in the hope that it will be useful,
(2)   11/  C1A24E :                     ; but WITHOUT ANY WARRANTY; without even the implied warranty of
(2)   12/  C1A24E :                     ; MERCHANTABILITY or FITNESS FOR A PARTICULAR PURPOSE.  See the
(2)   13/  C1A24E :                     ; GNU General Public License for more details.
(2)   14/  C1A24E :                     ;
(2)   15/  C1A24E :                     ; You should have received a copy of the GNU General Public License
(2)   16/  C1A24E :                     ; along with this program; see the file COPYING.  If not, write to
(2)   17/  C1A24E :                     ; the Free Software Foundation, Inc., 51 Franklin Street,
(2)   18/  C1A24E :                     ; Boston, MA 02110-1301, USA.
(2)   19/  C1A24E :                     
(2)   20/  C1A24E :                     VBLProcMain:
(2)   21/  C1A24E : =>UNDEFINED             IFNDEF MAMEDEBUG
(2)   22/  C1A24E :                         ; Check MCU card event flag
(2)   23/  C1A24E : 4A39 0011 C295          tst.b   CardEvent
(2)   24/  C1A254 : 670C                    beq     .nocardevent
(2)   25/  C1A256 :                         ; A card event occured
(2)   26/  C1A256 : 4239 0011 C295          clr.b   CardEvent
(2)   27/  C1A25C : 4EF9 00C1 9EBC      	jmp     SetupMain
(2)   28/  C1A262 :                         ;btst.b  #7,MCUStatus
(2)   29/  C1A262 :                         ;beq     .cardremoved
(2)   30/  C1A262 :                         ;; Try to re-init card if it is now inserted
(2)   31/  C1A262 :                         ;bset.b  #7,RefreshFlags
(2)   32/  C1A262 :                         ;bra     .nocardevent
(2)   33/  C1A262 :                     ;.cardremoved:
(2)   34/  C1A262 :                         ;; Show message if card is removed
(2)   35/  C1A262 :                         ;;lea     StrMsgBoxCardAbsent,a0
(2)   36/  C1A262 :                         ;;jsr     MessageBox
(2)   37/  C1A262 :                         ;bset.b  #6,RefreshFlags
(2)   38/  C1A262 :                     .nocardevent:
(2)   39/  C1A262 : [21]                    ENDIF
(2)   40/  C1A262 :                     
(2)   41/  C1A262 :                     	; Refresh stuff in VRAM while we're at the beginning of the vblank
(2)   42/  C1A262 : 0839 0000 0010 D003 	btst.b  #0,RefreshFlags
(2)   43/  C1A26A : 6716                	beq     .norefresh0
(2)   44/  C1A26C : 4EB9 00C1 9578      	jsr     DrawFileList
(2)   45/  C1A272 : 13FC 0000 0010 D012 	move.b  #0,ScrollX
(2)   46/  C1A27A : 13FC 0000 0010 D010 	move.b  #0,UITemp           ; Reset timer
(2)   47/  C1A282 :                     .norefresh0:
(2)   48/  C1A282 :                     
(2)   49/  C1A282 : 0839 0002 0010 D003 	btst.b  #2,RefreshFlags
(2)   50/  C1A28A : 6768                	beq     .norefresh_cur
(2)   51/  C1A28C :                     	; Erase previous cursor
(2)   52/  C1A28C : 7000                	moveq.l #0,d0
(2)   53/  C1A28E : 1039 0010 D001      	move.b  FileCursorPrev,d0
(2)   54/  C1A294 : D07C 7004           	add.w   #FIXMAP+LIST_START_ROW+(LIST_CURSOR_COL*32),d0
(2)   55/  C1A298 : 33C0 003C 0000      	move.w  d0,REG_VRAMADDR
(2)   56/  C1A29E : 4E71                	nop
(2)   57/  C1A2A0 : 4E71                	nop
(2)   58/  C1A2A2 : 33FC 0520 003C 0002 	move.w  #$0520,REG_VRAMRW	; Space, palette 0, bank 5
(2)   59/  C1A2AA : 4A39 0010 D006      	tst.b   LetterGameCount
(2)   60/  C1A2B0 : 6742                	beq     .norefresh_cur      ; No files in list, don't draw cursor
(2)   61/  C1A2B2 :                     	; Draw new cursor
 AS V1.42 Beta [Bld 311] - Source File main.asm(ui_main_vbl.asm) - Page 50 - 9/11/2026 23:43:16


(2)   62/  C1A2B2 : 7000                	moveq.l #0,d0
(2)   63/  C1A2B4 : 1039 0010 D000      	move.b  FileCursor,d0
(2)   64/  C1A2BA : 13C0 0010 D001      	move.b  d0,FileCursorPrev
(2)   65/  C1A2C0 : 0640 7004           	addi.w  #FIXMAP+LIST_START_ROW+(LIST_CURSOR_COL*32),d0
(2)   66/  C1A2C4 : 33C0 003C 0000      	move.w  d0,REG_VRAMADDR
(2)   67/  C1A2CA : 4E71                	nop
(2)   68/  C1A2CC : 4E71                	nop
(2)   69/  C1A2CE : 33FC 0511 003C 0002 	move.w  #$05<<8+CHAR_ARROW_RIGHT,REG_VRAMRW	; Palette 0, bank 5
(2)   70/  C1A2D6 : 13FC 0000 0010 D010 	move.b  #0,UITemp           ; Reset timer
(2)   71/  C1A2DE : 4A39 0010 D012      	tst.b   ScrollX
(2)   72/  C1A2E4 : 6706                	beq     .noredraw
(2)   73/  C1A2E6 :                     	; Force redraw list to restore currently scrolling filename to start
(2)   74/  C1A2E6 : 4EB9 00C1 9578      	jsr     DrawFileList
(2)   75/  C1A2EC :                     .noredraw:
(2)   76/  C1A2EC : 08B9 0002 0010 D003 	bclr.b  #2,RefreshFlags
(2)   77/  C1A2F4 :                     .norefresh_cur:
(2)   78/  C1A2F4 :                     
(2)   79/  C1A2F4 : 0839 0003 0010 D003 	btst.b  #3,RefreshFlags
(2)   80/  C1A2FC : 674A                	beq     .noscrolling
(2)   81/  C1A2FE :                     	; Redraw currently selected filename with scrolling shift
(2)   82/  C1A2FE : 7000                	moveq.l #0,d0
(2)   83/  C1A300 : 2200                	move.l  d0,d1
(2)   84/  C1A302 : 1039 0010 D000      	move.b  FileCursor,d0
(2)   85/  C1A308 : 0640 7024           	addi.w  #FIXMAP+LIST_START_ROW+(LIST_NAME_COL*32),d0
(2)   86/  C1A30C :                     	; Display LIST_NAME_WIDTH chars starting from (GUBuffer+ScrollX)
(2)   87/  C1A30C : 33FC 0020 003C 0004 	move.w  #32,REG_VRAMMOD
(2)   88/  C1A314 : 41F9 0011 E2E8      	lea     GUBuffer,a0
(2)   89/  C1A31A : 1239 0010 D012      	move.b  ScrollX,d1
(2)   90/  C1A320 : D1C1                	add.l   d1,a0
(2)   91/  C1A322 : 3239 0011 C18A      	move.w  FixWriteConfig,d1
(2)   92/  C1A328 : 33C0 003C 0000          move.w  d0,REG_VRAMADDR
(2)   93/  C1A32E : 7E12                    moveq.l #LIST_NAME_WIDTH,d7
(2)   94/  C1A330 :                     .write:
(2)   95/  C1A330 : 1218                    move.b  (a0)+,d1
(2)   96/  C1A332 : 4A01                    tst.b   d1
(2)   97/  C1A334 : 670A                    beq     .strend
(2)   98/  C1A336 : 33C1 003C 0002      	move.w  d1,REG_VRAMRW
(2)   99/  C1A33C : 5307                	subq.b  #1,d7
(2)  100/  C1A33E : 66F0                	bne     .write
(2)  101/  C1A340 :                     .strend:
(2)  102/  C1A340 : 08B9 0003 0010 D003 	bclr.b  #3,RefreshFlags
(2)  103/  C1A348 :                     .noscrolling:
(2)  104/  C1A348 :                     
(2)  105/  C1A348 : 0839 0004 0010 D003 	btst.b  #4,RefreshFlags
(2)  106/  C1A350 : 6714                	beq     .nomsgbox
(2)  107/  C1A352 : 41F9 00C1 F496          lea     StrMsgBoxExceedGames,a0
(2)  108/  C1A358 : 4EB9 00C1 9760          jsr     MessageBox
(2)  109/  C1A35E : 08B9 0004 0010 D003 	bclr.b  #4,RefreshFlags
(2)  110/  C1A366 :                     .nomsgbox:
(2)  111/  C1A366 :                     
(2)  112/  C1A366 :                     	; Prevent from navigating lists if there are no games found
(2)  113/  C1A366 : 4A79 0010 D004      	tst.w   TotalFileCount
(2)  114/  C1A36C : 6700 01F2           	beq     .cantmove
(2)  115/  C1A370 :                     
(2)  116/  C1A370 : 0C39 0028 0010 D010     cmp.b   #40,UITemp
(2)  117/  C1A378 : 6500 00F0               blo     .noscroll
(2)  118/  C1A37C : 6600 00B2               bne     .scroll
(2)  119/  C1A380 :                         ; Does the current filename need scrolling ?
(2)  120/  C1A380 : 7000                	moveq.l #0,d0
(2)  121/  C1A382 : 1039 0010 D002      	move.b  MenuShift,d0		; Matched entries to skip, for scrolling
 AS V1.42 Beta [Bld 311] - Source File main.asm(ui_main_vbl.asm) - Page 51 - 9/11/2026 23:43:16


(2)  122/  C1A388 : D039 0010 D000      	add.b   FileCursor,d0
(2)  123/  C1A38E : 41F9 0011 E220      	lea     MenuIndexList,a0
(2)  124/  C1A394 :                         ; Get file name pointer from index
(2)  125/  C1A394 : 7200                	moveq.l #0,d1
(2)  126/  C1A396 : 1230 0000               move.b  0(a0,d0),d1
(2)  127/  C1A39A : 1001                    move.b  d1,d0
(2)  128/  C1A39C : EB48                    lsl.w   #5,d0               ; *32
(2)  129/  C1A39E : 41F9 0011 C900          lea     FileList,a0
(2)  130/  C1A3A4 : 43F0 0000           	lea     0(a0,d0.w),a1       ; a1 = this entry's base (flags byte, then the name)
(2)  131/  C1A3A8 : 0811 0001           	btst.b  #1,(a1)             ; Check "long filename" flag
(2)  132/  C1A3AC : 6620                	bne     .needfetch          ; Longer than MAX_FILENAME storage, must ask the MCU for it
(2)  133/  C1A3AE :                     	; Short filename: FileList already holds it in full (this is only a
(2)  134/  C1A3AE :                     	; storage-format flag, unrelated to LIST_NAME_WIDTH) - only bother
(2)  135/  C1A3AE :                     	; scrolling if it's actually longer than what's visible on screen.
(2)  136/  C1A3AE : 4A29 0014           	tst.b   LIST_NAME_WIDTH+2(a1)
(2)  137/  C1A3B2 : 6700 00BC           	beq     .scrolling          ; Fits entirely, nothing to reveal
(2)  138/  C1A3B6 :                     	; Copy it into GUBuffer so the rest of this code (which always renders
(2)  139/  C1A3B6 :                     	; from there) doesn't need a separate short-name code path
(2)  140/  C1A3B6 : 41E9 0002           	lea     2(a1),a0
(2)  141/  C1A3BA : 43F9 0011 E2E8      	lea     GUBuffer,a1
(2)  142/  C1A3C0 : 7E19                	moveq.l #MAX_FILENAME-1,d7
(2)  143/  C1A3C2 :                     .shortcopy:
(2)  144/  C1A3C2 : 12D8                	move.b  (a0)+,(a1)+
(2)  145/  C1A3C4 : 51CF FFFC           	dbra    d7,.shortcopy
(2)  146/  C1A3C8 : 12BC 0000           	move.b  #0,(a1)
(2)  147/  C1A3CC : 6052                	bra     .initscroll
(2)  148/  C1A3CE :                     .needfetch:
(2)  149/  C1A3CE :                         ; ==40: Init file name scrolling
(2)  150/  C1A3CE :                     	; Ask MCU for full filename and store in GUBuffer
(2)  151/  C1A3CE : 13FC 0001 0011 C194     move.b  #1,MCUCmdParams
(2)  152/  C1A3D6 : 13C1 0011 C195          move.b  d1,MCUCmdParams+1
(2)  153/  C1A3DC : (MACRO)[12]             MCUCMD  MCU_CMD_GETGAMES
(2)  153/  C1A3DC : 163C 0006               move.b  #MCU_CMD_GETGAMES,d3
(2)  153/  C1A3E0 : 4EB9 00C1 C756          jsr     MCUCommand
(2)  154/  C1A3E6 : 6500 0088               bcs     .scrolling          ; Silently ignore
(2)  155/  C1A3EA :                         ; Read 4 words from the MCU (see doc)
(2)  156/  C1A3EA : 4EB9 00C1 C85A          jsr     MCURead4Words
(2)  157/  C1A3F0 :                         ; Check that command was processed ok
(2)  158/  C1A3F0 : 1039 0011 C100          move.b  MCUReplyBuffer,d0
(2)  159/  C1A3F6 : 0200 00F0               andi.b  #$F0,d0
(2)  160/  C1A3FA : B03C 00F0               cmp.b   #$F0,d0
(2)  161/  C1A3FE : 6670                    bne     .scrolling          ; Silently ignore
(2)  162/  C1A400 :                         ; Ok, retrieve full filename data
(2)  163/  C1A400 : 41F9 00C1 E000      	lea     CPLDREG_DATA,a0
(2)  164/  C1A406 : 43F9 0011 E2E8      	lea     GUBuffer,a1
(2)  165/  C1A40C : 3E3C 0080           	move.w  #256/2,d7 		   ; Load filename in words
(2)  166/  C1A410 :                     .readdata:
(2)  167/  C1A410 : 32D0                	move.w  (a0),(a1)+         ; Get two bytes at once
(2)  168/  C1A412 : 13C0 0030 0001      	move.b  d0,REG_DIPSW       ; Shouldn't be necessary
(2)  169/  C1A418 : 5347                	subq.w  #1,d7
(2)  170/  C1A41A : 66F4                	bne     .readdata
(2)  171/  C1A41C : 12BC 0000           	move.b  #0,(a1)            ; Make sure filename is null terminated
(2)  172/  C1A420 :                     .initscroll:
(2)  173/  C1A420 :                     	; Init scrolling vars
(2)  174/  C1A420 : 7000                    moveq.l #0,d0
(2)  175/  C1A422 : 13C0 0010 D012          move.b  d0,ScrollX
(2)  176/  C1A428 : 13C0 0010 D011          move.b  d0,ScrollTimer
(2)  177/  C1A42E : 603A                    bra     .noscroll
(2)  178/  C1A430 :                     .scroll:
(2)  179/  C1A430 :                         ; >=41: Do scrolling
 AS V1.42 Beta [Bld 311] - Source File main.asm(ui_main_vbl.asm) - Page 52 - 9/11/2026 23:43:16


(2)  180/  C1A430 : 1039 0010 D011          move.b  ScrollTimer,d0
(2)  181/  C1A436 : 5200                    addq.b  #1,d0
(2)  182/  C1A438 : 13C0 0010 D011          move.b  d0,ScrollTimer
(2)  183/  C1A43E : 0200 0007               andi.b  #7,d0
(2)  184/  C1A442 : 662C                    bne     .scrolling
(2)  185/  C1A444 :                         ; Is next filename char null ?
(2)  186/  C1A444 : 41F9 0011 E2FA          lea     GUBuffer+LIST_NAME_WIDTH,a0
(2)  187/  C1A44A : 7000                    moveq.l #0,d0
(2)  188/  C1A44C : 1039 0010 D012          move.b  ScrollX,d0
(2)  189/  C1A452 : 4A30 0000               tst.b   0(a0,d0)
(2)  190/  C1A456 : 6718                    beq     .scrolling         ; Don't scroll more
(2)  191/  C1A458 : 5200                    addq.b  #1,d0
(2)  192/  C1A45A : 08F9 0003 0010 D003     bset.b  #3,RefreshFlags
(2)  193/  C1A462 : 13C0 0010 D012          move.b  d0,ScrollX
(2)  194/  C1A468 : 6006                    bra     .scrolling
(2)  195/  C1A46A :                     .noscroll:
(2)  196/  C1A46A : 5239 0010 D010          addq.b  #1,UITemp
(2)  197/  C1A470 :                     .scrolling:
(2)  198/  C1A470 :                     
(2)  199/  C1A470 :                     	; After the cursor has settled on a game for a bit, try loading that
(2)  200/  C1A470 :                     	; game's own bg.bmp as the menu background (falls back on its own)
(2)  201/  C1A470 : 0C39 0014 0010 D010 	cmp.b   #20,UITemp          ; ~0.33s @ 60Hz, before filename scrolling kicks in
(2)  202/  C1A478 : 650E                	blo     .nobgload
(2)  203/  C1A47A : 4A39 0010 D006      	tst.b   LetterGameCount
(2)  204/  C1A480 : 6706                	beq     .nobgload
(2)  205/  C1A482 : 4EB9 00C1 9A58      	jsr     LoadGameBG
(2)  206/  C1A488 :                     .nobgload:
(2)  207/  C1A488 :                     
(2)  208/  C1A488 :                     	; Handle input to jump the cursor to the next/prev letter's first game -
(2)  209/  C1A488 :                     	; no visible letter bar anymore, but esquerda/direita still work as a
(2)  210/  C1A488 :                     	; quick-jump within the one, always-full game list (see JumpToLetter).
(2)  211/  C1A488 : (MACRO)[13]         	TESTREPEAT CNT_LEFT
(2)  211/  C1A488 : 1039 0010 FD98          move.b  BIOS_P1REPEAT,d0
(2)  211/  C1A48E : 8039 0010 FD9E          or.b    BIOS_P2REPEAT,d0
(2)  211/  C1A494 : 0200 0004               andi.b  #(2^CNT_LEFT),d0
(2)  212/  C1A498 : 6730                    beq     .no_left
(2)  213/  C1A49A : 4A39 0010 D007          tst.b   LetterCursor
(2)  214/  C1A4A0 : 6612                    bne     .left
(2)  215/  C1A4A2 :                         ; Warp to rightmost letter
(2)  216/  C1A4A2 : 7000                    moveq.l #0,d0
(2)  217/  C1A4A4 : 1039 0010 D00E      	move.b  LetterCount,d0
(2)  218/  C1A4AA : 5300                    subq.b  #1,d0
(2)  219/  C1A4AC : 13C0 0010 D007          move.b  d0,LetterCursor
(2)  220/  C1A4B2 : 6006                	bra     .left_done
(2)  221/  C1A4B4 :                     .left:
(2)  222/  C1A4B4 : 5339 0010 D007          subq.b  #1,LetterCursor
(2)  223/  C1A4BA :                     .left_done:
(2)  224/  C1A4BA : 103C 0041               move.b  #SFX_MOVE,d0
(2)  225/  C1A4BE : 4EB9 00C1 9568          jsr     PlaySFX
(2)  226/  C1A4C4 : 4EB9 00C1 A5B8          jsr     JumpToLetter
(2)  227/  C1A4CA :                     .no_left:
(2)  228/  C1A4CA :                     
(2)  229/  C1A4CA : (MACRO)[14]         	TESTREPEAT CNT_RIGHT
(2)  229/  C1A4CA : 1039 0010 FD98          move.b  BIOS_P1REPEAT,d0
(2)  229/  C1A4D0 : 8039 0010 FD9E          or.b    BIOS_P2REPEAT,d0
(2)  229/  C1A4D6 : 0200 0008               andi.b  #(2^CNT_RIGHT),d0
(2)  230/  C1A4DA : 6730                    beq     .no_right
(2)  231/  C1A4DC : 1039 0010 D00E          move.b  LetterCount,d0
(2)  232/  C1A4E2 : 5300                    subq.b  #1,d0
(2)  233/  C1A4E4 : B039 0010 D007          cmp.b   LetterCursor,d0
 AS V1.42 Beta [Bld 311] - Source File main.asm(ui_main_vbl.asm) - Page 53 - 9/11/2026 23:43:16


(2)  234/  C1A4EA : 660A                    bne     .right
(2)  235/  C1A4EC :                         ; Warp back to leftmost letter
(2)  236/  C1A4EC : 13FC 0000 0010 D007 	move.b  #0,LetterCursor
(2)  237/  C1A4F4 : 6006                	bra     .right_done
(2)  238/  C1A4F6 :                     .right:
(2)  239/  C1A4F6 : 5239 0010 D007          addq.b  #1,LetterCursor
(2)  240/  C1A4FC :                     .right_done:
(2)  241/  C1A4FC : 103C 0041               move.b  #SFX_MOVE,d0
(2)  242/  C1A500 : 4EB9 00C1 9568          jsr     PlaySFX
(2)  243/  C1A506 : 4EB9 00C1 A5B8          jsr     JumpToLetter
(2)  244/  C1A50C :                     .no_right:
(2)  245/  C1A50C :                     
(2)  246/  C1A50C :                         ; Handle input for selection of game from list
(2)  247/  C1A50C : 4EB9 00C1 9670          jsr     FileListNav
(2)  248/  C1A512 :                     
(2)  249/  C1A512 : (MACRO)[15]         	TESTCHANGE CNT_A
(2)  249/  C1A512 : 1039 0010 FD97          move.b  BIOS_P1CHANGE,d0
(2)  249/  C1A518 : 8039 0010 FD9D          or.b    BIOS_P2CHANGE,d0
(2)  249/  C1A51E : 0200 0010               andi.b  #(2^CNT_A),d0
(2)  250/  C1A522 : 673C                    beq     .no_a
(2)  251/  C1A524 : 4A39 0010 D006          tst.b   LetterGameCount
(2)  252/  C1A52A : 6734                    beq     .no_a
(2)  253/  C1A52C :                         ; Load selected game
(2)  254/  C1A52C : 33FC 0000 0011 C18A 	move.w  #$0000,FixWriteConfig
(2)  255/  C1A534 :                     	; Get selected file number, double lookup
(2)  256/  C1A534 : 41F9 0011 E220      	lea     MenuIndexList,a0
(2)  257/  C1A53A : 7000                	moveq.l #0,d0
(2)  258/  C1A53C : 1039 0010 D000      	move.b  FileCursor,d0
(2)  259/  C1A542 : D039 0010 D002      	add.b   MenuShift,d0
(2)  260/  C1A548 : 7200                	moveq.l #0,d1
(2)  261/  C1A54A : 1230 0000           	move.b  0(a0,d0),d1
(2)  262/  C1A54E : 41F9 0011 C900      	lea     FileList,a0
(2)  263/  C1A554 : EB49                	lsl.w   #5,d1                   ; *32
(2)  264/  C1A556 : 1030 1001           	move.b  1(a0,d1),d0
(2)  265/  C1A55A : 4EB9 00C1 9402      	jsr     LoadGame
(2)  266/  C1A560 :                     .no_a:
(2)  267/  C1A560 :                     
(2)  268/  C1A560 :                     .cantmove:
(2)  269/  C1A560 :                     
(2)  270/  C1A560 : =>FALSE                 IF TARGET==1
(2)  271/  C1A560 :                         ; B: Open/close try on front-loaders
(2)  272/  C1A560 :                     	TESTCHANGE CNT_B
(2)  273/  C1A560 :                         beq     .no_b
(2)  274/  C1A560 :                         jsr     ToggleTray
(2)  275/  C1A560 :                     .no_b:
(2)  276/  C1A560 : [270]                   ENDIF
(2)  277/  C1A560 :                     
(2)  278/  C1A560 :                         ; C: Go to options menu
(2)  279/  C1A560 : (MACRO)[16]         	TESTCHANGE CNT_C
(2)  279/  C1A560 : 1039 0010 FD97          move.b  BIOS_P1CHANGE,d0
(2)  279/  C1A566 : 8039 0010 FD9D          or.b    BIOS_P2CHANGE,d0
(2)  279/  C1A56C : 0200 0040               andi.b  #(2^CNT_C),d0
(2)  280/  C1A570 : 6710                    beq     .no_c
(2)  281/  C1A572 : 103C 0044               move.b  #SFX_VAL,d0
(2)  282/  C1A576 : 4EB9 00C1 9568          jsr     PlaySFX
(2)  283/  C1A57C : 4EB9 00C1 A6A0          jsr     SetupMenu
(2)  284/  C1A582 :                     .no_c:
(2)  285/  C1A582 :                     
(2)  286/  C1A582 :                         ; D: Reset to original SP ROM
(2)  287/  C1A582 : (MACRO)[17]         	TESTCHANGE CNT_D
 AS V1.42 Beta [Bld 311] - Source File main.asm(ui_main_vbl.asm) - Page 54 - 9/11/2026 23:43:16


(2)  287/  C1A582 : 1039 0010 FD97          move.b  BIOS_P1CHANGE,d0
(2)  287/  C1A588 : 8039 0010 FD9D          or.b    BIOS_P2CHANGE,d0
(2)  287/  C1A58E : 0200 0080               andi.b  #(2^CNT_D),d0
(2)  288/  C1A592 : 6712                    beq     .no_d
(2)  289/  C1A594 : 41F9 00C1 F0F7          lea     StrMsgBoxResetConfirm,a0
(2)  290/  C1A59A : 43F9 00C1 A656          lea     ResetConfirm,a1
(2)  291/  C1A5A0 : 4EB9 00C1 9764          jsr     MessageBoxCustom
(2)  292/  C1A5A6 :                     .notimeout:
(2)  293/  C1A5A6 :                     .no_d:
(2)  294/  C1A5A6 :                     
(2)  295/  C1A5A6 : 0839 0007 0010 F6B9 	btst   	#7,$10F6B9			; "GameStartState"
(2)  296/  C1A5AE : 6706                	beq     .idle
(2)  297/  C1A5B0 : 4EF9 00C0 EB44      	jmp     StartGameCD
(2)  298/  C1A5B6 :                     
(2)  299/  C1A5B6 :                     .idle:
(2)  300/  C1A5B6 : 4E75                	rts
(2)  301/  C1A5B8 :                     
(2)  302/  C1A5B8 :                     
(2)  303/  C1A5B8 :                     ; After LetterCursor has been moved (CNT_LEFT/CNT_RIGHT above), jump
(2)  304/  C1A5B8 :                     ; FileCursor/MenuShift so the first game matching that letter becomes
(2)  305/  C1A5B8 :                     ; selected and scrolled into view - without hiding any other game from the
(2)  306/  C1A5B8 :                     ; (always full) list, unlike the old per-letter BuildFileList filter this
(2)  307/  C1A5B8 :                     ; replaces. Match logic mirrors what BuildFileList used to do per-entry.
(2)  308/  C1A5B8 :                     JumpToLetter:
(2)  309/  C1A5B8 : 4A39 0010 D00E      	tst.b   LetterCount
(2)  310/  C1A5BE : 6700 0094           	beq     .done                ; No letters available, nothing to jump to
(2)  311/  C1A5C2 : 4EB9 00C1 A216      	jsr     ResolveLetterCursor  ; d1 = target char (0 = numbers bucket)
(2)  312/  C1A5C8 :                     
(2)  313/  C1A5C8 : 41F9 00C1 F56D      	lea     LetterLUT,a0
(2)  314/  C1A5CE : 43F9 0011 C900      	lea     FileList,a1
(2)  315/  C1A5D4 : 7C00                	moveq.l #0,d6                ; Scan position, becomes the match's position
(2)  316/  C1A5D6 :                     .scan:
(2)  317/  C1A5D6 : 4A19                	tst.b   (a1)+
(2)  318/  C1A5D8 : 677A                	beq     .done                ; Reached end of GameList, no match (shouldn't happen)
(2)  319/  C1A5DA : 5289                	addq.l  #1,a1                ; Skip flag and file number bytes
(2)  320/  C1A5DC : 4A01                	tst.b   d1
(2)  321/  C1A5DE : 6608                	bne     .letter
(2)  322/  C1A5E0 :                     	; Match any number
(2)  323/  C1A5E0 : 0C11 0039           	cmp.b   #'9',(a1)
(2)  324/  C1A5E4 : 6260                	bhi     .skip
(2)  325/  C1A5E6 : 601E                	bra     .found
(2)  326/  C1A5E8 :                     .letter:
(2)  327/  C1A5E8 :                     	; Match letter, case insensitive
(2)  328/  C1A5E8 : 1011                	move.b  (a1),d0
(2)  329/  C1A5EA : B03C 0040           	cmp.b   #'@',d0
(2)  330/  C1A5EE : 6556                	blo     .skip
(2)  331/  C1A5F0 : B03C 007A           	cmp.b   #'z',d0
(2)  332/  C1A5F4 : 6250                	bhi     .skip
(2)  333/  C1A5F6 : 0400 0040           	subi.b  #'@',d0
(2)  334/  C1A5FA : 1030 0000           	move.b  0(a0,d0),d0         ; Convert to lower case
(2)  335/  C1A5FE : 0600 0040           	addi.b  #'@',d0
(2)  336/  C1A602 : B200                	cmp.b   d0,d1
(2)  337/  C1A604 : 6640                	bne     .skip
(2)  338/  C1A606 :                     .found:
(2)  339/  C1A606 :                     	; d6 = match's position in FileList == its position in MenuIndexList
(2)  340/  C1A606 :                     	; (identity mapping now that the list is unfiltered). Put it at the top
(2)  341/  C1A606 :                     	; of the visible window, clamped so the window doesn't scroll past the
(2)  342/  C1A606 :                     	; end of the list.
(2)  343/  C1A606 : 7A00                	moveq.l #0,d5
(2)  344/  C1A608 : 3A39 0010 D004      	move.w  TotalFileCount,d5
 AS V1.42 Beta [Bld 311] - Source File main.asm(ui_main_vbl.asm) - Page 55 - 9/11/2026 23:43:16


(2)  345/  C1A60E : BA7C 0014           	cmp.w   #MAX_MENU_LINES,d5
(2)  346/  C1A612 : 6204                	bhi     .canscroll
(2)  347/  C1A614 : 7A00                	moveq.l #0,d5                ; Whole list fits on screen, MenuShift always 0
(2)  348/  C1A616 : 6004                	bra     .haveshift
(2)  349/  C1A618 :                     .canscroll:
(2)  350/  C1A618 : 0445 0014           	subi.w  #MAX_MENU_LINES,d5   ; d5 = highest valid MenuShift
(2)  351/  C1A61C :                     .haveshift:
(2)  352/  C1A61C : 3806                	move.w  d6,d4                ; d4 = desired MenuShift = match position
(2)  353/  C1A61E : B845                	cmp.w   d5,d4
(2)  354/  C1A620 : 6302                	bls     .noclamp
(2)  355/  C1A622 : 3805                	move.w  d5,d4
(2)  356/  C1A624 :                     .noclamp:
(2)  357/  C1A624 : 13C4 0010 D002      	move.b  d4,MenuShift
(2)  358/  C1A62A : 3006                	move.w  d6,d0
(2)  359/  C1A62C : 9044                	sub.w   d4,d0
(2)  360/  C1A62E : 13C0 0010 D000      	move.b  d0,FileCursor
(2)  361/  C1A634 : 08F9 0000 0010 D003 	bset.b  #0,RefreshFlags      ; Redraw list (MenuShift may have changed)
(2)  362/  C1A63C : 08F9 0002 0010 D003 	bset.b  #2,RefreshFlags      ; Redraw cursor
(2)  363/  C1A644 : 4E75                	rts
(2)  364/  C1A646 :                     .skip:
(2)  365/  C1A646 : 5246                	addq.w  #1,d6
(2)  366/  C1A648 : BC7C 00C8           	cmp.w   #MAX_FILES,d6
(2)  367/  C1A64C : 6706                	beq     .done                ; Reached end of GameList
(2)  368/  C1A64E : 43E9 001E           	lea     30(a1),a1            ; Next entry (32-2)
(2)  369/  C1A652 : 6082                	bra     .scan
(2)  370/  C1A654 :                     .done:
(2)  371/  C1A654 : 4E75                	rts
(2)  372/  C1A656 :                     
(2)  373/  C1A656 :                     
(2)  374/  C1A656 :                     ResetConfirm:
(2)  375/  C1A656 : (MACRO)[18]         	TESTCHANGE CNT_A
(2)  375/  C1A656 : 1039 0010 FD97          move.b  BIOS_P1CHANGE,d0
(2)  375/  C1A65C : 8039 0010 FD9D          or.b    BIOS_P2CHANGE,d0
(2)  375/  C1A662 : 0200 0010               andi.b  #(2^CNT_A),d0
(2)  376/  C1A666 : 672E                    beq     .no_a
(2)  377/  C1A668 : 41F9 0011 C194          lea     MCUCmdParams,a0
(2)  378/  C1A66E : 50D8                    st.b    (a0)+               ; SetRunStock(1)
(2)  379/  C1A670 :                         ; Send country patch parameters to MCU, MCU will send them to the CPLD
(2)  380/  C1A670 : 10F9 0011 C18C          move.b  SettingCountry,(a0)+
(2)  381/  C1A676 : 10FC 00C0               move.b  #RegionPatch>>16,(a0)+
(2)  382/  C1A67A : 10FC 00CA               move.b  #(RegionPatch>>8)&255,(a0)+
(2)  383/  C1A67E : 10BC 0040               move.b  #(RegionPatch)&255,(a0)
(2)  384/  C1A682 : (MACRO)[19]             MCUCMD  MCU_CMD_RESET
(2)  384/  C1A682 : 163C 0004               move.b  #MCU_CMD_RESET,d3
(2)  384/  C1A686 : 4EB9 00C1 C756          jsr     MCUCommand
(2)  385/  C1A68C : 6502                    bcs     .timeout
(2)  386/  C1A68E : 4E75                    rts
(2)  387/  C1A690 :                     .timeout:
(2)  388/  C1A690 : 4EF9 00C1 9914          jmp     DispErrorTimeout
(2)  389/  C1A696 :                     .no_a:
(2)  390/  C1A696 : 103C 0043               move.b  #SFX_NEG,d0
(2)  391/  C1A69A : 4EF9 00C1 9568          jmp     PlaySFX
(2)  392/  C1A6A0 :                     
(1)  270/  C1A6A0 :                     	INCLUDE "ui_menu.asm"
(2)    1/  C1A6A0 :                     ; Copyright (C) 2020 Sean Gonsalves
(2)    2/  C1A6A0 :                     ;
(2)    3/  C1A6A0 :                     ; This file is part of Neo CD SD Loader.
(2)    4/  C1A6A0 :                     ;
(2)    5/  C1A6A0 :                     ; This program is free software; you can redistribute it and/or modify
(2)    6/  C1A6A0 :                     ; it under the terms of the GNU General Public License as published by
 AS V1.42 Beta [Bld 311] - Source File main.asm(ui_menu.asm) - Page 56 - 9/11/2026 23:43:16


(2)    7/  C1A6A0 :                     ; the Free Software Foundation; either version 2, or (at your option)
(2)    8/  C1A6A0 :                     ; any later version.
(2)    9/  C1A6A0 :                     ;
(2)   10/  C1A6A0 :                     ; This program is distributed in the hope that it will be useful,
(2)   11/  C1A6A0 :                     ; but WITHOUT ANY WARRANTY; without even the implied warranty of
(2)   12/  C1A6A0 :                     ; MERCHANTABILITY or FITNESS FOR A PARTICULAR PURPOSE.  See the
(2)   13/  C1A6A0 :                     ; GNU General Public License for more details.
(2)   14/  C1A6A0 :                     ;
(2)   15/  C1A6A0 :                     ; You should have received a copy of the GNU General Public License
(2)   16/  C1A6A0 :                     ; along with this program; see the file COPYING.  If not, write to
(2)   17/  C1A6A0 :                     ; the Free Software Foundation, Inc., 51 Franklin Street,
(2)   18/  C1A6A0 :                     ; Boston, MA 02110-1301, USA.
(2)   19/  C1A6A0 :                     
(2)   20/  C1A6A0 :                     SetupMenu:
(2)   21/  C1A6A0 : 4EB9 00C1 E32A          jsr     ClearFixTop
(2)   22/  C1A6A6 : 4EB9 00C1 964A          jsr     ClearMainSprites
(2)   23/  C1A6AC :                     
(2)   24/  C1A6AC : 13FC 0000 0010 D000 	move.b  #0,FileCursor
(2)   25/  C1A6B4 : 13FC 0000 0010 D001 	move.b  #0,FileCursorPrev
(2)   26/  C1A6BC : 13FC 0004 0010 D003 	move.b  #4,RefreshFlags
(2)   27/  C1A6C4 :                     
(2)   28/  C1A6C4 : 33FC 0500 0011 C18A 	move.w  #$0500,FixWriteConfig	; Bank 5 has menu font
(2)   29/  C1A6CC :                     
(2)   30/  C1A6CC : 41F9 00C1 ECBA          lea     FixStrMenu,a0
(2)   31/  C1A6D2 : 303C 714C           	move.w  #FIXMAP+12+(10*32),d0
(2)   32/  C1A6D6 : 4EB9 00C1 E528      	jsr     WriteFix
(2)   33/  C1A6DC :                     
(2)   34/  C1A6DC : 13FC 0001 00FF 0119 	move.b  #1,REG_ENVIDEO
(2)   35/  C1A6E4 : 13FC 0000 00FF 0111 	move.b  #0,REG_DISBLSPR
(2)   36/  C1A6EC : 13FC 0000 00FF 0115 	move.b  #0,REG_DISBLFIX
(2)   37/  C1A6F4 :                     
(2)   38/  C1A6F4 : 33FC 0007 0010 D03C 	move.w  #SCREEN_MENU,CurrentScreen
(2)   39/  C1A6FC : 4E75                	rts
(2)   40/  C1A6FE :                     	
(2)   41/  C1A6FE :                     VBLProcMenu:
(2)   42/  C1A6FE :                     	; Refresh stuff in VRAM while we're at the beginning of the vblank
(2)   43/  C1A6FE :                     
(2)   44/  C1A6FE : 0839 0002 0010 D003 	btst.b  #2,RefreshFlags
(2)   45/  C1A706 : 674E                	beq     .norefresh_cur
(2)   46/  C1A708 :                     	; Erase previous cursor
(2)   47/  C1A708 : 7000                	moveq.l #0,d0
(2)   48/  C1A70A : 1039 0010 D001      	move.b  FileCursorPrev,d0
(2)   49/  C1A710 : D07C 712C           	add.w   #FIXMAP+12+(9*32),d0
(2)   50/  C1A714 : 33C0 003C 0000      	move.w  d0,REG_VRAMADDR
(2)   51/  C1A71A : 4E71                	nop
(2)   52/  C1A71C : 4E71                	nop
(2)   53/  C1A71E : 33FC 0520 003C 0002 	move.w  #$0520,REG_VRAMRW	; Space, palette 0, bank 5
(2)   54/  C1A726 :                     	; Draw new cursor
(2)   55/  C1A726 : 1039 0010 D000      	move.b  FileCursor,d0
(2)   56/  C1A72C : 0240 007F           	andi.w  #$007F,d0
(2)   57/  C1A730 : 1200                	move.b  d0,d1
(2)   58/  C1A732 : 0640 712C           	addi.w  #FIXMAP+12+(9*32),d0
(2)   59/  C1A736 : 33C0 003C 0000      	move.w  d0,REG_VRAMADDR
(2)   60/  C1A73C : 4E71                	nop
(2)   61/  C1A73E : 4E71                	nop
(2)   62/  C1A740 : 33FC 0511 003C 0002 	move.w  #$0511,REG_VRAMRW	; Arrow pointing right, palette 0, bank 5
(2)   63/  C1A748 : 13C1 0010 D001      	move.b  d1,FileCursorPrev
(2)   64/  C1A74E : 08B9 0002 0010 D003 	bclr.b  #2,RefreshFlags
(2)   65/  C1A756 :                     .norefresh_cur:
(2)   66/  C1A756 :                     
 AS V1.42 Beta [Bld 311] - Source File main.asm(ui_menu.asm) - Page 57 - 9/11/2026 23:43:16


(2)   67/  C1A756 :                     	; Handle input to move cursor
(2)   68/  C1A756 : (MACRO)[20]         	TESTREPEAT CNT_UP
(2)   68/  C1A756 : 1039 0010 FD98          move.b  BIOS_P1REPEAT,d0
(2)   68/  C1A75C : 8039 0010 FD9E          or.b    BIOS_P2REPEAT,d0
(2)   68/  C1A762 : 0200 0001               andi.b  #(2^CNT_UP),d0
(2)   69/  C1A766 : 6722                    beq     .no_up
(2)   70/  C1A768 : 4A39 0010 D000          tst.b   FileCursor
(2)   71/  C1A76E : 671A                    beq     .no_up
(2)   72/  C1A770 :                         ; Move cursor
(2)   73/  C1A770 : 103C 0041               move.b  #SFX_MOVE,d0
(2)   74/  C1A774 : 4EB9 00C1 9568          jsr     PlaySFX
(2)   75/  C1A77A : 5339 0010 D000          subq.b  #1,FileCursor
(2)   76/  C1A780 : 08F9 0002 0010 D003 	bset.b  #2,RefreshFlags
(2)   77/  C1A788 : 4E71                    bra     .no_up
(2)   78/  C1A78A :                     .no_up:
(2)   79/  C1A78A :                     
(2)   80/  C1A78A : (MACRO)[21]         	TESTREPEAT CNT_DOWN
(2)   80/  C1A78A : 1039 0010 FD98          move.b  BIOS_P1REPEAT,d0
(2)   80/  C1A790 : 8039 0010 FD9E          or.b    BIOS_P2REPEAT,d0
(2)   80/  C1A796 : 0200 0002               andi.b  #(2^CNT_DOWN),d0
(2)   81/  C1A79A : 6726                    beq     .no_down
(2)   82/  C1A79C : 1039 0010 D000          move.b  FileCursor,d0
(2)   83/  C1A7A2 : 5200                    addq.b  #1,d0
(2)   84/  C1A7A4 : B03C 0006               cmp.b   #6,d0      	    ; Last item
(2)   85/  C1A7A8 : 6718                    beq     .no_down
(2)   86/  C1A7AA :                         ; Move cursor
(2)   87/  C1A7AA : 13C0 0010 D000          move.b  d0,FileCursor
(2)   88/  C1A7B0 : 103C 0041               move.b  #SFX_MOVE,d0
(2)   89/  C1A7B4 : 4EB9 00C1 9568          jsr     PlaySFX
(2)   90/  C1A7BA : 08F9 0002 0010 D003 	bset.b  #2,RefreshFlags
(2)   91/  C1A7C2 :                     .no_down:
(2)   92/  C1A7C2 :                     
(2)   93/  C1A7C2 : (MACRO)[22]         	TESTCHANGE CNT_A
(2)   93/  C1A7C2 : 1039 0010 FD97          move.b  BIOS_P1CHANGE,d0
(2)   93/  C1A7C8 : 8039 0010 FD9D          or.b    BIOS_P2CHANGE,d0
(2)   93/  C1A7CE : 0200 0010               andi.b  #(2^CNT_A),d0
(2)   94/  C1A7D2 : 6720                    beq     .no_a
(2)   95/  C1A7D4 :                         ; Select item
(2)   96/  C1A7D4 : 103C 0044               move.b  #SFX_VAL,d0
(2)   97/  C1A7D8 : 4EB9 00C1 9568          jsr     PlaySFX
(2)   98/  C1A7DE : 41F9 00C1 A818      	lea     JT_MenuSetups,a0
(2)   99/  C1A7E4 : 7000                	moveq.l #0,d0
(2)  100/  C1A7E6 : 1039 0010 D000      	move.b  FileCursor,d0
(2)  101/  C1A7EC : E548                	lsl.w   #2,d0				; JT_MenuSetups has 4-byte entries
(2)  102/  C1A7EE : 2070 0000           	move.l  0(a0,d0),a0
(2)  103/  C1A7F2 : 4E90                	jsr     (a0)
(2)  104/  C1A7F4 :                     .no_a:
(2)  105/  C1A7F4 :                     
(2)  106/  C1A7F4 : (MACRO)[23]         	TESTCHANGE CNT_B
(2)  106/  C1A7F4 : 1039 0010 FD97          move.b  BIOS_P1CHANGE,d0
(2)  106/  C1A7FA : 8039 0010 FD9D          or.b    BIOS_P2CHANGE,d0
(2)  106/  C1A800 : 0200 0020               andi.b  #(2^CNT_B),d0
(2)  107/  C1A804 : 6710                    beq     .no_b
(2)  108/  C1A806 : 103C 0045               move.b  #SFX_EXIT,d0
(2)  109/  C1A80A : 4EB9 00C1 9568          jsr     PlaySFX
(2)  110/  C1A810 : 4EB9 00C1 9EBC          jsr     SetupMain
(2)  111/  C1A816 :                     .no_b:
(2)  112/  C1A816 :                     
(2)  113/  C1A816 : 4E75                	rts
(2)  114/  C1A818 :                     
 AS V1.42 Beta [Bld 311] - Source File main.asm(ui_menu.asm) - Page 58 - 9/11/2026 23:43:16


(2)  115/  C1A818 :                     JT_MenuSetups:
(2)  116/  C1A818 : 00C1 AE7A               dc.l SetupSettings
(2)  117/  C1A81C : 00C1 C32E               dc.l SetupSavesMenu
(2)  118/  C1A820 : 00C1 A830               dc.l SetupStoreSave
(2)  119/  C1A824 : 00C1 AC44               dc.l SetupLoadSave
(2)  120/  C1A828 : 00C1 B556               dc.l DoUpdate
(2)  121/  C1A82C : 00C1 B596               dc.l SetupAbout
(2)  122/  C1A830 :                     
(1)  271/  C1A830 :                     	INCLUDE "ui_storesaves.asm"
(2)    1/  C1A830 :                     ; Copyright (C) 2020 Sean Gonsalves
(2)    2/  C1A830 :                     ;
(2)    3/  C1A830 :                     ; This file is part of Neo CD SD Loader.
(2)    4/  C1A830 :                     ;
(2)    5/  C1A830 :                     ; This program is free software; you can redistribute it and/or modify
(2)    6/  C1A830 :                     ; it under the terms of the GNU General Public License as published by
(2)    7/  C1A830 :                     ; the Free Software Foundation; either version 2, or (at your option)
(2)    8/  C1A830 :                     ; any later version.
(2)    9/  C1A830 :                     ;
(2)   10/  C1A830 :                     ; This program is distributed in the hope that it will be useful,
(2)   11/  C1A830 :                     ; but WITHOUT ANY WARRANTY; without even the implied warranty of
(2)   12/  C1A830 :                     ; MERCHANTABILITY or FITNESS FOR A PARTICULAR PURPOSE.  See the
(2)   13/  C1A830 :                     ; GNU General Public License for more details.
(2)   14/  C1A830 :                     ;
(2)   15/  C1A830 :                     ; You should have received a copy of the GNU General Public License
(2)   16/  C1A830 :                     ; along with this program; see the file COPYING.  If not, write to
(2)   17/  C1A830 :                     ; the Free Software Foundation, Inc., 51 Franklin Street,
(2)   18/  C1A830 :                     ; Boston, MA 02110-1301, USA.
(2)   19/  C1A830 :                     
(2)   20/  C1A830 :                     SetupStoreSave:
(2)   21/  C1A830 : 33FC 0500 0011 C18A 	move.w  #$0500,FixWriteConfig	; Bank 5 has menu font
(2)   22/  C1A838 :                     
(2)   23/  C1A838 : 4EB9 00C1 E32A          jsr     ClearFixTop
(2)   24/  C1A83E :                     
(2)   25/  C1A83E : 7000                    moveq.l #0,d0
(2)   26/  C1A840 : 13FC 0001 0010 D010     move.b  #1,UITemp       ; Used as Uppercase/lowercase flag
(2)   27/  C1A848 : 13C0 0010 D000          move.b  d0,FileCursor   ; Used for keyboard column
(2)   28/  C1A84E : 13C0 0010 D001      	move.b  d0,FileCursorPrev
(2)   29/  C1A854 : 13C0 0010 D007          move.b  d0,LetterCursor ; Used for keyboard row
(2)   30/  C1A85A : 13C0 0010 D008      	move.b  d0,LetterCursorPrev
(2)   31/  C1A860 : 13C0 0010 D05D      	move.b  d0,FileNameCursor
(2)   32/  C1A866 :                     
(2)   33/  C1A866 :                     	; RefreshFlags bits use in ui_storesaves:
(2)   34/  C1A866 :                     	; 0: Redraw keyboard
(2)   35/  C1A866 :                     	; 1: Redraw keyboard cursor
(2)   36/  C1A866 :                     	; 2: Redraw filename
(2)   37/  C1A866 :                     	; 3: -
(2)   38/  C1A866 :                     	; 4: -
(2)   39/  C1A866 :                     	; 5: -
(2)   40/  C1A866 :                     	; 6: -
(2)   41/  C1A866 :                     	; 7: -
(2)   42/  C1A866 : 13FC 0007 0010 D003 	move.b  #%00000111,RefreshFlags
(2)   43/  C1A86E :                     
(2)   44/  C1A86E : 41F9 00C1 EE6E          lea     FixStrStoreSaveUI,a0
(2)   45/  C1A874 : 303C 70A9           	move.w  #FIXMAP+9+(5*32),d0
(2)   46/  C1A878 : 4EB9 00C1 E528      	jsr     WriteFix
(2)   47/  C1A87E :                     
(2)   48/  C1A87E : 7000                	moveq.l #0,d0
(2)   49/  C1A880 : 23C0 0010 D04C      	move.l d0,FileNameBuffer
(2)   50/  C1A886 : 23C0 0010 D050      	move.l d0,FileNameBuffer+4
(2)   51/  C1A88C : 23C0 0010 D054      	move.l d0,FileNameBuffer+8
 AS V1.42 Beta [Bld 311] - Source File main.asm(ui_storesaves.asm) - Page 59 - 9/11/2026 23:43:16


(2)   52/  C1A892 : 23C0 0010 D058      	move.l d0,FileNameBuffer+12
(2)   53/  C1A898 : 13C0 0010 D05C      	move.b d0,FilenameBuffer+16
(2)   54/  C1A89E :                     
(2)   55/  C1A89E : 33FC 0008 0010 D03C 	move.w  #SCREEN_STORE_SAVE,CurrentScreen
(2)   56/  C1A8A6 : 4E75                	rts
(2)   57/  C1A8A8 :                     
(2)   58/  C1A8A8 :                     VBLProcStoreSave:
(2)   59/  C1A8A8 :                     	; Refresh stuff in VRAM while we're at the beginning of the vblank
(2)   60/  C1A8A8 :                     
(2)   61/  C1A8A8 : 0839 0000 0010 D003 	btst.b  #0,RefreshFlags
(2)   62/  C1A8B0 : 6720                	beq     .norefresh_kbd
(2)   63/  C1A8B2 :                     	; Redraw keyboard
(2)   64/  C1A8B2 : 303C 712F           	move.w  #FIXMAP+15+(9*32),d0
(2)   65/  C1A8B6 : 1239 0010 D010      	move.b  UITemp,d1
(2)   66/  C1A8BC : 4EB9 00C1 ABB8      	jsr     DrawKeyboard
(2)   67/  C1A8C2 : 08F9 0001 0010 D003 	bset.b  #1,RefreshFlags    ; Redrawing the keyboard erased the cursor, request redraw
(2)   68/  C1A8CA : 08B9 0000 0010 D003 	bclr.b  #0,RefreshFlags
(2)   69/  C1A8D2 :                     .norefresh_kbd:
(2)   70/  C1A8D2 :                     
(2)   71/  C1A8D2 : 0839 0001 0010 D003 	btst.b  #1,RefreshFlags
(2)   72/  C1A8DA : 675A                	beq     .norefresh_cur
(2)   73/  C1A8DC :                     	; Erase previous cursor
(2)   74/  C1A8DC : 7000                	moveq.l #0,d0
(2)   75/  C1A8DE : 2200                	move.l  d0,d1
(2)   76/  C1A8E0 : 1239 0010 D001      	move.b  FileCursorPrev,d1
(2)   77/  C1A8E6 : 1039 0010 D008      	move.b  LetterCursorPrev,d0
(2)   78/  C1A8EC : 4EB9 00C1 AC1E      	jsr     SetKbdVRAMAddr
(2)   79/  C1A8F2 : 33FC 0520 003C 0002 	move.w  #$0520,REG_VRAMRW	; Space, palette 0, bank 5      
(2)   80/  C1A8FA : 7000                	moveq.l #0,d0
(2)   81/  C1A8FC :                     	; Draw new cursor
(2)   82/  C1A8FC : 7000                	moveq.l #0,d0
(2)   83/  C1A8FE : 2200                	move.l  d0,d1
(2)   84/  C1A900 : 1239 0010 D000      	move.b  FileCursor,d1
(2)   85/  C1A906 : 1039 0010 D007      	move.b  LetterCursor,d0
(2)   86/  C1A90C : 4EB9 00C1 AC1E      	jsr     SetKbdVRAMAddr
(2)   87/  C1A912 : 33FC 0511 003C 0002 	move.w  #$05<<8+CHAR_ARROW_RIGHT,REG_VRAMRW	; Palette 0, bank 5
(2)   88/  C1A91A : 13F9 0010 D000 0010 	move.b  FileCursor,FileCursorPrev
           C1A922 : D001               
(2)   89/  C1A924 : 13F9 0010 D007 0010 	move.b  LetterCursor,LetterCursorPrev
           C1A92C : D008               
(2)   90/  C1A92E : 08B9 0001 0010 D003 	bclr.b  #1,RefreshFlags
(2)   91/  C1A936 :                     .norefresh_cur:
(2)   92/  C1A936 :                     
(2)   93/  C1A936 : 0839 0002 0010 D003 	btst.b  #2,RefreshFlags
(2)   94/  C1A93E : 6758                	beq     .norefresh_filename
(2)   95/  C1A940 :                     	; Erase previous file name and cursor
(2)   96/  C1A940 : 33FC 3500 0011 C18A 	move.w  #$3500,FixWriteConfig    ; Highlight palette
(2)   97/  C1A948 : 41F9 00C1 EF32          lea     FileNameClear,a0
(2)   98/  C1A94E : 303C 71EC           	move.w  #FIXMAP+12+(15*32),d0
(2)   99/  C1A952 : 4EB9 00C1 E528      	jsr     WriteFix
(2)  100/  C1A958 :                     	; Redraw file name
(2)  101/  C1A958 : 41F9 0010 D04C          lea     FileNameBuffer,a0
(2)  102/  C1A95E : 303C 71EC           	move.w  #FIXMAP+12+(15*32),d0
(2)  103/  C1A962 : 4EB9 00C1 E528      	jsr     WriteFix
(2)  104/  C1A968 :                     	; Redraw cursor
(2)  105/  C1A968 : 33FC 0500 0011 C18A 	move.w  #$0500,FixWriteConfig
(2)  106/  C1A970 : 7000                	moveq.l #0,d0
(2)  107/  C1A972 : 1039 0010 D05D      	move.b  FileNameCursor,d0
(2)  108/  C1A978 : EB48                	lsl.w   #5,d0
(2)  109/  C1A97A : 0640 71ED           	addi.w  #FIXMAP+13+(15*32),d0
 AS V1.42 Beta [Bld 311] - Source File main.asm(ui_storesaves.asm) - Page 60 - 9/11/2026 23:43:16


(2)  110/  C1A97E : 33C0 003C 0000      	move.w  d0,REG_VRAMADDR
(2)  111/  C1A984 : 4E71                	nop
(2)  112/  C1A986 : 4E71                	nop
(2)  113/  C1A988 : 08B9 0002 0010 D003 	bclr.b  #2,RefreshFlags
(2)  114/  C1A990 : 33FC 0512 003C 0002 	move.w  #$05<<8+CHAR_ARROW_UP,REG_VRAMRW	; Palette 0, bank 5
(2)  115/  C1A998 :                     .norefresh_filename:
(2)  116/  C1A998 :                     
(2)  117/  C1A998 : (MACRO)[24]         	TESTREPEAT CNT_UP
(2)  117/  C1A998 : 1039 0010 FD98          move.b  BIOS_P1REPEAT,d0
(2)  117/  C1A99E : 8039 0010 FD9E          or.b    BIOS_P2REPEAT,d0
(2)  117/  C1A9A4 : 0200 0001               andi.b  #(2^CNT_UP),d0
(2)  118/  C1A9A8 : 6728                    beq     .no_up
(2)  119/  C1A9AA : 08F9 0001 0010 D003     bset.b  #1,RefreshFlags     ; Request cursor refresh
(2)  120/  C1A9B2 : 4A39 0010 D000          tst.b   FileCursor
(2)  121/  C1A9B8 : 6612                    bne     .no_zero
(2)  122/  C1A9BA : 13FC 0004 0010 D000     move.b  #4,FileCursor
(2)  123/  C1A9C2 : 13FC 0000 0010 D007     move.b  #0,LetterCursor
(2)  124/  C1A9CA : 6006                    bra     .no_up
(2)  125/  C1A9CC :                     .no_zero:
(2)  126/  C1A9CC : 5339 0010 D000          subq.b  #1,FileCursor
(2)  127/  C1A9D2 :                     .no_up:
(2)  128/  C1A9D2 :                     
(2)  129/  C1A9D2 : (MACRO)[25]         	TESTREPEAT CNT_DOWN
(2)  129/  C1A9D2 : 1039 0010 FD98          move.b  BIOS_P1REPEAT,d0
(2)  129/  C1A9D8 : 8039 0010 FD9E          or.b    BIOS_P2REPEAT,d0
(2)  129/  C1A9DE : 0200 0002               andi.b  #(2^CNT_DOWN),d0
(2)  130/  C1A9E2 : 673C                    beq     .no_down
(2)  131/  C1A9E4 : 08F9 0001 0010 D003     bset.b  #1,RefreshFlags     ; Request cursor refresh
(2)  132/  C1A9EC : 0C39 0004 0010 D000     cmp.b   #4,FileCursor
(2)  133/  C1A9F4 : 6612                    bne     .no_last
(2)  134/  C1A9F6 : 13FC 0000 0010 D000     move.b  #0,FileCursor
(2)  135/  C1A9FE : 13FC 0000 0010 D007     move.b  #0,LetterCursor
(2)  136/  C1AA06 : 6018                    bra     .no_down
(2)  137/  C1AA08 :                     .no_last:
(2)  138/  C1AA08 : 5239 0010 D000          addq.b  #1,FileCursor
(2)  139/  C1AA0E : 0C39 0004 0010 D000     cmp.b   #4,FileCursor
(2)  140/  C1AA16 : 6608                    bne     .no_down
(2)  141/  C1AA18 : 13FC 0000 0010 D007     move.b  #0,LetterCursor
(2)  142/  C1AA20 :                     .no_down:
(2)  143/  C1AA20 :                     
(2)  144/  C1AA20 : (MACRO)[26]         	TESTREPEAT CNT_LEFT
(2)  144/  C1AA20 : 1039 0010 FD98          move.b  BIOS_P1REPEAT,d0
(2)  144/  C1AA26 : 8039 0010 FD9E          or.b    BIOS_P2REPEAT,d0
(2)  144/  C1AA2C : 0200 0004               andi.b  #(2^CNT_LEFT),d0
(2)  145/  C1AA30 : 6734                    beq     .no_left
(2)  146/  C1AA32 : 08F9 0001 0010 D003     bset.b  #1,RefreshFlags     ; Request cursor refresh
(2)  147/  C1AA3A : 0C39 0004 0010 D000     cmp.b   #4,FileCursor
(2)  148/  C1AA42 : 660A                    bne     .no_last2
(2)  149/  C1AA44 : 13FC 0000 0010 D007     move.b  #0,LetterCursor
(2)  150/  C1AA4C : 6018                    bra     .no_left
(2)  151/  C1AA4E :                     .no_last2:
(2)  152/  C1AA4E : 4A39 0010 D007          tst.b   LetterCursor
(2)  153/  C1AA54 : 660A                    bne     .no_zero2
(2)  154/  C1AA56 : 13FC 000B 0010 D007     move.b  #11,LetterCursor
(2)  155/  C1AA5E : 6006                    bra     .no_left
(2)  156/  C1AA60 :                     .no_zero2:
(2)  157/  C1AA60 : 5339 0010 D007          subq.b  #1,LetterCursor
(2)  158/  C1AA66 :                     .no_left:
(2)  159/  C1AA66 :                     
(2)  160/  C1AA66 : (MACRO)[27]         	TESTREPEAT CNT_RIGHT
 AS V1.42 Beta [Bld 311] - Source File main.asm(ui_storesaves.asm) - Page 61 - 9/11/2026 23:43:16


(2)  160/  C1AA66 : 1039 0010 FD98          move.b  BIOS_P1REPEAT,d0
(2)  160/  C1AA6C : 8039 0010 FD9E          or.b    BIOS_P2REPEAT,d0
(2)  160/  C1AA72 : 0200 0008               andi.b  #(2^CNT_RIGHT),d0
(2)  161/  C1AA76 : 6736                    beq     .no_right
(2)  162/  C1AA78 : 08F9 0001 0010 D003     bset.b  #1,RefreshFlags     ; Request cursor refresh
(2)  163/  C1AA80 : 0C39 0004 0010 D000     cmp.b   #4,FileCursor
(2)  164/  C1AA88 : 660A                    bne     .no_last3
(2)  165/  C1AA8A : 13FC 0001 0010 D007     move.b  #1,LetterCursor
(2)  166/  C1AA92 : 601A                    bra     .no_right
(2)  167/  C1AA94 :                     .no_last3:
(2)  168/  C1AA94 : 0C39 000B 0010 D007     cmp.b   #11,LetterCursor
(2)  169/  C1AA9C : 660A                    bne     .no_last4
(2)  170/  C1AA9E : 13FC 0000 0010 D007     move.b  #0,LetterCursor
(2)  171/  C1AAA6 : 6006                    bra     .no_right
(2)  172/  C1AAA8 :                     .no_last4:
(2)  173/  C1AAA8 : 5239 0010 D007          addq.b  #1,LetterCursor
(2)  174/  C1AAAE :                     .no_right:
(2)  175/  C1AAAE :                     
(2)  176/  C1AAAE : (MACRO)[28]         	TESTCHANGE CNT_A
(2)  176/  C1AAAE : 1039 0010 FD97          move.b  BIOS_P1CHANGE,d0
(2)  176/  C1AAB4 : 8039 0010 FD9D          or.b    BIOS_P2CHANGE,d0
(2)  176/  C1AABA : 0200 0010               andi.b  #(2^CNT_A),d0
(2)  177/  C1AABE : 6700 0098               beq     .no_a
(2)  178/  C1AAC2 : 0C39 0004 0010 D000     cmp.b   #4,FileCursor
(2)  179/  C1AACA : 6634                    bne     .kbd_a
(2)  180/  C1AACC :                         ; We're on Save/Exit line
(2)  181/  C1AACC : 4A39 0010 D007          tst.b   LetterCursor
(2)  182/  C1AAD2 : 671C                    beq     .exit
(2)  183/  C1AAD4 :                         ; Check that file name isn't empty
(2)  184/  C1AAD4 : 4A39 0010 D05D          tst.b   FileNameCursor
(2)  185/  C1AADA : 660C                    bne     .storesaves
(2)  186/  C1AADC : 41F9 00C1 EECD          lea     FixStrNoFileName,a0
(2)  187/  C1AAE2 : 4EF9 00C1 9760          jmp     MessageBox
(2)  188/  C1AAE8 :                     .storesaves:
(2)  189/  C1AAE8 : 4200                    clr.b   d0                  ; Check if file exists
(2)  190/  C1AAEA : 4EF9 00C1 C344          jmp     StoreSaves
(2)  191/  C1AAF0 :                     .exit:
(2)  192/  C1AAF0 : 103C 0045               move.b  #SFX_EXIT,d0
(2)  193/  C1AAF4 : 4EB9 00C1 9568          jsr     PlaySFX
(2)  194/  C1AAFA : 4EF9 00C1 A6A0          jmp     SetupMenu
(2)  195/  C1AB00 :                     .kbd_a:
(2)  196/  C1AB00 :                         ; Is max file name length reached ?
(2)  197/  C1AB00 : 0C39 0010 0010 D05D     cmp.b   #16,FileNameCursor
(2)  198/  C1AB08 : 674E                    beq     .no_a
(2)  199/  C1AB0A :                         ; Get char
(2)  200/  C1AB0A : 7000                    moveq.l #0,d0
(2)  201/  C1AB0C : 1039 0010 D000          move.b  FileCursor,d0
(2)  202/  C1AB12 : E508                    lsl.b   #2,d0               ; *4
(2)  203/  C1AB14 : 1200                    move.b  d0,d1
(2)  204/  C1AB16 : D000                    add.b   d0,d0               ; *8
(2)  205/  C1AB18 : D001                    add.b   d1,d0               ; +*4 = *12
(2)  206/  C1AB1A : D039 0010 D007          add.b   LetterCursor,d0
(2)  207/  C1AB20 : 41F9 00C1 EF88          lea     KeyboardMapLC,a0
(2)  208/  C1AB26 : 4A39 0010 D010          tst.b   UITemp
(2)  209/  C1AB2C : 6706                    beq     .lowercase
(2)  210/  C1AB2E : 41F9 00C1 EF57          lea     KeyboardMapUC,a0
(2)  211/  C1AB34 :                     .lowercase:
(2)  212/  C1AB34 : 1230 0000               move.b  0(a0,d0),d1
(2)  213/  C1AB38 :                         ; Write char
(2)  214/  C1AB38 : 41F9 0010 D04C          lea     FileNameBuffer,a0
 AS V1.42 Beta [Bld 311] - Source File main.asm(ui_storesaves.asm) - Page 62 - 9/11/2026 23:43:16


(2)  215/  C1AB3E : 1039 0010 D05D          move.b  FileNameCursor,d0
(2)  216/  C1AB44 : 1181 0000               move.b  d1,0(a0,d0)
(2)  217/  C1AB48 :                         ; Inc file name cursor
(2)  218/  C1AB48 : 5200                    addq.b  #1,d0
(2)  219/  C1AB4A : 13C0 0010 D05D          move.b  d0,FileNameCursor
(2)  220/  C1AB50 : 08F9 0002 0010 D003     bset.b  #2,RefreshFlags     ; Request file name refresh
(2)  221/  C1AB58 :                     .no_a:
(2)  222/  C1AB58 :                     
(2)  223/  C1AB58 : (MACRO)[29]         	TESTCHANGE CNT_B
(2)  223/  C1AB58 : 1039 0010 FD97          move.b  BIOS_P1CHANGE,d0
(2)  223/  C1AB5E : 8039 0010 FD9D          or.b    BIOS_P2CHANGE,d0
(2)  223/  C1AB64 : 0200 0020               andi.b  #(2^CNT_B),d0
(2)  224/  C1AB68 : 672A                    beq     .no_b
(2)  225/  C1AB6A :                         ; Is file name already empty ?
(2)  226/  C1AB6A : 4A39 0010 D05D          tst.b   FileNameCursor
(2)  227/  C1AB70 : 6722                    beq     .no_b
(2)  228/  C1AB72 :                         ; Erase char
(2)  229/  C1AB72 : 41F9 0010 D04C          lea     FileNameBuffer,a0
(2)  230/  C1AB78 : 1039 0010 D05D          move.b  FileNameCursor,d0
(2)  231/  C1AB7E : 5300                    subq.b  #1,d0
(2)  232/  C1AB80 : 11BC 0000 0000          move.b  #0,0(a0,d0)
(2)  233/  C1AB86 : 13C0 0010 D05D          move.b  d0,FileNameCursor
(2)  234/  C1AB8C : 08F9 0002 0010 D003     bset.b  #2,RefreshFlags     ; Request file name refresh
(2)  235/  C1AB94 :                     .no_b:
(2)  236/  C1AB94 :                     
(2)  237/  C1AB94 : (MACRO)[30]         	TESTCHANGE CNT_C
(2)  237/  C1AB94 : 1039 0010 FD97          move.b  BIOS_P1CHANGE,d0
(2)  237/  C1AB9A : 8039 0010 FD9D          or.b    BIOS_P2CHANGE,d0
(2)  237/  C1ABA0 : 0200 0040               andi.b  #(2^CNT_C),d0
(2)  238/  C1ABA4 : 6710                    beq     .no_c
(2)  239/  C1ABA6 :                         ; Change case
(2)  240/  C1ABA6 : 0A39 0001 0010 D010     eori.b  #1,UITemp
(2)  241/  C1ABAE : 08F9 0000 0010 D003     bset.b  #0,RefreshFlags     ; Request keyboard refresh
(2)  242/  C1ABB6 :                     .no_c:
(2)  243/  C1ABB6 :                     
(2)  244/  C1ABB6 : 4E75                	rts
(2)  245/  C1ABB8 :                     
(2)  246/  C1ABB8 :                     
(2)  247/  C1ABB8 :                     ; d0: VRAM address
(2)  248/  C1ABB8 :                     ; d1: Upper/lower case
(2)  249/  C1ABB8 :                     DrawKeyboard:
(2)  250/  C1ABB8 : 33FC 3500 0011 C18A 	move.w  #$3500,FixWriteConfig    ; Highlight palette
(2)  251/  C1ABC0 : 41F9 00C1 EF88          lea     KeyboardMapLC,a0
(2)  252/  C1ABC6 : 4A01                    tst.b   d1
(2)  253/  C1ABC8 : 6706                    beq     .lowercase
(2)  254/  C1ABCA : 41F9 00C1 EF57          lea     KeyboardMapUC,a0
(2)  255/  C1ABD0 :                     .lowercase:
(2)  256/  C1ABD0 : 33FC 0020 003C 0004 	move.w  #32,REG_VRAMMOD
(2)  257/  C1ABD8 : 3239 0011 C18A      	move.w  FixWriteConfig,d1
(2)  258/  C1ABDE : 4E71                    nop
(2)  259/  C1ABE0 : 4E71                    nop
(2)  260/  C1ABE2 :                     .row:
(2)  261/  C1ABE2 : 1E3C 000C           	move.b  #12,d7
(2)  262/  C1ABE6 : 33C0 003C 0000          move.w  d0,REG_VRAMADDR
(2)  263/  C1ABEC : 4E71                    nop
(2)  264/  C1ABEE :                     .char:
(2)  265/  C1ABEE : 1218                    move.b  (a0)+,d1
(2)  266/  C1ABF0 : 4A01                    tst.b   d1
(2)  267/  C1ABF2 : 6720                    beq     .done
(2)  268/  C1ABF4 : 33C1 003C 0002      	move.w  d1,REG_VRAMRW
 AS V1.42 Beta [Bld 311] - Source File main.asm(ui_storesaves.asm) - Page 63 - 9/11/2026 23:43:16


(2)  269/  C1ABFA : 4E71                	nop
(2)  270/  C1ABFC : 4E71                	nop
(2)  271/  C1ABFE : 4E71                	nop
(2)  272/  C1AC00 : 123C 0020           	move.b  #$20,d1
(2)  273/  C1AC04 : 33C1 003C 0002      	move.w  d1,REG_VRAMRW
(2)  274/  C1AC0A : 5307                	subq.b  #1,d7
(2)  275/  C1AC0C : 66E0                	bne     .char
(2)  276/  C1AC0E : 0640 0001           	addi.w  #1,d0
(2)  277/  C1AC12 : 60CE                    bra     .row
(2)  278/  C1AC14 :                     .done:
(2)  279/  C1AC14 : 33FC 0500 0011 C18A 	move.w  #$0500,FixWriteConfig
(2)  280/  C1AC1C : 4E75                    rts
(2)  281/  C1AC1E :                     
(2)  282/  C1AC1E :                     ; d0.w: x pos
(2)  283/  C1AC1E :                     ; d1.w: y pos
(2)  284/  C1AC1E :                     SetKbdVRAMAddr:
(2)  285/  C1AC1E : B23C 0004           	cmp.b   #4,d1
(2)  286/  C1AC22 : 660C                    bne     .kbdzone
(2)  287/  C1AC24 : D040                    add.w   d0,d0   ; *2
(2)  288/  C1AC26 : 3400                    move.w  d0,d2
(2)  289/  C1AC28 : D040                    add.w   d0,d0   ; *4
(2)  290/  C1AC2A : D042                    add.w   d2,d0   ; *2+*4 = *6
(2)  291/  C1AC2C : 0600 0002               addi.b  #2,d0   ; All this will be *2 just below
(2)  292/  C1AC30 :                     .kbdzone:
(2)  293/  C1AC30 : ED48                	lsl.w   #6,d0               ; Fixmap x*2
(2)  294/  C1AC32 : D001                	add.b   d1,d0               ; Fixmap y
(2)  295/  C1AC34 : D07C 710F           	add.w   #FIXMAP+15+(8*32),d0
(2)  296/  C1AC38 : 33C0 003C 0000      	move.w  d0,REG_VRAMADDR
(2)  297/  C1AC3E : 4E71                	nop
(2)  298/  C1AC40 : 4E71                	nop
(2)  299/  C1AC42 : 4E75                	rts
(2)  300/  C1AC44 :                     
(1)  272/  C1AC44 :                     	INCLUDE "ui_loadsaves.asm"
(2)    1/  C1AC44 :                     ; Copyright (C) 2020 Sean Gonsalves
(2)    2/  C1AC44 :                     ;
(2)    3/  C1AC44 :                     ; This file is part of Neo CD SD Loader.
(2)    4/  C1AC44 :                     ;
(2)    5/  C1AC44 :                     ; This program is free software; you can redistribute it and/or modify
(2)    6/  C1AC44 :                     ; it under the terms of the GNU General Public License as published by
(2)    7/  C1AC44 :                     ; the Free Software Foundation; either version 2, or (at your option)
(2)    8/  C1AC44 :                     ; any later version.
(2)    9/  C1AC44 :                     ;
(2)   10/  C1AC44 :                     ; This program is distributed in the hope that it will be useful,
(2)   11/  C1AC44 :                     ; but WITHOUT ANY WARRANTY; without even the implied warranty of
(2)   12/  C1AC44 :                     ; MERCHANTABILITY or FITNESS FOR A PARTICULAR PURPOSE.  See the
(2)   13/  C1AC44 :                     ; GNU General Public License for more details.
(2)   14/  C1AC44 :                     ;
(2)   15/  C1AC44 :                     ; You should have received a copy of the GNU General Public License
(2)   16/  C1AC44 :                     ; along with this program; see the file COPYING.  If not, write to
(2)   17/  C1AC44 :                     ; the Free Software Foundation, Inc., 51 Franklin Street,
(2)   18/  C1AC44 :                     ; Boston, MA 02110-1301, USA.
(2)   19/  C1AC44 :                     
(2)   20/  C1AC44 :                     SetupLoadSave:
(2)   21/  C1AC44 : 33FC 0500 0011 C18A 	move.w  #$0500,FixWriteConfig	; Bank 5 has menu font
(2)   22/  C1AC4C :                     
(2)   23/  C1AC4C : 4EB9 00C1 E32A          jsr     ClearFixTop
(2)   24/  C1AC52 :                     
(2)   25/  C1AC52 : 7000                    moveq.l #0,d0
(2)   26/  C1AC54 : 13C0 0010 D000          move.b  d0,FileCursor
(2)   27/  C1AC5A : 13C0 0010 D002          move.b  d0,MenuShift
 AS V1.42 Beta [Bld 311] - Source File main.asm(ui_loadsaves.asm) - Page 64 - 9/11/2026 23:43:16


(2)   28/  C1AC60 : 13C0 0010 D001      	move.b  d0,FileCursorPrev
(2)   29/  C1AC66 : 33C0 0010 D004          move.w  d0,TotalFileCount
(2)   30/  C1AC6C : 13FC 0005 0010 D003 	move.b  #%00000101,RefreshFlags
(2)   31/  C1AC74 :                     
(2)   32/  C1AC74 : 4EB9 00C1 E35E          jsr     ClearFileList
(2)   33/  C1AC7A :                     
(2)   34/  C1AC7A : =>UNDEFINED             IFDEF MAMEDEBUG
(2)   35/  C1AC7A :                         ; Set up a fake save file list for debugging
(2)   36/  C1AC7A :                     	lea     SaveDebugList,a0
(2)   37/  C1AC7A :                     	lea     FileList,a1
(2)   38/  C1AC7A :                     	move.w  #DEBUGSAVECOUNT*FileEntry_LEN,d7
(2)   39/  C1AC7A :                     .debug_save_list:
(2)   40/  C1AC7A :                     	move.b  (a0)+,(a1)+
(2)   41/  C1AC7A :                     	subq.w  #1,d7
(2)   42/  C1AC7A :                     	bne     .debug_save_list
(2)   43/  C1AC7A :                     	move.w  #DEBUGSAVECOUNT,TotalFileCount
(2)   44/  C1AC7A :                     	bra     .setup_interface
(2)   45/  C1AC7A : [34]                    ENDIF
(2)   46/  C1AC7A :                         
(2)   47/  C1AC7A :                     
(2)   48/  C1AC7A : =>UNDEFINED             IFNDEF MAMEDEBUG
(2)   49/  C1AC7A :                         ; Ask MCU for save files list
(2)   50/  C1AC7A : 13FC 0000 0011 C194     move.b  #0,MCUCmdParams
(2)   51/  C1AC82 : (MACRO)[31]             MCUCMD  MCU_CMD_GETSAVES
(2)   51/  C1AC82 : 163C 000B               move.b  #MCU_CMD_GETSAVES,d3
(2)   51/  C1AC86 : 4EB9 00C1 C756          jsr     MCUCommand
(2)   52/  C1AC8C : 6408                    bcc     .notimeout
(2)   53/  C1AC8E : 4EB9 00C1 9914          jsr     DispErrorTimeout
(2)   54/  C1AC94 : 6064                    bra     .setup_interface
(2)   55/  C1AC96 :                     .notimeout:
(2)   56/  C1AC96 :                         ; Read 4 words from the MCU (see doc) CHANGED
(2)   57/  C1AC96 : 4EB9 00C1 C85A          jsr     MCURead4Words
(2)   58/  C1AC9C : 4EB9 00C1 C89A          jsr     CheckACK
(2)   59/  C1ACA2 : 6556                    bcs     .setup_interface
(2)   60/  C1ACA4 :                         ; Ok, get file count
(2)   61/  C1ACA4 : 7000                    moveq.l #0,d0
(2)   62/  C1ACA6 : 1039 0011 C101          move.b  MCUReplyBuffer+1,d0
(2)   63/  C1ACAC : 33C0 0010 D004          move.w  d0,TotalFileCount
(2)   64/  C1ACB2 :                     
(2)   65/  C1ACB2 :                         ; Retrieve file names
(2)   66/  C1ACB2 : 3C39 0010 D004          move.w  TotalFileCount,d6
(2)   67/  C1ACB8 : 4A46                    tst.w   d6
(2)   68/  C1ACBA : 673E                    beq     .setup_interface    ; Skip if no files
(2)   69/  C1ACBC : 43F9 0011 C900          lea     FileList,a1
(2)   70/  C1ACC2 :                     .listfiles:
(2)   71/  C1ACC2 : 363C 0010               move.w  #16,d3              ; 1+30+1, ID.b + string + /0 CHANGED
(2)   72/  C1ACC6 : 4EB9 00C1 C85E          jsr     MCURead4WordsMult
(2)   73/  C1ACCC :                     
(2)   74/  C1ACCC : 41F9 0011 C100          lea     MCUReplyBuffer,a0
(2)   75/  C1ACD2 : 303C FF00               move.w  #$FF00,d0           ; "Entry used" flag
(2)   76/  C1ACD6 : 1018                    move.b  (a0)+,d0
(2)   77/  C1ACD8 : 32C0                    move.w  d0,(a1)+            ; File index + flag
(2)   78/  C1ACDA :                     
(2)   79/  C1ACDA : 7E1A                    moveq.l #MAX_FILENAME,d7
(2)   80/  C1ACDC :                     .cp:
(2)   81/  C1ACDC : 12D8                    move.b  (a0)+,(a1)+         ; Copy file name, cap to MAX_FILENAME chars
(2)   82/  C1ACDE : 5307                	subq.b  #1,d7
(2)   83/  C1ACE0 : 66FA                	bne     .cp
(2)   84/  C1ACE2 : 12FC 0000               move.b  #0,(a1)+            ; Force last char to 0
(2)   85/  C1ACE6 : 12FC 0000               move.b  #0,(a1)+            ; Padding to reach 32
 AS V1.42 Beta [Bld 311] - Source File main.asm(ui_loadsaves.asm) - Page 65 - 9/11/2026 23:43:16


(2)   86/  C1ACEA : 12FC 0000               move.b  #0,(a1)+
(2)   87/  C1ACEE : 12FC 0000               move.b  #0,(a1)+
(2)   88/  C1ACF2 :                     
(2)   89/  C1ACF2 : 5346                	subq.w  #1,d6
(2)   90/  C1ACF4 : 66CC                	bne     .listfiles
(2)   91/  C1ACF6 :                     
(2)   92/  C1ACF6 : 12FC 0000               move.b  #0,(a1)+            ; Terminate
(2)   93/  C1ACFA : [48]                    ENDIF
(2)   94/  C1ACFA :                     
(2)   95/  C1ACFA :                     .setup_interface:
(2)   96/  C1ACFA : 3E39 0010 D004          move.w  TotalFileCount,d7
(2)   97/  C1AD00 : 13C7 0010 D006          move.b  d7,LetterGameCount  ; For DrawFileList
(2)   98/  C1AD06 :                     
(2)   99/  C1AD06 :                         ; Just fill MenuIndexList with inc indexes for DrawFileList
(2)  100/  C1AD06 : 41F9 0011 E220      	lea     MenuIndexList,a0
(2)  101/  C1AD0C : 7000                	moveq.l #0,d0
(2)  102/  C1AD0E :                     .listlp:
(2)  103/  C1AD0E : 10C0                    move.b  d0,(a0)+            ; Add index to list
(2)  104/  C1AD10 : 5200                    addq.b  #1,d0
(2)  105/  C1AD12 : 5307                	subq.b  #1,d7
(2)  106/  C1AD14 : 66F8                	bne     .listlp
(2)  107/  C1AD16 :                     
(2)  108/  C1AD16 : 41F9 00C1 EFB9          lea     FixStrLoadSaveUI,a0
(2)  109/  C1AD1C : 303C 70A9           	move.w  #FIXMAP+9+(5*32),d0
(2)  110/  C1AD20 : 4EB9 00C1 E528      	jsr     WriteFix
(2)  111/  C1AD26 :                     
(2)  112/  C1AD26 : 33FC 0009 0010 D03C 	move.w  #SCREEN_LOAD_SAVE,CurrentScreen
(2)  113/  C1AD2E : 4E75                	rts
(2)  114/  C1AD30 :                     
(2)  115/  C1AD30 :                     VBLProcLoadSave:
(2)  116/  C1AD30 :                     	; Refresh stuff in VRAM while we're at the beginning of the vblank
(2)  117/  C1AD30 : 0839 0000 0010 D003 	btst.b  #0,RefreshFlags
(2)  118/  C1AD38 : 6706                	beq     .norefresh0
(2)  119/  C1AD3A : 4EB9 00C1 9578      	jsr     DrawFileList
(2)  120/  C1AD40 :                     .norefresh0:
(2)  121/  C1AD40 :                     
(2)  122/  C1AD40 : 0839 0002 0010 D003 	btst.b  #2,RefreshFlags
(2)  123/  C1AD48 : 6752                	beq     .norefresh_cur
(2)  124/  C1AD4A :                     	; Erase previous cursor
(2)  125/  C1AD4A : 7000                	moveq.l #0,d0
(2)  126/  C1AD4C : 1039 0010 D001      	move.b  FileCursorPrev,d0
(2)  127/  C1AD52 : D07C 70EB           	add.w   #FIXMAP+11+(7*32),d0
(2)  128/  C1AD56 : 33C0 003C 0000      	move.w  d0,REG_VRAMADDR
(2)  129/  C1AD5C : 4E71                	nop
(2)  130/  C1AD5E : 4E71                	nop
(2)  131/  C1AD60 : 33FC 0520 003C 0002 	move.w  #$0520,REG_VRAMRW	; Space, palette 0, bank 5
(2)  132/  C1AD68 : 4A39 0010 D006      	tst.b   LetterGameCount
(2)  133/  C1AD6E : 672C                	beq     .norefresh_cur      ; No files in list, don't draw cursor
(2)  134/  C1AD70 :                     	; Draw new cursor
(2)  135/  C1AD70 : 7000                	moveq.l #0,d0
(2)  136/  C1AD72 : 1039 0010 D000      	move.b  FileCursor,d0
(2)  137/  C1AD78 : 13C0 0010 D001      	move.b  d0,FileCursorPrev
(2)  138/  C1AD7E : 0640 70EB           	addi.w  #FIXMAP+11+(7*32),d0
(2)  139/  C1AD82 : 33C0 003C 0000      	move.w  d0,REG_VRAMADDR
(2)  140/  C1AD88 : 4E71                	nop
(2)  141/  C1AD8A : 4E71                	nop
(2)  142/  C1AD8C : 33FC 0511 003C 0002 	move.w  #$0511,REG_VRAMRW	; Arrow pointing right, palette 0, bank 5
(2)  143/  C1AD94 : 08B9 0002 0010 D003 	bclr.b  #2,RefreshFlags
(2)  144/  C1AD9C :                     .norefresh_cur:
(2)  145/  C1AD9C :                     
 AS V1.42 Beta [Bld 311] - Source File main.asm(ui_loadsaves.asm) - Page 66 - 9/11/2026 23:43:16


(2)  146/  C1AD9C :                         ; Prevent loading and deleting if there are no saves found
(2)  147/  C1AD9C : 4A79 0010 D004      	tst.w   TotalFileCount
(2)  148/  C1ADA2 : 674E                	beq     .nofiles
(2)  149/  C1ADA4 : 4EB9 00C1 9670          jsr     FileListNav
(2)  150/  C1ADAA :                     
(2)  151/  C1ADAA : (MACRO)[32]         	TESTCHANGE CNT_A
(2)  151/  C1ADAA : 1039 0010 FD97          move.b  BIOS_P1CHANGE,d0
(2)  151/  C1ADB0 : 8039 0010 FD9D          or.b    BIOS_P2CHANGE,d0
(2)  151/  C1ADB6 : 0200 0010               andi.b  #(2^CNT_A),d0
(2)  152/  C1ADBA : 6712                    beq     .no_a
(2)  153/  C1ADBC :                         ; Ask user for confirmation
(2)  154/  C1ADBC : 41F9 00C1 EFF2          lea     FixStrLoadConfirm,a0
(2)  155/  C1ADC2 : 43F9 00C1 AE16          lea     ExitLoadConfirm,a1
(2)  156/  C1ADC8 : 4EF9 00C1 9764          jmp     MessageBoxCustom
(2)  157/  C1ADCE :                     .no_a:
(2)  158/  C1ADCE :                     
(2)  159/  C1ADCE : (MACRO)[33]         	TESTCHANGE CNT_C
(2)  159/  C1ADCE : 1039 0010 FD97          move.b  BIOS_P1CHANGE,d0
(2)  159/  C1ADD4 : 8039 0010 FD9D          or.b    BIOS_P2CHANGE,d0
(2)  159/  C1ADDA : 0200 0040               andi.b  #(2^CNT_C),d0
(2)  160/  C1ADDE : 6712                    beq     .no_c
(2)  161/  C1ADE0 :                         ; Ask user for confirmation
(2)  162/  C1ADE0 : 41F9 00C1 F05A          lea     FixStrDeleteConfirm,a0
(2)  163/  C1ADE6 : 43F9 00C1 AE44          lea     DeleteConfirm,a1
(2)  164/  C1ADEC : 4EF9 00C1 9764          jmp     MessageBoxCustom
(2)  165/  C1ADF2 :                     .no_c:
(2)  166/  C1ADF2 :                     .nofiles:
(2)  167/  C1ADF2 :                     
(2)  168/  C1ADF2 : (MACRO)[34]         	TESTCHANGE CNT_B
(2)  168/  C1ADF2 : 1039 0010 FD97          move.b  BIOS_P1CHANGE,d0
(2)  168/  C1ADF8 : 8039 0010 FD9D          or.b    BIOS_P2CHANGE,d0
(2)  168/  C1ADFE : 0200 0020               andi.b  #(2^CNT_B),d0
(2)  169/  C1AE02 : 6710                    beq     .no_b
(2)  170/  C1AE04 : 103C 0045               move.b  #SFX_EXIT,d0
(2)  171/  C1AE08 : 4EB9 00C1 9568          jsr     PlaySFX
(2)  172/  C1AE0E : 4EB9 00C1 A6A0          jsr     SetupMenu
(2)  173/  C1AE14 :                     .no_b:
(2)  174/  C1AE14 : 4E75                	rts
(2)  175/  C1AE16 :                     
(2)  176/  C1AE16 :                     ExitLoadConfirm:
(2)  177/  C1AE16 : (MACRO)[35]         	TESTCHANGE CNT_A
(2)  177/  C1AE16 : 1039 0010 FD97          move.b  BIOS_P1CHANGE,d0
(2)  177/  C1AE1C : 8039 0010 FD9D          or.b    BIOS_P2CHANGE,d0
(2)  177/  C1AE22 : 0200 0010               andi.b  #(2^CNT_A),d0
(2)  178/  C1AE26 : 6712                    beq     .no_a
(2)  179/  C1AE28 : 1039 0010 D000      	move.b  FileCursor,d0
(2)  180/  C1AE2E : D039 0010 D002      	add.b   MenuShift,d0
(2)  181/  C1AE34 : 4EF9 00C1 C4B2          jmp     LoadSaves
(2)  182/  C1AE3A :                     .no_a:
(2)  183/  C1AE3A : 103C 0043               move.b  #SFX_NEG,d0
(2)  184/  C1AE3E : 4EF9 00C1 9568          jmp     PlaySFX
(2)  185/  C1AE44 :                     
(2)  186/  C1AE44 :                     DeleteConfirm:
(2)  187/  C1AE44 : (MACRO)[36]         	TESTCHANGE CNT_A
(2)  187/  C1AE44 : 1039 0010 FD97          move.b  BIOS_P1CHANGE,d0
(2)  187/  C1AE4A : 8039 0010 FD9D          or.b    BIOS_P2CHANGE,d0
(2)  187/  C1AE50 : 0200 0010               andi.b  #(2^CNT_A),d0
(2)  188/  C1AE54 : 671A                    beq     .no_a
(2)  189/  C1AE56 : 1039 0010 D000      	move.b  FileCursor,d0
(2)  190/  C1AE5C : D039 0010 D002      	add.b   MenuShift,d0
 AS V1.42 Beta [Bld 311] - Source File main.asm(ui_loadsaves.asm) - Page 67 - 9/11/2026 23:43:16


(2)  191/  C1AE62 : 4EB9 00C1 C560          jsr     DeleteSaves
(2)  192/  C1AE68 : 4EB9 00C1 AC44          jsr     SetupLoadSave       ; Refresh list
(2)  193/  C1AE6E : 4E75                    rts
(2)  194/  C1AE70 :                     .no_a:
(2)  195/  C1AE70 : 103C 0043               move.b  #SFX_NEG,d0
(2)  196/  C1AE74 : 4EF9 00C1 9568          jmp     PlaySFX
(2)  197/  C1AE7A :                     
(1)  273/  C1AE7A :                     	INCLUDE "ui_settings.asm"
(2)    1/  C1AE7A :                     ; Copyright (C) 2020 Sean Gonsalves
(2)    2/  C1AE7A :                     ;
(2)    3/  C1AE7A :                     ; This file is part of Neo CD SD Loader.
(2)    4/  C1AE7A :                     ;
(2)    5/  C1AE7A :                     ; This program is free software; you can redistribute it and/or modify
(2)    6/  C1AE7A :                     ; it under the terms of the GNU General Public License as published by
(2)    7/  C1AE7A :                     ; the Free Software Foundation; either version 2, or (at your option)
(2)    8/  C1AE7A :                     ; any later version.
(2)    9/  C1AE7A :                     ;
(2)   10/  C1AE7A :                     ; This program is distributed in the hope that it will be useful,
(2)   11/  C1AE7A :                     ; but WITHOUT ANY WARRANTY; without even the implied warranty of
(2)   12/  C1AE7A :                     ; MERCHANTABILITY or FITNESS FOR A PARTICULAR PURPOSE.  See the
(2)   13/  C1AE7A :                     ; GNU General Public License for more details.
(2)   14/  C1AE7A :                     ;
(2)   15/  C1AE7A :                     ; You should have received a copy of the GNU General Public License
(2)   16/  C1AE7A :                     ; along with this program; see the file COPYING.  If not, write to
(2)   17/  C1AE7A :                     ; the Free Software Foundation, Inc., 51 Franklin Street,
(2)   18/  C1AE7A :                     ; Boston, MA 02110-1301, USA.
(2)   19/  C1AE7A :                     
(2)   20/  C1AE7A :                     SetupSettings:
(2)   21/  C1AE7A : 33FC 0500 0011 C18A 	move.w  #$0500,FixWriteConfig	; Bank 5 has menu font
(2)   22/  C1AE82 :                     
(2)   23/  C1AE82 : 4EB9 00C1 E32A          jsr     ClearFixTop
(2)   24/  C1AE88 : 4EB9 00C1 964A          jsr     ClearMainSprites   ; Hide leftover list-nav arrows/letters/cursor from the main screen
(2)   25/  C1AE8E :                     
(2)   26/  C1AE8E : 41F9 00C1 F14A          lea     FixStrSettings,a0
(2)   27/  C1AE94 : 303C 7148           	move.w  #FIXMAP+8+(10*32),d0
(2)   28/  C1AE98 : 4EB9 00C1 E528      	jsr     WriteFix
(2)   29/  C1AE9E :                     
(2)   30/  C1AE9E : 13F9 0011 C18C 0010     move.b  SettingCountry,UITemp   ; Used to detect change to Brazil region
           C1AEA6 : D010               
(2)   31/  C1AEA8 : 13FC 0000 0010 D000 	move.b  #0,FileCursor
(2)   32/  C1AEB0 : 13FC 0000 0010 D001 	move.b  #0,FileCursorPrev
(2)   33/  C1AEB8 : 13FC 0000 0010 D007 	move.b  #0,LetterCursor         ; Used here as debug DIP bit cursor
(2)   34/  C1AEC0 :                     
(2)   35/  C1AEC0 : 33FC 3500 0011 C18A 	move.w  #$3500,FixWriteConfig	; Bank 5 has menu font, highlight palette
(2)   36/  C1AEC8 :                     
(2)   37/  C1AEC8 :                     	; RefreshFlags bits use in ui_settings:
(2)   38/  C1AEC8 :                     	; 0: Redraw debug DIPs
(2)   39/  C1AEC8 :                     	; 1: Redraw country
(2)   40/  C1AEC8 :                     	; 2: Redraw item cursor
(2)   41/  C1AEC8 :                     	; 3: Redraw dev mode setting
(2)   42/  C1AEC8 :                     	; 4: Redraw screen saver setting
(2)   43/  C1AEC8 :                     	; 5: Redraw LED color setting
(2)   44/  C1AEC8 :                     	; 6: Redraw SFX setting
(2)   45/  C1AEC8 :                     	; 7: Redraw boot and load anim setting
(2)   46/  C1AEC8 : 13FC 00FF 0010 D003 	move.b  #%11111111,RefreshFlags
(2)   47/  C1AED0 :                     
(2)   48/  C1AED0 : 33FC 000A 0010 D03C 	move.w  #SCREEN_SETTINGS,CurrentScreen
(2)   49/  C1AED8 : 4E75                	rts
(2)   50/  C1AEDA :                     
(2)   51/  C1AEDA :                     FixStrClearDIPs:
 AS V1.42 Beta [Bld 311] - Source File main.asm(ui_settings.asm) - Page 68 - 9/11/2026 23:43:16


(2)   52/  C1AEDA : 2020 2020 2020 2020     dc.b "        ",0
           C1AEE2 : 00               
(2)   53/  C1AEE3 :                     
(2)   54/  C1AEE3 :                     FixStrEnabled:
(2)   55/  C1AEE3 : 4154 4956 4F20 2020     dc.b "ATIVO   ",0
           C1AEEB : 00               
(2)   56/  C1AEEC :                     FixStrDisabled:
(2)   57/  C1AEEC : 494E 4154 4956 4F20     dc.b "INATIVO ",0
           C1AEF4 : 00               
(2)   58/  C1AEF5 :                     
(2)   59/  C1AEF5 :                     FixStrNew:
(2)   60/  C1AEF5 : 4E45 5700               dc.b "NEW",0
(2)   61/  C1AEF9 :                     FixStrOld:
(2)   62/  C1AEF9 : 4F4C 4400               dc.b "OLD",0
(2)   63/  C1AEFD :                     
(2)   64/  C1AEFD :                     FixStrFast:
(2)   65/  C1AEFD : 4641 5354 00            dc.b "FAST",0
(2)   66/  C1AF02 :                     FixStrSlow:
(2)   67/  C1AF02 : 534C 4F57 00            dc.b "SLOW",0
(2)   68/  C1AF07 :                     
(2)   69/  C1AF07 :                     VBLProcSettings:
(2)   70/  C1AF07 :                     	; Refresh stuff in VRAM while we're at the beginning of the vblank
(2)   71/  C1AF07 :                     
(2)   72/  C1AF07 : 00                  <padding>
(2)   72/  C1AF08 : 0839 0000 0010 D003 	btst.b  #0,RefreshFlags
(2)   73/  C1AF10 : 6700 0084           	beq     .norefresh_DIPs
(2)   74/  C1AF14 :                         ; Refresh DIPs
(2)   75/  C1AF14 : 08B9 0000 0010 D003 	bclr.b  #0,RefreshFlags
(2)   76/  C1AF1C :                     
(2)   77/  C1AF1C :                         ; Clear bit arrow
(2)   78/  C1AF1C : 41F9 00C1 AEDA          lea     FixStrClearDIPs,a0
(2)   79/  C1AF22 : 303C 730C           	move.w  #FIXMAP+12+(24*32),d0
(2)   80/  C1AF26 : 4EB9 00C1 E528      	jsr     WriteFix
(2)   81/  C1AF2C :                     
(2)   82/  C1AF2C :                         ; Draw bit arrow
(2)   83/  C1AF2C : 7000                    moveq.l #0,d0
(2)   84/  C1AF2E : 1039 0010 D007          move.b  LetterCursor,d0
(2)   85/  C1AF34 : 0200 0007               andi.b  #7,d0
(2)   86/  C1AF38 : EB48                    lsl.w   #5,d0
(2)   87/  C1AF3A : 0640 730C           	addi.w  #FIXMAP+12+(24*32),d0
(2)   88/  C1AF3E : 33C0 003C 0000      	move.w  d0,REG_VRAMADDR
(2)   89/  C1AF44 : 3239 0011 C18A          move.w  FixWriteConfig,d1
(2)   90/  C1AF4A : 123C 0013               move.b  #CHAR_ARROW_DOWN,d1
(2)   91/  C1AF4E : 33C1 003C 0002      	move.w  d1,REG_VRAMRW
(2)   92/  C1AF54 :                     
(2)   93/  C1AF54 :                         ; Draw bits
(2)   94/  C1AF54 : 33FC 0020 003C 0004     move.w  #32,REG_VRAMMOD
(2)   95/  C1AF5C : 33FC 730D 003C 0000 	move.w  #FIXMAP+13+(24*32),REG_VRAMADDR
(2)   96/  C1AF64 : 1039 0010 D026      	move.b  DebugDIP1,d0
(2)   97/  C1AF6A : 4EB9 00C1 AF7E      	jsr     .drawbitvalues
(2)   98/  C1AF70 : 33FC 730E 003C 0000 	move.w  #FIXMAP+14+(24*32),REG_VRAMADDR
(2)   99/  C1AF78 : 1039 0010 D027      	move.b  DebugDIP2,d0
(2)  100/  C1AF7E :                     .drawbitvalues:
(2)  101/  C1AF7E : 7E07                	moveq.l #8-1,d7
(2)  102/  C1AF80 :                     .bit
(2)  103/  C1AF80 : 123C 0030           	move.b  #'0',d1
(2)  104/  C1AF84 : E308                	lsl.b   #1,d0
(2)  105/  C1AF86 : 6404                	bcc     .zero
(2)  106/  C1AF88 : 123C 0031           	move.b  #'1',d1
(2)  107/  C1AF8C :                     .zero:
 AS V1.42 Beta [Bld 311] - Source File main.asm(ui_settings.asm) - Page 69 - 9/11/2026 23:43:16


(2)  108/  C1AF8C : 33C1 003C 0002      	move.w  d1,REG_VRAMRW
(2)  109/  C1AF92 : 51CF FFEC           	dbra    d7,.bit
(2)  110/  C1AF96 :                     .norefresh_DIPs:
(2)  111/  C1AF96 :                     
(2)  112/  C1AF96 : 0839 0001 0010 D003 	btst.b  #1,RefreshFlags
(2)  113/  C1AF9E : 6736                	beq     .norefresh_country
(2)  114/  C1AFA0 :                         ; Refresh country
(2)  115/  C1AFA0 : 4EB9 00C1 C22C      	jsr     SaveSettings
(2)  116/  C1AFA6 : 7000                    moveq.l #0,d0
(2)  117/  C1AFA8 : 1039 0011 C18C      	move.b  SettingCountry,d0
(2)  118/  C1AFAE : 0200 0003           	andi.b  #3,d0
(2)  119/  C1AFB2 : 13C0 0011 C18C      	move.b  d0,SettingCountry
(2)  120/  C1AFB8 : 41F9 00C1 B29A          lea     CountryList,a0
(2)  121/  C1AFBE : E548                    lsl.w   #2,d0
(2)  122/  C1AFC0 : 2070 0000               move.l  0(a0,d0),a0
(2)  123/  C1AFC4 : 303C 728A           	move.w  #FIXMAP+10+(20*32),d0
(2)  124/  C1AFC8 : 4EB9 00C1 E528      	jsr     WriteFix
(2)  125/  C1AFCE : 08B9 0001 0010 D003 	bclr.b  #1,RefreshFlags
(2)  126/  C1AFD6 :                     .norefresh_country:
(2)  127/  C1AFD6 :                     
(2)  128/  C1AFD6 : 0839 0002 0010 D003 	btst.b  #2,RefreshFlags
(2)  129/  C1AFDE : 675C                	beq     .norefresh_cur
(2)  130/  C1AFE0 :                     	; Erase previous cursor
(2)  131/  C1AFE0 : 7000                	moveq.l #0,d0
(2)  132/  C1AFE2 : 1039 0010 D001      	move.b  FileCursorPrev,d0
(2)  133/  C1AFE8 : 4EB9 00C1 B396          jsr     GetNavYPos
(2)  134/  C1AFEE : D07C 712A           	add.w   #FIXMAP+10+(9*32),d0
(2)  135/  C1AFF2 : 33C0 003C 0000      	move.w  d0,REG_VRAMADDR
(2)  136/  C1AFF8 : 4E71                	nop
(2)  137/  C1AFFA : 4E71                	nop
(2)  138/  C1AFFC : 33FC 0520 003C 0002 	move.w  #$0520,REG_VRAMRW	; Space, palette 0, bank 5
(2)  139/  C1B004 :                     	; Draw new cursor
(2)  140/  C1B004 : 1039 0010 D000      	move.b  FileCursor,d0
(2)  141/  C1B00A : 0240 00FF           	andi.w  #$00FF,d0
(2)  142/  C1B00E :                     	;move.b  d0,d1
(2)  143/  C1B00E : 4EB9 00C1 B396          jsr     GetNavYPos
(2)  144/  C1B014 : 0640 712A           	addi.w  #FIXMAP+10+(9*32),d0
(2)  145/  C1B018 : 33C0 003C 0000      	move.w  d0,REG_VRAMADDR
(2)  146/  C1B01E : 4E71                	nop
(2)  147/  C1B020 : 4E71                	nop
(2)  148/  C1B022 : 33FC 0511 003C 0002 	move.w  #$05<<8+CHAR_ARROW_RIGHT,REG_VRAMRW	; Palette 0, bank 5
(2)  149/  C1B02A :                     	;move.b  d1,FileCursorPrev
(2)  150/  C1B02A : 13F9 0010 D000 0010 	move.b  FileCursor,FileCursorPrev
           C1B032 : D001               
(2)  151/  C1B034 : 08B9 0002 0010 D003 	bclr.b  #2,RefreshFlags
(2)  152/  C1B03C :                     .norefresh_cur:
(2)  153/  C1B03C :                     
(2)  154/  C1B03C : 0839 0003 0010 D003 	btst.b  #3,RefreshFlags
(2)  155/  C1B044 : 6726                	beq     .norefresh_devmode
(2)  156/  C1B046 :                     	; Refresh developer mode setting
(2)  157/  C1B046 : 41F9 00C1 AEEC      	lea     FixStrDisabled,a0
(2)  158/  C1B04C : 4A39 0010 FE80      	tst.b   BIOS_DEVMODE
(2)  159/  C1B052 : 6706                	beq     .disableda
(2)  160/  C1B054 : 41F9 00C1 AEE3      	lea     FixStrEnabled,a0
(2)  161/  C1B05A :                     .disableda:
(2)  162/  C1B05A : 303C 730F           	move.w  #FIXMAP+15+(24*32),d0
(2)  163/  C1B05E : 4EB9 00C1 E528      	jsr     WriteFix
(2)  164/  C1B064 : 08B9 0003 0010 D003 	bclr.b  #3,RefreshFlags
(2)  165/  C1B06C :                     .norefresh_devmode:
(2)  166/  C1B06C :                     
 AS V1.42 Beta [Bld 311] - Source File main.asm(ui_settings.asm) - Page 70 - 9/11/2026 23:43:16


(2)  167/  C1B06C : 0839 0004 0010 D003 	btst.b  #4,RefreshFlags
(2)  168/  C1B074 : 6730                	beq     .norefresh_ssaver
(2)  169/  C1B076 :                     	; Refresh screen saver setting
(2)  170/  C1B076 : 4EB9 00C1 C22C      	jsr     SaveSettings
(2)  171/  C1B07C : 41F9 00C1 AEEC      	lea     FixStrDisabled,a0
(2)  172/  C1B082 : 1039 0011 C18D      	move.b  SettingSSaver,d0
(2)  173/  C1B088 : 0200 0001           	andi.b  #1,d0
(2)  174/  C1B08C : 6706                	beq     .disabledb
(2)  175/  C1B08E : 41F9 00C1 AEE3      	lea     FixStrEnabled,a0
(2)  176/  C1B094 :                     .disabledb:
(2)  177/  C1B094 : 303C 7313           	move.w  #FIXMAP+19+(24*32),d0
(2)  178/  C1B098 : 4EB9 00C1 E528      	jsr     WriteFix
(2)  179/  C1B09E : 08B9 0004 0010 D003 	bclr.b  #4,RefreshFlags
(2)  180/  C1B0A6 :                     .norefresh_ssaver:
(2)  181/  C1B0A6 :                     
(2)  182/  C1B0A6 : 0839 0005 0010 D003 	btst.b  #5,RefreshFlags
(2)  183/  C1B0AE : 6750                	beq     .norefresh_led
(2)  184/  C1B0B0 :                     	; Refresh LED color settings
(2)  185/  C1B0B0 : 4EB9 00C1 C22C      	jsr     SaveSettings
(2)  186/  C1B0B6 : 50F9 0011 C1B7      	st.b    SetMCUConfig       ; Send setting to MCU to give a preview
(2)  187/  C1B0BC :                     
(2)  188/  C1B0BC : 7000                	moveq.l #0,d0
(2)  189/  C1B0BE : 1039 0011 C18E      	move.b  SettingLEDIdle,d0
(2)  190/  C1B0C4 : 41F9 00C1 B2AA          lea     ColorList,a0
(2)  191/  C1B0CA : E548                    lsl.w   #2,d0
(2)  192/  C1B0CC : 2070 0000               move.l  0(a0,d0),a0
(2)  193/  C1B0D0 : 303C 7311           	move.w  #FIXMAP+17+(24*32),d0
(2)  194/  C1B0D4 : 4EB9 00C1 E528      	jsr     WriteFix
(2)  195/  C1B0DA :                     
(2)  196/  C1B0DA : 7000                	moveq.l #0,d0
(2)  197/  C1B0DC : 1039 0011 C18F      	move.b  SettingLEDLoad,d0
(2)  198/  C1B0E2 : 41F9 00C1 B2AA          lea     ColorList,a0
(2)  199/  C1B0E8 : E548                    lsl.w   #2,d0
(2)  200/  C1B0EA : 2070 0000               move.l  0(a0,d0),a0
(2)  201/  C1B0EE : 303C 7312           	move.w  #FIXMAP+18+(24*32),d0
(2)  202/  C1B0F2 : 4EB9 00C1 E528      	jsr     WriteFix
(2)  203/  C1B0F8 :                     
(2)  204/  C1B0F8 : 08B9 0005 0010 D003 	bclr.b  #5,RefreshFlags
(2)  205/  C1B100 :                     .norefresh_led:
(2)  206/  C1B100 :                     
(2)  207/  C1B100 : 0839 0006 0010 D003 	btst.b  #6,RefreshFlags
(2)  208/  C1B108 : 6730                	beq     .norefresh_sfx
(2)  209/  C1B10A :                     	; Refresh sound effects setting
(2)  210/  C1B10A : 4EB9 00C1 C22C      	jsr     SaveSettings
(2)  211/  C1B110 : 41F9 00C1 AEEC      	lea     FixStrDisabled,a0
(2)  212/  C1B116 : 1039 0011 C190      	move.b  SettingSFX,d0
(2)  213/  C1B11C : 0200 0001           	andi.b  #1,d0
(2)  214/  C1B120 : 6706                	beq     .disabledc
(2)  215/  C1B122 : 41F9 00C1 AEE3      	lea     FixStrEnabled,a0
(2)  216/  C1B128 :                     .disabledc:
(2)  217/  C1B128 : 303C 7334           	move.w  #FIXMAP+20+(25*32),d0
(2)  218/  C1B12C : 4EB9 00C1 E528      	jsr     WriteFix
(2)  219/  C1B132 : 08B9 0006 0010 D003 	bclr.b  #6,RefreshFlags
(2)  220/  C1B13A :                     .norefresh_sfx:
(2)  221/  C1B13A :                     
(2)  222/  C1B13A : 0839 0007 0010 D003 	btst.b  #7,RefreshFlags
(2)  223/  C1B142 : 6752                	beq     .norefresh_anim
(2)  224/  C1B144 :                     	; Refresh boot anim setting
(2)  225/  C1B144 : 4EB9 00C1 C22C      	jsr     SaveSettings
(2)  226/  C1B14A : 41F9 00C1 AEF5      	lea     FixStrNew,a0
 AS V1.42 Beta [Bld 311] - Source File main.asm(ui_settings.asm) - Page 71 - 9/11/2026 23:43:16


(2)  227/  C1B150 : 1039 0011 C191      	move.b  SettingBootAnim,d0
(2)  228/  C1B156 : 0200 0001           	andi.b  #1,d0
(2)  229/  C1B15A : 6706                	beq     .new
(2)  230/  C1B15C : 41F9 00C1 AEF9      	lea     FixStrOld,a0
(2)  231/  C1B162 :                     .new:
(2)  232/  C1B162 : 303C 73B5           	move.w  #FIXMAP+21+(29*32),d0
(2)  233/  C1B166 : 4EB9 00C1 E528      	jsr     WriteFix
(2)  234/  C1B16C :                     	; Refresh loading anim setting
(2)  235/  C1B16C : 41F9 00C1 AEFD      	lea     FixStrFast,a0
(2)  236/  C1B172 : 1039 0011 C192      	move.b  SettingLoadAnim,d0
(2)  237/  C1B178 : 0200 0001           	andi.b  #1,d0
(2)  238/  C1B17C : 6706                	beq     .fast
(2)  239/  C1B17E : 41F9 00C1 AF02      	lea     FixStrSlow,a0
(2)  240/  C1B184 :                     .fast:
(2)  241/  C1B184 : 303C 73B6           	move.w  #FIXMAP+22+(29*32),d0
(2)  242/  C1B188 : 4EB9 00C1 E528      	jsr     WriteFix
(2)  243/  C1B18E : 08B9 0007 0010 D003 	bclr.b  #7,RefreshFlags
(2)  244/  C1B196 :                     .norefresh_anim:
(2)  245/  C1B196 :                     
(2)  246/  C1B196 :                         ; The B button MUST be handled before L/R to make sure the settings values were
(2)  247/  C1B196 :                         ; sanitized by the update procedures above before saving them and exiting !
(2)  248/  C1B196 : (MACRO)[37]         	TESTCHANGE CNT_B
(2)  248/  C1B196 : 1039 0010 FD97          move.b  BIOS_P1CHANGE,d0
(2)  248/  C1B19C : 8039 0010 FD9D          or.b    BIOS_P2CHANGE,d0
(2)  248/  C1B1A2 : 0200 0020               andi.b  #(2^CNT_B),d0
(2)  249/  C1B1A6 : 6736                    beq     no_b
(2)  250/  C1B1A8 :                         ; Show warning about Brazil region if needed, or just exit
(2)  251/  C1B1A8 : 0C39 0003 0010 D010     cmp.b   #3,UITemp
(2)  252/  C1B1B0 : 671C                    beq     ExitSettings        ; Brazil was already selected, no need to warn user
(2)  253/  C1B1B2 : 0C39 0003 0011 C18C     cmp.b   #3,SettingCountry
(2)  254/  C1B1BA : 6612                    bne     ExitSettings        ; Brazil isn't currently selected, no need to warn user
(2)  255/  C1B1BC : 41F9 00C1 F2C8          lea     FixStrBrazilWarning,a0
(2)  256/  C1B1C2 : 43F9 00C1 B1CE          lea     ExitSettings,a1
(2)  257/  C1B1C8 : 4EF9 00C1 9764          jmp     MessageBoxCustom
(2)  258/  C1B1CE :                     ExitSettings:
(2)  259/  C1B1CE : 103C 0045               move.b  #SFX_EXIT,d0
(2)  260/  C1B1D2 : 4EB9 00C1 9568          jsr     PlaySFX
(2)  261/  C1B1D8 : 4EF9 00C1 A6A0          jmp     SetupMenu
(2)  262/  C1B1DE :                     no_b:
(2)  263/  C1B1DE :                     
(2)  264/  C1B1DE :                     	; Handle input to move item cursor
(2)  265/  C1B1DE : (MACRO)[38]         	TESTREPEAT CNT_UP
(2)  265/  C1B1DE : 1039 0010 FD98          move.b  BIOS_P1REPEAT,d0
(2)  265/  C1B1E4 : 8039 0010 FD9E          or.b    BIOS_P2REPEAT,d0
(2)  265/  C1B1EA : 0200 0001               andi.b  #(2^CNT_UP),d0
(2)  266/  C1B1EE : 6722                    beq     .no_up
(2)  267/  C1B1F0 : 4A39 0010 D000          tst.b   FileCursor
(2)  268/  C1B1F6 : 671A                    beq     .no_up
(2)  269/  C1B1F8 :                         ; Move cursor
(2)  270/  C1B1F8 : 103C 0041               move.b  #SFX_MOVE,d0
(2)  271/  C1B1FC : 4EB9 00C1 9568          jsr     PlaySFX
(2)  272/  C1B202 : 5339 0010 D000          subq.b  #1,FileCursor
(2)  273/  C1B208 : 08F9 0002 0010 D003 	bset.b  #2,RefreshFlags
(2)  274/  C1B210 : 4E71                    bra     .no_up
(2)  275/  C1B212 :                     .no_up:
(2)  276/  C1B212 :                     
(2)  277/  C1B212 : (MACRO)[39]         	TESTREPEAT CNT_DOWN
(2)  277/  C1B212 : 1039 0010 FD98          move.b  BIOS_P1REPEAT,d0
(2)  277/  C1B218 : 8039 0010 FD9E          or.b    BIOS_P2REPEAT,d0
(2)  277/  C1B21E : 0200 0002               andi.b  #(2^CNT_DOWN),d0
 AS V1.42 Beta [Bld 311] - Source File main.asm(ui_settings.asm) - Page 72 - 9/11/2026 23:43:16


(2)  278/  C1B222 : 6726                    beq     .no_down
(2)  279/  C1B224 : 1039 0010 D000          move.b  FileCursor,d0
(2)  280/  C1B22A : 5200                    addq.b  #1,d0
(2)  281/  C1B22C : B03C 000B               cmp.b   #11,d0              ; Last item
(2)  282/  C1B230 : 6718                    beq     .no_down
(2)  283/  C1B232 :                         ; Move cursor
(2)  284/  C1B232 : 13C0 0010 D000          move.b  d0,FileCursor
(2)  285/  C1B238 : 103C 0041               move.b  #SFX_MOVE,d0
(2)  286/  C1B23C : 4EB9 00C1 9568          jsr     PlaySFX
(2)  287/  C1B242 : 08F9 0002 0010 D003 	bset.b  #2,RefreshFlags
(2)  288/  C1B24A :                     .no_down:
(2)  289/  C1B24A :                     
(2)  290/  C1B24A : (MACRO)[40]         	TESTCHANGE CNT_LEFT
(2)  290/  C1B24A : 1039 0010 FD97          move.b  BIOS_P1CHANGE,d0
(2)  290/  C1B250 : 8039 0010 FD9D          or.b    BIOS_P2CHANGE,d0
(2)  290/  C1B256 : 0200 0004               andi.b  #(2^CNT_LEFT),d0
(2)  291/  C1B25A : 6708                    beq     .no_left
(2)  292/  C1B25C :                         ; Call Left proc
(2)  293/  C1B25C : 7000                    moveq.l #0,d0
(2)  294/  C1B25E : 4EB9 00C1 B376          jsr     CallNavProc
(2)  295/  C1B264 :                     .no_left:
(2)  296/  C1B264 :                     
(2)  297/  C1B264 : (MACRO)[41]         	TESTCHANGE CNT_RIGHT
(2)  297/  C1B264 : 1039 0010 FD97          move.b  BIOS_P1CHANGE,d0
(2)  297/  C1B26A : 8039 0010 FD9D          or.b    BIOS_P2CHANGE,d0
(2)  297/  C1B270 : 0200 0008               andi.b  #(2^CNT_RIGHT),d0
(2)  298/  C1B274 : 6708                    beq     .no_right
(2)  299/  C1B276 :                         ; Call Right proc
(2)  300/  C1B276 : 7001                    moveq.l #1,d0
(2)  301/  C1B278 : 4EB9 00C1 B376          jsr     CallNavProc
(2)  302/  C1B27E :                     .no_right:
(2)  303/  C1B27E :                     
(2)  304/  C1B27E : (MACRO)[42]         	TESTCHANGE CNT_A
(2)  304/  C1B27E : 1039 0010 FD97          move.b  BIOS_P1CHANGE,d0
(2)  304/  C1B284 : 8039 0010 FD9D          or.b    BIOS_P2CHANGE,d0
(2)  304/  C1B28A : 0200 0010               andi.b  #(2^CNT_A),d0
(2)  305/  C1B28E : 6708                    beq     .no_a
(2)  306/  C1B290 :                         ; Call A proc
(2)  307/  C1B290 : 7002                    moveq.l #2,d0
(2)  308/  C1B292 : 4EB9 00C1 B376          jsr     CallNavProc
(2)  309/  C1B298 :                     .no_a:
(2)  310/  C1B298 :                     
(2)  311/  C1B298 : 4E75                	rts
(2)  312/  C1B29A :                     
(2)  313/  C1B29A :                     CountryList:
(2)  314/  C1B29A : 00C1 F2AC               dc.l FixStrJAPAN
(2)  315/  C1B29E : 00C1 F2B3               dc.l FixStrUSA
(2)  316/  C1B2A2 : 00C1 F2BA               dc.l FixStrEUROPE
(2)  317/  C1B2A6 : 00C1 F2C1               dc.l FixStrBRAZIL
(2)  318/  C1B2AA :                     
(2)  319/  C1B2AA :                     ColorList:
(2)  320/  C1B2AA : 00C1 F274               dc.l FixStrRED
(2)  321/  C1B2AE : 00C1 F284               dc.l FixStrGREEN
(2)  322/  C1B2B2 : 00C1 F27C               dc.l FixStrYELLOW
(2)  323/  C1B2B6 : 00C1 F294               dc.l FixStrBLUE
(2)  324/  C1B2BA : 00C1 F29C               dc.l FixStrMAGENTA
(2)  325/  C1B2BE : 00C1 F28C               dc.l FixStrCYAN
(2)  326/  C1B2C2 : 00C1 F2A4               dc.l FixStrWHITE
(2)  327/  C1B2C6 :                     
(2)  328/  C1B2C6 :                         
 AS V1.42 Beta [Bld 311] - Source File main.asm(ui_settings.asm) - Page 73 - 9/11/2026 23:43:16


(2)  329/  C1B2C6 :                     ; Navigation table
(2)  330/  C1B2C6 :                     ; Cursor Y position (word), parameter for procs (word), Left proc (ptr), Right proc (ptr), A proc (ptr)
(2)  331/  C1B2C6 :                     SettingsNavTable:
(2)  332/  C1B2C6 : 0000 0000               dc.w 0, 0
(2)  333/  C1B2CA : 00C1 B3A6 00C1 B3C0     dc.l NavProcCountryL, NavProcCountryR, NavProcNull
           C1B2D2 : 00C1 B3A4         
(2)  334/  C1B2D6 : 0001 0000               dc.w 1, 0
(2)  335/  C1B2DA : 00C1 B3A4 00C1 B3A4     dc.l NavProcNull, NavProcNull, NavProcRstCountry
           C1B2E2 : 00C1 B3DA         
(2)  336/  C1B2E6 : 0003 0000               dc.w 3, 0
(2)  337/  C1B2EA : 00C1 B42C 00C1 B446     dc.l NavProcDDIPL, NavProcDDIPR, NavProcDDIPA
           C1B2F2 : 00C1 B460         
(2)  338/  C1B2F6 : 0004 0001               dc.w 4, 1
(2)  339/  C1B2FA : 00C1 B42C 00C1 B446     dc.l NavProcDDIPL, NavProcDDIPR, NavProcDDIPA
           C1B302 : 00C1 B460         
(2)  340/  C1B306 : 0005 0000               dc.w 5, 0
(2)  341/  C1B30A : 00C1 B48C 00C1 B48C     dc.l NavProcDevModeLR, NavProcDevModeLR, NavProcNull
           C1B312 : 00C1 B3A4         
(2)  342/  C1B316 : 0007 0000               dc.w 7, 0
(2)  343/  C1B31A : 00C1 B4B8 00C1 B4EA     dc.l NavProcLEDL, NavProcLEDR, NavProcNull
           C1B322 : 00C1 B3A4         
(2)  344/  C1B326 : 0008 0001               dc.w 8, 1
(2)  345/  C1B32A : 00C1 B4B8 00C1 B4EA     dc.l NavProcLEDL, NavProcLEDR, NavProcNull
           C1B332 : 00C1 B3A4         
(2)  346/  C1B336 : 0009 0000               dc.w 9, 0
(2)  347/  C1B33A : 00C1 B3F4 00C1 B3F4     dc.l NavProcSSaverLR, NavProcSSaverLR, NavProcNull
           C1B342 : 00C1 B3A4         
(2)  348/  C1B346 : 000A 0000               dc.w 10, 0
(2)  349/  C1B34A : 00C1 B410 00C1 B410     dc.l NavProcSFXLR, NavProcSFXLR, NavProcNull
           C1B352 : 00C1 B3A4         
(2)  350/  C1B356 : 000B 0000               dc.w 11, 0
(2)  351/  C1B35A : 00C1 B51E 00C1 B51E     dc.l NavProcAnimLR, NavProcAnimLR, NavProcNull
           C1B362 : 00C1 B3A4         
(2)  352/  C1B366 : 000C 0000               dc.w 12, 0
(2)  353/  C1B36A : 00C1 B53A 00C1 B53A     dc.l NavProcLoadLR, NavProcLoadLR, NavProcNull
           C1B372 : 00C1 B3A4         
(2)  354/  C1B376 :                     
(2)  355/  C1B376 :                     ; d0:Proc event: 0=Left, 1=Right, 2=A
(2)  356/  C1B376 :                     CallNavProc:
(2)  357/  C1B376 : 7200                    moveq.l #0,d1
(2)  358/  C1B378 : 1239 0010 D000          move.b  FileCursor,d1
(2)  359/  C1B37E : E949                    lsl.w   #4,d1   ; A SettingsNavTable entry is 16 bytes
(2)  360/  C1B380 : 5240                    addq.w  #1,d0   ; Skip first 2 words
(2)  361/  C1B382 : E548                    lsl.w   #2,d0   ; Addressing longs
(2)  362/  C1B384 : D041                    add.w   d1,d0
(2)  363/  C1B386 : 41F9 00C1 B2C6          lea     SettingsNavTable,a0
(2)  364/  C1B38C : 2270 0000               move.l  0(a0,d0),a1     ; Get Proc pointer
(2)  365/  C1B390 : 3030 1002               move.w  2(a0,d1),d0     ; Get Proc parameter word
(2)  366/  C1B394 : 4ED1                    jmp     (a1)
(2)  367/  C1B396 :                         
(2)  368/  C1B396 :                     ; d0:Entry number
(2)  369/  C1B396 :                     GetNavYPos:
(2)  370/  C1B396 : E948                    lsl.w   #4,d0   ; A SettingsNavTable entry is 16 bytes
(2)  371/  C1B398 : 41F9 00C1 B2C6          lea     SettingsNavTable,a0
(2)  372/  C1B39E : 3030 0000               move.w  0(a0,d0),d0
(2)  373/  C1B3A2 : 4E75                    rts
(2)  374/  C1B3A4 :                     
(2)  375/  C1B3A4 :                     NavProcNull:
(2)  376/  C1B3A4 : 4E75                    rts
(2)  377/  C1B3A6 :                     
 AS V1.42 Beta [Bld 311] - Source File main.asm(ui_settings.asm) - Page 74 - 9/11/2026 23:43:16


(2)  378/  C1B3A6 :                     NavProcCountryL:
(2)  379/  C1B3A6 :                         ; Previous country
(2)  380/  C1B3A6 : 103C 0041               move.b  #SFX_MOVE,d0
(2)  381/  C1B3AA : 4EB9 00C1 9568          jsr     PlaySFX
(2)  382/  C1B3B0 : 5339 0011 C18C          subq.b  #1,SettingCountry
(2)  383/  C1B3B6 : 08F9 0001 0010 D003 	bset.b  #1,RefreshFlags
(2)  384/  C1B3BE : 4E75                	rts
(2)  385/  C1B3C0 :                     
(2)  386/  C1B3C0 :                     NavProcCountryR:
(2)  387/  C1B3C0 :                         ; Next country
(2)  388/  C1B3C0 : 103C 0041               move.b  #SFX_MOVE,d0
(2)  389/  C1B3C4 : 4EB9 00C1 9568          jsr     PlaySFX
(2)  390/  C1B3CA : 5239 0011 C18C          addq.b  #1,SettingCountry
(2)  391/  C1B3D0 : 08F9 0001 0010 D003 	bset.b  #1,RefreshFlags
(2)  392/  C1B3D8 : 4E75                	rts
(2)  393/  C1B3DA :                     
(2)  394/  C1B3DA :                     NavProcRstCountry:
(2)  395/  C1B3DA :                         ; Reset country
(2)  396/  C1B3DA : 103C 0044               move.b  #SFX_VAL,d0
(2)  397/  C1B3DE : 4EB9 00C1 9568          jsr     PlaySFX
(2)  398/  C1B3E4 : 4EB9 00C1 917A          jsr     ResetCountry
(2)  399/  C1B3EA : 08F9 0001 0010 D003 	bset.b  #1,RefreshFlags
(2)  400/  C1B3F2 : 4E75                	rts
(2)  401/  C1B3F4 :                     
(2)  402/  C1B3F4 :                     NavProcSSaverLR:
(2)  403/  C1B3F4 :                         ; Toggle screen saver on/off
(2)  404/  C1B3F4 : 103C 0041               move.b  #SFX_MOVE,d0
(2)  405/  C1B3F8 : 4EB9 00C1 9568          jsr     PlaySFX
(2)  406/  C1B3FE : 0A39 0001 0011 C18D     eori.b  #1,SettingSSaver
(2)  407/  C1B406 : 08F9 0004 0010 D003 	bset.b  #4,RefreshFlags
(2)  408/  C1B40E : 4E75                	rts
(2)  409/  C1B410 :                     
(2)  410/  C1B410 :                     NavProcSFXLR:
(2)  411/  C1B410 :                         ; Toggle sound effects on/off
(2)  412/  C1B410 : 103C 0041               move.b  #SFX_MOVE,d0
(2)  413/  C1B414 : 4EB9 00C1 9568          jsr     PlaySFX
(2)  414/  C1B41A : 0A39 0001 0011 C190     eori.b  #1,SettingSFX
(2)  415/  C1B422 : 08F9 0006 0010 D003 	bset.b  #6,RefreshFlags
(2)  416/  C1B42A : 4E75                	rts
(2)  417/  C1B42C :                     
(2)  418/  C1B42C :                     NavProcDDIPL:
(2)  419/  C1B42C :                         ; Previous debug DIP bit
(2)  420/  C1B42C : 103C 0041               move.b  #SFX_MOVE,d0
(2)  421/  C1B430 : 4EB9 00C1 9568          jsr     PlaySFX
(2)  422/  C1B436 : 5339 0010 D007          subq.b  #1,LetterCursor
(2)  423/  C1B43C : 08F9 0000 0010 D003 	bset.b  #0,RefreshFlags
(2)  424/  C1B444 : 4E75                	rts
(2)  425/  C1B446 :                     
(2)  426/  C1B446 :                     NavProcDDIPR:
(2)  427/  C1B446 :                         ; Next debug DIP bit
(2)  428/  C1B446 : 103C 0041               move.b  #SFX_MOVE,d0
(2)  429/  C1B44A : 4EB9 00C1 9568          jsr     PlaySFX
(2)  430/  C1B450 : 5239 0010 D007          addq.b  #1,LetterCursor
(2)  431/  C1B456 : 08F9 0000 0010 D003 	bset.b  #0,RefreshFlags
(2)  432/  C1B45E : 4E75                	rts
(2)  433/  C1B460 :                     
(2)  434/  C1B460 :                     NavProcDDIPA:
(2)  435/  C1B460 :                         ; Toggle debug DIP bit
(2)  436/  C1B460 : 41F9 0010 D026          lea     DebugDIP1,a0
(2)  437/  C1B466 : 4A00                    tst.b   d0
 AS V1.42 Beta [Bld 311] - Source File main.asm(ui_settings.asm) - Page 75 - 9/11/2026 23:43:16


(2)  438/  C1B468 : 6706                    beq     .dip1
(2)  439/  C1B46A : 41F9 0010 D027          lea     DebugDIP2,a0
(2)  440/  C1B470 :                     .dip1:
(2)  441/  C1B470 : 7000                    moveq.l #0,d0
(2)  442/  C1B472 : 1039 0010 D007          move.b  LetterCursor,d0
(2)  443/  C1B478 : 0200 0007               andi.b  #7,d0
> > > ui_settings.asm(444):13: warning: implicit sign extension
(2)  444/  C1B47C : 7280                    moveq.l #$80,d1
(2)  445/  C1B47E : E029                    lsr.b   d0,d1
(2)  446/  C1B480 : B310                    eor.b   d1,(a0)
(2)  447/  C1B482 : 08F9 0000 0010 D003 	bset.b  #0,RefreshFlags
(2)  448/  C1B48A : 4E75                	rts
(2)  449/  C1B48C :                     
(2)  450/  C1B48C :                     NavProcDevModeLR:
(2)  451/  C1B48C :                         ; Toggle developer mode on/off
(2)  452/  C1B48C : 103C 0041               move.b  #SFX_MOVE,d0
(2)  453/  C1B490 : 4EB9 00C1 9568          jsr     PlaySFX
(2)  454/  C1B496 : 4A39 0010 FE80          tst.b   BIOS_DEVMODE   ; BIOS_DEVMODE is not guaranteed to be always equal to 00 or FF
(2)  455/  C1B49C : 6708                    beq     .nodevmode     ; Toggle and fix value if needed at the same time
(2)  456/  C1B49E : 13FC 00FF 0010 FE80     move.b  #$FF,BIOS_DEVMODE
(2)  457/  C1B4A6 :                     .nodevmode:
(2)  458/  C1B4A6 : 0A39 00FF 0010 FE80     eori.b  #$FF,BIOS_DEVMODE
(2)  459/  C1B4AE : 08F9 0003 0010 D003 	bset.b  #3,RefreshFlags
(2)  460/  C1B4B6 : 4E75                	rts
(2)  461/  C1B4B8 :                     
(2)  462/  C1B4B8 :                     NavProcLEDL:
(2)  463/  C1B4B8 :                         ; Previous color
(2)  464/  C1B4B8 : 41F9 0011 C18E          lea     SettingLEDIdle,a0
(2)  465/  C1B4BE : 4A00                    tst.b   d0
(2)  466/  C1B4C0 : 6706                    beq     .ledidle
(2)  467/  C1B4C2 : 41F9 0011 C18F          lea     SettingLEDLoad,a0
(2)  468/  C1B4C8 :                     .ledidle:
(2)  469/  C1B4C8 : 1010                    move.b  (a0),d0
(2)  470/  C1B4CA : 4A00                    tst.b   d0
(2)  471/  C1B4CC : 6604                    bne     .subok
(2)  472/  C1B4CE : 103C 0007               move.b  #6+1,d0
(2)  473/  C1B4D2 :                     .subok:
(2)  474/  C1B4D2 : 5300                    subq.b  #1,d0
(2)  475/  C1B4D4 : 1080                    move.b  d0,(a0)
(2)  476/  C1B4D6 : 103C 0041               move.b  #SFX_MOVE,d0
(2)  477/  C1B4DA : 4EB9 00C1 9568          jsr     PlaySFX
(2)  478/  C1B4E0 : 08F9 0005 0010 D003 	bset.b  #5,RefreshFlags
(2)  479/  C1B4E8 : 4E75                	rts
(2)  480/  C1B4EA :                     
(2)  481/  C1B4EA :                     NavProcLEDR:
(2)  482/  C1B4EA :                         ; Next color
(2)  483/  C1B4EA : 41F9 0011 C18E          lea     SettingLEDIdle,a0
(2)  484/  C1B4F0 : 4A00                    tst.b   d0
(2)  485/  C1B4F2 : 6706                    beq     .ledidle
(2)  486/  C1B4F4 : 41F9 0011 C18F          lea     SettingLEDLoad,a0
(2)  487/  C1B4FA :                     .ledidle:
(2)  488/  C1B4FA : 1010                    move.b  (a0),d0
(2)  489/  C1B4FC : B03C 0006               cmp.b   #6,d0
(2)  490/  C1B500 : 6604                    bne     .addok
(2)  491/  C1B502 : 103C 00FF               move.b  #0-1,d0
(2)  492/  C1B506 :                     .addok:
(2)  493/  C1B506 : 5200                    addq.b  #1,d0
(2)  494/  C1B508 : 1080                    move.b  d0,(a0)
(2)  495/  C1B50A : 103C 0041               move.b  #SFX_MOVE,d0
(2)  496/  C1B50E : 4EB9 00C1 9568          jsr     PlaySFX
 AS V1.42 Beta [Bld 311] - Source File main.asm(ui_settings.asm) - Page 76 - 9/11/2026 23:43:16


(2)  497/  C1B514 : 08F9 0005 0010 D003 	bset.b  #5,RefreshFlags
(2)  498/  C1B51C : 4E75                	rts
(2)  499/  C1B51E :                     
(2)  500/  C1B51E :                     NavProcAnimLR:
(2)  501/  C1B51E :                         ; Choose between old or new boot animation
(2)  502/  C1B51E : 103C 0041               move.b  #SFX_MOVE,d0
(2)  503/  C1B522 : 4EB9 00C1 9568          jsr     PlaySFX
(2)  504/  C1B528 : 0A39 0001 0011 C191     eori.b  #1,SettingBootAnim
(2)  505/  C1B530 : 08F9 0007 0010 D003 	bset.b  #7,RefreshFlags
(2)  506/  C1B538 : 4E75                	rts
(2)  507/  C1B53A :                     
(2)  508/  C1B53A :                     NavProcLoadLR:
(2)  509/  C1B53A :                         ; Choose between slowed down or normal loading animations
(2)  510/  C1B53A : 103C 0041               move.b  #SFX_MOVE,d0
(2)  511/  C1B53E : 4EB9 00C1 9568          jsr     PlaySFX
(2)  512/  C1B544 : 0A39 0001 0011 C192     eori.b  #1,SettingLoadAnim
(2)  513/  C1B54C : 08F9 0007 0010 D003 	bset.b  #7,RefreshFlags
(2)  514/  C1B554 : 4E75                	rts
(2)  515/  C1B556 :                     
(1)  274/  C1B556 :                     	INCLUDE "ui_debug.asm"
(2)    1/  C1B556 :                     ; Copyright (C) 2020 Sean Gonsalves
(2)    2/  C1B556 :                     ;
(2)    3/  C1B556 :                     ; This file is part of Neo CD SD Loader.
(2)    4/  C1B556 :                     ;
(2)    5/  C1B556 :                     ; This program is free software; you can redistribute it and/or modify
(2)    6/  C1B556 :                     ; it under the terms of the GNU General Public License as published by
(2)    7/  C1B556 :                     ; the Free Software Foundation; either version 2, or (at your option)
(2)    8/  C1B556 :                     ; any later version.
(2)    9/  C1B556 :                     ;
(2)   10/  C1B556 :                     ; This program is distributed in the hope that it will be useful,
(2)   11/  C1B556 :                     ; but WITHOUT ANY WARRANTY; without even the implied warranty of
(2)   12/  C1B556 :                     ; MERCHANTABILITY or FITNESS FOR A PARTICULAR PURPOSE.  See the
(2)   13/  C1B556 :                     ; GNU General Public License for more details.
(2)   14/  C1B556 :                     ;
(2)   15/  C1B556 :                     ; You should have received a copy of the GNU General Public License
(2)   16/  C1B556 :                     ; along with this program; see the file COPYING.  If not, write to
(2)   17/  C1B556 :                     ; the Free Software Foundation, Inc., 51 Franklin Street,
(2)   18/  C1B556 :                     ; Boston, MA 02110-1301, USA.
(2)   19/  C1B556 :                     
(2)   20/  C1B556 : =>UNDEFINED             IFDEF LOADTEST
(2)   21/  C1B556 :                     SetupDebugLoading:
(2)   22/  C1B556 :                         ; Setup loading test
(2)   23/  C1B556 :                         move.w  #SCREEN_IDLE,CurrentScreen
(2)   24/  C1B556 :                     
(2)   25/  C1B556 :                         jsr     ClearFix
(2)   26/  C1B556 :                     
(2)   27/  C1B556 :                     	move.w  #$0500,FixWriteConfig	; Bank 5 has menu font
(2)   28/  C1B556 :                     
(2)   29/  C1B556 :                     	move.l  #0,DBGTotal         ; Total 512kB loading runs
(2)   30/  C1B556 :                     	move.l  #0,DBGPass          ; Valid loading runs
(2)   31/  C1B556 :                     	move.l  #0,DBGWrong         ; Failed loading runs
(2)   32/  C1B556 :                     	move.l  #0,DBGLast          ; Address of last error (difference) found
(2)   33/  C1B556 :                     
(2)   34/  C1B556 :                         ; Select test data file (reserved index #200)
(2)   35/  C1B556 :                         moveq.b #200,MCUCmdParams   ; ii 00 00 00
(2)   36/  C1B556 :                         MCUCMD  MCU_CMD_SELECTGAME
(2)   37/  C1B556 :                         bcc     .notimeout
(2)   38/  C1B556 :                         jsr     DispErrorTimeout    ; Timeout during file selection
(2)   39/  C1B556 :                         rts
(2)   40/  C1B556 :                     .notimeout:
 AS V1.42 Beta [Bld 311] - Source File main.asm(ui_debug.asm) - Page 77 - 9/11/2026 23:43:16


(2)   41/  C1B556 :                         ; Read 4 words from the MCU (see doc)
(2)   42/  C1B556 :                         jsr     MCURead4Words
(2)   43/  C1B556 :                         jsr     CheckACK
(2)   44/  C1B556 :                         bcc     .cmdok
(2)   45/  C1B556 :                         rts
(2)   46/  C1B556 :                     .cmdok:
(2)   47/  C1B556 :                     
(2)   48/  C1B556 :                         move.w  #SCREEN_DEBUGLOAD,CurrentScreen
(2)   49/  C1B556 :                     	rts
(2)   50/  C1B556 :                     	
(2)   51/  C1B556 :                     VBLProcDebugLoading:
(2)   52/  C1B556 :                         ; Just refresh counters
(2)   53/  C1B556 :                     	lea     FixValueList,a0
(2)   54/  C1B556 :                     	move.l  DBGTotal,(a0)+
(2)   55/  C1B556 :                     	move.l  DBGPass,(a0)+
(2)   56/  C1B556 :                     	move.l  DBGWrong,(a0)+
(2)   57/  C1B556 :                     	move.l  DBGLast,(a0)+
(2)   58/  C1B556 :                         lea     FixStrDebugLoad,a0
(2)   59/  C1B556 :                     	move.w  #FIXMAP+12+(8*32),d0
(2)   60/  C1B556 :                     	jsr     WriteFix
(2)   61/  C1B556 :                     
(2)   62/  C1B556 :                         ; Erase 512kB DRAM
(2)   63/  C1B556 :                         moveq.l #0,d0
(2)   64/  C1B556 :                     	lea     $180000,a0
(2)   65/  C1B556 :                     	move.w  #$8000,d7
(2)   66/  C1B556 :                     .erase:
(2)   67/  C1B556 :                         move.l  d0,(a0)+
(2)   68/  C1B556 :                         move.l  d0,(a0)+
(2)   69/  C1B556 :                         move.l  d0,(a0)+
(2)   70/  C1B556 :                         move.l  d0,(a0)+
(2)   71/  C1B556 :                         subq.w  #1,d7
(2)   72/  C1B556 :                         bne     .erase
(2)   73/  C1B556 :                     
(2)   74/  C1B556 :                     	move.l  #$180000,$10FEF4    ; SectorLoadDest
(2)   75/  C1B556 :                     	move.l  #$111204,$10FEF8	; "CDSectorBuffer" -> SectorLoadBuffer
(2)   76/  C1B556 :                         move.l  #2048,$10FEFC       ; SectorLoadSize
(2)   77/  C1B556 :                         move.l  #$00020000,MSFCounter       ; Start MSF (2 seconds = LBA 0)
(2)   78/  C1B556 :                         move.w  #256,CDSectorCount  ; 512kB / 2048B = 256 sectors
(2)   79/  C1B556 :                     .loadsectors:
(2)   80/  C1B556 :                     	jsr     LoadCDSectorFromSD
(2)   81/  C1B556 :                     	; Copy sector to DRAM
(2)   82/  C1B556 :                     	moveq.l #0,d0
(2)   83/  C1B556 :                         jsr     RunDMADirect
(2)   84/  C1B556 :                         ; Inc destination pointer
(2)   85/  C1B556 :                         move.l  $10FEF4,d0          ; SectorLoadDest
(2)   86/  C1B556 :                         add.l   $10FEFC,d0          ; SectorLoadSize
(2)   87/  C1B556 :                         move.l  d0,$10FEF4          ; SectorLoadDest
(2)   88/  C1B556 :                     	tst.w   CDSectorCount
(2)   89/  C1B556 :                     	bne     .loadsectors
(2)   90/  C1B556 :                     	
(2)   91/  C1B556 :                     	; 512kB loaded, now test data validity
(2)   92/  C1B556 :                     	; See lfsrdatagen tool
(2)   93/  C1B556 :                     	move.l  #$3FFFFF,d3  ; lfsr
(2)   94/  C1B556 :                     	lea     $180000,a0
(2)   95/  C1B556 :                     	move.l  #$80000,d7
(2)   96/  C1B556 :                     .check:
(2)   97/  C1B556 :                         move.w  d3,d1
(2)   98/  C1B556 :                         lsr.w   #8,d1
(2)   99/  C1B556 :                         cmp.b   (a0)+,d1
(2)  100/  C1B556 :                         bne     .wrong
 AS V1.42 Beta [Bld 311] - Source File main.asm(ui_debug.asm) - Page 78 - 9/11/2026 23:43:16


(2)  101/  C1B556 :                         move.l  d3,d1   ; FEDCBA9876543210 fedcba9876543210
(2)  102/  C1B556 :                         swap.l  d1      ; fedcba9876543210 FEDCBA9876543210
(2)  103/  C1B556 :                         lsr.w   #5,d1   ; fedcba9876543210 -----FEDCBA98765
(2)  104/  C1B556 :                         eor.w   d3,d1
(2)  105/  C1B556 :                         lsr.l   #1,d3
(2)  106/  C1B556 :                         lsr.w   #1,d1   ; LSB goes in carry
(2)  107/  C1B556 :                         bcc     .zero
(2)  108/  C1B556 :                         eori.l  #1<<21,d3
(2)  109/  C1B556 :                     .zero:
(2)  110/  C1B556 :                         subq.l  #1,d7
(2)  111/  C1B556 :                         bne     .check
(2)  112/  C1B556 :                     	addq.l  #1,DBGPass
(2)  113/  C1B556 :                     	bra     .done
(2)  114/  C1B556 :                     .wrong:
(2)  115/  C1B556 :                         move.l  a0,DBGLast
(2)  116/  C1B556 :                     	addq.l  #1,DBGWrong
(2)  117/  C1B556 :                     .done:
(2)  118/  C1B556 :                     	addq.l  #1,DBGTotal
(2)  119/  C1B556 :                         rts
(2)  120/  C1B556 : [20]                    ENDIF
(2)  121/  C1B556 :                     
(2)  122/  C1B556 :                     
(2)  123/  C1B556 : =>UNDEFINED             IFDEF OLD_DEBUG_STUFF
(2)  124/  C1B556 :                     SetupDebugComm:
(2)  125/  C1B556 :                         ; Setup MCU comm test
(2)  126/  C1B556 :                         move.w  #SCREEN_COMMTEST,CurrentScreen
(2)  127/  C1B556 :                     
(2)  128/  C1B556 :                         jsr     ClearFix
(2)  129/  C1B556 :                     
(2)  130/  C1B556 :                     	move.w  #$0500,FixWriteConfig	; Bank 5 has menu font
(2)  131/  C1B556 :                     
(2)  132/  C1B556 :                     	move.l  #0,DBGTotal
(2)  133/  C1B556 :                     	move.l  #0,DBGPass
(2)  134/  C1B556 :                     	move.l  #0,DBGWrong
(2)  135/  C1B556 :                     	move.l  #0,DBGTimeout
(2)  136/  C1B556 :                     	rts
(2)  137/  C1B556 :                     
(2)  138/  C1B556 :                     SetupDebugSDInit:
(2)  139/  C1B556 :                     	move.w  #SCREEN_DEBUGSD,CurrentScreen
(2)  140/  C1B556 :                     
(2)  141/  C1B556 :                         jsr     ClearFix
(2)  142/  C1B556 :                     
(2)  143/  C1B556 :                     	move.w  #$0500,FixWriteConfig	; Bank 5 has menu font
(2)  144/  C1B556 :                     
(2)  145/  C1B556 :                         ; Tell MCU to init SD and get card type
(2)  146/  C1B556 :                         MCUCMD  MCU_CMD_INITSD
(2)  147/  C1B556 :                         bcc     .notimeout
(2)  148/  C1B556 :                         jsr     DispErrorTimeout
(2)  149/  C1B556 :                         rts
(2)  150/  C1B556 :                     .notimeout:
(2)  151/  C1B556 :                         ; Read 4 words from the MCU (see doc)
(2)  152/  C1B556 :                         jsr     MCURead4Words
(2)  153/  C1B556 :                         jsr     CheckACK
(2)  154/  C1B556 :                         bcs     .done
(2)  155/  C1B556 :                         ; Ok, show SD card type
(2)  156/  C1B556 :                         lea     FixStrSDV1,a0
(2)  157/  C1B556 :                     	move.b  MCUReplyBuffer+1,d0
(2)  158/  C1B556 :                     	cmp.b   #1,d0
(2)  159/  C1B556 :                     	beq     .sdv1
(2)  160/  C1B556 :                         lea     FixStrSDV2,a0
 AS V1.42 Beta [Bld 311] - Source File main.asm(ui_debug.asm) - Page 79 - 9/11/2026 23:43:16


(2)  161/  C1B556 :                     .sdv1:
(2)  162/  C1B556 :                     	move.w  #FIXMAP+8+(4*32),d0
(2)  163/  C1B556 :                     	jsr     WriteFix
(2)  164/  C1B556 :                     .done:
(2)  165/  C1B556 :                         lea     FixStrBExit,a0
(2)  166/  C1B556 :                     	move.w  #FIXMAP+18+(4*32),d0
(2)  167/  C1B556 :                     	jsr     WriteFix
(2)  168/  C1B556 :                     	rts
(2)  169/  C1B556 :                     
(2)  170/  C1B556 :                     SetupDebugISOList:
(2)  171/  C1B556 :                     	move.w  #SCREEN_DEBUGISO,CurrentScreen
(2)  172/  C1B556 :                     
(2)  173/  C1B556 :                         jsr     ClearFix
(2)  174/  C1B556 :                     
(2)  175/  C1B556 :                     	move.w  #$0500,FixWriteConfig	; Bank 5 has menu font
(2)  176/  C1B556 :                     
(2)  177/  C1B556 :                         ; Tell MCU to get ISO files list
(2)  178/  C1B556 :                         MCUCMD  MCU_CMD_GETISOS
(2)  179/  C1B556 :                         bcc     .notimeout
(2)  180/  C1B556 :                         jsr     DispErrorTimeout
(2)  181/  C1B556 :                         rts
(2)  182/  C1B556 :                     .notimeout:
(2)  183/  C1B556 :                         ; Read 4 words from the MCU (see doc)
(2)  184/  C1B556 :                         jsr     MCURead4Words
(2)  185/  C1B556 :                         jsr     CheckACK
(2)  186/  C1B556 :                         bcc     .cmdok
(2)  187/  C1B556 :                         rts
(2)  188/  C1B556 :                     .cmdok:
(2)  189/  C1B556 :                         ; Ok, get file count
(2)  190/  C1B556 :                     
(2)  191/  C1B556 :                         moveq.l #0,d0
(2)  192/  C1B556 :                         move.b  MCUReplyBuffer+1,d0
(2)  193/  C1B556 :                     	lea     FixValueList,a0
(2)  194/  C1B556 :                     	move.l  d0,(a0)+
(2)  195/  C1B556 :                         lea     FixStrFileCount,a0
(2)  196/  C1B556 :                     	move.w  #FIXMAP+8+(4*32),d0
(2)  197/  C1B556 :                     	jsr     WriteFix
(2)  198/  C1B556 :                     
(2)  199/  C1B556 :                         lea     FixStrISOLoad,a0
(2)  200/  C1B556 :                     	move.w  #FIXMAP+24+(4*32),d0
(2)  201/  C1B556 :                     	jsr     WriteFix
(2)  202/  C1B556 :                     	rts
(2)  203/  C1B556 :                     
(2)  204/  C1B556 :                     SetupROMDump:
(2)  205/  C1B556 :                     	move.w  #SCREEN_ROMDUMP,CurrentScreen
(2)  206/  C1B556 :                     
(2)  207/  C1B556 :                         jsr     ClearFix
(2)  208/  C1B556 :                     
(2)  209/  C1B556 :                     	move.w  #$0500,FixWriteConfig	; Bank 5 has menu font
(2)  210/  C1B556 :                     
(2)  211/  C1B556 :                         lea     FixStrROMDump,a0
(2)  212/  C1B556 :                     	move.w  #FIXMAP+12+(10*32),d0
(2)  213/  C1B556 :                     	jsr     WriteFix
(2)  214/  C1B556 :                     	rts
(2)  215/  C1B556 :                     	
(2)  216/  C1B556 :                     VBLProcROMDump:
(2)  217/  C1B556 :                         move.b  BIOS_P1CHANGE,d0
(2)  218/  C1B556 :                     	btst    #CNT_A,d0
(2)  219/  C1B556 :                         beq     .no_a
(2)  220/  C1B556 :                         ; Confirm
 AS V1.42 Beta [Bld 311] - Source File main.asm(ui_debug.asm) - Page 80 - 9/11/2026 23:43:16


(2)  221/  C1B556 :                         ; Tell MCU to dump console system ROM
(2)  222/  C1B556 :                         MCUCMD  MCU_CMD_DUMPROM
(2)  223/  C1B556 :                         bcc     .notimeout
(2)  224/  C1B556 :                         jsr     DispError
(2)  225/  C1B556 :                         rts
(2)  226/  C1B556 :                     .notimeout:
(2)  227/  C1B556 :                         ; At this point, either an error is returned or a reset is fired
(2)  228/  C1B556 :                         ; Read 4 words from the MCU (see doc)
(2)  229/  C1B556 :                         jsr     MCURead4Words
(2)  230/  C1B556 :                         ; Check that command was processed ok
(2)  231/  C1B556 :                         move.b  MCUReplyBuffer,d0
(2)  232/  C1B556 :                         andi.b  #$F0,d0
(2)  233/  C1B556 :                         cmp.b   #$F0,d0
(2)  234/  C1B556 :                         beq     .cmdok
(2)  235/  C1B556 :                         ; Not ok, show error text and abort
(2)  236/  C1B556 :                         lea     FixStrCmdDumpNOK,a0
(2)  237/  C1B556 :                     	move.w  #FIXMAP+8+(4*32),d0
(2)  238/  C1B556 :                     	jsr     WriteFix
(2)  239/  C1B556 :                     .cmdok:
(2)  240/  C1B556 :                         ; Ok
(2)  241/  C1B556 :                     .no_a:
(2)  242/  C1B556 :                     
(2)  243/  C1B556 :                         move.b  BIOS_P1CHANGE,d0
(2)  244/  C1B556 :                         btst    #CNT_B,d0
(2)  245/  C1B556 :                         beq     .no_b
(2)  246/  C1B556 :                         ; Cancel
(2)  247/  C1B556 :                         jsr     SetupMenu
(2)  248/  C1B556 :                     .no_b:
(2)  249/  C1B556 :                         rts
(2)  250/  C1B556 :                     
(2)  251/  C1B556 :                     
(2)  252/  C1B556 :                     VBLProcCommTest:
(2)  253/  C1B556 :                     	lea     FixValueList,a0
(2)  254/  C1B556 :                     	move.l  DBGTotal,(a0)+
(2)  255/  C1B556 :                     	move.l  DBGPass,(a0)+
(2)  256/  C1B556 :                     	move.l  DBGWrong,(a0)+
(2)  257/  C1B556 :                     	move.l  DBGTimeout,(a0)+
(2)  258/  C1B556 :                     	move.l  DBGLast,(a0)+
(2)  259/  C1B556 :                         lea     FixStrDebug,a0
(2)  260/  C1B556 :                     	move.w  #FIXMAP+8+(8*32),d0
(2)  261/  C1B556 :                     	jsr     WriteFix
(2)  262/  C1B556 :                     
(2)  263/  C1B556 :                         move.b  BIOS_P1CURRENT,d0
(2)  264/  C1B556 :                     	btst    #CNT_A,d0
(2)  265/  C1B556 :                         bne     .press_a
(2)  266/  C1B556 :                     
(2)  267/  C1B556 :                     	move.w  #MCU_CMD_TEST,CPLDREG_DATA
(2)  268/  C1B556 :                         jsr     MCUWaitAck
(2)  269/  C1B556 :                         tst.b   d0
(2)  270/  C1B556 :                         bne     .timeout
(2)  271/  C1B556 :                         move.l  DBGTotal,d4
(2)  272/  C1B556 :                     	move.w  d4,CPLDREG_DATA
(2)  273/  C1B556 :                         jsr     MCUWaitAck
(2)  274/  C1B556 :                         tst.b   d0
(2)  275/  C1B556 :                         bne     .timeout
(2)  276/  C1B556 :                         moveq.l #0,d4
(2)  277/  C1B556 :                     	move.w  d4,CPLDREG_DATA
(2)  278/  C1B556 :                         jsr     MCUWaitAck
(2)  279/  C1B556 :                         tst.b   d0
(2)  280/  C1B556 :                         bne     .timeout
 AS V1.42 Beta [Bld 311] - Source File main.asm(ui_debug.asm) - Page 81 - 9/11/2026 23:43:16


(2)  281/  C1B556 :                     	move.w  d4,CPLDREG_DATA
(2)  282/  C1B556 :                         jsr     MCUWaitAck
(2)  283/  C1B556 :                         tst.b   d0
(2)  284/  C1B556 :                         bne     .timeout
(2)  285/  C1B556 :                     	move.w  d4,CPLDREG_DATA
(2)  286/  C1B556 :                         jsr     MCUWaitAck
(2)  287/  C1B556 :                         tst.b   d0
(2)  288/  C1B556 :                         bne     .timeout
(2)  289/  C1B556 :                     
(2)  290/  C1B556 :                     	move.w  d0,CPLDREG_EXEC
(2)  291/  C1B556 :                         jsr     MCUWaitExec
(2)  292/  C1B556 :                         tst.b   d0
(2)  293/  C1B556 :                         bne     .timeout
(2)  294/  C1B556 :                     
(2)  295/  C1B556 :                         move.w  CPLDREG_DATA,d1     ; Read what the MCU replied
(2)  296/  C1B556 :                         jsr     MCUWaitAck
(2)  297/  C1B556 :                         tst.b   d0
(2)  298/  C1B556 :                         bne     .timeout
(2)  299/  C1B556 :                     
(2)  300/  C1B556 :                         move.l  d1,DBGLast
(2)  301/  C1B556 :                         move.l  DBGTotal,d0
(2)  302/  C1B556 :                         cmp.b   d0,d1               ; Check if it's the same byte we sent
(2)  303/  C1B556 :                         bne     .wrong
(2)  304/  C1B556 :                         addq.l  #1,DBGPass
(2)  305/  C1B556 :                         bra     .done
(2)  306/  C1B556 :                     .wrong:
(2)  307/  C1B556 :                         addq.l  #1,DBGWrong
(2)  308/  C1B556 :                         bra     .done
(2)  309/  C1B556 :                     .timeout:
(2)  310/  C1B556 :                         addq.l  #1,DBGTimeout
(2)  311/  C1B556 :                     .done:
(2)  312/  C1B556 :                         addq.l  #1,DBGTotal
(2)  313/  C1B556 :                     .press_a:
(2)  314/  C1B556 :                     
(2)  315/  C1B556 :                         move.b  BIOS_P1CHANGE,d0
(2)  316/  C1B556 :                     	btst    #CNT_B,d0
(2)  317/  C1B556 :                         beq     .no_b
(2)  318/  C1B556 :                         jsr     SetupMenu
(2)  319/  C1B556 :                     .no_b:
(2)  320/  C1B556 :                     
(2)  321/  C1B556 :                         rts
(2)  322/  C1B556 :                     
(2)  323/  C1B556 :                     
(2)  324/  C1B556 :                     VBLProcDebugBExit:
(2)  325/  C1B556 :                         move.b  BIOS_P1CHANGE,d0
(2)  326/  C1B556 :                     	btst    #CNT_B,d0
(2)  327/  C1B556 :                         beq     .no_b
(2)  328/  C1B556 :                         jsr     SetupMenu
(2)  329/  C1B556 :                     .no_b:
(2)  330/  C1B556 :                         rts
(2)  331/  C1B556 :                     
(2)  332/  C1B556 :                     VBLProcDebugISO:
(2)  333/  C1B556 :                         move.b  BIOS_P1CHANGE,d0
(2)  334/  C1B556 :                     	btst    #CNT_A,d0
(2)  335/  C1B556 :                         beq     .no_a
(2)  336/  C1B556 :                         move.b  #0,d0
(2)  337/  C1B556 :                         jsr     LoadISO
(2)  338/  C1B556 :                     .no_a:
(2)  339/  C1B556 :                     
(2)  340/  C1B556 :                         move.b  BIOS_P1CHANGE,d0
 AS V1.42 Beta [Bld 311] - Source File main.asm(ui_debug.asm) - Page 82 - 9/11/2026 23:43:16


(2)  341/  C1B556 :                     	btst    #CNT_B,d0
(2)  342/  C1B556 :                         beq     .no_b
(2)  343/  C1B556 :                         jsr     SetupMenu
(2)  344/  C1B556 :                     .no_b:
(2)  345/  C1B556 :                     
(2)  346/  C1B556 :                     	btst   	#7,$10F6B9			; "GameStartState"
(2)  347/  C1B556 :                     	beq     .idle
(2)  348/  C1B556 :                     	IF TARGET==1
(2)  349/  C1B556 :                     	   ERROR ":("
(2)  350/  C1B556 :                         ELSE
(2)  351/  C1B556 :                     	jmp     StartGameCD
(2)  352/  C1B556 : [348]               	ENDIF
(2)  353/  C1B556 :                     .idle:
(2)  354/  C1B556 :                     
(2)  355/  C1B556 :                         rts
(2)  356/  C1B556 : [123]                   ENDIF
(2)  357/  C1B556 :                         
(1)  275/  C1B556 :                     	INCLUDE "ui_update.asm"
(2)    1/  C1B556 :                     ; Copyright (C) 2020 Sean Gonsalves
(2)    2/  C1B556 :                     ;
(2)    3/  C1B556 :                     ; This file is part of Neo CD SD Loader.
(2)    4/  C1B556 :                     ;
(2)    5/  C1B556 :                     ; This program is free software; you can redistribute it and/or modify
(2)    6/  C1B556 :                     ; it under the terms of the GNU General Public License as published by
(2)    7/  C1B556 :                     ; the Free Software Foundation; either version 2, or (at your option)
(2)    8/  C1B556 :                     ; any later version.
(2)    9/  C1B556 :                     ;
(2)   10/  C1B556 :                     ; This program is distributed in the hope that it will be useful,
(2)   11/  C1B556 :                     ; but WITHOUT ANY WARRANTY; without even the implied warranty of
(2)   12/  C1B556 :                     ; MERCHANTABILITY or FITNESS FOR A PARTICULAR PURPOSE.  See the
(2)   13/  C1B556 :                     ; GNU General Public License for more details.
(2)   14/  C1B556 :                     ;
(2)   15/  C1B556 :                     ; You should have received a copy of the GNU General Public License
(2)   16/  C1B556 :                     ; along with this program; see the file COPYING.  If not, write to
(2)   17/  C1B556 :                     ; the Free Software Foundation, Inc., 51 Franklin Street,
(2)   18/  C1B556 :                     ; Boston, MA 02110-1301, USA.
(2)   19/  C1B556 :                     
(2)   20/  C1B556 :                     DoUpdate:
(2)   21/  C1B556 : (MACRO)[43]             MCUCMD  MCU_CMD_UPDATE
(2)   21/  C1B556 : 163C 0003               move.b  #MCU_CMD_UPDATE,d3
(2)   21/  C1B55A : 4EB9 00C1 C756          jsr     MCUCommand
(2)   22/  C1B560 : 6406                    bcc     .notimeout
(2)   23/  C1B562 : 4EF9 00C1 9914          jmp     DispErrorTimeout
(2)   24/  C1B568 :                     .notimeout:
(2)   25/  C1B568 :                         ; Console may be reset here
(2)   26/  C1B568 :                         ; Read 4 words from the MCU (see doc)
(2)   27/  C1B568 : 4EB9 00C1 C85A          jsr     MCURead4Words
(2)   28/  C1B56E : 1039 0011 C100          move.b  MCUReplyBuffer,d0
(2)   29/  C1B574 : 0200 00F0               andi.b  #$F0,d0
(2)   30/  C1B578 : B03C 00F0               cmp.b   #$F0,d0
(2)   31/  C1B57C : 6716                    beq     .ok
(2)   32/  C1B57E : 0C39 0001 0011 C101     cmp.b   #1,MCUReplyBuffer+1 ; File not found error code
(2)   33/  C1B586 : 660C                    bne     .ok
(2)   34/  C1B588 : 41F9 00C1 F42B          lea     StrMsgBoxNoUpdate,a0
(2)   35/  C1B58E : 4EB9 00C1 9760          jsr     MessageBox
(2)   36/  C1B594 :                     .ok:
(2)   37/  C1B594 : 4E75                    rts
(2)   38/  C1B596 :                     
(1)  276/  C1B596 :                     	INCLUDE "ui_about.asm"
(2)    1/  C1B596 :                     ; Copyright (C) 2020 Sean Gonsalves
 AS V1.42 Beta [Bld 311] - Source File main.asm(ui_about.asm) - Page 83 - 9/11/2026 23:43:16


(2)    2/  C1B596 :                     ;
(2)    3/  C1B596 :                     ; This file is part of Neo CD SD Loader.
(2)    4/  C1B596 :                     ;
(2)    5/  C1B596 :                     ; This program is free software; you can redistribute it and/or modify
(2)    6/  C1B596 :                     ; it under the terms of the GNU General Public License as published by
(2)    7/  C1B596 :                     ; the Free Software Foundation; either version 2, or (at your option)
(2)    8/  C1B596 :                     ; any later version.
(2)    9/  C1B596 :                     ;
(2)   10/  C1B596 :                     ; This program is distributed in the hope that it will be useful,
(2)   11/  C1B596 :                     ; but WITHOUT ANY WARRANTY; without even the implied warranty of
(2)   12/  C1B596 :                     ; MERCHANTABILITY or FITNESS FOR A PARTICULAR PURPOSE.  See the
(2)   13/  C1B596 :                     ; GNU General Public License for more details.
(2)   14/  C1B596 :                     ;
(2)   15/  C1B596 :                     ; You should have received a copy of the GNU General Public License
(2)   16/  C1B596 :                     ; along with this program; see the file COPYING.  If not, write to
(2)   17/  C1B596 :                     ; the Free Software Foundation, Inc., 51 Franklin Street,
(2)   18/  C1B596 :                     ; Boston, MA 02110-1301, USA.
(2)   19/  C1B596 :                     
(2)   20/  C1B596 :                     SetupAbout:
(2)   21/  C1B596 :                         ; Setup about screen
(2)   22/  C1B596 : 33FC 000C 0010 D03C     move.w  #SCREEN_ABOUT,CurrentScreen
(2)   23/  C1B59E :                     
(2)   24/  C1B59E : 4EB9 00C1 E32A          jsr     ClearFixTop
(2)   25/  C1B5A4 :                     
(2)   26/  C1B5A4 : 33FC 0500 0011 C18A 	move.w  #$0500,FixWriteConfig	; Bank 5 has menu font
(2)   27/  C1B5AC :                     
(2)   28/  C1B5AC :                         ; Get MCU serial number and FW version
(2)   29/  C1B5AC : 4239 0010 D010          clr.b   UITemp  ; Used here to signal error
(2)   30/  C1B5B2 : (MACRO)[44]             MCUCMD  MCU_CMD_GETID
(2)   30/  C1B5B2 : 163C 0001               move.b  #MCU_CMD_GETID,d3
(2)   30/  C1B5B6 : 4EB9 00C1 C756          jsr     MCUCommand
(2)   31/  C1B5BC : 6418                    bcc     .notimeout
(2)   32/  C1B5BE : 50F9 0010 D010          st.b    UITemp
(2)   33/  C1B5C4 :                     .cldata:
(2)   34/  C1B5C4 :                         ; Clear MCU data
(2)   35/  C1B5C4 : 41F9 0011 C101          lea     MCUReplyBuffer+1,a0
(2)   36/  C1B5CA : 7000                    moveq.l #0,d0
(2)   37/  C1B5CC : 7E3E                    moveq.l #64-1-1,d7
(2)   38/  C1B5CE :                     .cldatalp:
(2)   39/  C1B5CE : 10C0                    move.b  d0,(a0)+
(2)   40/  C1B5D0 : 51CF FFFC               dbra    d7,.cldatalp
(2)   41/  C1B5D4 : 6012                    bra     .done
(2)   42/  C1B5D6 :                     .notimeout:
(2)   43/  C1B5D6 :                         ; Read 24 bytes from the MCU (see doc)
(2)   44/  C1B5D6 : 363C 000C               move.w  #12,d3
(2)   45/  C1B5DA : 4EB9 00C1 C85E          jsr     MCURead4WordsMult
(2)   46/  C1B5E0 : 4EB9 00C1 C89A          jsr     CheckACK
(2)   47/  C1B5E6 : 65DC                    bcs     .cldata
(2)   48/  C1B5E8 :                     .done:
(2)   49/  C1B5E8 : 41F9 0011 C101          lea     MCUReplyBuffer+1,a0
(2)   50/  C1B5EE : 43F9 0011 C140          lea     FixValueList,a1
(2)   51/  C1B5F4 :                     
(2)   52/  C1B5F4 : 7E0B                	moveq.l #12-1,d7               ; Serial
(2)   53/  C1B5F6 :                     .copy:
(2)   54/  C1B5F6 : 12D8                	move.b  (a0)+,(a1)+
(2)   55/  C1B5F8 : 51CF FFFC           	dbra    d7,.copy
(2)   56/  C1B5FC :                     
(2)   57/  C1B5FC : 12D8                	move.b  (a0)+,(a1)+            ; MCU version
(2)   58/  C1B5FE : 1018                	move.b  (a0)+,d0			   ; Hex to BCD for minor version
(2)   59/  C1B600 : 4EB9 00C1 E38E      	jsr     HexToBCD
 AS V1.42 Beta [Bld 311] - Source File main.asm(ui_about.asm) - Page 84 - 9/11/2026 23:43:16


(2)   60/  C1B606 : 12C0                	move.b  d0,(a1)+
(2)   61/  C1B608 :                     
(2)   62/  C1B608 : 12E8 0002           	move.b  2(a0),(a1)+            ; CPLD version, skip "600D"
(2)   63/  C1B60C : 12A8 0003           	move.b  3(a0),(a1)
(2)   64/  C1B610 :                     
(2)   65/  C1B610 : 41F9 00C1 ED2A          lea     FixStrAbout,a0
(2)   66/  C1B616 : 303C 70A9           	move.w  #FIXMAP+9+(5*32),d0
(2)   67/  C1B61A : 4EB9 00C1 E528      	jsr     WriteFix
(2)   68/  C1B620 :                     
(2)   69/  C1B620 : 41F9 00C1 EE54          lea     FixStrIcon,a0
(2)   70/  C1B626 : 303C 7414           	move.w  #FIXMAP+20+(32*32),d0
(2)   71/  C1B62A : 4EB9 00C1 E528      	jsr     WriteFix
(2)   72/  C1B630 :                     
(2)   73/  C1B630 : 4A39 0010 D010      	tst.b   UITemp
(2)   74/  C1B636 : 6706                	beq     .noerror
(2)   75/  C1B638 : 4EB9 00C1 9914          jsr     DispErrorTimeout
(2)   76/  C1B63E :                     .noerror:
(2)   77/  C1B63E : 4E75                	rts
(2)   78/  C1B640 :                     
(2)   79/  C1B640 :                     
(2)   80/  C1B640 :                     VBLProcAbout:
(2)   81/  C1B640 : 1039 0010 FD97          move.b  BIOS_P1CHANGE,d0
(2)   82/  C1B646 : 8039 0010 FD9D          or.b    BIOS_P2CHANGE,d0
(2)   83/  C1B64C : 0200 00F0               andi.b  #$F0,d0
(2)   84/  C1B650 : 6710                    beq     .no_press
(2)   85/  C1B652 : 103C 0045               move.b  #SFX_EXIT,d0
(2)   86/  C1B656 : 4EB9 00C1 9568          jsr     PlaySFX
(2)   87/  C1B65C : 4EB9 00C1 A6A0          jsr     SetupMenu
(2)   88/  C1B662 :                     .no_press:
(2)   89/  C1B662 : 4E75                    rts
(2)   90/  C1B664 :                     
(1)  277/  C1B664 :                         INCLUDE "ui_igm.asm"
(2)    1/  C1B664 :                     ; Copyright (C) 2020 Sean Gonsalves
(2)    2/  C1B664 :                     ;
(2)    3/  C1B664 :                     ; This file is part of Neo CD SD Loader.
(2)    4/  C1B664 :                     ;
(2)    5/  C1B664 :                     ; This program is free software; you can redistribute it and/or modify
(2)    6/  C1B664 :                     ; it under the terms of the GNU General Public License as published by
(2)    7/  C1B664 :                     ; the Free Software Foundation; either version 2, or (at your option)
(2)    8/  C1B664 :                     ; any later version.
(2)    9/  C1B664 :                     ;
(2)   10/  C1B664 :                     ; This program is distributed in the hope that it will be useful,
(2)   11/  C1B664 :                     ; but WITHOUT ANY WARRANTY; without even the implied warranty of
(2)   12/  C1B664 :                     ; MERCHANTABILITY or FITNESS FOR A PARTICULAR PURPOSE.  See the
(2)   13/  C1B664 :                     ; GNU General Public License for more details.
(2)   14/  C1B664 :                     ;
(2)   15/  C1B664 :                     ; You should have received a copy of the GNU General Public License
(2)   16/  C1B664 :                     ; along with this program; see the file COPYING.  If not, write to
(2)   17/  C1B664 :                     ; the Free Software Foundation, Inc., 51 Franklin Street,
(2)   18/  C1B664 :                     ; Boston, MA 02110-1301, USA.
(2)   19/  C1B664 :                     
(2)   20/  C1B664 :                     SetupIGM:
(2)   21/  C1B664 : 4239 0011 C1C1          clr.b   IGMMode
(2)   22/  C1B66A : 4239 0011 C1BD          clr.b   IGMCursor
(2)   23/  C1B670 : 4239 0011 C1BE          clr.b   PrevIGMCursor
(2)   24/  C1B676 : 4239 0011 C1BF          clr.b   IGMCursorShift
(2)   25/  C1B67C : 50F9 0011 C1BC          st.b    IsInIGM
(2)   26/  C1B682 :                     
(2)   27/  C1B682 :                         ; Save palettes #14 and #15 to palette buffer
(2)   28/  C1B682 : 41F9 0040 01C0          lea     (PALETTES+(2*16*14)),a0
 AS V1.42 Beta [Bld 311] - Source File main.asm(ui_igm.asm) - Page 85 - 9/11/2026 23:43:16


(2)   29/  C1B688 : 43F9 0011 C24C          lea     PaletteBuffer,a1
(2)   30/  C1B68E : 4EB9 00C1 E4BC          jsr     CopyPalette
(2)   31/  C1B694 : 4EB9 00C1 E4BC          jsr     CopyPalette
(2)   32/  C1B69A :                     
(2)   33/  C1B69A :                         ; Load new palettes
(2)   34/  C1B69A : 41F9 00C1 BAAE          lea     IGMPalettes,a0
(2)   35/  C1B6A0 : 43F9 0040 01C0          lea     (PALETTES+(2*16*14)),a1
(2)   36/  C1B6A6 : 4EB9 00C1 E4BC          jsr     CopyPalette
(2)   37/  C1B6AC : 4EB9 00C1 E4BC          jsr     CopyPalette
(2)   38/  C1B6B2 :                     
(2)   39/  C1B6B2 :                         ; Save first half of fix bank #0 to RAM buffer
(2)   40/  C1B6B2 : 13FC 0001 00FF 0115     move.b  #1,REG_DISBLFIX
(2)   41/  C1B6BA : 13FC 0001 00FF 016F     move.b  #1,REG_UPLOAD_EN
(2)   42/  C1B6C2 : 13C0 00FF 0129          move.b  d0,REG_UPMAPFIX
(2)   43/  C1B6C8 : 13FC 0005 00FF 0105     move.b  #5,REG_TRANSAREA
(2)   44/  C1B6D0 :                     
(2)   45/  C1B6D0 : 41F9 00E0 0000          lea     $E00000,a0
(2)   46/  C1B6D6 : 43F9 0011 F000          lea     FixBankBuffer,a1
(2)   47/  C1B6DC : 3E3C 07FF               move.w  #(4096/2)-1,d7
(2)   48/  C1B6E0 :                     .savefix:
(2)   49/  C1B6E0 : 3018                    move.w  (a0)+,d0
(2)   50/  C1B6E2 : 12C0                    move.b  d0,(a1)+
(2)   51/  C1B6E4 : 3018                    move.w  (a0)+,d0
(2)   52/  C1B6E6 : 12C0                    move.b  d0,(a1)+
(2)   53/  C1B6E8 : 51CF FFF6               dbra    d7,.savefix
(2)   54/  C1B6EC :                     
(2)   55/  C1B6EC :                         ; Load first half menu fix bank #0
(2)   56/  C1B6EC : 41F9 00C5 FEB0          lea     FixBankZero,a0
(2)   57/  C1B6F2 : 43F9 00E0 0000          lea     $E00000,a1
(2)   58/  C1B6F8 : 3E3C 07FF               move.w  #(4096/2)-1,d7
(2)   59/  C1B6FC :                     .copy:
(2)   60/  C1B6FC : 1018                	move.b  (a0)+,d0        ; Read AA BB, store 00 BB 00 AA
(2)   61/  C1B6FE : 1218                	move.b  (a0)+,d1
(2)   62/  C1B700 : 32C1                    move.w  d1,(a1)+        ; 00 BB
(2)   63/  C1B702 : 32C0                	move.w  d0,(a1)+		; 00 AA
(2)   64/  C1B704 : 51CF FFF6               dbra    d7,.copy
(2)   65/  C1B708 :                         
(2)   66/  C1B708 :                         ; Clear the '@' char to avoid them showing as garbage in SSRPG
(2)   67/  C1B708 : 43F9 00E0 1000          lea     $E00000+((64*32)*2),a1
(2)   68/  C1B70E : 7000                    moveq.l #0,d0
(2)   69/  C1B710 : 3E3C 001F               move.w  #32-1,d7
(2)   70/  C1B714 :                     .clear:
(2)   71/  C1B714 : 32C0                	move.w  d0,(a1)+		; 00 AA
(2)   72/  C1B716 : 51CF FFFC               dbra    d7,.clear
(2)   73/  C1B71A :                     
(2)   74/  C1B71A : 13C0 00FF 0149          move.b  d0,REG_UPUNMAPFIX
(2)   75/  C1B720 : 13FC 0000 00FF 016F     move.b  #0,REG_UPLOAD_EN
(2)   76/  C1B728 : 13FC 0000 00FF 0115     move.b  #0,REG_DISBLFIX
(2)   77/  C1B730 :                     
(2)   78/  C1B730 :                         ; Save fix map block
(2)   79/  C1B730 : 303C 001E               move.w  #IGM_WIDTH,d0
(2)   80/  C1B734 : 323C 000E               move.w  #IGM_HEIGHT,d1
(2)   81/  C1B738 : 343C 70A8               move.w  #FIXMAP+8+(5*32),d2
(2)   82/  C1B73C : 4EB9 00C1 E432          jsr     SaveFixMap
(2)   83/  C1B742 :                     
(2)   84/  C1B742 : 33FC E000 0011 C18A     move.w  #$E000,FixWriteConfig   ; Palette #14 bank 0
(2)   85/  C1B74A :                     
(2)   86/  C1B74A : 4EB9 00C1 B9FA          jsr     DrawIGMBox
(2)   87/  C1B750 :                     
(2)   88/  C1B750 : 13C0 0030 0001      	move.b  d0,REG_DIPSW		; Just to be sure
 AS V1.42 Beta [Bld 311] - Source File main.asm(ui_igm.asm) - Page 86 - 9/11/2026 23:43:16


(2)   89/  C1B756 : (MACRO)[45]         	DIIRQ
(2)   89/  C1B756 : 13C0 0030 0001          move.b  d0,REG_DIPSW
(2)   89/  C1B75C : 40E7                        move.w  sr,-(a7)
(2)   89/  C1B75E : 007C 0700                   ori.w   #$0700,sr
(2)   90/  C1B762 : 41F9 00C1 EAF2      	lea     StrIGMItems,a0
(2)   91/  C1B768 : 303C 70E9               move.w  #FIXMAP+9+(7*32),d0
(2)   92/  C1B76C : 4EB9 00C1 E528      	jsr     WriteFix
(2)   93/  C1B772 :                     
(2)   94/  C1B772 : 33FC F000 0011 C18A     move.w  #$F000,FixWriteConfig   ; Palette #15 bank 0
(2)   95/  C1B77A :                     
(2)   96/  C1B77A :                         ; Draw game name
(2)   97/  C1B77A : 33FC 0020 003C 0004 	move.w  #32,REG_VRAMMOD
(2)   98/  C1B782 : 41F9 00C1 BBFC          lea     SoftDIPsPtrs,a0
(2)   99/  C1B788 : 7000                    moveq.l #0,d0
(2)  100/  C1B78A : 1039 0010 FD83          move.b  BIOS_COUNTRY_CODE,d0
(2)  101/  C1B790 : 0200 0003               andi.b  #3,d0
(2)  102/  C1B794 : D040                    add.w   d0,d0
(2)  103/  C1B796 : D040                    add.w   d0,d0
(2)  104/  C1B798 : 2070 0000               move.l  (a0,d0),a0
(2)  105/  C1B79C : 2050                    move.l  (a0),a0
(2)  106/  C1B79E : 23C8 0011 C1C2          move.l  a0,SDIPAddr           ; Since we're here already, store SDIPAddr for the soft DIPs editor
(2)  107/  C1B7A4 : 3239 0011 C18A      	move.w  FixWriteConfig,d1
(2)  108/  C1B7AA : 33FC 70EB 003C 0000     move.w  #FIXMAP+11+(7*32),REG_VRAMADDR
(2)  109/  C1B7B2 : 7E10                    moveq.l #16,d7
(2)  110/  C1B7B4 :                     .writechar:
(2)  111/  C1B7B4 : 4E71                    nop
(2)  112/  C1B7B6 : 1218                    move.b  (a0)+,d1
(2)  113/  C1B7B8 : 33C1 003C 0002      	move.w  d1,REG_VRAMRW
(2)  114/  C1B7BE : 5347                    subq.w  #1,d7
(2)  115/  C1B7C0 : 66F2                    bne     .writechar
(2)  116/  C1B7C2 :                     
(2)  117/  C1B7C2 :                         ; Draw country
(2)  118/  C1B7C2 : 7000                    moveq.l #0,d0
(2)  119/  C1B7C4 : 1039 0010 FD83          move.b  BIOS_COUNTRY_CODE,d0
(2)  120/  C1B7CA : 0200 0003               andi.b  #3,d0
(2)  121/  C1B7CE : D000                    add.b   d0,d0
(2)  122/  C1B7D0 : D000                    add.b   d0,d0
(2)  123/  C1B7D2 : 41F9 00C1 B29A          lea     CountryList,a0
(2)  124/  C1B7D8 : 2070 0000               move.l  0(a0,d0),a0
(2)  125/  C1B7DC : 303C 738B               move.w  #FIXMAP+11+(28*32),d0
(2)  126/  C1B7E0 : 4EB9 00C1 E528      	jsr     WriteFix
(2)  127/  C1B7E6 : (MACRO)[46]         	ENIRQ
(2)  127/  C1B7E6 : 33FC 0007 003C 000C         move.w  #7,REG_IRQACK
(2)  127/  C1B7EE : 46DF                        move.w  (a7)+,sr
(2)  128/  C1B7F0 :                     
(2)  129/  C1B7F0 : 33FC E000 0011 C18A     move.w  #$E000,FixWriteConfig   ; Palette #14 bank 0
(2)  130/  C1B7F8 :                     
(2)  131/  C1B7F8 : 4EB9 00C1 B8EA          jsr     DrawIGMCursor
(2)  132/  C1B7FE :                     
(2)  133/  C1B7FE : 4E75                	rts
(2)  134/  C1B800 :                     	
(2)  135/  C1B800 :                     	
(2)  136/  C1B800 :                     IGMVBL:
(2)  137/  C1B800 : 4EB9 00C0 D022          jsr     ProcessCDDACmds     ; Copied from original routine in SYSTEM_INT1, jsr to ProcessCDDACmds
(2)  138/  C1B806 :                     
(2)  139/  C1B806 : 4A39 0011 C20A          tst.b   FlagSelectStart
(2)  140/  C1B80C : 6714                    beq     .nof
(2)  141/  C1B80E : 4239 0011 C20A          clr.b   FlagSelectStart
(2)  142/  C1B814 : 4A39 0011 C1BC          tst.b   IsInIGM
(2)  143/  C1B81A : 6606                    bne     .nof
 AS V1.42 Beta [Bld 311] - Source File main.asm(ui_igm.asm) - Page 87 - 9/11/2026 23:43:16


(2)  144/  C1B81C :                         ;move.l  sp,SSSP
(2)  145/  C1B81C : 4EB9 00C1 B664          jsr     SetupIGM
(2)  146/  C1B822 :                     .nof:
(2)  147/  C1B822 :                     
(2)  148/  C1B822 : 4A39 0011 C1BC          tst.b   IsInIGM
(2)  149/  C1B828 : 6716                    beq     .noigm
(2)  150/  C1B82A :                     
(2)  151/  C1B82A :                         ; Call proc for current IGM mode
(2)  152/  C1B82A : 7000                    moveq.l #0,d0
(2)  153/  C1B82C : 1039 0011 C1C1          move.b  IGMMode,d0
(2)  154/  C1B832 : E588                    lsl.l   #2,d0
(2)  155/  C1B834 : 41F9 00C1 BBF0          lea     JT_IGMVBLProcs,a0
(2)  156/  C1B83A : 2070 0000               move.l  0(a0,d0),a0
(2)  157/  C1B83E : 4E90                    jsr     (a0)
(2)  158/  C1B840 :                     
(2)  159/  C1B840 :                     .noigm:
(2)  160/  C1B840 : 4E75                    rts
(2)  161/  C1B842 :                     
(2)  162/  C1B842 :                         
(2)  163/  C1B842 :                     IGMVBLProcSelect:
(2)  164/  C1B842 : (MACRO)[47]             TESTCHANGE CNT_UP
(2)  164/  C1B842 : 1039 0010 FD97          move.b  BIOS_P1CHANGE,d0
(2)  164/  C1B848 : 8039 0010 FD9D          or.b    BIOS_P2CHANGE,d0
(2)  164/  C1B84E : 0200 0001               andi.b  #(2^CNT_UP),d0
(2)  165/  C1B852 : 6714                    beq     .no_up
(2)  166/  C1B854 : 4A39 0011 C1BD          tst.b   IGMCursor
(2)  167/  C1B85A : 670C                    beq     .no_up
(2)  168/  C1B85C : 5339 0011 C1BD          subq.b  #1,IGMCursor
(2)  169/  C1B862 : 4EB9 00C1 B8EA          jsr     DrawIGMCursor
(2)  170/  C1B868 :                     .no_up:
(2)  171/  C1B868 :                     
(2)  172/  C1B868 : (MACRO)[48]         	TESTCHANGE CNT_DOWN
(2)  172/  C1B868 : 1039 0010 FD97          move.b  BIOS_P1CHANGE,d0
(2)  172/  C1B86E : 8039 0010 FD9D          or.b    BIOS_P2CHANGE,d0
(2)  172/  C1B874 : 0200 0002               andi.b  #(2^CNT_DOWN),d0
(2)  173/  C1B878 : 6716                    beq     .no_down
(2)  174/  C1B87A : 0C39 0002 0011 C1BD     cmp.b   #3-1,IGMCursor      ; Max items
(2)  175/  C1B882 : 640C                    bhs     .no_down
(2)  176/  C1B884 : 5239 0011 C1BD          addq.b  #1,IGMCursor
(2)  177/  C1B88A : 4EB9 00C1 B8EA          jsr     DrawIGMCursor
(2)  178/  C1B890 :                     .no_down:
(2)  179/  C1B890 :                     
(2)  180/  C1B890 : (MACRO)[49]             TESTCHANGE CNT_A
(2)  180/  C1B890 : 1039 0010 FD97          move.b  BIOS_P1CHANGE,d0
(2)  180/  C1B896 : 8039 0010 FD9D          or.b    BIOS_P2CHANGE,d0
(2)  180/  C1B89C : 0200 0010               andi.b  #(2^CNT_A),d0
(2)  181/  C1B8A0 : 6718                    beq     .no_a
(2)  182/  C1B8A2 : 41F9 00C1 BBE4      	lea     JT_IGMSetups,a0
(2)  183/  C1B8A8 : 7000                	moveq.l #0,d0
(2)  184/  C1B8AA : 1039 0011 C1BD      	move.b  IGMCursor,d0
(2)  185/  C1B8B0 : E548                	lsl.w   #2,d0				; JT_IGMSetups has 4-byte entries
(2)  186/  C1B8B2 : 2070 0000           	move.l  0(a0,d0),a0
(2)  187/  C1B8B6 : 4E90                	jsr     (a0)
(2)  188/  C1B8B8 : 4E75                	rts
(2)  189/  C1B8BA :                     .no_a:
(2)  190/  C1B8BA :                     
(2)  191/  C1B8BA :                         ; B press and release
(2)  192/  C1B8BA : 1039 0010 FD96          move.b  BIOS_P1CURRENT,d0
(2)  193/  C1B8C0 : 1239 0010 FD95          move.b  BIOS_P1PREVIOUS,d1
(2)  194/  C1B8C6 : B300                    eor.b   d1,d0
 AS V1.42 Beta [Bld 311] - Source File main.asm(ui_igm.asm) - Page 88 - 9/11/2026 23:43:16


(2)  195/  C1B8C8 : C001                    and.b   d1,d0
(2)  196/  C1B8CA : 1439 0010 FD9C          move.b  BIOS_P2CURRENT,d2
(2)  197/  C1B8D0 : 1239 0010 FD9B          move.b  BIOS_P2PREVIOUS,d1
(2)  198/  C1B8D6 : B302                    eor.b   d1,d2
(2)  199/  C1B8D8 : C401                    and.b   d1,d2
(2)  200/  C1B8DA : 8002                    or.b    d2,d0
(2)  201/  C1B8DC : 0200 0020               andi.b  #1<<CNT_B,d0
(2)  202/  C1B8E0 : 6706                    beq     .no_b
(2)  203/  C1B8E2 : 4EB9 00C1 B960          jsr     CloseIGM
(2)  204/  C1B8E8 :                     .no_b:
(2)  205/  C1B8E8 : 4E75                    rts
(2)  206/  C1B8EA :                     
(2)  207/  C1B8EA :                     
(2)  208/  C1B8EA :                     DrawIGMCursor:
(2)  209/  C1B8EA : (MACRO)[50]         	DIIRQ
(2)  209/  C1B8EA : 13C0 0030 0001          move.b  d0,REG_DIPSW
(2)  209/  C1B8F0 : 40E7                        move.w  sr,-(a7)
(2)  209/  C1B8F2 : 007C 0700                   ori.w   #$0700,sr
(2)  210/  C1B8F6 : 343C 70ED               move.w  #FIXMAP+13+(7*32),d2
(2)  211/  C1B8FA :                     
(2)  212/  C1B8FA :                         ; Erase previous cursor
(2)  213/  C1B8FA : 41F9 00C1 BBDE          lea     IGMItemsY,a0
(2)  214/  C1B900 : 7000                    moveq.l #0,d0
(2)  215/  C1B902 : 1039 0011 C1BE          move.b  PrevIGMCursor,d0
(2)  216/  C1B908 : D000                    add.b   d0,d0
(2)  217/  C1B90A : 3030 0000               move.w  (a0,d0),d0
(2)  218/  C1B90E : D042                    add.w   d2,d0
(2)  219/  C1B910 : 33C0 003C 0000          move.w  d0,REG_VRAMADDR
(2)  220/  C1B916 : 3239 0011 C18A      	move.w  FixWriteConfig,d1
(2)  221/  C1B91C : 123C 0020               move.b  #' ',d1
(2)  222/  C1B920 : 4E71                    nop
(2)  223/  C1B922 : 33C1 003C 0002          move.w  d1,REG_VRAMRW
(2)  224/  C1B928 :                     
(2)  225/  C1B928 :                         ; Draw new cursor
(2)  226/  C1B928 : 7000                    moveq.l #0,d0
(2)  227/  C1B92A : 1039 0011 C1BD          move.b  IGMCursor,d0
(2)  228/  C1B930 : D000                    add.b   d0,d0
(2)  229/  C1B932 : 3030 0000               move.w  (a0,d0),d0
(2)  230/  C1B936 : D042                    add.w   d2,d0
(2)  231/  C1B938 : 33C0 003C 0000          move.w  d0,REG_VRAMADDR
(2)  232/  C1B93E : 123C 0011               move.b  #CHAR_ARROW_RIGHT,d1
(2)  233/  C1B942 : 13F9 0011 C1BD 0011     move.b  IGMCursor,PrevIGMCursor
           C1B94A : C1BE               
(2)  234/  C1B94C : 4E71                    nop
(2)  235/  C1B94E : 33C1 003C 0002          move.w  d1,REG_VRAMRW
(2)  236/  C1B954 : (MACRO)[51]             ENIRQ
(2)  236/  C1B954 : 33FC 0007 003C 000C         move.w  #7,REG_IRQACK
(2)  236/  C1B95C : 46DF                        move.w  (a7)+,sr
(2)  237/  C1B95E : 4E75                    rts
(2)  238/  C1B960 :                     
(2)  239/  C1B960 :                     
(2)  240/  C1B960 :                     CloseIGM:
(2)  241/  C1B960 :                         ; Restore palettes #14 and #15 from palette buffer
(2)  242/  C1B960 : 41F9 0011 C24C          lea     PaletteBuffer,a0
(2)  243/  C1B966 : 43F9 0040 01C0          lea     (PALETTES+(2*16*14)),a1
(2)  244/  C1B96C : 4EB9 00C1 E4BC          jsr     CopyPalette
(2)  245/  C1B972 : 4EB9 00C1 E4BC          jsr     CopyPalette
(2)  246/  C1B978 :                     
(2)  247/  C1B978 :                         ; Restore fix bank #0 from RAM buffer
(2)  248/  C1B978 : 13FC 0001 00FF 0115     move.b  #1,REG_DISBLFIX
 AS V1.42 Beta [Bld 311] - Source File main.asm(ui_igm.asm) - Page 89 - 9/11/2026 23:43:16


(2)  249/  C1B980 : 13FC 0001 00FF 016F     move.b  #1,REG_UPLOAD_EN
(2)  250/  C1B988 : 13C0 00FF 0129          move.b  d0,REG_UPMAPFIX
(2)  251/  C1B98E : 13FC 0005 00FF 0105     move.b  #5,REG_TRANSAREA
(2)  252/  C1B996 :                     
(2)  253/  C1B996 :                         ; Restore fix bank
(2)  254/  C1B996 : 41F9 0011 F000          lea     FixBankBuffer,a0
(2)  255/  C1B99C : 43F9 00E0 0000          lea     $E00000,a1
(2)  256/  C1B9A2 : 3E3C 0800               move.w  #4096/2,d7      ; Only first half of fix bank is enough
(2)  257/  C1B9A6 :                     .copy:
(2)  258/  C1B9A6 : 1018                	move.b  (a0)+,d0        ; Read AA BB, store 00 AA 00 BB
(2)  259/  C1B9A8 : 32C0                    move.w  d0,(a1)+        ; 00 AA
(2)  260/  C1B9AA : 1018                	move.b  (a0)+,d0
(2)  261/  C1B9AC : 32C0                	move.w  d0,(a1)+	    ; 00 BB
(2)  262/  C1B9AE : 5347                	subq.w  #1,d7
(2)  263/  C1B9B0 : 66F4                    bne     .copy
(2)  264/  C1B9B2 :                     
(2)  265/  C1B9B2 : 13C0 00FF 0149          move.b  d0,REG_UPUNMAPFIX
(2)  266/  C1B9B8 : 13FC 0000 00FF 016F     move.b  #0,REG_UPLOAD_EN
(2)  267/  C1B9C0 :                     
(2)  268/  C1B9C0 :                         ; Restore fix map block
(2)  269/  C1B9C0 : 303C 001E               move.w  #IGM_WIDTH,d0
(2)  270/  C1B9C4 : 323C 000E               move.w  #IGM_HEIGHT,d1
(2)  271/  C1B9C8 : 343C 70A8               move.w  #FIXMAP+8+(5*32),d2
(2)  272/  C1B9CC : 4EB9 00C1 E470          jsr     RestoreFixMap
(2)  273/  C1B9D2 : 13FC 0000 00FF 0115     move.b  #0,REG_DISBLFIX
(2)  274/  C1B9DA :                     
(2)  275/  C1B9DA : 13FC 0002 0010 FDAC     move.b  #$02,BIOS_STATCURNT  ; Fake P1 START press to cancel pause
(2)  276/  C1B9E2 : 13FC 0002 0010 FDAD     move.b  #$02,BIOS_STATCHANGE ; Some games don't use these locations
(2)  277/  C1B9EA :                     
(2)  278/  C1B9EA : 4239 0011 C1BC          clr.b   IsInIGM
(2)  279/  C1B9F0 : 21F9 0011 C298 0068     move.l  VBLVectorCopy,$68
(2)  280/  C1B9F8 : 4E75                    rts
(2)  281/  C1B9FA :                     
(2)  282/  C1B9FA :                         
(2)  283/  C1B9FA :                     DrawIGMBox:
(2)  284/  C1B9FA : (MACRO)[52]         	DIIRQ
(2)  284/  C1B9FA : 13C0 0030 0001          move.b  d0,REG_DIPSW
(2)  284/  C1BA00 : 40E7                        move.w  sr,-(a7)
(2)  284/  C1BA02 : 007C 0700                   ori.w   #$0700,sr
(2)  285/  C1BA06 : 33FC 0020 003C 0004     move.w  #32,REG_VRAMMOD
(2)  286/  C1BA0E : 3239 0011 C18A          move.w  FixWriteConfig,d1
(2)  287/  C1BA14 : 343C 70A8               move.w  #FIXMAP+8+(5*32),d2
(2)  288/  C1BA18 :                     
(2)  289/  C1BA18 : 3E3C 001E               move.w  #IGM_WIDTH,d7
(2)  290/  C1BA1C : 41F9 00C1 BAEE          lea     FixMapIGMTopA,a0
(2)  291/  C1BA22 : 4EB9 00C1 9868          jsr     BoxDrawRow
(2)  292/  C1BA28 :                     
(2)  293/  C1BA28 : 3E3C 001E               move.w  #IGM_WIDTH,d7
(2)  294/  C1BA2C : 41F9 00C1 BB2A          lea     FixMapIGMTopB,a0
(2)  295/  C1BA32 : 4EB9 00C1 9868          jsr     BoxDrawRow
(2)  296/  C1BA38 :                     
(2)  297/  C1BA38 : 3C3C 000B               move.w  #IGM_HEIGHT-2-1,d6
(2)  298/  C1BA3C :                     .rowfill:
(2)  299/  C1BA3C : 3E3C 001E               move.w  #IGM_WIDTH,d7
(2)  300/  C1BA40 : 41F9 00C1 BB66          lea     FixMapIGMRow,a0
(2)  301/  C1BA46 : 4EB9 00C1 9868          jsr     BoxDrawRow
(2)  302/  C1BA4C : 5346                    subq.w  #1,d6
(2)  303/  C1BA4E : 66EC                    bne     .rowfill
(2)  304/  C1BA50 :                     
(2)  305/  C1BA50 : 3E3C 001E               move.w  #IGM_WIDTH,d7
 AS V1.42 Beta [Bld 311] - Source File main.asm(ui_igm.asm) - Page 90 - 9/11/2026 23:43:16


(2)  306/  C1BA54 : 41F9 00C1 BBA2          lea     FixMapIGMBot,a0
(2)  307/  C1BA5A : 4EB9 00C1 9868          jsr     BoxDrawRow
(2)  308/  C1BA60 : (MACRO)[53]             ENIRQ
(2)  308/  C1BA60 : 33FC 0007 003C 000C         move.w  #7,REG_IRQACK
(2)  308/  C1BA68 : 46DF                        move.w  (a7)+,sr
(2)  309/  C1BA6A : 4E75                    rts
(2)  310/  C1BA6C :                         
(2)  311/  C1BA6C :                     ClearIGM:
(2)  312/  C1BA6C : (MACRO)[54]         	DIIRQ
(2)  312/  C1BA6C : 13C0 0030 0001          move.b  d0,REG_DIPSW
(2)  312/  C1BA72 : 40E7                        move.w  sr,-(a7)
(2)  312/  C1BA74 : 007C 0700                   ori.w   #$0700,sr
(2)  313/  C1BA78 : 33FC 0020 003C 0004     move.w  #32,REG_VRAMMOD
(2)  314/  C1BA80 : 3239 0011 C18A          move.w  FixWriteConfig,d1
(2)  315/  C1BA86 : 343C 70AA               move.w  #FIXMAP+10+(5*32),d2
(2)  316/  C1BA8A :                     
(2)  317/  C1BA8A : 3C3C 000A               move.w  #IGM_HEIGHT-2-1-1,d6    ; Don't erase second-to-last line to keep instructions shown
(2)  318/  C1BA8E :                     .rowfill:
(2)  319/  C1BA8E : 3E3C 001E               move.w  #IGM_WIDTH,d7
(2)  320/  C1BA92 : 41F9 00C1 BB66          lea     FixMapIGMRow,a0
(2)  321/  C1BA98 : 4EB9 00C1 9868          jsr     BoxDrawRow
(2)  322/  C1BA9E : 5346                    subq.w  #1,d6
(2)  323/  C1BAA0 : 66EC                    bne     .rowfill
(2)  324/  C1BAA2 : (MACRO)[55]             ENIRQ
(2)  324/  C1BAA2 : 33FC 0007 003C 000C         move.w  #7,REG_IRQACK
(2)  324/  C1BAAA : 46DF                        move.w  (a7)+,sr
(2)  325/  C1BAAC : 4E75                    rts
(2)  326/  C1BAAE :                         
(2)  327/  C1BAAE :                     IGMPalettes:
(2)  328/  C1BAAE :                         ; Normal
(2)  329/  C1BAAE : 8000                    dc.w  BLACK
(2)  330/  C1BAB0 : 7FFF                    dc.w  WHITE
(2)  331/  C1BAB2 : 8000                    dc.w  BLACK
(2)  332/  C1BAB4 : 20F0                    dc.w  GREEN
(2)  333/  C1BAB6 : 0E90                    dc.w  $0E90
(2)  334/  C1BAB8 : 8000                    dc.w  BLACK
(2)  335/  C1BABA : 8000                    dc.w  BLACK
(2)  336/  C1BABC : 0B40                    dc.w  $0B40
(2)  337/  C1BABE : 8000 8000 8000 8000     dc.w  BLACK,BLACK,BLACK,BLACK,BLACK,BLACK,BLACK,BLACK
           C1BAC6 : 8000 8000 8000 8000
(2)  338/  C1BACE :                     
(2)  339/  C1BACE :                         ; Highlight
(2)  340/  C1BACE : 8000                    dc.w  BLACK
(2)  341/  C1BAD0 : 0CBF                    dc.w  $0CBF
(2)  342/  C1BAD2 : 8000                    dc.w  BLACK
(2)  343/  C1BAD4 : 20F0                    dc.w  GREEN
(2)  344/  C1BAD6 : 0E90                    dc.w  $0E90
(2)  345/  C1BAD8 : 8000                    dc.w  BLACK
(2)  346/  C1BADA : 8000                    dc.w  BLACK
(2)  347/  C1BADC : 0B40                    dc.w  $0B40
(2)  348/  C1BADE : 8000 8000 8000 8000     dc.w  BLACK,BLACK,BLACK,BLACK,BLACK,BLACK,BLACK,BLACK
           C1BAE6 : 8000 8000 8000 8000
(2)  349/  C1BAEE :                     
(2)  350/  C1BAEE :                     
(2)  351/  C1BAEE :                     FixMapIGMTopA:
(2)  352/  C1BAEE : 0008                    dc.w $008
(2)  353/  C1BAF0 : 0009                    dc.w $009
(2)  354/  C1BAF2 : 0016 0016 0016 0016     dc.w [IGM_WIDTH-3]$016
           C1BAFA : 0016 0016 0016 0016
           C1BB02 : 0016 0016 0016 0016
 AS V1.42 Beta [Bld 311] - Source File main.asm(ui_igm.asm) - Page 91 - 9/11/2026 23:43:16


           C1BB0A : 0016 0016 0016 0016
           C1BB12 : 0016 0016 0016 0016
           C1BB1A : 0016 0016 0016 0016
           C1BB22 : 0016 0016 0016   
(2)  355/  C1BB28 : 0002                    dc.w $002
(2)  356/  C1BB2A :                     FixMapIGMTopB:
(2)  357/  C1BB2A : 0018                    dc.w $018
(2)  358/  C1BB2C : 0019                    dc.w $019
(2)  359/  C1BB2E : 0020 0020 0020 0020     dc.w [IGM_WIDTH-3]$020
           C1BB36 : 0020 0020 0020 0020
           C1BB3E : 0020 0020 0020 0020
           C1BB46 : 0020 0020 0020 0020
           C1BB4E : 0020 0020 0020 0020
           C1BB56 : 0020 0020 0020 0020
           C1BB5E : 0020 0020 0020   
(2)  360/  C1BB64 : 0015                    dc.w $015
(2)  361/  C1BB66 :                     FixMapIGMRow:
(2)  362/  C1BB66 : 0014                    dc.w $014
(2)  363/  C1BB68 : 0020 0020 0020 0020     dc.w [IGM_WIDTH-2]$020
           C1BB70 : 0020 0020 0020 0020
           C1BB78 : 0020 0020 0020 0020
           C1BB80 : 0020 0020 0020 0020
           C1BB88 : 0020 0020 0020 0020
           C1BB90 : 0020 0020 0020 0020
           C1BB98 : 0020 0020 0020 0020
(2)  364/  C1BBA0 : 0015                    dc.w $015
(2)  365/  C1BBA2 :                     FixMapIGMBot:
(2)  366/  C1BBA2 : 0003                    dc.w $003
(2)  367/  C1BBA4 : 0017 0017 0017 0017     dc.w [IGM_WIDTH-2]$017
           C1BBAC : 0017 0017 0017 0017
           C1BBB4 : 0017 0017 0017 0017
           C1BBBC : 0017 0017 0017 0017
           C1BBC4 : 0017 0017 0017 0017
           C1BBCC : 0017 0017 0017 0017
           C1BBD4 : 0017 0017 0017 0017
(2)  368/  C1BBDC : 0004                    dc.w $004
(2)  369/  C1BBDE :                     
(2)  370/  C1BBDE :                     IGMItemsY:
(2)  371/  C1BBDE :                         ;dc.w 0, 1, 2, 3, 5
(2)  372/  C1BBDE : 0000 0001 0003          dc.w 0, 1, 3
(2)  373/  C1BBE4 :                     
(2)  374/  C1BBE4 :                     JT_IGMSetups:
(2)  375/  C1BBE4 : 00C1 BC0C               dc.l IGMSetupCheats
(2)  376/  C1BBE8 : 00C1 BE6C               dc.l IGMSetupSDIP
(2)  377/  C1BBEC :                         ;dc.l IGMSetupSaveState
(2)  378/  C1BBEC :                         ;dc.l IGMSetupLoadState
(2)  379/  C1BBEC : 00C0 055E               dc.l SYS_CDPLAYER
(2)  380/  C1BBF0 :                     
(2)  381/  C1BBF0 :                     ; This must match IGMMode values !
(2)  382/  C1BBF0 :                     JT_IGMVBLProcs:
(2)  383/  C1BBF0 : 00C1 B842               dc.l IGMVBLProcSelect
(2)  384/  C1BBF4 : 00C1 BC6E               dc.l IGMVBLProcCheats
(2)  385/  C1BBF8 : 00C1 BEE6               dc.l IGMVBLProcSDIP
(2)  386/  C1BBFC :                         ;dc.l IGMVBLProcSaveState
(2)  387/  C1BBFC :                         ;dc.l IGMVBLProcLoadState
(2)  388/  C1BBFC :                     
(2)  389/  C1BBFC :                     ; To avoid having to load the Japanese charset, a region map is used:
(2)  390/  C1BBFC :                     ; Console   Soft DIPs
(2)  391/  C1BBFC :                     ; JP        US
(2)  392/  C1BBFC :                     ; US        US
 AS V1.42 Beta [Bld 311] - Source File main.asm(ui_igm.asm) - Page 92 - 9/11/2026 23:43:16


(2)  393/  C1BBFC :                     ; EU        EU
(2)  394/  C1BBFC :                     ; BR        US
(2)  395/  C1BBFC :                     SoftDIPsPtrs:
(2)  396/  C1BBFC : 0000 011A               dc.l HEADER_SDIPS_US    ; US
(2)  397/  C1BC00 : 0000 011A               dc.l HEADER_SDIPS_US    ; US
(2)  398/  C1BC04 : 0000 011E               dc.l HEADER_SDIPS_EU    ; EU
(2)  399/  C1BC08 : 0000 011A               dc.l HEADER_SDIPS_US    ; US
(2)  400/  C1BC0C :                     
(1)  278/  C1BC0C :                         INCLUDE "ui_cheats.asm"
(2)    1/  C1BC0C :                     ; Copyright (C) 2020 Sean Gonsalves
(2)    2/  C1BC0C :                     ;
(2)    3/  C1BC0C :                     ; This file is part of Neo CD SD Loader.
(2)    4/  C1BC0C :                     ;
(2)    5/  C1BC0C :                     ; This program is free software; you can redistribute it and/or modify
(2)    6/  C1BC0C :                     ; it under the terms of the GNU General Public License as published by
(2)    7/  C1BC0C :                     ; the Free Software Foundation; either version 2, or (at your option)
(2)    8/  C1BC0C :                     ; any later version.
(2)    9/  C1BC0C :                     ;
(2)   10/  C1BC0C :                     ; This program is distributed in the hope that it will be useful,
(2)   11/  C1BC0C :                     ; but WITHOUT ANY WARRANTY; without even the implied warranty of
(2)   12/  C1BC0C :                     ; MERCHANTABILITY or FITNESS FOR A PARTICULAR PURPOSE.  See the
(2)   13/  C1BC0C :                     ; GNU General Public License for more details.
(2)   14/  C1BC0C :                     ;
(2)   15/  C1BC0C :                     ; You should have received a copy of the GNU General Public License
(2)   16/  C1BC0C :                     ; along with this program; see the file COPYING.  If not, write to
(2)   17/  C1BC0C :                     ; the Free Software Foundation, Inc., 51 Franklin Street,
(2)   18/  C1BC0C :                     ; Boston, MA 02110-1301, USA.
(2)   19/  C1BC0C :                                       
(2)   20/  C1BC0C :                     ; See pack_cheats.py or doc for data format
(2)   21/  C1BC0C :                     
(2)   22/  C1BC0C :                     IGMSetupCheats:
(2)   23/  C1BC0C : 13FC 0001 0011 C1C1 	move.b  #1,IGMMode     ; Cheats mode
(2)   24/  C1BC14 : 4239 0011 C1BD          clr.b   IGMCursor
(2)   25/  C1BC1A : 4239 0011 C1BF          clr.b   IGMCursorShift
(2)   26/  C1BC20 :                     
(2)   27/  C1BC20 : 4EB9 00C1 B9FA          jsr     DrawIGMBox
(2)   28/  C1BC26 : 4EB9 00C1 BD62          jsr     DrawCheatList
(2)   29/  C1BC2C :                     
(2)   30/  C1BC2C : 4A39 0011 C1C0          tst.b   IGMItems
(2)   31/  C1BC32 : 6728                    beq     .nocheats
(2)   32/  C1BC34 : 41F9 00C1 EB36      	lea     StrCheats,a0
(2)   33/  C1BC3A : (MACRO)[56]         	DIIRQ
(2)   33/  C1BC3A : 13C0 0030 0001          move.b  d0,REG_DIPSW
(2)   33/  C1BC40 : 40E7                        move.w  sr,-(a7)
(2)   33/  C1BC42 : 007C 0700                   ori.w   #$0700,sr
(2)   34/  C1BC46 : 303C 70E9               move.w  #FIXMAP+9+(7*32),d0
(2)   35/  C1BC4A : 4EB9 00C1 E528      	jsr     WriteFix
(2)   36/  C1BC50 : (MACRO)[57]         	ENIRQ
(2)   36/  C1BC50 : 33FC 0007 003C 000C         move.w  #7,REG_IRQACK
(2)   36/  C1BC58 : 46DF                        move.w  (a7)+,sr
(2)   37/  C1BC5A : 4E75                	rts
(2)   38/  C1BC5C :                     
(2)   39/  C1BC5C :                     .nocheats:
(2)   40/  C1BC5C : 41F9 00C1 EB4F          lea     StrNoCheats,a0
(2)   41/  C1BC62 : 303C 70E9           	move.w  #FIXMAP+9+(7*32),d0
(2)   42/  C1BC66 : 4EF9 00C1 E528      	jmp     WriteFix
(2)   43/  C1BC6C : 4E75                	rts
(2)   44/  C1BC6E :                     
(2)   45/  C1BC6E :                     
(2)   46/  C1BC6E :                     IGMVBLProcCheats:
 AS V1.42 Beta [Bld 311] - Source File main.asm(ui_cheats.asm) - Page 93 - 9/11/2026 23:43:16


(2)   47/  C1BC6E : 4A39 0011 C1C0          tst.b   IGMItems
(2)   48/  C1BC74 : 6700 00B8               beq     .nocheats
(2)   49/  C1BC78 :                     
(2)   50/  C1BC78 : (MACRO)[58]             TESTREPEAT CNT_UP
(2)   50/  C1BC78 : 1039 0010 FD98          move.b  BIOS_P1REPEAT,d0
(2)   50/  C1BC7E : 8039 0010 FD9E          or.b    BIOS_P2REPEAT,d0
(2)   50/  C1BC84 : 0200 0001               andi.b  #(2^CNT_UP),d0
(2)   51/  C1BC88 : 672A                    beq     .no_up
(2)   52/  C1BC8A : 4A39 0011 C1BD          tst.b   IGMCursor
(2)   53/  C1BC90 : 670E                    beq     .top
(2)   54/  C1BC92 :                         ; Move cursor
(2)   55/  C1BC92 : 5339 0011 C1BD          subq.b  #1,IGMCursor
(2)   56/  C1BC98 : 4EB9 00C1 BD62          jsr     DrawCheatList
(2)   57/  C1BC9E : 6014                    bra     .no_up
(2)   58/  C1BCA0 :                     .top:
(2)   59/  C1BCA0 : 4A39 0011 C1BF          tst.b   IGMCursorShift
(2)   60/  C1BCA6 : 670C                    beq     .no_up
(2)   61/  C1BCA8 :                         ; Scroll
(2)   62/  C1BCA8 : 5339 0011 C1BF          subq.b  #1,IGMCursorShift
(2)   63/  C1BCAE : 4EB9 00C1 BD62          jsr     DrawCheatList
(2)   64/  C1BCB4 :                     .no_up:
(2)   65/  C1BCB4 :                     
(2)   66/  C1BCB4 : (MACRO)[59]         	TESTREPEAT CNT_DOWN
(2)   66/  C1BCB4 : 1039 0010 FD98          move.b  BIOS_P1REPEAT,d0
(2)   66/  C1BCBA : 8039 0010 FD9E          or.b    BIOS_P2REPEAT,d0
(2)   66/  C1BCC0 : 0200 0002               andi.b  #(2^CNT_DOWN),d0
(2)   67/  C1BCC4 : 673A                    beq     .no_down
(2)   68/  C1BCC6 : 1039 0011 C1BD          move.b  IGMCursor,d0
(2)   69/  C1BCCC : D039 0011 C1BF      	add.b   IGMCursorShift,d0
(2)   70/  C1BCD2 : 5200                	addq.b  #1,d0
(2)   71/  C1BCD4 : B039 0011 C1C0          cmp.b   IGMItems,d0
(2)   72/  C1BCDA : 6424                    bhs     .no_down
(2)   73/  C1BCDC : 0C39 0007 0011 C1BD     cmp.b   #MAX_CHEAT_LINES-1,IGMCursor		; Max lines at once
(2)   74/  C1BCE4 : 670E                    beq     .scrolldown
(2)   75/  C1BCE6 :                         ; Move cursor
(2)   76/  C1BCE6 : 5239 0011 C1BD          addq.b  #1,IGMCursor
(2)   77/  C1BCEC : 4EB9 00C1 BD62          jsr     DrawCheatList
(2)   78/  C1BCF2 : 600C                    bra     .no_down
(2)   79/  C1BCF4 :                     .scrolldown:
(2)   80/  C1BCF4 :                         ; Scroll
(2)   81/  C1BCF4 : 5239 0011 C1BF          addq.b  #1,IGMCursorShift
(2)   82/  C1BCFA : 4EB9 00C1 BD62          jsr     DrawCheatList
(2)   83/  C1BD00 :                     .no_down:
(2)   84/  C1BD00 :                     
(2)   85/  C1BD00 : (MACRO)[60]             TESTCHANGE CNT_A
(2)   85/  C1BD00 : 1039 0010 FD97          move.b  BIOS_P1CHANGE,d0
(2)   85/  C1BD06 : 8039 0010 FD9D          or.b    BIOS_P2CHANGE,d0
(2)   85/  C1BD0C : 0200 0010               andi.b  #(2^CNT_A),d0
(2)   86/  C1BD10 : 671C                    beq     .no_a
(2)   87/  C1BD12 :                         ; Toggle cheat
(2)   88/  C1BD12 : 7201                    moveq.l #1,d1
(2)   89/  C1BD14 : 1039 0011 C1BD          move.b  IGMCursor,d0
(2)   90/  C1BD1A : D039 0011 C1BF      	add.b   IGMCursorShift,d0
(2)   91/  C1BD20 : E1A9                    lsl.l   d0,d1
(2)   92/  C1BD22 : B3B9 0011 C202          eor.l   d1,CheatsBitmap
(2)   93/  C1BD28 : 4EB9 00C1 BD62          jsr     DrawCheatList
(2)   94/  C1BD2E :                     .no_a:
(2)   95/  C1BD2E :                     
(2)   96/  C1BD2E :                     .nocheats:
(2)   97/  C1BD2E :                     
 AS V1.42 Beta [Bld 311] - Source File main.asm(ui_cheats.asm) - Page 94 - 9/11/2026 23:43:16


(2)   98/  C1BD2E :                         ; B press and release
(2)   99/  C1BD2E : 1039 0010 FD96          move.b  BIOS_P1CURRENT,d0
(2)  100/  C1BD34 : 1239 0010 FD95          move.b  BIOS_P1PREVIOUS,d1
(2)  101/  C1BD3A : B300                    eor.b   d1,d0
(2)  102/  C1BD3C : C001                    and.b   d1,d0
(2)  103/  C1BD3E : 0200 0020               andi.b  #1<<CNT_B,d0
(2)  104/  C1BD42 : 671C                    beq     .no_b
(2)  105/  C1BD44 : 4A39 0011 C1C0      	tst.b   IGMItems		; No cheats found
(2)  106/  C1BD4A : 670E                    beq     .close
(2)  107/  C1BD4C : 4AB9 0011 C202      	tst.l   CheatsBitmap	; No cheats enabled
(2)  108/  C1BD52 : 6706                    beq     .close
(2)  109/  C1BD54 : 4EB9 00C1 D44A          jsr     InstallCheats
(2)  110/  C1BD5A :                     .close:
(2)  111/  C1BD5A : 4EB9 00C1 B960          jsr     CloseIGM
(2)  112/  C1BD60 :                     .no_b:
(2)  113/  C1BD60 : 4E75                    rts
(2)  114/  C1BD62 :                     
(2)  115/  C1BD62 :                     
(2)  116/  C1BD62 :                     DrawCheatList:
(2)  117/  C1BD62 :                     	; Search for NGH in cheat data
(2)  118/  C1BD62 : 4239 0011 C1C0      	clr.b   IGMItems
(2)  119/  C1BD68 : 41F9 00C2 31EC          lea     CheatData,a0
(2)  120/  C1BD6E : 2448                    movea.l a0,a2
(2)  121/  C1BD70 : 3E18                    move.w  (a0)+,d7                ; Game count
(2)  122/  C1BD72 : 3018                    move.w  (a0)+,d0                ; Offset to dictionary
(2)  123/  C1BD74 : 45F2 0000               lea     0(a2,d0),a2
(2)  124/  C1BD78 : 3038 0108               move.w  HEADER_NGH,d0
(2)  125/  C1BD7C :                     .search:
(2)  126/  C1BD7C : B050                    cmp.w   (a0),d0
(2)  127/  C1BD7E : 670A                    beq     .found
(2)  128/  C1BD80 : 5888                    addq.l  #4,a0
(2)  129/  C1BD82 : 5307                    subq.b  #1,d7
(2)  130/  C1BD84 : 66F6                    bne     .search
(2)  131/  C1BD86 : 6000 00AC               bra     .done                   ; No cheats found
(2)  132/  C1BD8A :                     .found:
(2)  133/  C1BD8A :                         ; Cheats found :D
(2)  134/  C1BD8A : 7000                    moveq.l #0,d0
(2)  135/  C1BD8C : 3028 0002               move.w  2(a0),d0                ; Get data offset
(2)  136/  C1BD90 : 41F9 00C2 31EC          lea     CheatData,a0
(2)  137/  C1BD96 : 41F0 0000               lea     0(a0,d0),a0
(2)  138/  C1BD9A : 23C8 0011 C206          move.l  a0,CheatDataAddr        ; Store data address for this game for later
(2)  139/  C1BDA0 :                     
(2)  140/  C1BDA0 : 1E18                    move.b  (a0)+,d7                ; Cheats count
(2)  141/  C1BDA2 : 13C7 0011 C1C0          move.b  d7,IGMItems
(2)  142/  C1BDA8 : 6700 008A               beq     .done                   ; No cheats
(2)  143/  C1BDAC :                     
(2)  144/  C1BDAC : 2639 0011 C202          move.l  CheatsBitmap,d3
(2)  145/  C1BDB2 : 1C3C 0008               move.b  #MAX_CHEAT_LINES,d6
(2)  146/  C1BDB6 : 1839 0011 C1BD          move.b  IGMCursor,d4
(2)  147/  C1BDBC : 1239 0011 C1BF          move.b  IGMCursorShift,d1
(2)  148/  C1BDC2 : 33FC 0020 003C 0004     move.w  #32,REG_VRAMMOD
(2)  149/  C1BDCA : 343C 70CB               move.w  #FIXMAP+11+(6*32),d2
(2)  150/  C1BDCE : 7A00                    moveq.l #0,d5
(2)  151/  C1BDD0 :                     .list:
(2)  152/  C1BDD0 : 5488                    addq.l  #2,a0
(2)  153/  C1BDD2 :                     
(2)  154/  C1BDD2 : 4A01                    tst.b   d1
(2)  155/  C1BDD4 : 670C                    beq     .drawline
(2)  156/  C1BDD6 : 5301                    subq.b  #1,d1
(2)  157/  C1BDD8 :                     .skipdesc:
 AS V1.42 Beta [Bld 311] - Source File main.asm(ui_cheats.asm) - Page 95 - 9/11/2026 23:43:16


(2)  158/  C1BDD8 : 4A18                    tst.b   (a0)+           ; Skip description text
(2)  159/  C1BDDA : 66FC                    bne     .skipdesc
(2)  160/  C1BDDC : E28B                    lsr.l   #1,d3
(2)  161/  C1BDDE : 5307                    subq.b  #1,d7
(2)  162/  C1BDE0 : 66EE                    bne     .list
(2)  163/  C1BDE2 :                     
(2)  164/  C1BDE2 :                     .drawline:
(2)  165/  C1BDE2 :                         ; Draw or clear cursor
(2)  166/  C1BDE2 : 33C2 003C 0000          move.w  d2,REG_VRAMADDR
(2)  167/  C1BDE8 : 303C E000           	move.w  #$E000,d0      ; Palette #14
(2)  168/  C1BDEC :                     
(2)  169/  C1BDEC : 103C 0020               move.b  #' ',d0
(2)  170/  C1BDF0 : B805                    cmp.b   d5,d4
(2)  171/  C1BDF2 : 6604                    bne     .nocur
(2)  172/  C1BDF4 : 103C 0011               move.b  #CHAR_ARROW_RIGHT,d0
(2)  173/  C1BDF8 :                     .nocur
(2)  174/  C1BDF8 : 33C0 003C 0002          move.w  d0,REG_VRAMRW
(2)  175/  C1BDFE :                     
(2)  176/  C1BDFE :                         ; Draw tick boxes
(2)  177/  C1BDFE : 303C F000           	move.w  #$F000,d0      ; Palette #15
(2)  178/  C1BE02 : 33C0 0011 C18A      	move.w  d0,FixWriteConfig
(2)  179/  C1BE08 : 103C 0005               move.b  #CHAR_BOX,d0
(2)  180/  C1BE0C : E28B                    lsr.l   #1,d3
(2)  181/  C1BE0E : 6404                    bcc     .disabled
(2)  182/  C1BE10 : 103C 0006               move.b  #CHAR_BOX_CHECKED,d0
(2)  183/  C1BE14 :                     .disabled
(2)  184/  C1BE14 : 33C0 003C 0002          move.w  d0,REG_VRAMRW
(2)  185/  C1BE1A :                     
(2)  186/  C1BE1A : 3002                	move.w  d2,d0
(2)  187/  C1BE1C : 0640 0040           	addi.w  #64,d0
(2)  188/  C1BE20 : 4EB9 00C1 E690      	jsr     WriteFixDict
(2)  189/  C1BE26 :                     
(2)  190/  C1BE26 : 5307                    subq.b  #1,d7
(2)  191/  C1BE28 : 670A                    beq     .done       ; Reached last cheat
(2)  192/  C1BE2A : 5306                    subq.b  #1,d6
(2)  193/  C1BE2C : 6706                    beq     .done       ; Reached max lines
(2)  194/  C1BE2E :                     
(2)  195/  C1BE2E : 5242                	addq.w  #1,d2       ; Next line
(2)  196/  C1BE30 : 5205                    addq.b  #1,d5
(2)  197/  C1BE32 : 609C                    bra     .list
(2)  198/  C1BE34 :                     .done:
(2)  199/  C1BE34 : 33FC E000 0011 C18A 	move.w  #$E000,FixWriteConfig   ; Palette #14
(2)  200/  C1BE3C :                     	
(2)  201/  C1BE3C :                         ; Show or hide "more cheats" arrow
(2)  202/  C1BE3C : 33FC 7413 003C 0000     move.w  #FIXMAP+19+(32*32),REG_VRAMADDR
(2)  203/  C1BE44 : 3239 0011 C18A          move.w  FixWriteConfig,d1
(2)  204/  C1BE4A : 123C 0020               move.b  #' ',d1
(2)  205/  C1BE4E : 1039 0011 C1BF      	move.b  IGMCursorShift,d0
(2)  206/  C1BE54 : 0600 0008           	addi.b  #MAX_CHEAT_LINES,d0
(2)  207/  C1BE58 : B039 0011 C1C0          cmp.b   IGMItems,d0
(2)  208/  C1BE5E : 6404                    bhs     .no_arrow
(2)  209/  C1BE60 : 123C 0013               move.b  #CHAR_ARROW_DOWN,d1
(2)  210/  C1BE64 :                     .no_arrow:
(2)  211/  C1BE64 : 33C1 003C 0002          move.w  d1,REG_VRAMRW
(2)  212/  C1BE6A :                     
(2)  213/  C1BE6A : 4E75                    rts
(2)  214/  C1BE6C :                     
(1)  279/  C1BE6C :                         INCLUDE "ui_sdips.asm"
(2)    1/  C1BE6C :                     ; Copyright (C) 2020 Sean Gonsalves
(2)    2/  C1BE6C :                     ;
 AS V1.42 Beta [Bld 311] - Source File main.asm(ui_sdips.asm) - Page 96 - 9/11/2026 23:43:16


(2)    3/  C1BE6C :                     ; This file is part of Neo CD SD Loader.
(2)    4/  C1BE6C :                     ;
(2)    5/  C1BE6C :                     ; This program is free software; you can redistribute it and/or modify
(2)    6/  C1BE6C :                     ; it under the terms of the GNU General Public License as published by
(2)    7/  C1BE6C :                     ; the Free Software Foundation; either version 2, or (at your option)
(2)    8/  C1BE6C :                     ; any later version.
(2)    9/  C1BE6C :                     ;
(2)   10/  C1BE6C :                     ; This program is distributed in the hope that it will be useful,
(2)   11/  C1BE6C :                     ; but WITHOUT ANY WARRANTY; without even the implied warranty of
(2)   12/  C1BE6C :                     ; MERCHANTABILITY or FITNESS FOR A PARTICULAR PURPOSE.  See the
(2)   13/  C1BE6C :                     ; GNU General Public License for more details.
(2)   14/  C1BE6C :                     ;
(2)   15/  C1BE6C :                     ; You should have received a copy of the GNU General Public License
(2)   16/  C1BE6C :                     ; along with this program; see the file COPYING.  If not, write to
(2)   17/  C1BE6C :                     ; the Free Software Foundation, Inc., 51 Franklin Street,
(2)   18/  C1BE6C :                     ; Boston, MA 02110-1301, USA.
(2)   19/  C1BE6C :                     
(2)   20/  C1BE6C :                     ; Non UI-related routines are in sdips.asm
(2)   21/  C1BE6C :                     
(2)   22/  C1BE6C :                     IGMSetupSDIP:
(2)   23/  C1BE6C : 13FC 0002 0011 C1C1 	move.b  #2,IGMMode     ; SDIP mode
(2)   24/  C1BE74 : 4239 0011 C1BD          clr.b   IGMCursor
(2)   25/  C1BE7A :                     
(2)   26/  C1BE7A : 4EB9 00C1 B9FA          jsr     DrawIGMBox
(2)   27/  C1BE80 : 4EB9 00C1 D238          jsr     InitSDIPList
(2)   28/  C1BE86 :                     
(2)   29/  C1BE86 : 303C 70C9               move.w  #FIXMAP+9+(6*32),d0
(2)   30/  C1BE8A : 4A39 0011 C1C6          tst.b   SDIPCount
(2)   31/  C1BE90 : 6730                    beq     .nosdips
(2)   32/  C1BE92 : 41F9 00C1 EB8D      	lea     StrSDIP,a0
(2)   33/  C1BE98 : (MACRO)[61]         	DIIRQ
(2)   33/  C1BE98 : 13C0 0030 0001          move.b  d0,REG_DIPSW
(2)   33/  C1BE9E : 40E7                        move.w  sr,-(a7)
(2)   33/  C1BEA0 : 007C 0700                   ori.w   #$0700,sr
(2)   34/  C1BEA4 : 4EB9 00C1 E528      	jsr     WriteFix
(2)   35/  C1BEAA : (MACRO)[62]         	ENIRQ
(2)   35/  C1BEAA : 33FC 0007 003C 000C         move.w  #7,REG_IRQACK
(2)   35/  C1BEB2 : 46DF                        move.w  (a7)+,sr
(2)   36/  C1BEB4 : 4EB9 00C1 C0A8          jsr     DrawSDIP
(2)   37/  C1BEBA : 4EB9 00C1 C03C          jsr     DrawSDIPCursor
(2)   38/  C1BEC0 : 4E75                    rts
(2)   39/  C1BEC2 :                     
(2)   40/  C1BEC2 :                     .nosdips:
(2)   41/  C1BEC2 : 41F9 00C1 EBB6      	lea     StrNoSDIP,a0
(2)   42/  C1BEC8 : (MACRO)[63]         	DIIRQ
(2)   42/  C1BEC8 : 13C0 0030 0001          move.b  d0,REG_DIPSW
(2)   42/  C1BECE : 40E7                        move.w  sr,-(a7)
(2)   42/  C1BED0 : 007C 0700                   ori.w   #$0700,sr
(2)   43/  C1BED4 : 4EB9 00C1 E528      	jsr     WriteFix
(2)   44/  C1BEDA : (MACRO)[64]         	ENIRQ
(2)   44/  C1BEDA : 33FC 0007 003C 000C         move.w  #7,REG_IRQACK
(2)   44/  C1BEE2 : 46DF                        move.w  (a7)+,sr
(2)   45/  C1BEE4 : 4E75                	rts
(2)   46/  C1BEE6 :                     
(2)   47/  C1BEE6 :                     
(2)   48/  C1BEE6 :                     IGMVBLProcSDIP:
(2)   49/  C1BEE6 : 4A39 0011 C1C6          tst.b   SDIPCount
(2)   50/  C1BEEC : 6700 012A               beq     .nosdips
(2)   51/  C1BEF0 :                     
(2)   52/  C1BEF0 : (MACRO)[65]             TESTREPEAT CNT_UP
 AS V1.42 Beta [Bld 311] - Source File main.asm(ui_sdips.asm) - Page 97 - 9/11/2026 23:43:16


(2)   52/  C1BEF0 : 1039 0010 FD98          move.b  BIOS_P1REPEAT,d0
(2)   52/  C1BEF6 : 8039 0010 FD9E          or.b    BIOS_P2REPEAT,d0
(2)   52/  C1BEFC : 0200 0001               andi.b  #(2^CNT_UP),d0
(2)   53/  C1BF00 : 6728                    beq     .no_up
(2)   54/  C1BF02 : 1039 0011 C1BD          move.b  IGMCursor,d0
(2)   55/  C1BF08 : 6720                    beq     .no_up
(2)   56/  C1BF0A : 5300                    subq.b  #1,d0
(2)   57/  C1BF0C : 13C0 0011 C1BD          move.b  d0,IGMCursor
(2)   58/  C1BF12 : B03C 0007               cmp.b   #7,d0          ; Just went from 8 to 7
(2)   59/  C1BF16 : 660C                    bne     .done_up
(2)   60/  C1BF18 :                         ; Go to first page
(2)   61/  C1BF18 : 4EB9 00C1 BA6C          jsr     ClearIGM
(2)   62/  C1BF1E : 4EB9 00C1 C0A8          jsr     DrawSDIP       ; Refresh display
(2)   63/  C1BF24 :                     .done_up:
(2)   64/  C1BF24 : 4EB9 00C1 C03C          jsr     DrawSDIPCursor
(2)   65/  C1BF2A :                     .no_up:
(2)   66/  C1BF2A :                     
(2)   67/  C1BF2A : (MACRO)[66]         	TESTREPEAT CNT_DOWN
(2)   67/  C1BF2A : 1039 0010 FD98          move.b  BIOS_P1REPEAT,d0
(2)   67/  C1BF30 : 8039 0010 FD9E          or.b    BIOS_P2REPEAT,d0
(2)   67/  C1BF36 : 0200 0002               andi.b  #(2^CNT_DOWN),d0
(2)   68/  C1BF3A : 6732                    beq     .no_down
(2)   69/  C1BF3C : 1039 0011 C1BD          move.b  IGMCursor,d0
(2)   70/  C1BF42 : 1239 0011 C1C6          move.b  SDIPCount,d1
(2)   71/  C1BF48 : 5301                    subq.b  #1,d1          ; Count -> max
(2)   72/  C1BF4A : B001                    cmp.b   d1,d0          ; Cursor on last item: no move
(2)   73/  C1BF4C : 6420                    bhs     .no_down
(2)   74/  C1BF4E : 5200                    addq.b  #1,d0
(2)   75/  C1BF50 : 13C0 0011 C1BD          move.b  d0,IGMCursor
(2)   76/  C1BF56 : B03C 0008               cmp.b   #8,d0          ; Just went from 7 to 8
(2)   77/  C1BF5A : 660C                    bne     .done_down
(2)   78/  C1BF5C :                         ; Go to second page
(2)   79/  C1BF5C : 4EB9 00C1 BA6C          jsr     ClearIGM
(2)   80/  C1BF62 : 4EB9 00C1 C0A8          jsr     DrawSDIP       ; Refresh display
(2)   81/  C1BF68 :                     .done_down:
(2)   82/  C1BF68 : 4EB9 00C1 C03C          jsr     DrawSDIPCursor
(2)   83/  C1BF6E :                     .no_down:
(2)   84/  C1BF6E :                     
(2)   85/  C1BF6E : (MACRO)[67]             TESTREPEAT CNT_LEFT
(2)   85/  C1BF6E : 1039 0010 FD98          move.b  BIOS_P1REPEAT,d0
(2)   85/  C1BF74 : 8039 0010 FD9E          or.b    BIOS_P2REPEAT,d0
(2)   85/  C1BF7A : 0200 0004               andi.b  #(2^CNT_LEFT),d0
(2)   86/  C1BF7E : 6724                    beq     .no_left
(2)   87/  C1BF80 :                         ; Look up required proc to decrease value
(2)   88/  C1BF80 : 4EB9 00C1 D352          jsr     GetSDIPEntryType
(2)   89/  C1BF86 : 43F9 00C1 D324          lea     JT_SDIPDec,a1
(2)   90/  C1BF8C : 2271 0000               move.l  (a1,d0),a1
(2)   91/  C1BF90 : 4EB9 00C1 D372          jsr     GetSDIPValueCursor
(2)   92/  C1BF96 : 4E91                    jsr     (a1)
(2)   93/  C1BF98 : 4EB9 00C1 D394          jsr     SetSDIPValue
(2)   94/  C1BF9E : 4EB9 00C1 C0A8          jsr     DrawSDIP       ; Refresh display
(2)   95/  C1BFA4 :                     .no_left:
(2)   96/  C1BFA4 :                     
(2)   97/  C1BFA4 : (MACRO)[68]             TESTREPEAT CNT_RIGHT
(2)   97/  C1BFA4 : 1039 0010 FD98          move.b  BIOS_P1REPEAT,d0
(2)   97/  C1BFAA : 8039 0010 FD9E          or.b    BIOS_P2REPEAT,d0
(2)   97/  C1BFB0 : 0200 0008               andi.b  #(2^CNT_RIGHT),d0
(2)   98/  C1BFB4 : 6724                    beq     .no_right
(2)   99/  C1BFB6 :                         ; Look up required proc to decrease value
(2)  100/  C1BFB6 : 4EB9 00C1 D352          jsr     GetSDIPEntryType
 AS V1.42 Beta [Bld 311] - Source File main.asm(ui_sdips.asm) - Page 98 - 9/11/2026 23:43:16


(2)  101/  C1BFBC : 43F9 00C1 D2C4          lea     JT_SDIPInc,a1
(2)  102/  C1BFC2 : 2271 0000               move.l  (a1,d0),a1
(2)  103/  C1BFC6 : 4EB9 00C1 D372          jsr     GetSDIPValueCursor
(2)  104/  C1BFCC : 4E91                    jsr     (a1)
(2)  105/  C1BFCE : 4EB9 00C1 D394          jsr     SetSDIPValue
(2)  106/  C1BFD4 : 4EB9 00C1 C0A8          jsr     DrawSDIP       ; Refresh display
(2)  107/  C1BFDA :                     .no_right:
(2)  108/  C1BFDA :                     
(2)  109/  C1BFDA : (MACRO)[69]             TESTCHANGE CNT_C
(2)  109/  C1BFDA : 1039 0010 FD97          move.b  BIOS_P1CHANGE,d0
(2)  109/  C1BFE0 : 8039 0010 FD9D          or.b    BIOS_P2CHANGE,d0
(2)  109/  C1BFE6 : 0200 0040               andi.b  #(2^CNT_C),d0
(2)  110/  C1BFEA : 672C                    beq     .no_c
(2)  111/  C1BFEC :                         ; Copy default settings to BIOS_GAME_DIP
(2)  112/  C1BFEC : 2079 0011 C1C2          move.l  SDIPAddr,a0
(2)  113/  C1BFF2 : 41E8 0010               lea     16(a0),a0      ; Skip game name
(2)  114/  C1BFF6 : 43F9 0010 FD84          lea     BIOS_GAME_DIP,a1
(2)  115/  C1BFFC : 22D8                    move.l  (a0)+,(a1)+    ; Special settings
(2)  116/  C1BFFE : 32D8                    move.w  (a0)+,(a1)+
(2)  117/  C1C000 : 7E0A                    moveq.l #10,d7         ; Normal settings
(2)  118/  C1C002 :                     .lpdef:
(2)  119/  C1C002 : 1018                    move.b  (a0)+,d0
(2)  120/  C1C004 : E808                    lsr.b   #4,d0
(2)  121/  C1C006 : 12C0                    move.b  d0,(a1)+
(2)  122/  C1C008 : 5307                    subq.b  #1,d7
(2)  123/  C1C00A : 66F6                    bne     .lpdef
(2)  124/  C1C00C : 4EB9 00C1 D238          jsr     InitSDIPList
(2)  125/  C1C012 : 4EB9 00C1 C0A8          jsr     DrawSDIP       ; Refresh display
(2)  126/  C1C018 :                     .no_c:
(2)  127/  C1C018 :                     
(2)  128/  C1C018 :                     .nosdips:
(2)  129/  C1C018 :                     
(2)  130/  C1C018 :                         ; B press and release
(2)  131/  C1C018 : 1039 0010 FD96          move.b  BIOS_P1CURRENT,d0
(2)  132/  C1C01E : 1239 0010 FD95          move.b  BIOS_P1PREVIOUS,d1
(2)  133/  C1C024 : B300                    eor.b   d1,d0
(2)  134/  C1C026 : C001                    and.b   d1,d0
(2)  135/  C1C028 : 0200 0020               andi.b  #1<<CNT_B,d0
(2)  136/  C1C02C : 670C                    beq     .no_b
(2)  137/  C1C02E : 4EB9 00C1 D0C0          jsr     StoreSDIPs
(2)  138/  C1C034 : 4EB9 00C1 B960          jsr     CloseIGM
(2)  139/  C1C03A :                     .no_b:
(2)  140/  C1C03A :                     
(2)  141/  C1C03A : 4E75                    rts
(2)  142/  C1C03C :                     
(2)  143/  C1C03C :                     
(2)  144/  C1C03C :                     DrawSDIPCursor:
(2)  145/  C1C03C : (MACRO)[70]         	DIIRQ
(2)  145/  C1C03C : 13C0 0030 0001          move.b  d0,REG_DIPSW
(2)  145/  C1C042 : 40E7                        move.w  sr,-(a7)
(2)  145/  C1C044 : 007C 0700                   ori.w   #$0700,sr
(2)  146/  C1C048 : 3239 0011 C18A      	move.w  FixWriteConfig,d1
(2)  147/  C1C04E :                     
(2)  148/  C1C04E :                         ; Erase previous cursor
(2)  149/  C1C04E : 7000                    moveq.l #0,d0
(2)  150/  C1C050 : 1039 0011 C1BE          move.b  PrevIGMCursor,d0
(2)  151/  C1C056 : 0200 0007               andi.b  #7,d0
(2)  152/  C1C05A : 0640 70EB               addi.w  #FIXMAP+11+(7*32),d0
(2)  153/  C1C05E : 33C0 003C 0000          move.w  d0,REG_VRAMADDR
(2)  154/  C1C064 : 123C 0020               move.b  #' ',d1
 AS V1.42 Beta [Bld 311] - Source File main.asm(ui_sdips.asm) - Page 99 - 9/11/2026 23:43:16


(2)  155/  C1C068 : 7000                    moveq.l #0,d0
(2)  156/  C1C06A : 1039 0011 C1BD          move.b  IGMCursor,d0
(2)  157/  C1C070 : 33C1 003C 0002          move.w  d1,REG_VRAMRW
(2)  158/  C1C076 :                     
(2)  159/  C1C076 :                         ; Draw new cursor
(2)  160/  C1C076 : 0200 0007               andi.b  #7,d0
(2)  161/  C1C07A : 0640 70EB               addi.w  #FIXMAP+11+(7*32),d0
(2)  162/  C1C07E : 33C0 003C 0000          move.w  d0,REG_VRAMADDR
(2)  163/  C1C084 : 123C 0011               move.b  #CHAR_ARROW_RIGHT,d1
(2)  164/  C1C088 : 13F9 0011 C1BD 0011     move.b  IGMCursor,PrevIGMCursor
           C1C090 : C1BE               
(2)  165/  C1C092 : 4E71                    nop
(2)  166/  C1C094 : 4E71                    nop
(2)  167/  C1C096 : 33C1 003C 0002          move.w  d1,REG_VRAMRW
(2)  168/  C1C09C : (MACRO)[71]             ENIRQ
(2)  168/  C1C09C : 33FC 0007 003C 000C         move.w  #7,REG_IRQACK
(2)  168/  C1C0A4 : 46DF                        move.w  (a7)+,sr
(2)  169/  C1C0A6 : 4E75                    rts
(2)  170/  C1C0A8 :                     
(2)  171/  C1C0A8 :                     
(2)  172/  C1C0A8 :                     DrawSDIP:
(2)  173/  C1C0A8 : (MACRO)[72]         	DIIRQ
(2)  173/  C1C0A8 : 13C0 0030 0001          move.b  d0,REG_DIPSW
(2)  173/  C1C0AE : 40E7                        move.w  sr,-(a7)
(2)  173/  C1C0B0 : 007C 0700                   ori.w   #$0700,sr
(2)  174/  C1C0B4 : 41F9 0011 C1C8          lea     SDIPItems,a0
(2)  175/  C1C0BA : 0C39 0008 0011 C1BD     cmp.b   #8,IGMCursor
(2)  176/  C1C0C2 : 6504                    blo     .firstpage
(2)  177/  C1C0C4 : 41E8 0020               lea     4*8(a0),a0     ; Second page: skip first 8 entries
(2)  178/  C1C0C8 :                     .firstpage:
(2)  179/  C1C0C8 : 2279 0011 C1C2          move.l  SDIPAddr,a1
(2)  180/  C1C0CE : 43E9 0020               lea     32(a1),a1      ; String list
(2)  181/  C1C0D2 :                     
(2)  182/  C1C0D2 : 343C 710B               move.w  #FIXMAP+11+(8*32),d2    ; First line position
(2)  183/  C1C0D6 : 33FC 0020 003C 0004 	move.w  #32,REG_VRAMMOD
(2)  184/  C1C0DE :                     
(2)  185/  C1C0DE : 7E08                    moveq.l #8,d7          ; Max entries per page
(2)  186/  C1C0E0 :                     .drawlp:
(2)  187/  C1C0E0 : 7000                    moveq.l #0,d0
(2)  188/  C1C0E2 : 1010                    move.b  (a0),d0        ; Get type and count
(2)  189/  C1C0E4 : B03C 00FF               cmp.b   #$FF,d0
(2)  190/  C1C0E8 : 6752                    beq     .done
(2)  191/  C1C0EA : 2600                    move.l  d0,d3
(2)  192/  C1C0EC :                     
(2)  193/  C1C0EC : 1028 0001               move.b  1(a0),d0       ; Get address of setting's first string
(2)  194/  C1C0F0 : C0FC 000C               mulu.w  #12,d0
(2)  195/  C1C0F4 : 2649                    move.l  a1,a3
(2)  196/  C1C0F6 : D7C0                    add.l   d0,a3
(2)  197/  C1C0F8 :                     
(2)  198/  C1C0F8 : 33C2 003C 0000          move.w  d2,REG_VRAMADDR
(2)  199/  C1C0FE : 4EB9 00C1 C214          jsr     DrawSDIPString
(2)  200/  C1C104 :                     
(2)  201/  C1C104 : 7000                    moveq.l #0,d0
(2)  202/  C1C106 : 1028 0003               move.b  3(a0),d0      ; Get value's index in BIOS_GAME_DIP
(2)  203/  C1C10A : 4EB9 00C1 D37A          jsr     GetSDIPValueIndex   ; Get value in d0
(2)  204/  C1C110 :                     
(2)  205/  C1C110 : 33FC F000 0011 C18A 	move.w  #$F000,FixWriteConfig  ; Palette #15
(2)  206/  C1C118 :                     
(2)  207/  C1C118 : E80B                    lsr.b   #4,d3
(2)  208/  C1C11A : D603                    add.b   d3,d3
 AS V1.42 Beta [Bld 311] - Source File main.asm(ui_sdips.asm) - Page 100 - 9/11/2026 23:43:16


(2)  209/  C1C11C : D603                    add.b   d3,d3
(2)  210/  C1C11E : 45F9 00C1 C148          lea     JT_SDIPDraw,a2
(2)  211/  C1C124 : 2472 3000               move.l  (a2,d3),a2
(2)  212/  C1C128 : 4E92                    jsr     (a2)
(2)  213/  C1C12A :                     
(2)  214/  C1C12A : 33FC E000 0011 C18A 	move.w  #$E000,FixWriteConfig  ; Palette #14
(2)  215/  C1C132 :                     
(2)  216/  C1C132 : 41E8 0004               lea     4(a0),a0      ; Next entry in SDIPItems
(2)  217/  C1C136 :                     
(2)  218/  C1C136 : 5242                    addq.w  #1,d2         ; Next line
(2)  219/  C1C138 : 5307                    subq.b  #1,d7
(2)  220/  C1C13A : 66A4                    bne     .drawlp
(2)  221/  C1C13C :                     
(2)  222/  C1C13C :                     .done:
(2)  223/  C1C13C : (MACRO)[73]             ENIRQ
(2)  223/  C1C13C : 33FC 0007 003C 000C         move.w  #7,REG_IRQACK
(2)  223/  C1C144 : 46DF                        move.w  (a7)+,sr
(2)  224/  C1C146 : 4E75                    rts
(2)  225/  C1C148 :                     
(2)  226/  C1C148 :                         
(2)  227/  C1C148 :                     JT_SDIPDraw:
(2)  228/  C1C148 : 00C1 C154               dc.l SDIPDrawNormal
(2)  229/  C1C14C : 00C1 C16E               dc.l SDIPDrawCount
(2)  230/  C1C150 : 00C1 C1D4               dc.l SDIPDrawTimer
(2)  231/  C1C154 :                     
(2)  232/  C1C154 :                     SDIPDrawNormal:
(2)  233/  C1C154 : 3202                    move.w  d2,d1
(2)  234/  C1C156 : 0641 01A0               addi.w  #13*32,d1
(2)  235/  C1C15A :                     
(2)  236/  C1C15A : C0FC 000C               mulu.w  #12,d0
(2)  237/  C1C15E : D7C0                    add.l   d0,a3
(2)  238/  C1C160 :                     
(2)  239/  C1C160 : 33C1 003C 0000          move.w  d1,REG_VRAMADDR
(2)  240/  C1C166 : 4EB9 00C1 C214          jsr     DrawSDIPString
(2)  241/  C1C16C : 4E75                    rts
(2)  242/  C1C16E :                     
(2)  243/  C1C16E :                     SDIPDrawCount:
(2)  244/  C1C16E : 3202                    move.w  d2,d1
(2)  245/  C1C170 : 0641 01A0               addi.w  #13*32,d1
(2)  246/  C1C174 :                     
(2)  247/  C1C174 : 4A00                    tst.b   d0
(2)  248/  C1C176 : 672C                    beq     .without
(2)  249/  C1C178 : B03C 0064               cmp.b   #100,d0
(2)  250/  C1C17C : 643E                    bhs     .infinite
(2)  251/  C1C17E :                     
(2)  252/  C1C17E : 33C1 003C 0000          move.w  d1,REG_VRAMADDR
(2)  253/  C1C184 :                     
(2)  254/  C1C184 : 4EB9 00C1 E38E          jsr     HexToBCD
(2)  255/  C1C18A : 4EB9 00C1 E6FA          jsr     WriteByte
(2)  256/  C1C190 :                     
(2)  257/  C1C190 : 123C 0020           	move.b  #' ',d1        ; Clear 8 - 2 = 6 chars in case previous value was WITHOUT or INFINITE
(2)  258/  C1C194 : 7C06                    moveq.l #6,d6
(2)  259/  C1C196 :                     .clearchar:
(2)  260/  C1C196 : 4E71                	nop
(2)  261/  C1C198 : 33C1 003C 0002      	move.w  d1,REG_VRAMRW
(2)  262/  C1C19E : 5306                	subq.b  #1,d6
(2)  263/  C1C1A0 : 66F4                	bne     .clearchar
(2)  264/  C1C1A2 : 4E75                    rts
(2)  265/  C1C1A4 :                         
(2)  266/  C1C1A4 :                     .without:
 AS V1.42 Beta [Bld 311] - Source File main.asm(ui_sdips.asm) - Page 101 - 9/11/2026 23:43:16


(2)  267/  C1C1A4 : 48E7 0080               movem.l a0,-(sp)
(2)  268/  C1C1A8 : 41F9 00C1 EBF2      	lea     StrWITHOUT,a0
(2)  269/  C1C1AE : 3001                    move.w  d1,d0
(2)  270/  C1C1B0 : 4EB9 00C1 E528      	jsr     WriteFix
(2)  271/  C1C1B6 : 4CDF 0100               movem.l (sp)+,a0
(2)  272/  C1C1BA : 4E75                	rts
(2)  273/  C1C1BC :                     
(2)  274/  C1C1BC :                     .infinite:
(2)  275/  C1C1BC : 48E7 0080               movem.l a0,-(sp)
(2)  276/  C1C1C0 : 41F9 00C1 EBFB      	lea     StrINFINITE,a0
(2)  277/  C1C1C6 : 3001                    move.w  d1,d0
(2)  278/  C1C1C8 : 4EB9 00C1 E528      	jsr     WriteFix
(2)  279/  C1C1CE : 4CDF 0100               movem.l (sp)+,a0
(2)  280/  C1C1D2 : 4E75                	rts
(2)  281/  C1C1D4 :                     
(2)  282/  C1C1D4 :                     SDIPDrawTimer:
(2)  283/  C1C1D4 : 3202                    move.w  d2,d1
(2)  284/  C1C1D6 : 0641 0200               addi.w  #(13*32)+(3*32),d1
(2)  285/  C1C1DA : 33C1 003C 0000          move.w  d1,REG_VRAMADDR
(2)  286/  C1C1E0 :                     
(2)  287/  C1C1E0 : 4EB9 00C1 E6FA          jsr     WriteByte
(2)  288/  C1C1E6 : 4E71                    nop
(2)  289/  C1C1E8 : 123C 0073               move.b  #'s',d1
(2)  290/  C1C1EC : 33C1 003C 0002      	move.w  d1,REG_VRAMRW
(2)  291/  C1C1F2 :                     
(2)  292/  C1C1F2 : 3202                    move.w  d2,d1
(2)  293/  C1C1F4 : 0641 01A0               addi.w  #(13*32),d1
(2)  294/  C1C1F8 : 33C1 003C 0000          move.w  d1,REG_VRAMADDR
(2)  295/  C1C1FE :                     
(2)  296/  C1C1FE : E048                    lsr.w   #8,d0
(2)  297/  C1C200 : 4EB9 00C1 E6FA          jsr     WriteByte
(2)  298/  C1C206 : 4E71                    nop
(2)  299/  C1C208 : 123C 006D               move.b  #'m',d1
(2)  300/  C1C20C : 33C1 003C 0002      	move.w  d1,REG_VRAMRW
(2)  301/  C1C212 : 4E75                    rts
(2)  302/  C1C214 :                     
(2)  303/  C1C214 :                     DrawSDIPString:
(2)  304/  C1C214 : 3239 0011 C18A      	move.w  FixWriteConfig,d1
(2)  305/  C1C21A : 7C0C                    moveq.l #12,d6
(2)  306/  C1C21C :                     .writename:
(2)  307/  C1C21C : 4E71                    nop
(2)  308/  C1C21E : 121B                    move.b  (a3)+,d1
(2)  309/  C1C220 : 33C1 003C 0002      	move.w  d1,REG_VRAMRW
(2)  310/  C1C226 : 5346                    subq.w  #1,d6
(2)  311/  C1C228 : 66F2                    bne     .writename
(2)  312/  C1C22A : 4E75                    rts
(2)  313/  C1C22C :                     
(1)  280/  C1C22C :                         ;INCLUDE "ui_savestate.asm"
(1)  281/  C1C22C :                         ;INCLUDE "ui_loadstate.asm"
(1)  282/  C1C22C :                     
     202/  C1C22C :                     	INCLUDE "settings.asm"
(1)    1/  C1C22C :                     ; Copyright (C) 2020 Sean Gonsalves
(1)    2/  C1C22C :                     ;
(1)    3/  C1C22C :                     ; This file is part of Neo CD SD Loader.
(1)    4/  C1C22C :                     ;
(1)    5/  C1C22C :                     ; This program is free software; you can redistribute it and/or modify
(1)    6/  C1C22C :                     ; it under the terms of the GNU General Public License as published by
(1)    7/  C1C22C :                     ; the Free Software Foundation; either version 2, or (at your option)
(1)    8/  C1C22C :                     ; any later version.
(1)    9/  C1C22C :                     ;
 AS V1.42 Beta [Bld 311] - Source File main.asm(settings.asm) - Page 102 - 9/11/2026 23:43:16


(1)   10/  C1C22C :                     ; This program is distributed in the hope that it will be useful,
(1)   11/  C1C22C :                     ; but WITHOUT ANY WARRANTY; without even the implied warranty of
(1)   12/  C1C22C :                     ; MERCHANTABILITY or FITNESS FOR A PARTICULAR PURPOSE.  See the
(1)   13/  C1C22C :                     ; GNU General Public License for more details.
(1)   14/  C1C22C :                     ;
(1)   15/  C1C22C :                     ; You should have received a copy of the GNU General Public License
(1)   16/  C1C22C :                     ; along with this program; see the file COPYING.  If not, write to
(1)   17/  C1C22C :                     ; the Free Software Foundation, Inc., 51 Franklin Street,
(1)   18/  C1C22C :                     ; Boston, MA 02110-1301, USA.
(1)   19/  C1C22C :                     
(1)   20/  C1C22C :                     ;SAVE_DATA1: xxaAFSNN
(1)   21/  C1C22C :                     ;x: Unused
(1)   22/  C1C22C :                     ;a: Loading animation slow/fast
(1)   23/  C1C22C :                     ;A: Default boot animation on/off
(1)   24/  C1C22C :                     ;F: Sound effects on/off
(1)   25/  C1C22C :                     ;S: Screen saver on/off
(1)   26/  C1C22C :                     ;NN: Nationality
(1)   27/  C1C22C :                     
(1)   28/  C1C22C :                     ;SAVE_DATA2: xxbgrBGR
(1)   29/  C1C22C :                     ;bgr: LED idle color
(1)   30/  C1C22C :                     ;BGR: LED loading color
(1)   31/  C1C22C :                     
(1)   32/  C1C22C :                     SaveSettings:
(1)   33/  C1C22C : 7000                    moveq.l #0,d0
(1)   34/  C1C22E : 13C0 003A 0019          move.b  d0,REG_CRDNORMAL
(1)   35/  C1C234 : 13C0 0038 0011          move.b  d0,REG_CRDBANK
(1)   36/  C1C23A :                     
(1)   37/  C1C23A : 1039 0011 C192          move.b  SettingLoadAnim,d0
(1)   38/  C1C240 : 0200 0001               andi.b  #1,d0               ; xxxxxxxa
(1)   39/  C1C244 : D000                    add.b   d0,d0               ; xxxxxxa0
(1)   40/  C1C246 : 1239 0011 C191          move.b  SettingBootAnim,d1
(1)   41/  C1C24C : 0201 0001               andi.b  #1,d1               ; xxxxxxxA
(1)   42/  C1C250 : 8001                    or.b    d1,d0               ; xxxxxxaA
(1)   43/  C1C252 : D000                    add.b   d0,d0               ; xxxxxaA0
(1)   44/  C1C254 : 1239 0011 C190          move.b  SettingSFX,d1
(1)   45/  C1C25A : 0201 0001               andi.b  #1,d1               ; xxxxxxxF
(1)   46/  C1C25E : 8001                    or.b    d1,d0               ; xxxxxaAF
(1)   47/  C1C260 : D000                    add.b   d0,d0               ; xxxxaAF0
(1)   48/  C1C262 : 1239 0011 C18D          move.b  SettingSSaver,d1
(1)   49/  C1C268 : 0201 0001               andi.b  #1,d1
(1)   50/  C1C26C : 8001                    or.b    d1,d0               ; xxxxaAFS
(1)   51/  C1C26E : D000                    add.b   d0,d0               ; xxxaAFS0
(1)   52/  C1C270 : D000                    add.b   d0,d0               ; xxaAFS00
(1)   53/  C1C272 : 1239 0011 C18C          move.b  SettingCountry,d1
(1)   54/  C1C278 : 0201 0003               andi.b  #3,d1
(1)   55/  C1C27C : 8001                    or.b    d1,d0               ; xxaAFSNN
(1)   56/  C1C27E : 13C0 0080 0001          move.b  d0,SAVE_DATA1
(1)   57/  C1C284 :                     
(1)   58/  C1C284 : 1039 0011 C18E          move.b  SettingLEDIdle,d0
(1)   59/  C1C28A : 0200 0007               andi.b  #7,d0
(1)   60/  C1C28E : E708                    lsl.b   #3,d0
(1)   61/  C1C290 : 1239 0011 C18F          move.b  SettingLEDLoad,d1
(1)   62/  C1C296 : 0201 0007               andi.b  #7,d1
(1)   63/  C1C29A : 8001                    or.b    d1,d0
(1)   64/  C1C29C : 13C0 0080 0009          move.b  d0,SAVE_DATA2
(1)   65/  C1C2A2 : 4E75                    rts
(1)   66/  C1C2A4 :                     
(1)   67/  C1C2A4 :                     LoadSettings:
(1)   68/  C1C2A4 : 7000                    moveq.l #0,d0
(1)   69/  C1C2A6 : 13C0 003A 0019          move.b  d0,REG_CRDNORMAL
 AS V1.42 Beta [Bld 311] - Source File main.asm(settings.asm) - Page 103 - 9/11/2026 23:43:16


(1)   70/  C1C2AC : 13C0 0038 0011          move.b  d0,REG_CRDBANK
(1)   71/  C1C2B2 :                     
(1)   72/  C1C2B2 : 1039 0080 0001          move.b  SAVE_DATA1,d0
(1)   73/  C1C2B8 : 1200                    move.b  d0,d1               ; xxaAFSNN
(1)   74/  C1C2BA : 0201 0003               andi.b  #3,d1
(1)   75/  C1C2BE : 13C1 0011 C18C          move.b  d1,SettingCountry
(1)   76/  C1C2C4 : E408                    lsr.b   #2,d0               ; xxxxaAFS
(1)   77/  C1C2C6 : 1200                    move.b  d0,d1
(1)   78/  C1C2C8 : 0201 0001               andi.b  #1,d1
(1)   79/  C1C2CC : 13C1 0011 C18D          move.b  d1,SettingSSaver
(1)   80/  C1C2D2 : E208                    lsr.b   #1,d0               ; xxxxxaAF
(1)   81/  C1C2D4 : 1200                    move.b  d0,d1
(1)   82/  C1C2D6 : 0201 0001               andi.b  #1,d1
(1)   83/  C1C2DA : 13C1 0011 C190          move.b  d1,SettingSFX
(1)   84/  C1C2E0 : E208                    lsr.b   #1,d0               ; xxxxxxaA
(1)   85/  C1C2E2 : 1200                    move.b  d0,d1
(1)   86/  C1C2E4 : 0201 0001               andi.b  #1,d1
(1)   87/  C1C2E8 : 13C1 0011 C191          move.b  d1,SettingBootAnim
(1)   88/  C1C2EE : E208                    lsr.b   #1,d0               ; xxxxxxxa
(1)   89/  C1C2F0 : 0200 0001               andi.b  #1,d0
(1)   90/  C1C2F4 : 13C0 0011 C192          move.b  d0,SettingLoadAnim
(1)   91/  C1C2FA :                     
(1)   92/  C1C2FA : 1039 0080 0009          move.b  SAVE_DATA2,d0
(1)   93/  C1C300 : 1200                    move.b  d0,d1
(1)   94/  C1C302 : 0201 0007               andi.b  #7,d1
(1)   95/  C1C306 :                         ; Can't be 7
(1)   96/  C1C306 : B23C 0007               cmp.b   #7,d1
(1)   97/  C1C30A : 6604                    bne     .ok1
(1)   98/  C1C30C : 123C 0000               move.b  #0,d1
(1)   99/  C1C310 :                     .ok1:
(1)  100/  C1C310 : 13C1 0011 C18F          move.b  d1,SettingLEDLoad
(1)  101/  C1C316 : E608                    lsr.b   #3,d0
(1)  102/  C1C318 : 0200 0007               andi.b  #7,d0
(1)  103/  C1C31C :                         ; Can't be 7
(1)  104/  C1C31C : B03C 0007               cmp.b   #7,d0
(1)  105/  C1C320 : 6604                    bne     .ok2
(1)  106/  C1C322 : 103C 0000               move.b  #0,d0
(1)  107/  C1C326 :                     .ok2:
(1)  108/  C1C326 : 13C0 0011 C18E          move.b  d0,SettingLEDIdle
(1)  109/  C1C32C : 4E75                    rts
(1)  110/  C1C32E :                     
     203/  C1C32E :                     	INCLUDE "saves.asm"
(1)    1/  C1C32E :                     ; Copyright (C) 2020 Sean Gonsalves
(1)    2/  C1C32E :                     ;
(1)    3/  C1C32E :                     ; This file is part of Neo CD SD Loader.
(1)    4/  C1C32E :                     ;
(1)    5/  C1C32E :                     ; This program is free software; you can redistribute it and/or modify
(1)    6/  C1C32E :                     ; it under the terms of the GNU General Public License as published by
(1)    7/  C1C32E :                     ; the Free Software Foundation; either version 2, or (at your option)
(1)    8/  C1C32E :                     ; any later version.
(1)    9/  C1C32E :                     ;
(1)   10/  C1C32E :                     ; This program is distributed in the hope that it will be useful,
(1)   11/  C1C32E :                     ; but WITHOUT ANY WARRANTY; without even the implied warranty of
(1)   12/  C1C32E :                     ; MERCHANTABILITY or FITNESS FOR A PARTICULAR PURPOSE.  See the
(1)   13/  C1C32E :                     ; GNU General Public License for more details.
(1)   14/  C1C32E :                     ;
(1)   15/  C1C32E :                     ; You should have received a copy of the GNU General Public License
(1)   16/  C1C32E :                     ; along with this program; see the file COPYING.  If not, write to
(1)   17/  C1C32E :                     ; the Free Software Foundation, Inc., 51 Franklin Street,
(1)   18/  C1C32E :                     ; Boston, MA 02110-1301, USA.
 AS V1.42 Beta [Bld 311] - Source File main.asm(saves.asm) - Page 104 - 9/11/2026 23:43:16


(1)   19/  C1C32E :                     
(1)   20/  C1C32E :                     SetupSavesMenu:
(1)   21/  C1C32E :                         ; Set BIOS_COUNTRY_CODE to software setting
(1)   22/  C1C32E : 1039 0011 C18C          move.b  SettingCountry,d0
(1)   23/  C1C334 : 0200 0003           	andi.b  #3,d0                   ; Sanitize
(1)   24/  C1C338 : 13C0 0010 FD83      	move.b  d0,BIOS_COUNTRY_CODE
(1)   25/  C1C33E :                         ; Run the original "memory card" menu
(1)   26/  C1C33E : 4EF9 00C1 404E          jmp     MemCardMenu
(1)   27/  C1C344 :                     
(1)   28/  C1C344 :                     
(1)   29/  C1C344 :                     ; d0: If non-zero, force save even if file exists
(1)   30/  C1C344 :                     StoreSaves:
(1)   31/  C1C344 :                         ; Tell MCU to create file
(1)   32/  C1C344 : 41F9 0011 C194          lea     MCUCmdParams,a0
(1)   33/  C1C34A : 10BC 0001               move.b  #1,(a0)                 ; Subcommand 1: Open file
(1)   34/  C1C34E : 4228 0002               clr.b   2(a0)
(1)   35/  C1C352 : 4A00                    tst.b   d0
(1)   36/  C1C354 : 6604                    bne     .nocheck
(1)   37/  C1C356 : 5228 0002               addq.b  #1,2(a0)                ; Check if the file exists first
(1)   38/  C1C35A :                     .nocheck:
(1)   39/  C1C35A :                     
(1)   40/  C1C35A :                         ; Copy filename to MCUCmdParams and append extension
(1)   41/  C1C35A : 43F9 0010 D04C          lea     FileNameBuffer,a1
(1)   42/  C1C360 : 41E8 0003               lea     3(a0),a0
(1)   43/  C1C364 : 7E11                    moveq.l #17,d7
(1)   44/  C1C366 :                     .cp:
(1)   45/  C1C366 : 1019                    move.b  (a1)+,d0
(1)   46/  C1C368 : 6706                    beq     .nullchar
(1)   47/  C1C36A : 10C0                    move.b  d0,(a0)+
(1)   48/  C1C36C : 5307                    subq.b  #1,d7
(1)   49/  C1C36E : 66F6                    bne     .cp
(1)   50/  C1C370 :                     .nullchar:
(1)   51/  C1C370 : 10FC 002E               move.b  #'.',(a0)+
(1)   52/  C1C374 : 10FC 0053               move.b  #'S',(a0)+
(1)   53/  C1C378 : 10FC 0041               move.b  #'A',(a0)+
(1)   54/  C1C37C : 10FC 0056               move.b  #'V',(a0)+
(1)   55/  C1C380 : 10BC 0000               move.b  #0,(a0)
(1)   56/  C1C384 :                     
(1)   57/  C1C384 : (MACRO)[74]             MCUCMD  MCU_CMD_STORESAVE
(1)   57/  C1C384 : 163C 000C               move.b  #MCU_CMD_STORESAVE,d3
(1)   57/  C1C388 : 4EB9 00C1 C756          jsr     MCUCommand
(1)   58/  C1C38E : 6406                    bcc     .notimeout
(1)   59/  C1C390 :                     .storefailtimeout:
(1)   60/  C1C390 : 4EF9 00C1 9914          jmp     DispErrorTimeout
(1)   61/  C1C396 :                     .notimeout:
(1)   62/  C1C396 :                         ; Read 4 words from the MCU (see doc)
(1)   63/  C1C396 : 4EB9 00C1 C85A          jsr     MCURead4Words
(1)   64/  C1C39C :                         ; Check that command was processed ok
(1)   65/  C1C39C : 1039 0011 C100          move.b  MCUReplyBuffer,d0
(1)   66/  C1C3A2 : 0200 00F0               andi.b  #$F0,d0
(1)   67/  C1C3A6 : B03C 00F0               cmp.b   #$F0,d0
(1)   68/  C1C3AA : 672C                    beq     .cmdok
(1)   69/  C1C3AC :                         ; Does file already exist ?
(1)   70/  C1C3AC : 0C39 0003 0011 C101     cmp.b   #3,MCUReplyBuffer+1
(1)   71/  C1C3B4 : 661C                    bne     .error
(1)   72/  C1C3B6 :                         ; Yes: warn user
(1)   73/  C1C3B6 : 103C 0043               move.b  #SFX_NEG,d0
(1)   74/  C1C3BA : 4EB9 00C1 9568          jsr     PlaySFX
(1)   75/  C1C3C0 : 41F9 00C1 EEEA          lea     FixStrFileExists,a0
(1)   76/  C1C3C6 : 43F9 00C1 C496          lea     ExitFileExists,a1
 AS V1.42 Beta [Bld 311] - Source File main.asm(saves.asm) - Page 105 - 9/11/2026 23:43:16


(1)   77/  C1C3CC : 4EF9 00C1 9764          jmp     MessageBoxCustom
(1)   78/  C1C3D2 :                     .error:
(1)   79/  C1C3D2 : 4EF9 00C1 9922          jmp     DispError
(1)   80/  C1C3D8 :                     .cmdok:
(1)   81/  C1C3D8 :                     
(1)   82/  C1C3D8 :                         ; Ok, send data one word at a time
(1)   83/  C1C3D8 : 41F9 0011 C194          lea     MCUCmdParams,a0
(1)   84/  C1C3DE : 10FC 0002               move.b  #2,(a0)+                ; Subcommand 2: Setup data transfer
(1)   85/  C1C3E2 : 10FC 0010               move.b  #((8192+2)/2)>>8,(a0)+  ; Entire save data is 8kB + 2 checksum bytes (in words)
(1)   86/  C1C3E6 : 10BC 0001               move.b  #((8192+2)/2)&255,(a0)
(1)   87/  C1C3EA : (MACRO)[75]             MCUCMD  MCU_CMD_STORESAVE
(1)   87/  C1C3EA : 163C 000C               move.b  #MCU_CMD_STORESAVE,d3
(1)   87/  C1C3EE : 4EB9 00C1 C756          jsr     MCUCommand
(1)   88/  C1C3F4 : 659A                    bcs     .storefailtimeout
(1)   89/  C1C3F6 :                         ; Read 4 words from the MCU (see doc)
(1)   90/  C1C3F6 : 4EB9 00C1 C85A          jsr     MCURead4Words
(1)   91/  C1C3FC :                         ; Check that command was processed ok
(1)   92/  C1C3FC : 1039 0011 C100          move.b  MCUReplyBuffer,d0
(1)   93/  C1C402 : 0200 00F0               andi.b  #$F0,d0
(1)   94/  C1C406 : B03C 00F0               cmp.b   #$F0,d0
(1)   95/  C1C40A : 66C6                    bne     .error
(1)   96/  C1C40C :                     
(1)   97/  C1C40C : 41F9 0080 0001          lea     MEMCARD+1,a0       ; Save data is on odd bytes
(1)   98/  C1C412 : 283C 0000 1000          move.l  #8192/2,d4         ; Block size in words, entire save data is 8kB
(1)   99/  C1C418 : 7C00                    moveq.l #0,d6              ; Checksum accumulator
(1)  100/  C1C41A : 7200                    moveq.l #0,d1              ; Make sure upper bits are cleared
(1)  101/  C1C41C :                     .loop:
(1)  102/  C1C41C : 1210                    move.b  0(a0),d1           ; Assemble word from 2 bytes
(1)  103/  C1C41E : DC41                    add.w   d1,d6
(1)  104/  C1C420 : 1001                    move.b  d1,d0
(1)  105/  C1C422 : E148                    lsl.w   #8,d0
(1)  106/  C1C424 : 1228 0002               move.b  2(a0),d1
(1)  107/  C1C428 : DC41                    add.w   d1,d6
(1)  108/  C1C42A : 1001                    move.b  d1,d0
(1)  109/  C1C42C : 33C0 00C1 E000          move.w  d0,CPLDREG_DATA    ; Write to MCU
(1)  110/  C1C432 : 4EB9 00C1 C7BE          jsr     MCUWaitAck
(1)  111/  C1C438 : 6500 FF56               bcs     .storefailtimeout
(1)  112/  C1C43C : 5888                    addq.l  #4,a0
(1)  113/  C1C43E : 5344                    subq.w  #1,d4
(1)  114/  C1C440 : 66DA                    bne     .loop
(1)  115/  C1C442 :                     
(1)  116/  C1C442 : 33C6 00C1 E000          move.w  d6,CPLDREG_DATA    ; Send checksum
(1)  117/  C1C448 : 4EB9 00C1 C7BE          jsr     MCUWaitAck
(1)  118/  C1C44E : 6500 FF40               bcs     .storefailtimeout
(1)  119/  C1C452 :                     
(1)  120/  C1C452 : 13FC 0000 0011 C194     move.b  #0,MCUCmdParams    ; Subcommand 0: Close file
(1)  121/  C1C45A : (MACRO)[76]             MCUCMD  MCU_CMD_STORESAVE
(1)  121/  C1C45A : 163C 000C               move.b  #MCU_CMD_STORESAVE,d3
(1)  121/  C1C45E : 4EB9 00C1 C756          jsr     MCUCommand
(1)  122/  C1C464 : 6500 FF2A               bcs     .storefailtimeout
(1)  123/  C1C468 :                         ; Read 4 words from the MCU (see doc)
(1)  124/  C1C468 : 4EB9 00C1 C85A          jsr     MCURead4Words
(1)  125/  C1C46E :                         ; Check that command was processed ok
(1)  126/  C1C46E : 1039 0011 C100          move.b  MCUReplyBuffer,d0
(1)  127/  C1C474 : 0200 00F0               andi.b  #$F0,d0
(1)  128/  C1C478 : B03C 00F0               cmp.b   #$F0,d0
(1)  129/  C1C47C : 6600 FF54               bne     .error
(1)  130/  C1C480 :                     
(1)  131/  C1C480 : 103C 0042               move.b  #SFX_POS,d0
(1)  132/  C1C484 : 4EB9 00C1 9568          jsr     PlaySFX
 AS V1.42 Beta [Bld 311] - Source File main.asm(saves.asm) - Page 106 - 9/11/2026 23:43:16


(1)  133/  C1C48A : 41F9 00C1 F387          lea     FixStrSaveStored,a0
(1)  134/  C1C490 : 4EF9 00C1 9760          jmp     MessageBox
(1)  135/  C1C496 :                     
(1)  136/  C1C496 :                     ExitFileExists:
(1)  137/  C1C496 : (MACRO)[77]             TESTCHANGE CNT_A
(1)  137/  C1C496 : 1039 0010 FD97          move.b  BIOS_P1CHANGE,d0
(1)  137/  C1C49C : 8039 0010 FD9D          or.b    BIOS_P2CHANGE,d0
(1)  137/  C1C4A2 : 0200 0010               andi.b  #(2^CNT_A),d0
(1)  138/  C1C4A6 : 6708                    beq     .no_a
(1)  139/  C1C4A8 : 50C0                    st.b    d0                 ; Force save
(1)  140/  C1C4AA : 4EB9 00C1 C344          jsr     StoreSaves
(1)  141/  C1C4B0 :                     .no_a:
(1)  142/  C1C4B0 : 4E75                    rts
(1)  143/  C1C4B2 :                     
(1)  144/  C1C4B2 :                     
(1)  145/  C1C4B2 :                     ; d0.b: Save file index
(1)  146/  C1C4B2 :                     LoadSaves:
(1)  147/  C1C4B2 : 13C0 0011 C194          move.b  d0,MCUCmdParams
(1)  148/  C1C4B8 :                         ; First, load to compute checksum without storing in MEMCARD area
(1)  149/  C1C4B8 :                         ; CHANGED ! Direct copy to MEMCARD now because low RAM
(1)  150/  C1C4B8 : 43F9 0080 0001          lea     MEMCARD+1,a1       ; Data in MEMCARD is on odd bytes
(1)  151/  C1C4BE : 7800                    moveq.l #0,d4              ; Chunk counter
(1)  152/  C1C4C0 : 7C00                    moveq.l #0,d6              ; Checksum accumulator
(1)  153/  C1C4C2 :                     .loadchunk:
(1)  154/  C1C4C2 :                         ; Ask MCU for 2kB of the save file data
(1)  155/  C1C4C2 : 13FC 0000 0011 C195     move.b  #0,MCUCmdParams+1  ; MSB of block number
(1)  156/  C1C4CA : 13C4 0011 C196          move.b  d4,MCUCmdParams+2  ; LSB of block number
(1)  157/  C1C4D0 : (MACRO)[78]             MCUCMD  MCU_CMD_LOADSAVE   ; d4 should come out the same
(1)  157/  C1C4D0 : 163C 000D               move.b  #MCU_CMD_LOADSAVE,d3
(1)  157/  C1C4D4 : 4EB9 00C1 C756          jsr     MCUCommand
(1)  158/  C1C4DA : 6406                    bcc     .notimeout
(1)  159/  C1C4DC : 4EF9 00C1 9914          jmp     DispErrorTimeout
(1)  160/  C1C4E2 :                     .notimeout:
(1)  161/  C1C4E2 :                         ; Read 4 words from the MCU (see doc) CHANGED
(1)  162/  C1C4E2 : 4EB9 00C1 C85A          jsr     MCURead4Words
(1)  163/  C1C4E8 :                         ; Check that command was processed ok
(1)  164/  C1C4E8 : 1039 0011 C100          move.b  MCUReplyBuffer,d0
(1)  165/  C1C4EE : 0200 00F0               andi.b  #$F0,d0
(1)  166/  C1C4F2 : B03C 00F0               cmp.b   #$F0,d0
(1)  167/  C1C4F6 : 6706                    beq     .cmdok
(1)  168/  C1C4F8 : 4EF9 00C1 9922          jmp     DispError
(1)  169/  C1C4FE :                     .cmdok:
(1)  170/  C1C4FE :                         ; Ok, retrieve chunk data
(1)  171/  C1C4FE : 41F9 00C1 E000      	lea     CPLDREG_DATA,a0
(1)  172/  C1C504 :                     
(1)  173/  C1C504 : B83C 0004           	cmp.b   #4,d4              ; 4 chunks of 2kB = whole 8kB save file
(1)  174/  C1C508 : 6724                    beq     .checkcsum
(1)  175/  C1C50A : 5204                	addq.b  #1,d4
(1)  176/  C1C50C :                     
(1)  177/  C1C50C :                         ; Read data and update checksum
(1)  178/  C1C50C : 3E3C 0400           	move.w  #2048/2,d7 		   ; Load chunk in words
(1)  179/  C1C510 : 343C 00FF           	move.w  #$00FF,d2
(1)  180/  C1C514 :                     .readdata:
(1)  181/  C1C514 : 3010                	move.w  (a0),d0            ; Get two bytes at once
(1)  182/  C1C516 : 3200                	move.w  d0,d1
(1)  183/  C1C518 : 1340 0002           	move.b  d0,2(a1)           ; Store LSB
(1)  184/  C1C51C : E048                    lsr.w   #8,d0
(1)  185/  C1C51E : 1280                	move.b  d0,(a1)            ; Store MSB
(1)  186/  C1C520 : 5889                    addq.l  #4,a1
(1)  187/  C1C522 : DC40                    add.w   d0,d6              ; High
 AS V1.42 Beta [Bld 311] - Source File main.asm(saves.asm) - Page 107 - 9/11/2026 23:43:16


(1)  188/  C1C524 : C242                    and.w   d2,d1
(1)  189/  C1C526 : DC41                    add.w   d1,d6              ; Low
(1)  190/  C1C528 : 5347                	subq.w  #1,d7
(1)  191/  C1C52A : 66E8                	bne     .readdata
(1)  192/  C1C52C : 6094                	bra     .loadchunk
(1)  193/  C1C52E :                     .checkcsum:
(1)  194/  C1C52E :                     
(1)  195/  C1C52E :                         ; Get checksum and compare
(1)  196/  C1C52E : 3010                	move.w  (a0),d0
(1)  197/  C1C530 : B046                	cmp.w   d6,d0
(1)  198/  C1C532 : 6716                	beq     .csum_ok
(1)  199/  C1C534 :                     	; Checksum mismatch
(1)  200/  C1C534 : 103C 0043               move.b  #SFX_NEG,d0
(1)  201/  C1C538 : 4EB9 00C1 9568          jsr     PlaySFX
(1)  202/  C1C53E : 41F9 00C1 F0BA          lea     FixStrSaveChkError,a0
(1)  203/  C1C544 : 4EF9 00C1 9760          jmp     MessageBox
(1)  204/  C1C54A :                     .csum_ok:
(1)  205/  C1C54A :                     
(1)  206/  C1C54A : 103C 0042               move.b  #SFX_POS,d0
(1)  207/  C1C54E : 4EB9 00C1 9568          jsr     PlaySFX
(1)  208/  C1C554 : 41F9 00C1 F3B3          lea     FixStrSaveLoaded,a0
(1)  209/  C1C55A : 4EF9 00C1 9760          jmp     MessageBox
(1)  210/  C1C560 :                     
(1)  211/  C1C560 :                     
(1)  212/  C1C560 :                     ; d0.b: Save file index
(1)  213/  C1C560 :                     DeleteSaves:
(1)  214/  C1C560 : 41F9 0011 C194          lea     MCUCmdParams,a0
(1)  215/  C1C566 : 10FC 0003               move.b  #3,(a0)+                ; Subcommand 3: Delete file
(1)  216/  C1C56A : 1080                    move.b  d0,(a0)
(1)  217/  C1C56C : (MACRO)[79]             MCUCMD  MCU_CMD_STORESAVE
(1)  217/  C1C56C : 163C 000C               move.b  #MCU_CMD_STORESAVE,d3
(1)  217/  C1C570 : 4EB9 00C1 C756          jsr     MCUCommand
(1)  218/  C1C576 : 6406                    bcc     .notimeout
(1)  219/  C1C578 : 4EF9 00C1 9914          jmp     DispErrorTimeout
(1)  220/  C1C57E :                     .notimeout:
(1)  221/  C1C57E :                         ; Read 4 words from the MCU (see doc)
(1)  222/  C1C57E : 4EB9 00C1 C85A          jsr     MCURead4Words
(1)  223/  C1C584 :                         ; Check that command was processed ok
(1)  224/  C1C584 : 1039 0011 C100          move.b  MCUReplyBuffer,d0
(1)  225/  C1C58A : 0200 00F0               andi.b  #$F0,d0
(1)  226/  C1C58E : B03C 00F0               cmp.b   #$F0,d0
(1)  227/  C1C592 : 6706                    beq     .cmdok
(1)  228/  C1C594 : 4EF9 00C1 9922          jmp     DispError
(1)  229/  C1C59A :                     .cmdok:
(1)  230/  C1C59A :                     
(1)  231/  C1C59A : 103C 0042               move.b  #SFX_POS,d0
(1)  232/  C1C59E : 4EB9 00C1 9568          jsr     PlaySFX
(1)  233/  C1C5A4 : 4E75                    rts
(1)  234/  C1C5A6 :                     
     204/  C1C5A6 :                     	INCLUDE "copy.asm"
(1)    1/  C1C5A6 :                     ; Copyright (C) 2021 Sean Gonsalves
(1)    2/  C1C5A6 :                     ;
(1)    3/  C1C5A6 :                     ; This file is part of Neo CD SD Loader.
(1)    4/  C1C5A6 :                     ;
(1)    5/  C1C5A6 :                     ; This program is free software; you can redistribute it and/or modify
(1)    6/  C1C5A6 :                     ; it under the terms of the GNU General Public License as published by
(1)    7/  C1C5A6 :                     ; the Free Software Foundation; either version 2, or (at your option)
(1)    8/  C1C5A6 :                     ; any later version.
(1)    9/  C1C5A6 :                     ;
(1)   10/  C1C5A6 :                     ; This program is distributed in the hope that it will be useful,
 AS V1.42 Beta [Bld 311] - Source File main.asm(copy.asm) - Page 108 - 9/11/2026 23:43:16


(1)   11/  C1C5A6 :                     ; but WITHOUT ANY WARRANTY; without even the implied warranty of
(1)   12/  C1C5A6 :                     ; MERCHANTABILITY or FITNESS FOR A PARTICULAR PURPOSE.  See the
(1)   13/  C1C5A6 :                     ; GNU General Public License for more details.
(1)   14/  C1C5A6 :                     ;
(1)   15/  C1C5A6 :                     ; You should have received a copy of the GNU General Public License
(1)   16/  C1C5A6 :                     ; along with this program; see the file COPYING.  If not, write to
(1)   17/  C1C5A6 :                     ; the Free Software Foundation, Inc., 51 Franklin Street,
(1)   18/  C1C5A6 :                     ; Boston, MA 02110-1301, USA.
(1)   19/  C1C5A6 :                     
(1)   20/  C1C5A6 :                     RunDMADirect:
(1)   21/  C1C5A6 :                         ; Using DMA copy causes corruption - Do a CPU copy instead
(1)   22/  C1C5A6 :                     
(1)   23/  C1C5A6 : D0AD 7EF4           	add.l   SectorLoadDest(a5),d0
(1)   24/  C1C5AA : 2240                	movea.l d0,a1
(1)   25/  C1C5AC : 206D 7EF8           	move.l  SectorLoadBuffer(a5),a0
(1)   26/  C1C5B0 : 2E2D 7EFC           	move.l  SectorLoadSize(a5),d7
(1)   27/  C1C5B4 : E28F                	lsr.l   #1,d7           ; Original routine does a word copy
(1)   28/  C1C5B6 : 2C07                	move.l  d7,d6
(1)   29/  C1C5B8 : 0207 001F           	andi.b  #31,d7
(1)   30/  C1C5BC : EA8E                	lsr.l   #5,d6			; /32
(1)   31/  C1C5BE : 672A                	beq     .skip           ; Less than 32 words
(1)   32/  C1C5C0 :                     	; Do as many 32-word copies as possible and top it off with a 1-loop if needed
(1)   33/  C1C5C0 :                     .copy32:
(1)   34/  C1C5C0 : 13C0 0030 0001      	move.b  d0,REG_DIPSW    ; 16
(1)   35/  C1C5C6 :                     	REPT 16
(1)   36/  C1C5C6 :                     	move.l  (a0)+,(a1)+		; 20
(1)   37/  C1C5C6 :                     	ENDM
(1)   36/  C1C5C6 : 22D8                	move.l  (a0)+,(a1)+		; 20
(1)   36/  C1C5C8 : 22D8                	move.l  (a0)+,(a1)+		; 20
(1)   36/  C1C5CA : 22D8                	move.l  (a0)+,(a1)+		; 20
(1)   36/  C1C5CC : 22D8                	move.l  (a0)+,(a1)+		; 20
(1)   36/  C1C5CE : 22D8                	move.l  (a0)+,(a1)+		; 20
(1)   36/  C1C5D0 : 22D8                	move.l  (a0)+,(a1)+		; 20
(1)   36/  C1C5D2 : 22D8                	move.l  (a0)+,(a1)+		; 20
(1)   36/  C1C5D4 : 22D8                	move.l  (a0)+,(a1)+		; 20
(1)   36/  C1C5D6 : 22D8                	move.l  (a0)+,(a1)+		; 20
(1)   36/  C1C5D8 : 22D8                	move.l  (a0)+,(a1)+		; 20
(1)   36/  C1C5DA : 22D8                	move.l  (a0)+,(a1)+		; 20
(1)   36/  C1C5DC : 22D8                	move.l  (a0)+,(a1)+		; 20
(1)   36/  C1C5DE : 22D8                	move.l  (a0)+,(a1)+		; 20
(1)   36/  C1C5E0 : 22D8                	move.l  (a0)+,(a1)+		; 20
(1)   36/  C1C5E2 : 22D8                	move.l  (a0)+,(a1)+		; 20
(1)   36/  C1C5E4 : 22D8                	move.l  (a0)+,(a1)+		; 20
(1)   38/  C1C5E6 : 5386                	subq.l  #1,d6			; 8
(1)   39/  C1C5E8 : 66D6                    bne     .copy32			; 10, total 354 cycles for 64 bytes (5.53 cycles per byte, 2119kB/s)
(1)   40/  C1C5EA :                     .skip:
(1)   41/  C1C5EA : 4A07                	tst.b   d7
(1)   42/  C1C5EC : 670C                	beq     .exit
(1)   43/  C1C5EE : 13C0 0030 0001      	move.b  d0,REG_DIPSW
(1)   44/  C1C5F4 :                     .copy2:
(1)   45/  C1C5F4 : 32D8                	move.w  (a0)+,(a1)+		; 12
(1)   46/  C1C5F6 : 5307                	subq.b  #1,d7			; 4
(1)   47/  C1C5F8 : 66FA                    bne     .copy2			; 10
(1)   48/  C1C5FA :                     .exit:
(1)   49/  C1C5FA : 4E75                    rts
(1)   50/  C1C5FC :                     
(1)   51/  C1C5FC :                     
(1)   52/  C1C5FC : =>UNDEFINED             IFDEF EXPERIMENTAL
(1)   53/  C1C5FC :                     RunDMADirectMulti:
(1)   54/  C1C5FC :                         ; Using DMA copy causes corruption :( do a CPU copy instead
 AS V1.42 Beta [Bld 311] - Source File main.asm(copy.asm) - Page 109 - 9/11/2026 23:43:16


(1)   55/  C1C5FC :                     	add.l   SectorLoadDest(a5),d0
(1)   56/  C1C5FC :                     	movea.l d0,a1
(1)   57/  C1C5FC :                     	move.l  SectorLoadBuffer(a5),a0
(1)   58/  C1C5FC :                     	move.l  SectorLoadSize(a5),d0
(1)   59/  C1C5FC :                     	
(1)   60/  C1C5FC :                     	divu.w  #48,d0              ; 12 longword registers = 12*4 = 48 bytes per MOVEM
(1)   61/  C1C5FC :                     	swap    d0                  ; QQQQRRRR
(1)   62/  C1C5FC :                     	move.w  d0,d1               ; d1.w=RRRR
(1)   63/  C1C5FC :                     	swap    d0                  ; d0.w=QQQQ
(1)   64/  C1C5FC :                     
(1)   65/  C1C5FC :                     	subq.w  #1,d0               ; Dangerous ! Can wrap if size < 48
(1)   66/  C1C5FC :                     	subq.w  #1,d1
(1)   67/  C1C5FC :                     	bmi     .multipleof48
(1)   68/  C1C5FC :                     .subloop:
(1)   69/  C1C5FC :                     	; Do sub-48 copy
(1)   70/  C1C5FC :                     	move.b  (a0)+,(a1)+
(1)   71/  C1C5FC :                     	dbra    d1,.subloop
(1)   72/  C1C5FC :                     
(1)   73/  C1C5FC :                     .multipleof48:
(1)   74/  C1C5FC :                         movem.l (a0)+,d1-d7/a2-a6   ; 12+8n = 108
(1)   75/  C1C5FC :                         movem.l d1-d7/a2-a6,(a1)    ; 8+8n = 104
(1)   76/  C1C5FC :                         adda.l  #48,a1              ; 24 ?
(1)   77/  C1C5FC :                         dbra    d0,.multipleof48    ; 10    Total 246 cycles for 48 bytes (5.125 cycles per byte, 2286kB/s)
(1)   78/  C1C5FC :                     
(1)   79/  C1C5FC :                         lea     $108000,a5
(1)   80/  C1C5FC :                         rts
(1)   81/  C1C5FC : [52]                    ENDIF
(1)   82/  C1C5FC :                     
(1)   83/  C1C5FC :                     
(1)   84/  C1C5FC :                     UploadDMABytes:
(1)   85/  C1C5FC : 202D 7EF4           	move.l  SectorLoadDest(a5),d0
(1)   86/  C1C600 : 0680 00E0 0000      	addi.l  #$E00000,d0
(1)   87/  C1C606 : 2240                	movea.l d0,a1
(1)   88/  C1C608 : 206D 7EF8               movea.l SectorLoadBuffer(a5),a0
(1)   89/  C1C60C : 2E2D 7EFC               move.l  SectorLoadSize(a5),d7
(1)   90/  C1C610 : E28F                	lsr.l   #1,d7               ; Original routine does a word copy
(1)   91/  C1C612 :                     .copy:
(1)   92/  C1C612 : 1018                	move.b  (a0)+,d0            ; 8 Read AA BB, store 00 AA 00 BB
(1)   93/  C1C614 : 32C0                    move.w  d0,(a1)+            ; 8 00 AA
(1)   94/  C1C616 : 1018                	move.b  (a0)+,d0            ; 8
(1)   95/  C1C618 : 32C0                	move.w  d0,(a1)+			; 8 00 BB
(1)   96/  C1C61A : 13C0 0030 0001      	move.b  d0,REG_DIPSW        ; 16
(1)   97/  C1C620 : 5387                	subq.l  #1,d7               ; 4
(1)   98/  C1C622 : 66EE                    bne     .copy               ; 10, total 62 for 2 bytes
(1)   99/  C1C624 : 202D 7EF4           	move.l  SectorLoadDest(a5),d0
(1)  100/  C1C628 : D0AD 7EFC           	add.l   SectorLoadSize(a5),d0
(1)  101/  C1C62C : D0AD 7EFC           	add.l   SectorLoadSize(a5),d0
(1)  102/  C1C630 : 2B40 7EF4           	move.l  d0,SectorLoadDest(a5)
(1)  103/  C1C634 : 4E75                	rts
(1)  104/  C1C636 :                     
(1)  105/  C1C636 :                     
(1)  106/  C1C636 :                     DMAClearPalettes:
(1)  107/  C1C636 : 48E7 8180               movem.l d0/d7/a0,-(sp)
(1)  108/  C1C63A : 13FC 0001 00FF 016F     move.b  #1,REG_UPLOAD_EN
(1)  109/  C1C642 : 13FC 0000 00FF 0119     move.b  #0,REG_ENVIDEO
(1)  110/  C1C64A : 13C0 0030 0001      	move.b  d0,REG_DIPSW
(1)  111/  C1C650 : 41F9 0040 0000          lea     PALETTES,a0
(1)  112/  C1C656 : 7000                    moveq.l #0,d0
(1)  113/  C1C658 : 3E3C 0FFF               move.w  #$1000-1,d7
(1)  114/  C1C65C :                     .fill:
 AS V1.42 Beta [Bld 311] - Source File main.asm(copy.asm) - Page 110 - 9/11/2026 23:43:16


(1)  115/  C1C65C : 30C0                    move.w  d0,(a0)+            ; 8
(1)  116/  C1C65E : 51CF FFFC               dbra    d7,.fill            ; 10, 18 total, 73728 cycles = 6.2ms
(1)  117/  C1C662 : 13FC 0001 00FF 0119     move.b  #1,REG_ENVIDEO
(1)  118/  C1C66A : 13C0 0030 0001          move.b  d0,REG_DIPSW
(1)  119/  C1C670 : 13FC 0000 00FF 016F     move.b  #0,REG_UPLOAD_EN
(1)  120/  C1C678 : 4CDF 0181               movem.l (sp)+,d0/d7/a0
(1)  121/  C1C67C : 4E75                    rts
(1)  122/  C1C67E :                         
(1)  123/  C1C67E :                     
(1)  124/  C1C67E :                     DMAClearPCMDRAM:
(1)  125/  C1C67E : 48E7 81C0               movem.l d0/d7/a0-a1,-(sp)
(1)  126/  C1C682 : 13FC 0001 00FF 016F     move.b  #1,REG_UPLOAD_EN
(1)  127/  C1C68A : 13C0 00FF 0123          move.b  d0,REG_UPMAPPCM
(1)  128/  C1C690 : 13FC 0001 00FF 0105     move.b  #1,REG_TRANSAREA
(1)  129/  C1C698 :                     
(1)  130/  C1C698 : 303C FF08               move.w  #$FF08,d0           ; PCM silence
(1)  131/  C1C69C : 43F9 0030 0001          lea     REG_DIPSW,a1
(1)  132/  C1C6A2 :                     
(1)  133/  C1C6A2 : 13FC 0000 00FF 01A3     move.b  #0,REG_PCMBANK
(1)  134/  C1C6AA : 4EB9 00C1 C6D2          jsr     .clear
(1)  135/  C1C6B0 : 13FC 0001 00FF 01A3     move.b  #1,REG_PCMBANK
(1)  136/  C1C6B8 : 4EB9 00C1 C6D2          jsr     .clear
(1)  137/  C1C6BE :                     
(1)  138/  C1C6BE : 13C0 00FF 0143          move.b  d0,REG_UPUNMAPPCM
(1)  139/  C1C6C4 : 13FC 0000 00FF 016F     move.b  #0,REG_UPLOAD_EN
(1)  140/  C1C6CC : 4CDF 0381               movem.l (sp)+,d0/d7/a0-a1
(1)  141/  C1C6D0 : 4E75                    rts
(1)  142/  C1C6D2 :                     
(1)  143/  C1C6D2 :                     .clear:
(1)  144/  C1C6D2 : 207C 00E0 0000          movea.l #$E00000,a0
(1)  145/  C1C6D8 : 3E3C 7FFF               move.w  #($100000/32)-1,d7  ; 1MB range, 512kB of data on odd bytes
(1)  146/  C1C6DC :                     .fill:
(1)  147/  C1C6DC :                         REPT 8
(1)  148/  C1C6DC :                         move.l  d0,(a0)+            ; 12
(1)  149/  C1C6DC :                         ENDM
(1)  148/  C1C6DC : 20C0                    move.l  d0,(a0)+            ; 12
(1)  148/  C1C6DE : 20C0                    move.l  d0,(a0)+            ; 12
(1)  148/  C1C6E0 : 20C0                    move.l  d0,(a0)+            ; 12
(1)  148/  C1C6E2 : 20C0                    move.l  d0,(a0)+            ; 12
(1)  148/  C1C6E4 : 20C0                    move.l  d0,(a0)+            ; 12
(1)  148/  C1C6E6 : 20C0                    move.l  d0,(a0)+            ; 12
(1)  148/  C1C6E8 : 20C0                    move.l  d0,(a0)+            ; 12
(1)  148/  C1C6EA : 20C0                    move.l  d0,(a0)+            ; 12
(1)  150/  C1C6EC : 1280                	move.b  d0,(a1)             ; 8
(1)  151/  C1C6EE : 51CF FFEC           	dbra    d7,.fill            ; 10
(1)  152/  C1C6F2 : 4E75                    rts                         ; 114 total, 3735552 cycles = 311ms
(1)  153/  C1C6F4 :                     
(1)  154/  C1C6F4 :                     
(1)  155/  C1C6F4 :                     ; Original routine copies at 378kB/s
(1)  156/  C1C6F4 :                     CopyBytesToWordCPU:
(1)  157/  C1C6F4 : 2C07                	move.l  d7,d6
(1)  158/  C1C6F6 : 0207 000F           	andi.b  #15,d7
(1)  159/  C1C6FA : E88E                	lsr.l   #4,d6				; /16
(1)  160/  C1C6FC : 674E                	beq     .copy1
(1)  161/  C1C6FE :                     	; Do as many 16-bytes copies as possible and top it off with a 1-loop
(1)  162/  C1C6FE :                     .copy16:
(1)  163/  C1C6FE :                         REPT 16
(1)  164/  C1C6FE :                     	move.b  (a0)+,d0			; 8
(1)  165/  C1C6FE :                     	move.w  d0,(a1)+			; 8
(1)  166/  C1C6FE :                     	ENDM
 AS V1.42 Beta [Bld 311] - Source File main.asm(copy.asm) - Page 111 - 9/11/2026 23:43:16


(1)  164/  C1C6FE : 1018                	move.b  (a0)+,d0			; 8
(1)  165/  C1C700 : 32C0                	move.w  d0,(a1)+			; 8
(1)  164/  C1C702 : 1018                	move.b  (a0)+,d0			; 8
(1)  165/  C1C704 : 32C0                	move.w  d0,(a1)+			; 8
(1)  164/  C1C706 : 1018                	move.b  (a0)+,d0			; 8
(1)  165/  C1C708 : 32C0                	move.w  d0,(a1)+			; 8
(1)  164/  C1C70A : 1018                	move.b  (a0)+,d0			; 8
(1)  165/  C1C70C : 32C0                	move.w  d0,(a1)+			; 8
(1)  164/  C1C70E : 1018                	move.b  (a0)+,d0			; 8
(1)  165/  C1C710 : 32C0                	move.w  d0,(a1)+			; 8
(1)  164/  C1C712 : 1018                	move.b  (a0)+,d0			; 8
(1)  165/  C1C714 : 32C0                	move.w  d0,(a1)+			; 8
(1)  164/  C1C716 : 1018                	move.b  (a0)+,d0			; 8
(1)  165/  C1C718 : 32C0                	move.w  d0,(a1)+			; 8
(1)  164/  C1C71A : 1018                	move.b  (a0)+,d0			; 8
(1)  165/  C1C71C : 32C0                	move.w  d0,(a1)+			; 8
(1)  164/  C1C71E : 1018                	move.b  (a0)+,d0			; 8
(1)  165/  C1C720 : 32C0                	move.w  d0,(a1)+			; 8
(1)  164/  C1C722 : 1018                	move.b  (a0)+,d0			; 8
(1)  165/  C1C724 : 32C0                	move.w  d0,(a1)+			; 8
(1)  164/  C1C726 : 1018                	move.b  (a0)+,d0			; 8
(1)  165/  C1C728 : 32C0                	move.w  d0,(a1)+			; 8
(1)  164/  C1C72A : 1018                	move.b  (a0)+,d0			; 8
(1)  165/  C1C72C : 32C0                	move.w  d0,(a1)+			; 8
(1)  164/  C1C72E : 1018                	move.b  (a0)+,d0			; 8
(1)  165/  C1C730 : 32C0                	move.w  d0,(a1)+			; 8
(1)  164/  C1C732 : 1018                	move.b  (a0)+,d0			; 8
(1)  165/  C1C734 : 32C0                	move.w  d0,(a1)+			; 8
(1)  164/  C1C736 : 1018                	move.b  (a0)+,d0			; 8
(1)  165/  C1C738 : 32C0                	move.w  d0,(a1)+			; 8
(1)  164/  C1C73A : 1018                	move.b  (a0)+,d0			; 8
(1)  165/  C1C73C : 32C0                	move.w  d0,(a1)+			; 8
(1)  167/  C1C73E : 13C0 0030 0001      	move.b  d0,REG_DIPSW        ; 16
(1)  168/  C1C744 : 5346                	subq.w  #1,d6			    ; 4
(1)  169/  C1C746 : 66B6                    bne     .copy16             ; 10, total 286 cycles for 16 bytes (17.9 cycles per byte, 655kB/s)
(1)  170/  C1C748 : 4A07                	tst.b   d7
(1)  171/  C1C74A : 6708                	beq     .exit
(1)  172/  C1C74C :                     .copy1:
(1)  173/  C1C74C : 1018                	move.b  (a0)+,d0
(1)  174/  C1C74E : 32C0                	move.w  d0,(a1)+
(1)  175/  C1C750 : 5307                	subq.b  #1,d7			    ; 4
(1)  176/  C1C752 : 66F8                    bne     .copy1			    ; 10
(1)  177/  C1C754 :                     .exit:
(1)  178/  C1C754 : 4E75                    rts
(1)  179/  C1C756 :                     
     205/  C1C756 :                     	INCLUDE "mcu.asm"
(1)    1/  C1C756 :                     ; Copyright (C) 2020 Sean Gonsalves
(1)    2/  C1C756 :                     ;
(1)    3/  C1C756 :                     ; This file is part of Neo CD SD Loader.
(1)    4/  C1C756 :                     ;
(1)    5/  C1C756 :                     ; This program is free software; you can redistribute it and/or modify
(1)    6/  C1C756 :                     ; it under the terms of the GNU General Public License as published by
(1)    7/  C1C756 :                     ; the Free Software Foundation; either version 2, or (at your option)
(1)    8/  C1C756 :                     ; any later version.
(1)    9/  C1C756 :                     ;
(1)   10/  C1C756 :                     ; This program is distributed in the hope that it will be useful,
(1)   11/  C1C756 :                     ; but WITHOUT ANY WARRANTY; without even the implied warranty of
(1)   12/  C1C756 :                     ; MERCHANTABILITY or FITNESS FOR A PARTICULAR PURPOSE.  See the
(1)   13/  C1C756 :                     ; GNU General Public License for more details.
(1)   14/  C1C756 :                     ;
 AS V1.42 Beta [Bld 311] - Source File main.asm(mcu.asm) - Page 112 - 9/11/2026 23:43:16


(1)   15/  C1C756 :                     ; You should have received a copy of the GNU General Public License
(1)   16/  C1C756 :                     ; along with this program; see the file COPYING.  If not, write to
(1)   17/  C1C756 :                     ; the Free Software Foundation, Inc., 51 Franklin Street,
(1)   18/  C1C756 :                     ; Boston, MA 02110-1301, USA.
(1)   19/  C1C756 :                     
(1)   20/  C1C756 :                     ; d3.b: command #
(1)   21/  C1C756 :                     ; Parameters in MCUCmdParams
(1)   22/  C1C756 :                     ; Sets carry on timeout
(1)   23/  C1C756 :                     MCUCommand:
(1)   24/  C1C756 : 2F04                    move.l  d4,-(sp)           ; Preserve d4
(1)   25/  C1C758 : 13C0 0030 0001          move.b  d0,REG_DIPSW
(1)   26/  C1C75E : 4239 0011 C1B6          clr.b   PollStatus         ; Stop periodic status polling until command is ack'd
(1)   27/  C1C764 : 13C3 0011 C193          move.b  d3,LastMCUCmd
(1)   28/  C1C76A : 33C3 00C1 E000      	move.w  d3,CPLDREG_DATA    ; Write to MCU, lower byte of CPLDREG_DATA
(1)   29/  C1C770 : 4EB9 00C1 C7BE          jsr     MCUWaitAck
(1)   30/  C1C776 : 6538                    bcs     .timeout
(1)   31/  C1C778 : 781F                    moveq.l #32-1,d4           ; The command byte counts in the MCU's command buffer
(1)   32/  C1C77A : 41F9 0011 C194          lea     MCUCmdParams,a0
(1)   33/  C1C780 :                     .txparam:
(1)   34/  C1C780 : 1018                    move.b  (a0)+,d0
(1)   35/  C1C782 : 33C0 00C1 E000      	move.w  d0,CPLDREG_DATA    ; Write to MCU, lower byte of CPLDREG_DATA
(1)   36/  C1C788 : 4EB9 00C1 C7BE          jsr     MCUWaitAck
(1)   37/  C1C78E : 6520                    bcs     .timeout
(1)   38/  C1C790 : 5304                    subq.b  #1,d4
(1)   39/  C1C792 : 66EC                    bne     .txparam
(1)   40/  C1C794 :                     
(1)   41/  C1C794 : 33C0 00C1 E100      	move.w  d0,CPLDREG_EXEC
(1)   42/  C1C79A : 4EB9 00C1 C7F0          jsr     MCUWaitExec
(1)   43/  C1C7A0 : 650E                    bcs     .timeout
(1)   44/  C1C7A2 : 50F9 0011 C1B6          st.b    PollStatus
(1)   45/  C1C7A8 : 281F                    move.l  (sp)+,d4
(1)   46/  C1C7AA : 023C 00FE               andi.b  #$FE,CCR           ; Ok
(1)   47/  C1C7AE : 4E75                    rts
(1)   48/  C1C7B0 :                     .timeout:
(1)   49/  C1C7B0 : 50F9 0011 C1B6          st.b    PollStatus
(1)   50/  C1C7B6 : 281F                    move.l  (sp)+,d4
(1)   51/  C1C7B8 : 003C 0001               ori.b   #1,CCR             ; Timeout occured
(1)   52/  C1C7BC : 4E75                    rts
(1)   53/  C1C7BE :                     
(1)   54/  C1C7BE :                     
(1)   55/  C1C7BE :                     ; Sets carry on timeout
(1)   56/  C1C7BE :                     MCUWaitAck:
(1)   57/  C1C7BE : 7000                	moveq.l #0,d0
(1)   58/  C1C7C0 :                     	; Wait for CPLDREG_STAT bit 0 (BYTE_PENDING) to be reset
(1)   59/  C1C7C0 : 2E3C 0002 F3FE      	move.l  #TIMEOUT_ACK,d7
(1)   60/  C1C7C6 :                     .wait:
(1)   61/  C1C7C6 : 13C0 0030 0001          move.b  d0,REG_DIPSW       ; 16
(1)   62/  C1C7CC : 3039 00C1 E200          move.w  CPLDREG_STAT,d0    ; 12
(1)   63/  C1C7D2 : 0240 0001               andi.w  #$0001,d0          ; 8
(1)   64/  C1C7D6 : 6712                    beq     .done              ; 8
(1)   65/  C1C7D8 : 5387                    subq.l  #1,d7              ; 8
(1)   66/  C1C7DA : 66EA                    bne     .wait              ; 10 = 62, 5.167us
(1)   67/  C1C7DC : 13FC 0001 0011 C1B5     move.b  #1,TimeOutStage
(1)   68/  C1C7E4 : 003C 0001               ori.b   #1,CCR             ; Timeout occured
(1)   69/  C1C7E8 : 4E75                    rts
(1)   70/  C1C7EA :                     .done:
(1)   71/  C1C7EA : 023C 00FE               andi.b  #$FE,CCR           ; Ok
(1)   72/  C1C7EE : 4E75                    rts
(1)   73/  C1C7F0 :                     
(1)   74/  C1C7F0 :                     
 AS V1.42 Beta [Bld 311] - Source File main.asm(mcu.asm) - Page 113 - 9/11/2026 23:43:16


(1)   75/  C1C7F0 :                     ; Sets carry on timeout
(1)   76/  C1C7F0 :                     MCUWaitExec:
(1)   77/  C1C7F0 : 7000                	moveq.l #0,d0
(1)   78/  C1C7F2 :                     	; Wait for CPLDREG_STAT bit 1 (EXEC_PENDING) to be reset
(1)   79/  C1C7F2 : 2E3C 000B D038      	move.l  #TIMEOUT_EXEC,d7
(1)   80/  C1C7F8 :                     .wait:
(1)   81/  C1C7F8 : 13C0 0030 0001          move.b  d0,REG_DIPSW       ; 16
(1)   82/  C1C7FE : 3039 00C1 E200          move.w  CPLDREG_STAT,d0    ; 12
(1)   83/  C1C804 : 0240 0002               andi.w  #$0002,d0          ; 8
(1)   84/  C1C808 : 6712                    beq     .done              ; 8
(1)   85/  C1C80A : 5387                    subq.l  #1,d7              ; 8
(1)   86/  C1C80C : 66EA                    bne     .wait              ; 10 = 62, 5.167us
(1)   87/  C1C80E : 13FC 0002 0011 C1B5     move.b  #2,TimeOutStage
(1)   88/  C1C816 : 003C 0001               ori.b   #1,CCR             ; Timeout occured
(1)   89/  C1C81A : 4E75                    rts
(1)   90/  C1C81C :                     .done:
(1)   91/  C1C81C : 4EB9 00C1 C828          jsr     MCUWaitRefill
(1)   92/  C1C822 : 023C 00FE               andi.b  #$FE,CCR           ; Ok
(1)   93/  C1C826 : 4E75                    rts
(1)   94/  C1C828 :                     
(1)   95/  C1C828 :                     
(1)   96/  C1C828 :                     ; Sets carry on timeout
(1)   97/  C1C828 :                     MCUWaitRefill:
(1)   98/  C1C828 : 7000                	moveq.l #0,d0
(1)   99/  C1C82A :                     	; Wait for CPLDREG_STAT bit 2 (REFILL_PENDING) to be reset
(1)  100/  C1C82A : 2E3C 000B D038      	move.l  #TIMEOUT_EXEC,d7
(1)  101/  C1C830 :                     .wait:
(1)  102/  C1C830 : 13C0 0030 0001          move.b  d0,REG_DIPSW
(1)  103/  C1C836 : 3039 00C1 E200          move.w  CPLDREG_STAT,d0    ; 12
(1)  104/  C1C83C : 0240 0004               andi.w  #$0004,d0          ; 8
(1)  105/  C1C840 : 6712                    beq     .done              ; 8
(1)  106/  C1C842 : 5387                    subq.l  #1,d7              ; 8
(1)  107/  C1C844 : 66EA                    bne     .wait              ; 10 = 46
(1)  108/  C1C846 : 13FC 0003 0011 C1B5     move.b  #3,TimeOutStage
(1)  109/  C1C84E : 003C 0001               ori.b   #1,CCR             ; Timeout occured
(1)  110/  C1C852 : 4E75                    rts
(1)  111/  C1C854 :                     .done:
(1)  112/  C1C854 : 023C 00FE               andi.b  #$FE,CCR           ; Ok
(1)  113/  C1C858 : 4E75                    rts
(1)  114/  C1C85A :                     
(1)  115/  C1C85A :                     
(1)  116/  C1C85A :                     MCURead4Words:
(1)  117/  C1C85A : 363C 0004               move.w  #4,d3
(1)  118/  C1C85E :                     
(1)  119/  C1C85E :                     ; d3.w: word count (should be a multiple of 4)
(1)  120/  C1C85E :                     MCURead4WordsMult:
(1)  121/  C1C85E : 3003                    move.w  d3,d0
(1)  122/  C1C860 : 4A40                    tst.w   d0      ; Useless ?
(1)  123/  C1C862 : 6734                    beq     .zero
(1)  124/  C1C864 : 0200 0003               andi.b  #3,d0
(1)  125/  C1C868 : 6704                    beq     .multipleof4
(1)  126/  C1C86A : 0643 0004               addi.w  #4,d3
(1)  127/  C1C86E :                     .multipleof4:
(1)  128/  C1C86E : E44B                    lsr.w   #2,d3   ; Divide by 4
(1)  129/  C1C870 : 41F9 0011 C100          lea     MCUReplyBuffer,a0
(1)  130/  C1C876 :                     .rdloop:
(1)  131/  C1C876 : 30F9 00C1 E000      	move.w  CPLDREG_DATA,(a0)+ ; 20 Read from MCU
(1)  132/  C1C87C : 30F9 00C1 E000      	move.w  CPLDREG_DATA,(a0)+ ; Read from MCU
(1)  133/  C1C882 : 30F9 00C1 E000      	move.w  CPLDREG_DATA,(a0)+ ; Read from MCU
(1)  134/  C1C888 : 30F9 00C1 E000      	move.w  CPLDREG_DATA,(a0)+ ; Read from MCU
 AS V1.42 Beta [Bld 311] - Source File main.asm(mcu.asm) - Page 114 - 9/11/2026 23:43:16


(1)  135/  C1C88E : 4EB9 00C1 C828          jsr     MCUWaitRefill      ; Wait for FIFO to be refilled
(1)  136/  C1C894 : 5343                	subq.w  #1,d3              ; 4
(1)  137/  C1C896 : 66DE                	bne     .rdloop            ; 10
(1)  138/  C1C898 :                     .zero:
(1)  139/  C1C898 : 4E75                	rts
(1)  140/  C1C89A :                     
(1)  141/  C1C89A :                     
(1)  142/  C1C89A :                     ; Check MCU command reply flag, sets carry on error
(1)  143/  C1C89A :                     ; Uses d0
(1)  144/  C1C89A :                     CheckACK:
(1)  145/  C1C89A : 1039 0011 C100          move.b  MCUReplyBuffer,d0
(1)  146/  C1C8A0 : 0200 00F0               andi.b  #$F0,d0
(1)  147/  C1C8A4 : B03C 00F0               cmp.b   #$F0,d0
(1)  148/  C1C8A8 : 670A                    beq     .ack
(1)  149/  C1C8AA : 4EB9 00C1 9922      	jsr     DispError          ; Error occured, show error text and return
(1)  150/  C1C8B0 : 003C 0001               ori.b   #1,CCR
(1)  151/  C1C8B4 :                     .ack:
(1)  152/  C1C8B4 : 023C 00FE               andi.b  #$FE,CCR           ; Ok
(1)  153/  C1C8B8 : 4E75                    rts
(1)  154/  C1C8BA :                     
     206/  C1C8BA :                     	INCLUDE "sectors.asm"
(1)    1/  C1C8BA :                     ; Copyright (C) 2021 Sean Gonsalves
(1)    2/  C1C8BA :                     ;
(1)    3/  C1C8BA :                     ; This file is part of Neo CD SD Loader.
(1)    4/  C1C8BA :                     ;
(1)    5/  C1C8BA :                     ; This program is free software; you can redistribute it and/or modify
(1)    6/  C1C8BA :                     ; it under the terms of the GNU General Public License as published by
(1)    7/  C1C8BA :                     ; the Free Software Foundation; either version 2, or (at your option)
(1)    8/  C1C8BA :                     ; any later version.
(1)    9/  C1C8BA :                     ;
(1)   10/  C1C8BA :                     ; This program is distributed in the hope that it will be useful,
(1)   11/  C1C8BA :                     ; but WITHOUT ANY WARRANTY; without even the implied warranty of
(1)   12/  C1C8BA :                     ; MERCHANTABILITY or FITNESS FOR A PARTICULAR PURPOSE.  See the
(1)   13/  C1C8BA :                     ; GNU General Public License for more details.
(1)   14/  C1C8BA :                     ;
(1)   15/  C1C8BA :                     ; You should have received a copy of the GNU General Public License
(1)   16/  C1C8BA :                     ; along with this program; see the file COPYING.  If not, write to
(1)   17/  C1C8BA :                     ; the Free Software Foundation, Inc., 51 Franklin Street,
(1)   18/  C1C8BA :                     ; Boston, MA 02110-1301, USA.
(1)   19/  C1C8BA :                     
(1)   20/  C1C8BA :                     IncMSF:
(1)   21/  C1C8BA :                     	; For original progressbar update:
(1)   22/  C1C8BA : 2039 0010 F690      	move.l  $10F690,d0
(1)   23/  C1C8C0 : D0B9 0010 F68C      	add.l   $10F68C,d0         ; Inc value, computed from total size of data to load
(1)   24/  C1C8C6 : 0C80 0080 0000      	cmpi.l  #$800000,d0
(1)   25/  C1C8CC : 6306                	bls     .nocap
(1)   26/  C1C8CE : 203C 0080 0000      	move.l  #$800000,d0
(1)   27/  C1C8D4 :                     .nocap:
(1)   28/  C1C8D4 : 23C0 0010 F690      	move.l  d0,$10F690
(1)   29/  C1C8DA :                     
(1)   30/  C1C8DA : 5379 0011 C180          subq.w  #1,CDSectorCount
(1)   31/  C1C8E0 : 33F9 0011 C180 0010 	move.w  CDSectorCount,$10F688  ; SectorCounter
           C1C8E8 : F688               
(1)   32/  C1C8EA :                     
(1)   33/  C1C8EA :                     	; Copied from TOP-SP1-2 @ $10586
(1)   34/  C1C8EA : 41F9 0011 C184          lea     MSFCounter+2,a0     ; Start at Frames
(1)   35/  C1C8F0 : 1010                    move.b  (a0),d0
(1)   36/  C1C8F2 : 7201                    moveq   #1,d1
(1)   37/  C1C8F4 : 44FC 0000               move.w  #0,ccr
(1)   38/  C1C8F8 : C101                    abcd    d1,d0               ; Inc frames
 AS V1.42 Beta [Bld 311] - Source File main.asm(sectors.asm) - Page 115 - 9/11/2026 23:43:16


(1)   39/  C1C8FA : 1080                    move.b  d0,(a0)
(1)   40/  C1C8FC : 0C00 0075               cmpi.b  #$75,d0
(1)   41/  C1C900 : 6500 0026               bcs.w   .incdone
(1)   42/  C1C904 : 4210                    clr.b   (a0)                ; Clear Frames
(1)   43/  C1C906 : 5388                    subq.l  #1,a0               ; Do Seconds
(1)   44/  C1C908 : 1010                    move.b  (a0),d0
(1)   45/  C1C90A : 44FC 0000               move.w  #0,ccr
(1)   46/  C1C90E : C101                    abcd    d1,d0               ; Inc Seconds
(1)   47/  C1C910 : 1080                    move.b  d0,(a0)
(1)   48/  C1C912 : 0C00 0060               cmpi.b  #$60,d0
(1)   49/  C1C916 : 6500 0010               bcs.w   .incdone
(1)   50/  C1C91A : 4210                    clr.b   (a0)                ; Clear Seconds
(1)   51/  C1C91C : 5388                    subq.l  #1,a0               ; Do Minutes
(1)   52/  C1C91E : 1010                    move.b  (a0),d0
(1)   53/  C1C920 : 44FC 0000               move.w  #0,ccr
(1)   54/  C1C924 : C101                    abcd    d1,d0               ; Inc Minutes
(1)   55/  C1C926 : 1080                    move.b  d0,(a0)
(1)   56/  C1C928 :                     .incdone:
(1)   57/  C1C928 : 4E75                    rts
(1)   58/  C1C92A :                         
(1)   59/  C1C92A :                     
(1)   60/  C1C92A :                     ; Ask MCU for a CD sector
(1)   61/  C1C92A :                     ; MSFCounter: Requested MSF
(1)   62/  C1C92A :                     ReqCDSector:
(1)   63/  C1C92A : 23F9 0011 C182 0011     move.l  MSFCounter,MCUCmdParams
           C1C932 : C194               
(1)   64/  C1C934 : (MACRO)[120]            MCUCMD  MCU_CMD_LOADSECT
(1)   64/  C1C934 : 163C 0008               move.b  #MCU_CMD_LOADSECT,d3
(1)   64/  C1C938 : 4EB9 00C1 C756          jsr     MCUCommand
(1)   65/  C1C93E : 6408                    bcc     .notimeout
(1)   66/  C1C940 : 4EB9 00C1 9914          jsr     DispErrorTimeout
(1)   67/  C1C946 :                     .lockup:
(1)   68/  C1C946 : 60FE                    bra     .lockup
(1)   69/  C1C948 :                     .notimeout:
(1)   70/  C1C948 : 4EB9 00C1 C85A          jsr     MCURead4Words
(1)   71/  C1C94E : 4EB9 00C1 C89A          jsr     CheckACK
(1)   72/  C1C954 : 65F0                    bcs     .lockup
(1)   73/  C1C956 : 4E75                    rts
(1)   74/  C1C958 :                     
(1)   75/  C1C958 :                         
(1)   76/  C1C958 :                     ; Load an entire CD sector
(1)   77/  C1C958 :                     ; a1: Destination
(1)   78/  C1C958 :                     GetCDSectorRawFull:
(1)   79/  C1C958 : 41F9 00C1 E000      	lea     CPLDREG_DATA,a0
(1)   80/  C1C95E : 45F9 00C1 E200      	lea     CPLDREG_STAT,a2
(1)   81/  C1C964 : 7204                	moveq.l #$0004,d1
(1)   82/  C1C966 : 3E3C 00FF           	move.w  #256-1,d7 		   ; 256 * 8 = 2048 bytes
(1)   83/  C1C96A : 13C0 0030 0001      	move.b  d0,REG_DIPSW
(1)   84/  C1C970 : 46FC 2700           	move.w  #$2700,sr		   ; Disable all interrupts
(1)   85/  C1C974 :                     .readsector:
(1)   86/  C1C974 : 22D0                	move.l  (a0),(a1)+         ; 20
(1)   87/  C1C976 : 22D0                	move.l  (a0),(a1)+         ; 20
(1)   88/  C1C978 :                     .wait:                         ; Wait for CPLDREG_STAT bit 2 (REFILL_PENDING) to be reset
(1)   89/  C1C978 : 3012                    move.w  (a2),d0            ; 8
(1)   90/  C1C97A : C041                    and.w   d1,d0              ; 4
(1)   91/  C1C97C : 66FA                    bne     .wait              ; 10
(1)   92/  C1C97E : 51CF FFF4               dbra    d7,.readsector     ; 10, total 72 for 8 bytes, 1302kB/s
(1)   93/  C1C982 : 13C0 0030 0001      	move.b  d0,REG_DIPSW
(1)   94/  C1C988 : 46FC 2000           	move.w  #$2000,sr		   ; Enable all interrupts
(1)   95/  C1C98C : 4E75                	rts
 AS V1.42 Beta [Bld 311] - Source File main.asm(sectors.asm) - Page 116 - 9/11/2026 23:43:16


(1)   96/  C1C98E :                     	
(1)   97/  C1C98E :                     
(1)   98/  C1C98E :                     GetCDSectorRawHead:
(1)   99/  C1C98E :                         ; Byte-per-byte copy for first part of partial sector
(1)  100/  C1C98E :                         ; No need to finish reading the whole sector, the MCU won't complain
(1)  101/  C1C98E : 41F9 00C1 E000      	lea     CPLDREG_DATA,a0
(1)  102/  C1C994 : 45F9 00C1 E200      	lea     CPLDREG_STAT,a2
(1)  103/  C1C99A : 7204                	moveq.l #$0004,d1
(1)  104/  C1C99C : 2E2D 7EFC               move.l  SectorLoadSize(a5),d7
(1)  105/  C1C9A0 : 13C0 0030 0001      	move.b  d0,REG_DIPSW
(1)  106/  C1C9A6 : 46FC 2700           	move.w  #$2700,sr		   ; Disable all interrupts
(1)  107/  C1C9AA :                     .readsector:
(1)  108/  C1C9AA : 2010                	move.l  (a0),d0            ; AA BB CC DD
(1)  109/  C1C9AC :                     
(1)  110/  C1C9AC :                         REPT 4
(1)  111/  C1C9AC :                     	rol.l   #8,d0
(1)  112/  C1C9AC :                         move.b  d0,(a1)+           ; BB CC DD AA
(1)  113/  C1C9AC :                     	subq.l  #1,d7
(1)  114/  C1C9AC :                     	beq     .done
(1)  115/  C1C9AC :                     	ENDM
(1)  111/  C1C9AC : E198                	rol.l   #8,d0
(1)  112/  C1C9AE : 12C0                    move.b  d0,(a1)+           ; BB CC DD AA
(1)  113/  C1C9B0 : 5387                	subq.l  #1,d7
(1)  114/  C1C9B2 : 6742                	beq     .done
(1)  111/  C1C9B4 : E198                	rol.l   #8,d0
(1)  112/  C1C9B6 : 12C0                    move.b  d0,(a1)+           ; BB CC DD AA
(1)  113/  C1C9B8 : 5387                	subq.l  #1,d7
(1)  114/  C1C9BA : 673A                	beq     .done
(1)  111/  C1C9BC : E198                	rol.l   #8,d0
(1)  112/  C1C9BE : 12C0                    move.b  d0,(a1)+           ; BB CC DD AA
(1)  113/  C1C9C0 : 5387                	subq.l  #1,d7
(1)  114/  C1C9C2 : 6732                	beq     .done
(1)  111/  C1C9C4 : E198                	rol.l   #8,d0
(1)  112/  C1C9C6 : 12C0                    move.b  d0,(a1)+           ; BB CC DD AA
(1)  113/  C1C9C8 : 5387                	subq.l  #1,d7
(1)  114/  C1C9CA : 672A                	beq     .done
(1)  116/  C1C9CC :                     
(1)  117/  C1C9CC : 2010                	move.l  (a0),d0            ; AA BB CC DD
(1)  118/  C1C9CE :                     
(1)  119/  C1C9CE :                         REPT 4
(1)  120/  C1C9CE :                     	rol.l   #8,d0
(1)  121/  C1C9CE :                         move.b  d0,(a1)+           ; BB CC DD AA
(1)  122/  C1C9CE :                     	subq.l  #1,d7
(1)  123/  C1C9CE :                     	beq     .done
(1)  124/  C1C9CE :                     	ENDM
(1)  120/  C1C9CE : E198                	rol.l   #8,d0
(1)  121/  C1C9D0 : 12C0                    move.b  d0,(a1)+           ; BB CC DD AA
(1)  122/  C1C9D2 : 5387                	subq.l  #1,d7
(1)  123/  C1C9D4 : 6720                	beq     .done
(1)  120/  C1C9D6 : E198                	rol.l   #8,d0
(1)  121/  C1C9D8 : 12C0                    move.b  d0,(a1)+           ; BB CC DD AA
(1)  122/  C1C9DA : 5387                	subq.l  #1,d7
(1)  123/  C1C9DC : 6718                	beq     .done
(1)  120/  C1C9DE : E198                	rol.l   #8,d0
(1)  121/  C1C9E0 : 12C0                    move.b  d0,(a1)+           ; BB CC DD AA
(1)  122/  C1C9E2 : 5387                	subq.l  #1,d7
(1)  123/  C1C9E4 : 6710                	beq     .done
(1)  120/  C1C9E6 : E198                	rol.l   #8,d0
(1)  121/  C1C9E8 : 12C0                    move.b  d0,(a1)+           ; BB CC DD AA
(1)  122/  C1C9EA : 5387                	subq.l  #1,d7
 AS V1.42 Beta [Bld 311] - Source File main.asm(sectors.asm) - Page 117 - 9/11/2026 23:43:16


(1)  123/  C1C9EC : 6708                	beq     .done
(1)  125/  C1C9EE :                     
(1)  126/  C1C9EE :                     .wait:                         ; Wait for CPLDREG_STAT bit 2 (REFILL_PENDING) to be reset
(1)  127/  C1C9EE : 3012                    move.w  (a2),d0
(1)  128/  C1C9F0 : C041                    and.w   d1,d0
(1)  129/  C1C9F2 : 66FA                    bne     .wait
(1)  130/  C1C9F4 : 60B4                    bra     .readsector
(1)  131/  C1C9F6 :                     .done:
(1)  132/  C1C9F6 :                     
(1)  133/  C1C9F6 : 13C0 0030 0001      	move.b  d0,REG_DIPSW
(1)  134/  C1C9FC : 46FC 2000           	move.w  #$2000,sr		   ; Enable all interrupts
(1)  135/  C1CA00 : 4E75                	rts
(1)  136/  C1CA02 :                     
(1)  137/  C1CA02 :                     
(1)  138/  C1CA02 :                     GetCDSectorRawTail:
(1)  139/  C1CA02 :                         ; Byte-per-byte copy for last part of partial sector
(1)  140/  C1CA02 : 41F9 00C1 E000      	lea     CPLDREG_DATA,a0
(1)  141/  C1CA08 : 45F9 00C1 E200      	lea     CPLDREG_STAT,a2
(1)  142/  C1CA0E : 223C 0000 0800      	move.l  #2048,d1
(1)  143/  C1CA14 : 2E2D 7EFC               move.l  SectorLoadSize(a5),d7
(1)  144/  C1CA18 : 9287                    sub.l   d7,d1              ; How many bytes to skip at the beginning
(1)  145/  C1CA1A : 13C0 0030 0001      	move.b  d0,REG_DIPSW
(1)  146/  C1CA20 : 46FC 2700           	move.w  #$2700,sr		   ; Disable all interrupts
(1)  147/  C1CA24 :                     .readsector:
(1)  148/  C1CA24 : 2010                	move.l  (a0),d0            ; AA BB CC DD
(1)  149/  C1CA26 :                     
(1)  150/  C1CA26 :                         REPT 4
(1)  151/  C1CA26 :                     	rol.l   #8,d0
(1)  152/  C1CA26 :                     	tst.w   d1
(1)  153/  C1CA26 :                     	beq     .a
(1)  154/  C1CA26 :                     	subq.w  #1,d1
(1)  155/  C1CA26 :                     	bra     .b
(1)  156/  C1CA26 :                     .a:
(1)  157/  C1CA26 :                         move.b  d0,(a1)+
(1)  158/  C1CA26 :                     	subq.l  #1,d7
(1)  159/  C1CA26 :                     	beq     .done
(1)  160/  C1CA26 :                     .b:
(1)  161/  C1CA26 :                     	ENDM
(1)  151/  C1CA26 : E198                	rol.l   #8,d0
(1)  152/  C1CA28 : 4A41                	tst.w   d1
(1)  153/  C1CA2A : 6704                	beq     .a
(1)  154/  C1CA2C : 5341                	subq.w  #1,d1
(1)  155/  C1CA2E : 6006                	bra     .b
(1)  156/  C1CA30 :                     .a:
(1)  157/  C1CA30 : 12C0                    move.b  d0,(a1)+
(1)  158/  C1CA32 : 5387                	subq.l  #1,d7
(1)  159/  C1CA34 : 677E                	beq     .done
(1)  160/  C1CA36 :                     .b:
(1)  151/  C1CA36 : E198                	rol.l   #8,d0
(1)  152/  C1CA38 : 4A41                	tst.w   d1
(1)  153/  C1CA3A : 6704                	beq     .a
(1)  154/  C1CA3C : 5341                	subq.w  #1,d1
(1)  155/  C1CA3E : 6006                	bra     .b
(1)  156/  C1CA40 :                     .a:
(1)  157/  C1CA40 : 12C0                    move.b  d0,(a1)+
(1)  158/  C1CA42 : 5387                	subq.l  #1,d7
(1)  159/  C1CA44 : 676E                	beq     .done
(1)  160/  C1CA46 :                     .b:
(1)  151/  C1CA46 : E198                	rol.l   #8,d0
(1)  152/  C1CA48 : 4A41                	tst.w   d1
 AS V1.42 Beta [Bld 311] - Source File main.asm(sectors.asm) - Page 118 - 9/11/2026 23:43:16


(1)  153/  C1CA4A : 6704                	beq     .a
(1)  154/  C1CA4C : 5341                	subq.w  #1,d1
(1)  155/  C1CA4E : 6006                	bra     .b
(1)  156/  C1CA50 :                     .a:
(1)  157/  C1CA50 : 12C0                    move.b  d0,(a1)+
(1)  158/  C1CA52 : 5387                	subq.l  #1,d7
(1)  159/  C1CA54 : 675E                	beq     .done
(1)  160/  C1CA56 :                     .b:
(1)  151/  C1CA56 : E198                	rol.l   #8,d0
(1)  152/  C1CA58 : 4A41                	tst.w   d1
(1)  153/  C1CA5A : 6704                	beq     .a
(1)  154/  C1CA5C : 5341                	subq.w  #1,d1
(1)  155/  C1CA5E : 6006                	bra     .b
(1)  156/  C1CA60 :                     .a:
(1)  157/  C1CA60 : 12C0                    move.b  d0,(a1)+
(1)  158/  C1CA62 : 5387                	subq.l  #1,d7
(1)  159/  C1CA64 : 674E                	beq     .done
(1)  160/  C1CA66 :                     .b:
(1)  162/  C1CA66 :                     
(1)  163/  C1CA66 : 2010                	move.l  (a0),d0            ; AA BB CC DD
(1)  164/  C1CA68 :                     
(1)  165/  C1CA68 :                         REPT 4
(1)  166/  C1CA68 :                     	rol.l   #8,d0
(1)  167/  C1CA68 :                     	tst.w   d1
(1)  168/  C1CA68 :                     	beq     .a
(1)  169/  C1CA68 :                     	subq.w  #1,d1
(1)  170/  C1CA68 :                     	bra     .b
(1)  171/  C1CA68 :                     .a:
(1)  172/  C1CA68 :                         move.b  d0,(a1)+
(1)  173/  C1CA68 :                     	subq.l  #1,d7
(1)  174/  C1CA68 :                     	beq     .done
(1)  175/  C1CA68 :                     .b:
(1)  176/  C1CA68 :                     	ENDM
(1)  166/  C1CA68 : E198                	rol.l   #8,d0
(1)  167/  C1CA6A : 4A41                	tst.w   d1
(1)  168/  C1CA6C : 6704                	beq     .a
(1)  169/  C1CA6E : 5341                	subq.w  #1,d1
(1)  170/  C1CA70 : 6006                	bra     .b
(1)  171/  C1CA72 :                     .a:
(1)  172/  C1CA72 : 12C0                    move.b  d0,(a1)+
(1)  173/  C1CA74 : 5387                	subq.l  #1,d7
(1)  174/  C1CA76 : 673C                	beq     .done
(1)  175/  C1CA78 :                     .b:
(1)  166/  C1CA78 : E198                	rol.l   #8,d0
(1)  167/  C1CA7A : 4A41                	tst.w   d1
(1)  168/  C1CA7C : 6704                	beq     .a
(1)  169/  C1CA7E : 5341                	subq.w  #1,d1
(1)  170/  C1CA80 : 6006                	bra     .b
(1)  171/  C1CA82 :                     .a:
(1)  172/  C1CA82 : 12C0                    move.b  d0,(a1)+
(1)  173/  C1CA84 : 5387                	subq.l  #1,d7
(1)  174/  C1CA86 : 672C                	beq     .done
(1)  175/  C1CA88 :                     .b:
(1)  166/  C1CA88 : E198                	rol.l   #8,d0
(1)  167/  C1CA8A : 4A41                	tst.w   d1
(1)  168/  C1CA8C : 6704                	beq     .a
(1)  169/  C1CA8E : 5341                	subq.w  #1,d1
(1)  170/  C1CA90 : 6006                	bra     .b
(1)  171/  C1CA92 :                     .a:
(1)  172/  C1CA92 : 12C0                    move.b  d0,(a1)+
 AS V1.42 Beta [Bld 311] - Source File main.asm(sectors.asm) - Page 119 - 9/11/2026 23:43:16


(1)  173/  C1CA94 : 5387                	subq.l  #1,d7
(1)  174/  C1CA96 : 671C                	beq     .done
(1)  175/  C1CA98 :                     .b:
(1)  166/  C1CA98 : E198                	rol.l   #8,d0
(1)  167/  C1CA9A : 4A41                	tst.w   d1
(1)  168/  C1CA9C : 6704                	beq     .a
(1)  169/  C1CA9E : 5341                	subq.w  #1,d1
(1)  170/  C1CAA0 : 6006                	bra     .b
(1)  171/  C1CAA2 :                     .a:
(1)  172/  C1CAA2 : 12C0                    move.b  d0,(a1)+
(1)  173/  C1CAA4 : 5387                	subq.l  #1,d7
(1)  174/  C1CAA6 : 670C                	beq     .done
(1)  175/  C1CAA8 :                     .b:
(1)  177/  C1CAA8 :                     
(1)  178/  C1CAA8 :                     .wait:                         ; Wait for CPLDREG_STAT bit 2 (REFILL_PENDING) to be reset
(1)  179/  C1CAA8 : 3012                    move.w  (a2),d0
(1)  180/  C1CAAA : C07C 0004               and.w   #$0004,d0
(1)  181/  C1CAAE : 66F8                    bne     .wait
(1)  182/  C1CAB0 : 6000 FF72               bra     .readsector
(1)  183/  C1CAB4 :                     .done:
(1)  184/  C1CAB4 :                     
(1)  185/  C1CAB4 : 13C0 0030 0001      	move.b  d0,REG_DIPSW
(1)  186/  C1CABA : 46FC 2000           	move.w  #$2000,sr		   ; Enable all interrupts
(1)  187/  C1CABE : 4E75                	rts
(1)  188/  C1CAC0 :                     	
(1)  189/  C1CAC0 :                     	
(1)  190/  C1CAC0 :                     GetCDSectorBytesHead:
(1)  191/  C1CAC0 :                         ; Byte-per-byte copy for first part of partial sector
(1)  192/  C1CAC0 :                         ; No need to finish reading the whole sector, the MCU won't complain
(1)  193/  C1CAC0 : 41F9 00C1 E000      	lea     CPLDREG_DATA,a0
(1)  194/  C1CAC6 : 45F9 00C1 E200      	lea     CPLDREG_STAT,a2
(1)  195/  C1CACC : 7204                	moveq.l #$0004,d1
(1)  196/  C1CACE : 2E2D 7EFC               move.l  SectorLoadSize(a5),d7
(1)  197/  C1CAD2 : 13C0 0030 0001      	move.b  d0,REG_DIPSW
(1)  198/  C1CAD8 : 46FC 2700           	move.w  #$2700,sr		   ; Disable all interrupts
(1)  199/  C1CADC :                     .readsector:
(1)  200/  C1CADC : 2010                	move.l  (a0),d0            ; 12 AA BB CC DD
(1)  201/  C1CADE : 2410                	move.l  (a0),d2            ; 12 AA BB CC DD
(1)  202/  C1CAE0 :                     
(1)  203/  C1CAE0 : 2600                	move.l  d0,d3              ; 4
(1)  204/  C1CAE2 : 4843                	swap    d3                 ; 4  CC DD AA BB
(1)  205/  C1CAE4 : E198                	rol.l   #8,d0              ; 24 BB CC DD AA
(1)  206/  C1CAE6 : 32C0                	move.w  d0,(a1)+           ; 8  xx AA
(1)  207/  C1CAE8 : 5387                	subq.l  #1,d7
(1)  208/  C1CAEA : 6740                	beq     .done
(1)  209/  C1CAEC : 32C3                	move.w  d3,(a1)+           ; 8  xx BB
(1)  210/  C1CAEE : 5387                	subq.l  #1,d7
(1)  211/  C1CAF0 : 673A                	beq     .done
(1)  212/  C1CAF2 : 4840                	swap    d0                 ; 4  DD AA BB CC
(1)  213/  C1CAF4 : 32C0                	move.w  d0,(a1)+           ; 8  xx CC
(1)  214/  C1CAF6 : 5387                	subq.l  #1,d7
(1)  215/  C1CAF8 : 6732                	beq     .done
(1)  216/  C1CAFA : 4843                	swap    d3                 ; 4  AA BB CC DD
(1)  217/  C1CAFC : 32C3                	move.w  d3,(a1)+           ; 8  xx DD
(1)  218/  C1CAFE : 5387                	subq.l  #1,d7
(1)  219/  C1CB00 : 672A                	beq     .done
(1)  220/  C1CB02 :                     
(1)  221/  C1CB02 : 2602                	move.l  d2,d3              ; 4
(1)  222/  C1CB04 : 4843                	swap    d3                 ; 4  CC DD AA BB
(1)  223/  C1CB06 : E19A                	rol.l   #8,d2              ; 24 BB CC DD AA
 AS V1.42 Beta [Bld 311] - Source File main.asm(sectors.asm) - Page 120 - 9/11/2026 23:43:16


(1)  224/  C1CB08 : 32C2                	move.w  d2,(a1)+           ; 8  xx AA
(1)  225/  C1CB0A : 5387                	subq.l  #1,d7
(1)  226/  C1CB0C : 671E                	beq     .done
(1)  227/  C1CB0E : 32C3                	move.w  d3,(a1)+           ; 8  xx BB
(1)  228/  C1CB10 : 5387                	subq.l  #1,d7
(1)  229/  C1CB12 : 6718                	beq     .done
(1)  230/  C1CB14 : 4842                	swap    d2                 ; 4  DD AA BB CC
(1)  231/  C1CB16 : 32C2                	move.w  d2,(a1)+           ; 8  xx CC
(1)  232/  C1CB18 : 5387                	subq.l  #1,d7
(1)  233/  C1CB1A : 6710                	beq     .done
(1)  234/  C1CB1C : 4843                	swap    d3                 ; 4  AA BB CC DD
(1)  235/  C1CB1E : 32C3                	move.w  d3,(a1)+           ; 8  xx DD
(1)  236/  C1CB20 : 5387                	subq.l  #1,d7
(1)  237/  C1CB22 : 6708                	beq     .done
(1)  238/  C1CB24 :                     
(1)  239/  C1CB24 :                     .wait:                         ; Wait for CPLDREG_STAT bit 2 (REFILL_PENDING) to be reset
(1)  240/  C1CB24 : 3012                    move.w  (a2),d0
(1)  241/  C1CB26 : C041                    and.w   d1,d0
(1)  242/  C1CB28 : 66FA                    bne     .wait
(1)  243/  C1CB2A : 60B0                    bra     .readsector
(1)  244/  C1CB2C :                     .done:
(1)  245/  C1CB2C :                     
(1)  246/  C1CB2C : 13C0 0030 0001      	move.b  d0,REG_DIPSW
(1)  247/  C1CB32 : 46FC 2000           	move.w  #$2000,sr		   ; Enable all interrupts
(1)  248/  C1CB36 : 4E75                	rts
(1)  249/  C1CB38 :                     
(1)  250/  C1CB38 :                     
(1)  251/  C1CB38 :                     GetCDSectorBytesTail:
(1)  252/  C1CB38 :                         ; Byte-per-byte copy for last part of partial sector
(1)  253/  C1CB38 : 41F9 00C1 E000      	lea     CPLDREG_DATA,a0
(1)  254/  C1CB3E : 45F9 00C1 E200      	lea     CPLDREG_STAT,a2
(1)  255/  C1CB44 : 223C 0000 0800      	move.l  #2048,d1
(1)  256/  C1CB4A : 2E2D 7EFC               move.l  SectorLoadSize(a5),d7
(1)  257/  C1CB4E : 9287                    sub.l   d7,d1              ; How many bytes to skip at the beginning
(1)  258/  C1CB50 : 13C0 0030 0001      	move.b  d0,REG_DIPSW
(1)  259/  C1CB56 : 46FC 2700           	move.w  #$2700,sr		   ; Disable all interrupts
(1)  260/  C1CB5A :                     .readsector:
(1)  261/  C1CB5A :                     
(1)  262/  C1CB5A :                         REPT 2
(1)  263/  C1CB5A :                     	move.l  (a0),d0            ; 12 AA BB CC DD
(1)  264/  C1CB5A :                     
(1)  265/  C1CB5A :                     	move.l  d0,d3              ; 4
(1)  266/  C1CB5A :                     	swap    d3                 ; 4  CC DD AA BB
(1)  267/  C1CB5A :                     	rol.l   #8,d0              ; 24 BB CC DD AA
(1)  268/  C1CB5A :                     	tst.w   d1
(1)  269/  C1CB5A :                     	beq     .copy1
(1)  270/  C1CB5A :                     	subq.w  #1,d1
(1)  271/  C1CB5A :                     	bra     .skip1
(1)  272/  C1CB5A :                     .copy1:
(1)  273/  C1CB5A :                     	move.w  d0,(a1)+           ; 8  xx AA
(1)  274/  C1CB5A :                     .skip1:
(1)  275/  C1CB5A :                     	tst.w   d1
(1)  276/  C1CB5A :                     	beq     .copy2
(1)  277/  C1CB5A :                     	subq.w  #1,d1
(1)  278/  C1CB5A :                     	bra     .skip2
(1)  279/  C1CB5A :                     .copy2:
(1)  280/  C1CB5A :                     	move.w  d3,(a1)+           ; 8  xx BB
(1)  281/  C1CB5A :                     .skip2:
(1)  282/  C1CB5A :                     	swap    d0                 ; 4  DD AA BB CC
(1)  283/  C1CB5A :                     	tst.w   d1
 AS V1.42 Beta [Bld 311] - Source File main.asm(sectors.asm) - Page 121 - 9/11/2026 23:43:16


(1)  284/  C1CB5A :                     	beq     .copy3
(1)  285/  C1CB5A :                     	subq.w  #1,d1
(1)  286/  C1CB5A :                     	bra     .skip3
(1)  287/  C1CB5A :                     .copy3:
(1)  288/  C1CB5A :                     	move.w  d0,(a1)+           ; 8  xx CC
(1)  289/  C1CB5A :                     .skip3:
(1)  290/  C1CB5A :                     	swap    d3                 ; 4  AA BB CC DD
(1)  291/  C1CB5A :                     	tst.w   d1
(1)  292/  C1CB5A :                     	beq     .copy4
(1)  293/  C1CB5A :                     	subq.w  #1,d1
(1)  294/  C1CB5A :                     	bra     .skip4
(1)  295/  C1CB5A :                     .copy4:
(1)  296/  C1CB5A :                     	move.w  d3,(a1)+           ; 8  xx DD
(1)  297/  C1CB5A :                     .skip4:
(1)  298/  C1CB5A :                         ENDM
(1)  263/  C1CB5A : 2010                	move.l  (a0),d0            ; 12 AA BB CC DD
(1)  264/  C1CB5C :                     
(1)  265/  C1CB5C : 2600                	move.l  d0,d3              ; 4
(1)  266/  C1CB5E : 4843                	swap    d3                 ; 4  CC DD AA BB
(1)  267/  C1CB60 : E198                	rol.l   #8,d0              ; 24 BB CC DD AA
(1)  268/  C1CB62 : 4A41                	tst.w   d1
(1)  269/  C1CB64 : 6704                	beq     .copy1
(1)  270/  C1CB66 : 5341                	subq.w  #1,d1
(1)  271/  C1CB68 : 6002                	bra     .skip1
(1)  272/  C1CB6A :                     .copy1:
(1)  273/  C1CB6A : 32C0                	move.w  d0,(a1)+           ; 8  xx AA
(1)  274/  C1CB6C :                     .skip1:
(1)  275/  C1CB6C : 4A41                	tst.w   d1
(1)  276/  C1CB6E : 6704                	beq     .copy2
(1)  277/  C1CB70 : 5341                	subq.w  #1,d1
(1)  278/  C1CB72 : 6002                	bra     .skip2
(1)  279/  C1CB74 :                     .copy2:
(1)  280/  C1CB74 : 32C3                	move.w  d3,(a1)+           ; 8  xx BB
(1)  281/  C1CB76 :                     .skip2:
(1)  282/  C1CB76 : 4840                	swap    d0                 ; 4  DD AA BB CC
(1)  283/  C1CB78 : 4A41                	tst.w   d1
(1)  284/  C1CB7A : 6704                	beq     .copy3
(1)  285/  C1CB7C : 5341                	subq.w  #1,d1
(1)  286/  C1CB7E : 6002                	bra     .skip3
(1)  287/  C1CB80 :                     .copy3:
(1)  288/  C1CB80 : 32C0                	move.w  d0,(a1)+           ; 8  xx CC
(1)  289/  C1CB82 :                     .skip3:
(1)  290/  C1CB82 : 4843                	swap    d3                 ; 4  AA BB CC DD
(1)  291/  C1CB84 : 4A41                	tst.w   d1
(1)  292/  C1CB86 : 6704                	beq     .copy4
(1)  293/  C1CB88 : 5341                	subq.w  #1,d1
(1)  294/  C1CB8A : 6002                	bra     .skip4
(1)  295/  C1CB8C :                     .copy4:
(1)  296/  C1CB8C : 32C3                	move.w  d3,(a1)+           ; 8  xx DD
(1)  297/  C1CB8E :                     .skip4:
(1)  263/  C1CB8E : 2010                	move.l  (a0),d0            ; 12 AA BB CC DD
(1)  264/  C1CB90 :                     
(1)  265/  C1CB90 : 2600                	move.l  d0,d3              ; 4
(1)  266/  C1CB92 : 4843                	swap    d3                 ; 4  CC DD AA BB
(1)  267/  C1CB94 : E198                	rol.l   #8,d0              ; 24 BB CC DD AA
(1)  268/  C1CB96 : 4A41                	tst.w   d1
(1)  269/  C1CB98 : 6704                	beq     .copy1
(1)  270/  C1CB9A : 5341                	subq.w  #1,d1
(1)  271/  C1CB9C : 6002                	bra     .skip1
(1)  272/  C1CB9E :                     .copy1:
 AS V1.42 Beta [Bld 311] - Source File main.asm(sectors.asm) - Page 122 - 9/11/2026 23:43:16


(1)  273/  C1CB9E : 32C0                	move.w  d0,(a1)+           ; 8  xx AA
(1)  274/  C1CBA0 :                     .skip1:
(1)  275/  C1CBA0 : 4A41                	tst.w   d1
(1)  276/  C1CBA2 : 6704                	beq     .copy2
(1)  277/  C1CBA4 : 5341                	subq.w  #1,d1
(1)  278/  C1CBA6 : 6002                	bra     .skip2
(1)  279/  C1CBA8 :                     .copy2:
(1)  280/  C1CBA8 : 32C3                	move.w  d3,(a1)+           ; 8  xx BB
(1)  281/  C1CBAA :                     .skip2:
(1)  282/  C1CBAA : 4840                	swap    d0                 ; 4  DD AA BB CC
(1)  283/  C1CBAC : 4A41                	tst.w   d1
(1)  284/  C1CBAE : 6704                	beq     .copy3
(1)  285/  C1CBB0 : 5341                	subq.w  #1,d1
(1)  286/  C1CBB2 : 6002                	bra     .skip3
(1)  287/  C1CBB4 :                     .copy3:
(1)  288/  C1CBB4 : 32C0                	move.w  d0,(a1)+           ; 8  xx CC
(1)  289/  C1CBB6 :                     .skip3:
(1)  290/  C1CBB6 : 4843                	swap    d3                 ; 4  AA BB CC DD
(1)  291/  C1CBB8 : 4A41                	tst.w   d1
(1)  292/  C1CBBA : 6704                	beq     .copy4
(1)  293/  C1CBBC : 5341                	subq.w  #1,d1
(1)  294/  C1CBBE : 6002                	bra     .skip4
(1)  295/  C1CBC0 :                     .copy4:
(1)  296/  C1CBC0 : 32C3                	move.w  d3,(a1)+           ; 8  xx DD
(1)  297/  C1CBC2 :                     .skip4:
(1)  299/  C1CBC2 :                     
(1)  300/  C1CBC2 :                     .wait:                         ; Wait for CPLDREG_STAT bit 2 (REFILL_PENDING) to be reset
(1)  301/  C1CBC2 : 3012                    move.w  (a2),d0
(1)  302/  C1CBC4 : C07C 0004               and.w   #$0004,d0
(1)  303/  C1CBC8 : 66F8                    bne     .wait
(1)  304/  C1CBCA : 608E                    bra     .readsector
(1)  305/  C1CBCC :                     .done:
(1)  306/  C1CBCC :                     
(1)  307/  C1CBCC : 13C0 0030 0001      	move.b  d0,REG_DIPSW
(1)  308/  C1CBD2 : 46FC 2000           	move.w  #$2000,sr		   ; Enable all interrupts
(1)  309/  C1CBD6 : 4E75                	rts
(1)  310/  C1CBD8 :                     	
(1)  311/  C1CBD8 :                     
(1)  312/  C1CBD8 :                     LoadPRGSectorFromSD:
(1)  313/  C1CBD8 : 13C0 0030 0001      	move.b  d0,REG_DIPSW
(1)  314/  C1CBDE :                     	; Needed for Double Dragon ! Loads "DDVCT.PRG" which is smaller than a CD sector
(1)  315/  C1CBDE : 4A79 0011 C180      	tst.w   CDSectorCount
(1)  316/  C1CBE4 : 674C                	beq     .exit
(1)  317/  C1CBE6 :                     
(1)  318/  C1CBE6 : 48E7 D1E0               movem.l d0/d1/d3/d7/a0-a2,-(sp)
(1)  319/  C1CBEA : 4EB9 00C1 C92A          jsr     ReqCDSector
(1)  320/  C1CBF0 : 13FC 0001 00FF 016F     move.b  #1,REG_UPLOAD_EN
(1)  321/  C1CBF8 :                     
(1)  322/  C1CBF8 : 226D 7EF4           	movea.l SectorLoadDest(a5),a1
(1)  323/  C1CBFC : 0CAD 0000 0800 7EFC     cmp.l   #2048,SectorLoadSize(a5)
(1)  324/  C1CC04 : 6708                    beq     .full
(1)  325/  C1CC06 : 4EB9 00C1 C98E          jsr     GetCDSectorRawHead
(1)  326/  C1CC0C : 6006                    bra     .done
(1)  327/  C1CC0E :                     .full:
(1)  328/  C1CC0E : 4EB9 00C1 C958          jsr     GetCDSectorRawFull
(1)  329/  C1CC14 :                     .done:
(1)  330/  C1CC14 : 13FC 0000 00FF 016F     move.b  #0,REG_UPLOAD_EN
(1)  331/  C1CC1C :                     
(1)  332/  C1CC1C :                         ; Update progress
(1)  333/  C1CC1C : 202D 7EF4               move.l  SectorLoadDest(a5),d0
 AS V1.42 Beta [Bld 311] - Source File main.asm(sectors.asm) - Page 123 - 9/11/2026 23:43:16


(1)  334/  C1CC20 : D0AD 7EFC               add.l   SectorLoadSize(a5),d0
(1)  335/  C1CC24 : 2B40 7EF4               move.l  d0,SectorLoadDest(a5)
(1)  336/  C1CC28 : 4EB9 00C1 C8BA          jsr     IncMSF
(1)  337/  C1CC2E : 4CDF 078B               movem.l (sp)+,d0/d1/d3/d7/a0-a2
(1)  338/  C1CC32 :                     
(1)  339/  C1CC32 :                     .exit:
(1)  340/  C1CC32 : 4E75                    rts
(1)  341/  C1CC34 :                     
(1)  342/  C1CC34 :                     
(1)  343/  C1CC34 :                     LoadSPRSectorFromSD:
(1)  344/  C1CC34 : 13C0 0030 0001      	move.b  d0,REG_DIPSW
(1)  345/  C1CC3A :                     	; Not needed ?
(1)  346/  C1CC3A : 4A79 0011 C180      	tst.w   CDSectorCount
(1)  347/  C1CC40 : 6700 00BA           	beq     .exit
(1)  348/  C1CC44 :                     
(1)  349/  C1CC44 : 48E7 D1E0               movem.l d0/d1/d3/d7/a0-a2,-(sp)
(1)  350/  C1CC48 : 4EB9 00C1 C92A          jsr     ReqCDSector
(1)  351/  C1CC4E : 13FC 0001 00FF 016F     move.b  #1,REG_UPLOAD_EN
(1)  352/  C1CC56 :                     
(1)  353/  C1CC56 : 2B6D 7EFC 7DE2          move.l  SectorLoadSize(a5),SectorLoadCounter(a5)
(1)  354/  C1CC5C : 202D 7DE2               move.l  SectorLoadCounter(a5),d0
(1)  355/  C1CC60 : 6700 0084               beq     .done
(1)  356/  C1CC64 :                         ; if SectorLoadSize + SectorLoadDest > $100000, we need to cross a bank boundary
(1)  357/  C1CC64 : D0AD 7EF4               add.l   SectorLoadDest(a5),d0
(1)  358/  C1CC68 : B0BC 0010 0000          cmp.l   #$100000,d0
(1)  359/  C1CC6E : 635C                    bls     .fullsector             ; If not: simply load a full sector
(1)  360/  C1CC70 : 203C 0010 0000          move.l  #$100000,d0             ; If so:
(1)  361/  C1CC76 : 90AD 7EF4               sub.l   SectorLoadDest(a5),d0   ; Compute size of first part of sector ($100000 - SectorLoadDest)
(1)  362/  C1CC7A : 2B40 7EFC               move.l  d0,SectorLoadSize(a5)
(1)  363/  C1CC7E : 222D 7DE2               move.l  SectorLoadCounter(a5),d1
(1)  364/  C1CC82 : 9280                    sub.l   d0,d1                   ; Compute what will be left to load (SectorLoadSize - SectorLoadCounter)
(1)  365/  C1CC84 : 2B41 7DE2               move.l  d1,SectorLoadCounter(a5)
(1)  366/  C1CC88 : 203C 00E0 0000          move.l  #$E00000,d0
(1)  367/  C1CC8E : D0AD 7EF4           	add.l   SectorLoadDest(a5),d0
(1)  368/  C1CC92 : 2240                	movea.l d0,a1
(1)  369/  C1CC94 : 4EB9 00C1 C98E          jsr     GetCDSectorRawHead      ; Load first part of sector (will end at exactly $100000)
(1)  370/  C1CC9A : 4EB9 00C1 C92A          jsr     ReqCDSector             ; Reload same sector for the second part
(1)  371/  C1CCA0 : 522D 7EDB               addq.b  #1,BankCounter(a5)      ; Go to next bank
(1)  372/  C1CCA4 : 13ED 7EDB 00FF 01A1     move.b  BankCounter(a5),REG_SPRBANK
(1)  373/  C1CCAC : 42AD 7EF4               clr.l   SectorLoadDest(a5)      ; New destination is the start of the new bank
(1)  374/  C1CCB0 : 2B6D 7DE2 7EFC          move.l  SectorLoadCounter(a5),SectorLoadSize(a5)
(1)  375/  C1CCB6 : 227C 00E0 0000          move.l  #$E00000,a1
(1)  376/  C1CCBC : 4EB9 00C1 CA02          jsr     GetCDSectorRawTail      ; Load second part of sector
(1)  377/  C1CCC2 : 202D 7EF4               move.l  SectorLoadDest(a5),d0
(1)  378/  C1CCC6 : D0AD 7EFC               add.l   SectorLoadSize(a5),d0
(1)  379/  C1CCCA : 601A                    bra     .done
(1)  380/  C1CCCC :                     
(1)  381/  C1CCCC :                     .fullsector:
(1)  382/  C1CCCC : 203C 00E0 0000          move.l  #$E00000,d0
(1)  383/  C1CCD2 : D0AD 7EF4           	add.l   SectorLoadDest(a5),d0
(1)  384/  C1CCD6 : 2240                	movea.l d0,a1
(1)  385/  C1CCD8 : 4EB9 00C1 C958          jsr     GetCDSectorRawFull
(1)  386/  C1CCDE :                     
(1)  387/  C1CCDE :                         ; Update progress
(1)  388/  C1CCDE : 202D 7EF4               move.l  SectorLoadDest(a5),d0
(1)  389/  C1CCE2 : D0AD 7EFC               add.l   SectorLoadSize(a5),d0
(1)  390/  C1CCE6 :                     .done:
(1)  391/  C1CCE6 : 2B40 7EF4               move.l  d0,SectorLoadDest(a5)
(1)  392/  C1CCEA : 4EB9 00C1 C8BA          jsr     IncMSF
(1)  393/  C1CCF0 :                     
 AS V1.42 Beta [Bld 311] - Source File main.asm(sectors.asm) - Page 124 - 9/11/2026 23:43:16


(1)  394/  C1CCF0 : 13FC 0000 00FF 016F     move.b  #0,REG_UPLOAD_EN
(1)  395/  C1CCF8 :                     
(1)  396/  C1CCF8 : 4CDF 078B               movem.l (sp)+,d0/d1/d3/d7/a0-a2
(1)  397/  C1CCFC :                     .exit:
(1)  398/  C1CCFC : 4E75                    rts
(1)  399/  C1CCFE :                     
(1)  400/  C1CCFE :                     
(1)  401/  C1CCFE :                     
(1)  402/  C1CCFE :                     LoadPCMSectorFromSD:
(1)  403/  C1CCFE : 13C0 0030 0001      	move.b  d0,REG_DIPSW
(1)  404/  C1CD04 :                     
(1)  405/  C1CD04 : 48E7 F1E0               movem.l d0/d1/d2/d3/d7/a0-a2,-(sp)
(1)  406/  C1CD08 : 4EB9 00C1 C92A          jsr     ReqCDSector
(1)  407/  C1CD0E : 13FC 0001 00FF 016F     move.b  #1,REG_UPLOAD_EN
(1)  408/  C1CD16 :                     
(1)  409/  C1CD16 : 2B6D 7EFC 7DE2          move.l  SectorLoadSize(a5),SectorLoadCounter(a5)
(1)  410/  C1CD1C : 202D 7DE2               move.l  SectorLoadCounter(a5),d0
(1)  411/  C1CD20 : 6700 00CA               beq     .done
(1)  412/  C1CD24 :                         ; if SectorLoadSize*2 + SectorLoadDest > $100000, we need to cross a bank boundary
(1)  413/  C1CD24 : D080                    add.l   d0,d0
(1)  414/  C1CD26 : D0AD 7EF4               add.l   SectorLoadDest(a5),d0
(1)  415/  C1CD2A : B0BC 0010 0000          cmp.l   #$100000,d0
(1)  416/  C1CD30 : 6356                    bls     .fullsector             ; If not: simply load a full sector
(1)  417/  C1CD32 : 203C 0010 0000          move.l  #$100000,d0             ; If so:
(1)  418/  C1CD38 : 90AD 7EF4               sub.l   SectorLoadDest(a5),d0   ; Compute size of first part of sector ($100000 - SectorLoadDest)
(1)  419/  C1CD3C : E288                    lsr.l   #1,d0
(1)  420/  C1CD3E : 2B40 7EFC               move.l  d0,SectorLoadSize(a5)
(1)  421/  C1CD42 : 222D 7DE2               move.l  SectorLoadCounter(a5),d1
(1)  422/  C1CD46 : 9280                    sub.l   d0,d1                   ; Compute what will be left to load (SectorLoadSize - SectorLoadCounter)
(1)  423/  C1CD48 : 2B41 7DE2               move.l  d1,SectorLoadCounter(a5)
(1)  424/  C1CD4C : 203C 00E0 0000          move.l  #$E00000,d0
(1)  425/  C1CD52 : D0AD 7EF4           	add.l   SectorLoadDest(a5),d0
(1)  426/  C1CD56 : 2240                	movea.l d0,a1
(1)  427/  C1CD58 : 4EB9 00C1 CAC0          jsr     GetCDSectorBytesHead    ; Load first part of sector (will end at exactly $100000)
(1)  428/  C1CD5E : 4EB9 00C1 C92A          jsr     ReqCDSector             ; Reload same sector for the second part
(1)  429/  C1CD64 : 522D 7EDB               addq.b  #1,BankCounter(a5)      ; Go to next bank
(1)  430/  C1CD68 : 13ED 7EDB 00FF 01A3     move.b  BankCounter(a5),REG_PCMBANK
(1)  431/  C1CD70 : 42AD 7EF4               clr.l   SectorLoadDest(a5)      ; New destination is the start of the new bank
(1)  432/  C1CD74 : 2B6D 7DE2 7EFC          move.l  SectorLoadCounter(a5),SectorLoadSize(a5)
(1)  433/  C1CD7A : 227C 00E0 0000          move.l  #$E00000,a1
(1)  434/  C1CD80 : 4EB9 00C1 CB38          jsr     GetCDSectorBytesTail    ; Load second part of sector
(1)  435/  C1CD86 : 6064                    bra     .done
(1)  436/  C1CD88 :                     
(1)  437/  C1CD88 :                     .fullsector:
(1)  438/  C1CD88 : 203C 00E0 0000          move.l  #$E00000,d0
(1)  439/  C1CD8E : D0AD 7EF4               add.l   SectorLoadDest(a5),d0
(1)  440/  C1CD92 : 2240                	movea.l d0,a1
(1)  441/  C1CD94 :                     
(1)  442/  C1CD94 : 41F9 00C1 E000      	lea     CPLDREG_DATA,a0
(1)  443/  C1CD9A : 45F9 00C1 E200      	lea     CPLDREG_STAT,a2
(1)  444/  C1CDA0 : 7204                	moveq.l #$0004,d1
(1)  445/  C1CDA2 :                     
(1)  446/  C1CDA2 : 3E3C 00FF           	move.w  #256-1,d7 		   ; Read whole CD sector 256*8=2048 bytes
(1)  447/  C1CDA6 : 13C0 0030 0001      	move.b  d0,REG_DIPSW
(1)  448/  C1CDAC : 46FC 2700           	move.w  #$2700,sr		   ; Disable all interrupts
(1)  449/  C1CDB0 :                     .readsector:
(1)  450/  C1CDB0 :                         REPT 2
(1)  451/  C1CDB0 :                     	move.l  (a0),d0            ; 12 AA BB CC DD
(1)  452/  C1CDB0 :                     	move.l  d0,d3              ; 4
(1)  453/  C1CDB0 :                     	swap    d3                 ; 4  CC DD AA BB
 AS V1.42 Beta [Bld 311] - Source File main.asm(sectors.asm) - Page 125 - 9/11/2026 23:43:16


(1)  454/  C1CDB0 :                     	rol.l   #8,d0              ; 24 BB CC DD AA
(1)  455/  C1CDB0 :                     	move.w  d0,(a1)+           ; 8  xx AA
(1)  456/  C1CDB0 :                     	move.w  d3,(a1)+           ; 8  xx BB
(1)  457/  C1CDB0 :                     	swap    d0                 ; 4  DD AA BB CC
(1)  458/  C1CDB0 :                     	move.w  d0,(a1)+           ; 8  xx CC
(1)  459/  C1CDB0 :                     	swap    d3                 ; 4  AA BB CC DD
(1)  460/  C1CDB0 :                     	move.w  d3,(a1)+           ; 8  xx DD
(1)  461/  C1CDB0 :                         ENDM
(1)  451/  C1CDB0 : 2010                	move.l  (a0),d0            ; 12 AA BB CC DD
(1)  452/  C1CDB2 : 2600                	move.l  d0,d3              ; 4
(1)  453/  C1CDB4 : 4843                	swap    d3                 ; 4  CC DD AA BB
(1)  454/  C1CDB6 : E198                	rol.l   #8,d0              ; 24 BB CC DD AA
(1)  455/  C1CDB8 : 32C0                	move.w  d0,(a1)+           ; 8  xx AA
(1)  456/  C1CDBA : 32C3                	move.w  d3,(a1)+           ; 8  xx BB
(1)  457/  C1CDBC : 4840                	swap    d0                 ; 4  DD AA BB CC
(1)  458/  C1CDBE : 32C0                	move.w  d0,(a1)+           ; 8  xx CC
(1)  459/  C1CDC0 : 4843                	swap    d3                 ; 4  AA BB CC DD
(1)  460/  C1CDC2 : 32C3                	move.w  d3,(a1)+           ; 8  xx DD
(1)  451/  C1CDC4 : 2010                	move.l  (a0),d0            ; 12 AA BB CC DD
(1)  452/  C1CDC6 : 2600                	move.l  d0,d3              ; 4
(1)  453/  C1CDC8 : 4843                	swap    d3                 ; 4  CC DD AA BB
(1)  454/  C1CDCA : E198                	rol.l   #8,d0              ; 24 BB CC DD AA
(1)  455/  C1CDCC : 32C0                	move.w  d0,(a1)+           ; 8  xx AA
(1)  456/  C1CDCE : 32C3                	move.w  d3,(a1)+           ; 8  xx BB
(1)  457/  C1CDD0 : 4840                	swap    d0                 ; 4  DD AA BB CC
(1)  458/  C1CDD2 : 32C0                	move.w  d0,(a1)+           ; 8  xx CC
(1)  459/  C1CDD4 : 4843                	swap    d3                 ; 4  AA BB CC DD
(1)  460/  C1CDD6 : 32C3                	move.w  d3,(a1)+           ; 8  xx DD
(1)  462/  C1CDD8 :                     
(1)  463/  C1CDD8 :                     .wait:                         ; Wait for CPLDREG_STAT bit 2 (REFILL_PENDING) to be reset
(1)  464/  C1CDD8 : 3012                    move.w  (a2),d0            ; 8
(1)  465/  C1CDDA : C041                    and.w   d1,d0              ; 4
(1)  466/  C1CDDC : 66FA                    bne     .wait              ; 10
(1)  467/  C1CDDE :                     
(1)  468/  C1CDDE : 51CF FFD0               dbra    d7,.readsector     ; 10, total 200 for 8 bytes, 468kB/s
(1)  469/  C1CDE2 : 13C0 0030 0001      	move.b  d0,REG_DIPSW
(1)  470/  C1CDE8 : 46FC 2000           	move.w  #$2000,sr		   ; Enable all interrupts
(1)  471/  C1CDEC :                     
(1)  472/  C1CDEC :                     .done:
(1)  473/  C1CDEC : 202D 7EF4               move.l  SectorLoadDest(a5),d0
(1)  474/  C1CDF0 : D0AD 7EFC               add.l   SectorLoadSize(a5),d0
(1)  475/  C1CDF4 : D0AD 7EFC               add.l   SectorLoadSize(a5),d0
(1)  476/  C1CDF8 : 0C80 0010 0000          cmpi.l  #$100000,d0
(1)  477/  C1CDFE : 650E                    bcs     .loc_C0BE7E
(1)  478/  C1CE00 : 522D 7EDB               addq.b  #1,BankCounter(a5)
(1)  479/  C1CE04 : 13ED 7EDB 00FF 01A3     move.b  BankCounter(a5),REG_PCMBANK
(1)  480/  C1CE0C : 4280                    clr.l   d0
(1)  481/  C1CE0E :                     .loc_C0BE7E:
(1)  482/  C1CE0E : 2B40 7EF4               move.l  d0,SectorLoadDest(a5)
(1)  483/  C1CE12 :                     
(1)  484/  C1CE12 : 4EB9 00C1 C8BA          jsr     IncMSF
(1)  485/  C1CE18 :                     
(1)  486/  C1CE18 : 13FC 0000 00FF 016F     move.b  #0,REG_UPLOAD_EN
(1)  487/  C1CE20 :                     
(1)  488/  C1CE20 : 4CDF 078F               movem.l (sp)+,d0/d1/d2/d3/d7/a0-a2
(1)  489/  C1CE24 : 4E75                    rts
(1)  490/  C1CE26 :                     
(1)  491/  C1CE26 :                     
(1)  492/  C1CE26 :                     ; MAKE SURE THIS PRESERVES USED REGISTERS !
(1)  493/  C1CE26 :                     LoadCDSectorFromSD:
 AS V1.42 Beta [Bld 311] - Source File main.asm(sectors.asm) - Page 126 - 9/11/2026 23:43:16


(1)  494/  C1CE26 : 13C0 0030 0001      	move.b  d0,REG_DIPSW
(1)  495/  C1CE2C :                     	; Not needed ?
(1)  496/  C1CE2C : 4A79 0011 C180      	tst.w   CDSectorCount
(1)  497/  C1CE32 : 6720                	beq     .exit
(1)  498/  C1CE34 : 48E7 D1E0               movem.l d0/d1/d3/d7/a0-a2,-(sp)
(1)  499/  C1CE38 : 4EB9 00C1 C92A          jsr     ReqCDSector
(1)  500/  C1CE3E : 227C 0011 1204      	move.l  #CDSectorBuffer,a1
(1)  501/  C1CE44 : 4EB9 00C1 C958          jsr     GetCDSectorRawFull
(1)  502/  C1CE4A : 4EB9 00C1 C8BA          jsr     IncMSF
(1)  503/  C1CE50 : 4CDF 078B               movem.l (sp)+,d0/d1/d3/d7/a0-a2
(1)  504/  C1CE54 :                     .exit:
(1)  505/  C1CE54 : 4E75                    rts
(1)  506/  C1CE56 :                     
(1)  507/  C1CE56 :                     
(1)  508/  C1CE56 :                     GetBMPSector:
(1)  509/  C1CE56 :                         ; Ask MCU for a BMP data sector
(1)  510/  C1CE56 : 48E7 51F0               movem.l d1/d3/d7/a0-a3,-(sp)
(1)  511/  C1CE5A :                         ; The following is like ReqCDSector with error handling
(1)  512/  C1CE5A : 23F9 0011 C182 0011     move.l  MSFCounter,MCUCmdParams
           C1CE62 : C194               
(1)  513/  C1CE64 : (MACRO)[141]            MCUCMD  MCU_CMD_LOADSECT
(1)  513/  C1CE64 : 163C 0008               move.b  #MCU_CMD_LOADSECT,d3
(1)  513/  C1CE68 : 4EB9 00C1 C756          jsr     MCUCommand
(1)  514/  C1CE6E : 6408                    bcc     .notimeout
(1)  515/  C1CE70 : 4EB9 00C1 9914          jsr     DispErrorTimeout
(1)  516/  C1CE76 : 6024                    bra     .err
(1)  517/  C1CE78 :                     .notimeout:
(1)  518/  C1CE78 : 4EB9 00C1 C85A          jsr     MCURead4Words
(1)  519/  C1CE7E : 4EB9 00C1 C89A          jsr     CheckACK
(1)  520/  C1CE84 : 6516                    bcs     .err
(1)  521/  C1CE86 :                     
(1)  522/  C1CE86 : 227C 0011 1204      	move.l  #CDSectorBuffer,a1
(1)  523/  C1CE8C : 4EB9 00C1 C958          jsr     GetCDSectorRawFull
(1)  524/  C1CE92 :                     
(1)  525/  C1CE92 : 4CDF 0F8A               movem.l (sp)+,d1/d3/d7/a0-a3
(1)  526/  C1CE96 : 023C 00FE               andi.b  #$FE,CCR           ; Ok
(1)  527/  C1CE9A : 4E75                    rts
(1)  528/  C1CE9C :                     .err:
(1)  529/  C1CE9C : 4CDF 0F8A               movem.l (sp)+,d1/d3/d7/a0-a3
(1)  530/  C1CEA0 : 003C 0001               ori.b   #1,CCR             ; Error occured
(1)  531/  C1CEA4 : 4E75                	rts
(1)  532/  C1CEA6 :                     
     207/  C1CEA6 :                     	INCLUDE "cdda.asm"
(1)    1/  C1CEA6 :                     ; Copyright (C) 2020 Sean Gonsalves
(1)    2/  C1CEA6 :                     ;
(1)    3/  C1CEA6 :                     ; This file is part of Neo CD SD Loader.
(1)    4/  C1CEA6 :                     ;
(1)    5/  C1CEA6 :                     ; This program is free software; you can redistribute it and/or modify
(1)    6/  C1CEA6 :                     ; it under the terms of the GNU General Public License as published by
(1)    7/  C1CEA6 :                     ; the Free Software Foundation; either version 2, or (at your option)
(1)    8/  C1CEA6 :                     ; any later version.
(1)    9/  C1CEA6 :                     ;
(1)   10/  C1CEA6 :                     ; This program is distributed in the hope that it will be useful,
(1)   11/  C1CEA6 :                     ; but WITHOUT ANY WARRANTY; without even the implied warranty of
(1)   12/  C1CEA6 :                     ; MERCHANTABILITY or FITNESS FOR A PARTICULAR PURPOSE.  See the
(1)   13/  C1CEA6 :                     ; GNU General Public License for more details.
(1)   14/  C1CEA6 :                     ;
(1)   15/  C1CEA6 :                     ; You should have received a copy of the GNU General Public License
(1)   16/  C1CEA6 :                     ; along with this program; see the file COPYING.  If not, write to
(1)   17/  C1CEA6 :                     ; the Free Software Foundation, Inc., 51 Franklin Street,
 AS V1.42 Beta [Bld 311] - Source File main.asm(cdda.asm) - Page 127 - 9/11/2026 23:43:16


(1)   18/  C1CEA6 :                     ; Boston, MA 02110-1301, USA.
(1)   19/  C1CEA6 :                     
(1)   20/  C1CEA6 :                     StopCDDA:
(1)   21/  C1CEA6 : 13FC 0000 00FF 0119     move.b  #0,REG_ENVIDEO      ; Copied from original routine
(1)   22/  C1CEAE : 303C 0600           	move.w  #$0600,d0           ; Stop CDDA
(1)   23/  C1CEB2 : 4EF9 00C1 CEB8      	jmp     CDDACommand
(1)   24/  C1CEB8 :                     
(1)   25/  C1CEB8 :                     
(1)   26/  C1CEB8 :                     ; d0.w: command, track
(1)   27/  C1CEB8 :                     CDDACommand:
(1)   28/  C1CEB8 : =>UNDEFINED             IFNDEF MAMEDEBUG
(1)   29/  C1CEB8 : 0800 0009               btst.l  #9,d0
(1)   30/  C1CEBC : 6606                    bne     .ok              ; Command is pause or resume: ok
(1)   31/  C1CEBE : 4A00                    tst.b   d0
(1)   32/  C1CEC0 : 6602                    bne     .ok              ; Command is play with track # > 0: ok
(1)   33/  C1CEC2 : 4E75                    rts                      ; Command is null or invalid
(1)   34/  C1CEC4 :                     .ok:
(1)   35/  C1CEC4 :                         ; If command bit 2 is set, the system ROM steals the VBL IRQ until the command is processed
(1)   36/  C1CEC4 :                         ;tst.b   $107             ; From original code. Bit 7 of byte at $107 prevents the use of blocking CDDA commands
(1)   37/  C1CEC4 :                         ;bmi     .direct
(1)   38/  C1CEC4 :                         ;st.b    CDDAPending
(1)   39/  C1CEC4 :                         ;move.w  #1,$FF0004
(1)   40/  C1CEC4 :                         ;move.l  #SYS_INT1,$68    ; Replace VBL handler by SYS_INT1 while the command is being procesed
(1)   41/  C1CEC4 :                         ;move.w  #$731,$FF0004
(1)   42/  C1CEC4 :                     ;.direct:
(1)   43/  C1CEC4 :                         ;clr.b   $10F6D9          ; CDDAReadyFlag
(1)   44/  C1CEC4 :                     
(1)   45/  C1CEC4 : 33C0 0011 C194          move.w  d0,MCUCmdParams
(1)   46/  C1CECA : (MACRO)[142]            MCUCMD  MCU_CMD_CDDA
(1)   46/  C1CECA : 163C 0009               move.b  #MCU_CMD_CDDA,d3
(1)   46/  C1CECE : 4EB9 00C1 C756          jsr     MCUCommand
(1)   47/  C1CED4 : 6406                    bcc     .notimeout
(1)   48/  C1CED6 : 4EF9 00C1 9914          jmp     DispErrorTimeout
(1)   49/  C1CEDC :                     .notimeout:
(1)   50/  C1CEDC :                         ; Read 4 words from the MCU (see doc)
(1)   51/  C1CEDC : 4EB9 00C1 C85A          jsr     MCURead4Words
(1)   52/  C1CEE2 : 4EB9 00C1 C89A          jsr     CheckACK
(1)   53/  C1CEE8 :                         ; Aaaand do absolutely nothing with them (ignore errors)
(1)   54/  C1CEE8 : [28]                    ENDIF
(1)   55/  C1CEE8 : 4E75                    rts
(1)   56/  C1CEEA :                     
(1)   57/  C1CEEA :                     
(1)   58/  C1CEEA :                     ProcessZ80CDDA:
(1)   59/  C1CEEA : 1028 0001               move.b  1(a0),d0
(1)   60/  C1CEEE : E148                    lsl.w   #8,d0
(1)   61/  C1CEF0 : 1028 0003               move.b  3(a0),d0
(1)   62/  C1CEF4 : 4228 0001               clr.b   1(a0)
(1)   63/  C1CEF8 : 4228 0003               clr.b   3(a0)
(1)   64/  C1CEFC : 3F00                    move.w  d0,-(sp)
(1)   65/  C1CEFE : 4EB9 00C1 CEB8          jsr     CDDACommand
(1)   66/  C1CF04 : 301F                    move.w  (sp)+,d0
(1)   67/  C1CF06 : 4EF9 00C0 CF1A          jmp     ReadCDDAFromZ80End
(1)   68/  C1CF0C :                     
(1)   69/  C1CF0C :                     
(1)   70/  C1CF0C :                     BIOSF_CDDACMD:
(1)   71/  C1CF0C : 48E7 FFC0               movem.l d0-d7/a0-a1,-(sp)
(1)   72/  C1CF10 : 4EB9 00C1 CEB8          jsr     CDDACommand
(1)   73/  C1CF16 : 4CDF 03FF               movem.l (sp)+,d0-d7/a0-a1
(1)   74/  C1CF1A : 4E75                    rts
(1)   75/  C1CF1C :                     
 AS V1.42 Beta [Bld 311] - Source File main.asm(cdda.asm) - Page 128 - 9/11/2026 23:43:16


     208/  C1CF1C :                     	INCLUDE "splash.asm"
(1)    1/  C1CF1C :                     ; Copyright (C) 2020 Sean Gonsalves
(1)    2/  C1CF1C :                     ;
(1)    3/  C1CF1C :                     ; This file is part of Neo CD SD Loader.
(1)    4/  C1CF1C :                     ;
(1)    5/  C1CF1C :                     ; This program is free software; you can redistribute it and/or modify
(1)    6/  C1CF1C :                     ; it under the terms of the GNU General Public License as published by
(1)    7/  C1CF1C :                     ; the Free Software Foundation; either version 2, or (at your option)
(1)    8/  C1CF1C :                     ; any later version.
(1)    9/  C1CF1C :                     ;
(1)   10/  C1CF1C :                     ; This program is distributed in the hope that it will be useful,
(1)   11/  C1CF1C :                     ; but WITHOUT ANY WARRANTY; without even the implied warranty of
(1)   12/  C1CF1C :                     ; MERCHANTABILITY or FITNESS FOR A PARTICULAR PURPOSE.  See the
(1)   13/  C1CF1C :                     ; GNU General Public License for more details.
(1)   14/  C1CF1C :                     ;
(1)   15/  C1CF1C :                     ; You should have received a copy of the GNU General Public License
(1)   16/  C1CF1C :                     ; along with this program; see the file COPYING.  If not, write to
(1)   17/  C1CF1C :                     ; the Free Software Foundation, Inc., 51 Franklin Street,
(1)   18/  C1CF1C :                     ; Boston, MA 02110-1301, USA.
(1)   19/  C1CF1C :                     
(1)   20/  C1CF1C :                     SplashInit:
(1)   21/  C1CF1C : 4DF9 0010 0000      	lea    $100000,a6           ; Copied from original routine
(1)   22/  C1CF22 : 4A39 0011 C191          tst.b  SettingBootAnim
(1)   23/  C1CF28 : 6712                    beq    .newanim
(1)   24/  C1CF2A : 23FC 0000 0258 0010 	move.l #600,$101B2E			; Copied from original routine
           C1CF32 : 1B2E               
(1)   25/  C1CF34 : 43F9 00C1 6DF8      	lea    SpriteInitData,a1    ; Copied from original routine
(1)   26/  C1CF3A : 4E75                	rts
(1)   27/  C1CF3C :                     .newanim:
(1)   28/  C1CF3C : 23FC 0000 0168 0010 	move.l #360,$101B2E			; Reduce splash duration (10s -> 6s)
           C1CF44 : 1B2E               
(1)   29/  C1CF46 : 43F9 00C1 CFE2      	lea    NewSpriteInitData,a1
(1)   30/  C1CF4C : 4E75                    rts
(1)   31/  C1CF4E :                         
(1)   32/  C1CF4E :                     SplashStartCurve:
(1)   33/  C1CF4E : 4A39 0011 C191          tst.b   SettingBootAnim
(1)   34/  C1CF54 : 670A                    beq     .newanim
(1)   35/  C1CF56 : 2D7C 008C 0000 0020     move.l  #$8C0000,$20(a6)    ; Copied from original routine
(1)   36/  C1CF5E : 4E75                    rts
(1)   37/  C1CF60 :                     .newanim:
(1)   38/  C1CF60 : 2D7C 0092 0000 0020 	move.l  #$920000,$20(a6)    ; Loop start X position
(1)   39/  C1CF68 : 4E75                    rts
(1)   40/  C1CF6A :                         
(1)   41/  C1CF6A :                     SplashLetterCurve:
(1)   42/  C1CF6A : 4A39 0011 C191          tst.b   SettingBootAnim
(1)   43/  C1CF70 : 6708                    beq     .newanim
(1)   44/  C1CF72 : 203C 0006 0000          move.l  #$60000,d0          ; Copied from original routine
(1)   45/  C1CF78 : 4E75                    rts
(1)   46/  C1CF7A :                     .newanim:
(1)   47/  C1CF7A : 203C 0005 0000      	move.l  #$50000,d0			; Loop curve width (oval)
(1)   48/  C1CF80 : 4E75                    rts
(1)   49/  C1CF82 :                         
(1)   50/  C1CF82 :                     SplashMapSprite:
(1)   51/  C1CF82 : 7000                    moveq.l #0,d0               ; Copied from original routine
(1)   52/  C1CF84 : 102E 0002               move.b  2(a6),d0            ; SpriteMapIndex
(1)   53/  C1CF88 : 6610                    bne     .nspr0
(1)   54/  C1CF8A : 4A39 0011 C191          tst.b   SettingBootAnim
(1)   55/  C1CF90 : 6608                    bne     .nspr0
(1)   56/  C1CF92 : 45F9 00C2 314A          lea     map_splash_sdcard,a2
(1)   57/  C1CF98 : 4E75                    rts
 AS V1.42 Beta [Bld 311] - Source File main.asm(splash.asm) - Page 129 - 9/11/2026 23:43:16


(1)   58/  C1CF9A :                     .nspr0:
(1)   59/  C1CF9A : D000                    add.b   d0,d0               ; Copied from original routine
(1)   60/  C1CF9C : D000                    add.b   d0,d0               ; Copied from original routine
(1)   61/  C1CF9E : 2471 0000               move.l  (a1,d0),a2          ; Copied from original routine
(1)   62/  C1CFA2 : 4E75                    rts
(1)   63/  C1CFA4 :                         
(1)   64/  C1CFA4 :                     InstallPalettes:
(1)   65/  C1CFA4 : 41F9 00C2 09AE          lea     CDPPalData,a0       ; Copied from original routine, CDPPalData
(1)   66/  C1CFAA :                     
(1)   67/  C1CFAA : 43F9 0040 0000          lea     PALETTES,a1         ; Copied from original routine
(1)   68/  C1CFB0 : 3E3C 007F               move.w  #128-1,d7           ; Copied from original routine, load 16 palettes
(1)   69/  C1CFB4 :                     .ldpal:
(1)   70/  C1CFB4 : 22D8                    move.l  (a0)+,(a1)+
(1)   71/  C1CFB6 : 51CF FFFC               dbf     d7,.ldpal
(1)   72/  C1CFBA : 4A39 0011 C191          tst.b   SettingBootAnim
(1)   73/  C1CFC0 : 6702                    beq     .newanim
(1)   74/  C1CFC2 : 4E75                    rts
(1)   75/  C1CFC4 :                     .newanim:
(1)   76/  C1CFC4 : 41F9 00C2 31CC          lea     pal_sd_card,a0      ; Replace CD palette (7)
(1)   77/  C1CFCA : 43F9 0040 00E0          lea     (PALETTES+(2*16*7)),a1
(1)   78/  C1CFD0 : 22D8                    move.l  (a0)+,(a1)+
(1)   79/  C1CFD2 : 22D8                    move.l  (a0)+,(a1)+
(1)   80/  C1CFD4 : 22D8                    move.l  (a0)+,(a1)+
(1)   81/  C1CFD6 : 22D8                    move.l  (a0)+,(a1)+
(1)   82/  C1CFD8 : 22D8                    move.l  (a0)+,(a1)+
(1)   83/  C1CFDA : 22D8                    move.l  (a0)+,(a1)+
(1)   84/  C1CFDC : 22D8                    move.l  (a0)+,(a1)+
(1)   85/  C1CFDE : 22D8                    move.l  (a0)+,(a1)+
(1)   86/  C1CFE0 : 4E75                    rts
(1)   87/  C1CFE2 :                     
(1)   88/  C1CFE2 :                     ; Original data:
(1)   89/  C1CFE2 :                     ;    dc.w $0000, $0700, $0000, $0000, $0058, $0038, $0008, $0018, $0008, $0018
(1)   90/  C1CFE2 :                     ;    dc.w $8001, $0000, $0000, $0000, $0050, $0038, $0008, $0018, $0008, $0018
(1)   91/  C1CFE2 :                     ;    dc.w $0002, $0120, $0000, $0001, $0150, $00B8, $0098, $00B8, $0033, $00B8
(1)   92/  C1CFE2 :                     ;    dc.w $0003, $0120, $0000, $0005, $0150, $00B8, $00A0, $00B8, $004F, $00B8
(1)   93/  C1CFE2 :                     ;    dc.w $0004, $0120, $0000, $0009, $0150, $00B8, $00A0, $00B8, $0067, $00B8
(1)   94/  C1CFE2 :                     ;    dc.w $0005, $0120, $0000, $000D, $0150, $00B8, $00A0, $00B8, $0081, $00B8
(1)   95/  C1CFE2 :                     ;    dc.w $0006, $0120, $0000, $000F, $0150, $00B8, $00A0, $00B8, $0089, $00B8
(1)   96/  C1CFE2 :                     ;    dc.w $0003, $0120, $0000, $0013, $0150, $00B8, $00A0, $00B8, $00A2, $00B8
(1)   97/  C1CFE2 :                     ;    dc.w $0004, $0120, $0000, $0017, $0150, $00B8, $00A0, $00B8, $00BA, $00B8
(1)   98/  C1CFE2 :                     ;    dc.w $0007, $0120, $0000, $001B, $0150, $00B8, $00A0, $00B8, $00D8, $00B8
(1)   99/  C1CFE2 :                     ;    dc.w $0008, $0120, $0000, $001F, $0150, $00B8, $00A0, $00B8, $00F0, $00B8
(1)  100/  C1CFE2 :                     ;    dc.w $FFFF
(1)  101/  C1CFE2 :                     
(1)  102/  C1CFE2 :                     NewSpriteInitData:
(1)  103/  C1CFE2 : 0000 0700 0000 0000     dc.w $0000, $0700, $0000, $0000, 96,    $0038, $0008, $0018, $0008, $0018
           C1CFEA : 0060 0038 0008 0018
           C1CFF2 : 0008 0018         
(1)  104/  C1CFF6 : 8001 0000 0000 0000     dc.w $8001, $0000, $0000, $0000, 88,    $0038, $0008, $0018, $0008, $0018
           C1CFFE : 0058 0038 0008 0018
           C1D006 : 0008 0018         
(1)  105/  C1D00A : 0002 0120 0000 0001     dc.w $0002, $0120, $0000, $0001, $0150, $00B8, $0098, $00B8, $48,   $00B8
           C1D012 : 0150 00B8 0098 00B8
           C1D01A : 0048 00B8         
(1)  106/  C1D01E : 0003 0120 0000 0005     dc.w $0003, $0120, $0000, $0005, $0150, $00B8, $00A0, $00B8, $48+28, $00B8
           C1D026 : 0150 00B8 00A0 00B8
           C1D02E : 0064 00B8         
(1)  107/  C1D032 : 0004 0120 0000 0009     dc.w $0004, $0120, $0000, $0009, $0150, $00B8, $00A0, $00B8, $48+54, $00B8
           C1D03A : 0150 00B8 00A0 00B8
           C1D042 : 007E 00B8         
 AS V1.42 Beta [Bld 311] - Source File main.asm(splash.asm) - Page 130 - 9/11/2026 23:43:16


(1)  108/  C1D046 : 0005 0120 0000 000D     dc.w $0005, $0120, $0000, $000D, $0150, $00B8, $00A0, $00B8, $48+83, $00B8
           C1D04E : 0150 00B8 00A0 00B8
           C1D056 : 009B 00B8         
(1)  109/  C1D05A : 0006 0120 0000 000F     dc.w $0006, $0120, $0000, $000F, $0150, $00B8, $00A0, $00B8, $48+94, $00B8
           C1D062 : 0150 00B8 00A0 00B8
           C1D06A : 00A6 00B8         
(1)  110/  C1D06E : 0003 0120 0000 0013     dc.w $0003, $0120, $0000, $0013, $0150, $00B8, $00A0, $00B8, $48+121, $00B8
           C1D076 : 0150 00B8 00A0 00B8
           C1D07E : 00C1 00B8         
(1)  111/  C1D082 : 0004 0120 0000 0017     dc.w $0004, $0120, $0000, $0017, $0150, $00B8, $00A0, $00B8, $48+147, $00B8
           C1D08A : 0150 00B8 00A0 00B8
           C1D092 : 00DB 00B8         
(1)  112/  C1D096 : FFFF 0120 0000 001B     dc.w $FFFF, $0120, $0000, $001B, $0150, $00B8, $00A0, $00B8, $00D8, $00B8
           C1D09E : 0150 00B8 00A0 00B8
           C1D0A6 : 00D8 00B8         
(1)  113/  C1D0AA : 0008 0120 0000 001F     dc.w $0008, $0120, $0000, $001F, $0150, $00B8, $00A0, $00B8, $00F4, $00B8
           C1D0B2 : 0150 00B8 00A0 00B8
           C1D0BA : 00F4 00B8         
(1)  114/  C1D0BE : FFFF                    dc.w $FFFF
(1)  115/  C1D0C0 :                     
     209/  C1D0C0 :                     	INCLUDE "sdips.asm"
(1)    1/  C1D0C0 :                     ; Copyright (C) 2020 Sean Gonsalves
(1)    2/  C1D0C0 :                     ;
(1)    3/  C1D0C0 :                     ; This file is part of Neo CD SD Loader.
(1)    4/  C1D0C0 :                     ;
(1)    5/  C1D0C0 :                     ; This program is free software; you can redistribute it and/or modify
(1)    6/  C1D0C0 :                     ; it under the terms of the GNU General Public License as published by
(1)    7/  C1D0C0 :                     ; the Free Software Foundation; either version 2, or (at your option)
(1)    8/  C1D0C0 :                     ; any later version.
(1)    9/  C1D0C0 :                     ;
(1)   10/  C1D0C0 :                     ; This program is distributed in the hope that it will be useful,
(1)   11/  C1D0C0 :                     ; but WITHOUT ANY WARRANTY; without even the implied warranty of
(1)   12/  C1D0C0 :                     ; MERCHANTABILITY or FITNESS FOR A PARTICULAR PURPOSE.  See the
(1)   13/  C1D0C0 :                     ; GNU General Public License for more details.
(1)   14/  C1D0C0 :                     ;
(1)   15/  C1D0C0 :                     ; You should have received a copy of the GNU General Public License
(1)   16/  C1D0C0 :                     ; along with this program; see the file COPYING.  If not, write to
(1)   17/  C1D0C0 :                     ; the Free Software Foundation, Inc., 51 Franklin Street,
(1)   18/  C1D0C0 :                     ; Boston, MA 02110-1301, USA.
(1)   19/  C1D0C0 :                     
(1)   20/  C1D0C0 :                     ; Soft DIPs format:
(1)   21/  C1D0C0 :                     ; There can be max 4 special settings + 10 normal settings = 14 lines
(1)   22/  C1D0C0 :                     ; These are shown in the MVS BIOS as 2 pages, first has max 8 lines, second has max 6
(1)   23/  C1D0C0 :                     ; Note: BIOS_GAME_DIP is already init by the original BIOS (see ReadCDDAFlagSDIPs).
(1)   24/  C1D0C0 :                     
(1)   25/  C1D0C0 :                     ; Ask to save contents of BIOS_GAME_DIP to the SD card
(1)   26/  C1D0C0 :                     StoreSDIPs:
(1)   27/  C1D0C0 :                         ; Tell MCU to create file
(1)   28/  C1D0C0 : 41F9 0011 C194          lea     MCUCmdParams,a0
(1)   29/  C1D0C6 : 10BC 0001               move.b  #1,(a0)                 ; Subcommand 1: Open file
(1)   30/  C1D0CA : 4228 0002               clr.b   2(a0)                   ; Force overwrite if file exists
(1)   31/  C1D0CE :                     
(1)   32/  C1D0CE : 41E8 0003               lea     3(a0),a0				; Move to filename string parameter
(1)   33/  C1D0D2 :                         ; Set filename to ASCII of game's NGH and append extension
(1)   34/  C1D0D2 : 3038 0108               move.w  HEADER_NGH,d0
(1)   35/  C1D0D6 : 7E03                    moveq.l #4-1,d7
(1)   36/  C1D0D8 :                     .convhex:
(1)   37/  C1D0D8 : E958                    rol.w   #4,d0
(1)   38/  C1D0DA : 1200                    move.b  d0,d1
(1)   39/  C1D0DC : 0201 000F               andi.b  #15,d1
 AS V1.42 Beta [Bld 311] - Source File main.asm(sdips.asm) - Page 131 - 9/11/2026 23:43:16


(1)   40/  C1D0E0 : 4EB9 00C1 E37E          jsr     Hexify
(1)   41/  C1D0E6 : 10C1                    move.b  d1,(a0)+
(1)   42/  C1D0E8 : 51CF FFEE               dbra    d7,.convhex
(1)   43/  C1D0EC : 10FC 002E               move.b  #'.',(a0)+
(1)   44/  C1D0F0 : 10FC 0044               move.b  #'D',(a0)+
(1)   45/  C1D0F4 : 10FC 0049               move.b  #'I',(a0)+
(1)   46/  C1D0F8 : 10FC 0050               move.b  #'P',(a0)+
(1)   47/  C1D0FC : 10BC 0000               move.b  #0,(a0)
(1)   48/  C1D100 :                     
(1)   49/  C1D100 : (MACRO)[143]            MCUCMD  MCU_CMD_STORESAVE
(1)   49/  C1D100 : 163C 000C               move.b  #MCU_CMD_STORESAVE,d3
(1)   49/  C1D104 : 4EB9 00C1 C756          jsr     MCUCommand
(1)   50/  C1D10A : 6500 0096               bcs     .fail
(1)   51/  C1D10E :                         ; Read 4 words from the MCU (see doc)
(1)   52/  C1D10E : 4EB9 00C1 C85A          jsr     MCURead4Words
(1)   53/  C1D114 :                         ; Check that command was processed ok
(1)   54/  C1D114 : 1039 0011 C100          move.b  MCUReplyBuffer,d0
(1)   55/  C1D11A : 0200 00F0               andi.b  #$F0,d0
(1)   56/  C1D11E : B03C 00F0               cmp.b   #$F0,d0
(1)   57/  C1D122 : 667E                    bne     .fail
(1)   58/  C1D124 :                     
(1)   59/  C1D124 :                         ; Ok, send data one word at a time
(1)   60/  C1D124 : 41F9 0011 C194          lea     MCUCmdParams,a0
(1)   61/  C1D12A : 10FC 0002               move.b  #2,(a0)+                ; Subcommand 2: Setup data transfer
(1)   62/  C1D12E : 10FC 0000               move.b  #(16/2)>>8,(a0)+  		; Entire BIOS_GAME_DIP data is 16 bytes
(1)   63/  C1D132 : 10BC 0008               move.b  #(16/2)&255,(a0)
(1)   64/  C1D136 : (MACRO)[144]            MCUCMD  MCU_CMD_STORESAVE
(1)   64/  C1D136 : 163C 000C               move.b  #MCU_CMD_STORESAVE,d3
(1)   64/  C1D13A : 4EB9 00C1 C756          jsr     MCUCommand
(1)   65/  C1D140 : 6560                    bcs     .fail
(1)   66/  C1D142 :                         ; Read 4 words from the MCU (see doc)
(1)   67/  C1D142 : 4EB9 00C1 C85A          jsr     MCURead4Words
(1)   68/  C1D148 :                         ; Check that command was processed ok
(1)   69/  C1D148 : 1039 0011 C100          move.b  MCUReplyBuffer,d0
(1)   70/  C1D14E : 0200 00F0               andi.b  #$F0,d0
(1)   71/  C1D152 : B03C 00F0               cmp.b   #$F0,d0
(1)   72/  C1D156 : 664A                    bne     .fail
(1)   73/  C1D158 :                     
(1)   74/  C1D158 : 41F9 0010 FD84          lea     BIOS_GAME_DIP,a0   ; Already word-aligned
(1)   75/  C1D15E : 283C 0000 0008          move.l  #16/2,d4           ; Data size in words
(1)   76/  C1D164 :                     .loop:
(1)   77/  C1D164 : 33D8 00C1 E000          move.w  (a0)+,CPLDREG_DATA ; Write to MCU
(1)   78/  C1D16A : 4EB9 00C1 C7BE          jsr     MCUWaitAck
(1)   79/  C1D170 : 6530                    bcs     .fail
(1)   80/  C1D172 : 5304                    subq.b  #1,d4
(1)   81/  C1D174 : 66EE                    bne     .loop
(1)   82/  C1D176 :                     
(1)   83/  C1D176 : 13FC 0000 0011 C194     move.b  #0,MCUCmdParams    ; Subcommand 0: Close file
(1)   84/  C1D17E : (MACRO)[145]            MCUCMD  MCU_CMD_STORESAVE
(1)   84/  C1D17E : 163C 000C               move.b  #MCU_CMD_STORESAVE,d3
(1)   84/  C1D182 : 4EB9 00C1 C756          jsr     MCUCommand
(1)   85/  C1D188 : 6518                    bcs     .fail
(1)   86/  C1D18A :                         ; Read 4 words from the MCU (see doc)
(1)   87/  C1D18A : 4EB9 00C1 C85A          jsr     MCURead4Words
(1)   88/  C1D190 :                         ; Check that command was processed ok
(1)   89/  C1D190 : 1039 0011 C100          move.b  MCUReplyBuffer,d0
(1)   90/  C1D196 : 0200 00F0               andi.b  #$F0,d0
(1)   91/  C1D19A : B03C 00F0               cmp.b   #$F0,d0
(1)   92/  C1D19E : 6602                    bne     .fail
(1)   93/  C1D1A0 :                     
 AS V1.42 Beta [Bld 311] - Source File main.asm(sdips.asm) - Page 132 - 9/11/2026 23:43:16


(1)   94/  C1D1A0 : 4E75                	rts
(1)   95/  C1D1A2 :                     
(1)   96/  C1D1A2 :                     .fail:
(1)   97/  C1D1A2 :                         ; Silently ignore errors in IGM, too much of a mess to handle and there shouldn't be any !
(1)   98/  C1D1A2 :                     
(1)   99/  C1D1A2 : 4E75                	rts
(1)  100/  C1D1A4 :                     	
(1)  101/  C1D1A4 :                     
(1)  102/  C1D1A4 :                     ; Must be called just after IPL before passing control to game so we get HEADER_NGH set correctly
(1)  103/  C1D1A4 :                     LoadSDIPs:
(1)  104/  C1D1A4 :                         ; Ask MCU for SDIP files list
(1)  105/  C1D1A4 : 41F9 0011 C194          lea     MCUCmdParams,a0
(1)  106/  C1D1AA : 10FC 0001               move.b  #1,(a0)+           ; Subcommand 1: List SDIP files with matching NGH
(1)  107/  C1D1AE : 3038 0108               move.w  HEADER_NGH,d0
(1)  108/  C1D1B2 : 1140 0001               move.b  d0,1(a0)
(1)  109/  C1D1B6 : E048                    lsr.w   #8,d0
(1)  110/  C1D1B8 : 1080                    move.b  d0,(a0)
(1)  111/  C1D1BA :                     
(1)  112/  C1D1BA : (MACRO)[146]            MCUCMD  MCU_CMD_GETSAVES
(1)  112/  C1D1BA : 163C 000B               move.b  #MCU_CMD_GETSAVES,d3
(1)  112/  C1D1BE : 4EB9 00C1 C756          jsr     MCUCommand
(1)  113/  C1D1C4 : 6570                    bcs     .fail
(1)  114/  C1D1C6 :                         ; Read 4 words from the MCU (see doc)
(1)  115/  C1D1C6 : 4EB9 00C1 C85A          jsr     MCURead4Words
(1)  116/  C1D1CC :                         ; Check that command was processed ok
(1)  117/  C1D1CC : 1039 0011 C100          move.b  MCUReplyBuffer,d0
(1)  118/  C1D1D2 : 0200 00F0               andi.b  #$F0,d0
(1)  119/  C1D1D6 : B03C 00F0               cmp.b   #$F0,d0
(1)  120/  C1D1DA : 665A                    bne     .fail
(1)  121/  C1D1DC :                         ; Ok, get file count
(1)  122/  C1D1DC : 4A39 0011 C101          tst.b   MCUReplyBuffer+1
(1)  123/  C1D1E2 : 6752                    beq     .fail		       ; No SDIP file found
(1)  124/  C1D1E4 :                     
(1)  125/  C1D1E4 :                     	; Read file if found
(1)  126/  C1D1E4 : 4239 0011 C194          clr.b   MCUCmdParams	   ; There should be only one (or no) file in list
(1)  127/  C1D1EA :                     
(1)  128/  C1D1EA :                         ; Ask MCU for data
(1)  129/  C1D1EA : 13FC 0000 0011 C195     move.b  #0,MCUCmdParams+1  ; MSB of block number
(1)  130/  C1D1F2 : 13FC 0000 0011 C196     move.b  #0,MCUCmdParams+2  ; LSB of block number
(1)  131/  C1D1FA : (MACRO)[147]            MCUCMD  MCU_CMD_LOADSAVE   ; d4 should come out the same
(1)  131/  C1D1FA : 163C 000D               move.b  #MCU_CMD_LOADSAVE,d3
(1)  131/  C1D1FE : 4EB9 00C1 C756          jsr     MCUCommand
(1)  132/  C1D204 : 6530                    bcs     .fail
(1)  133/  C1D206 :                         ; Read 4 words from the MCU (see doc)
(1)  134/  C1D206 : 4EB9 00C1 C85A          jsr     MCURead4Words
(1)  135/  C1D20C :                         ; Check that command was processed ok
(1)  136/  C1D20C : 1039 0011 C100          move.b  MCUReplyBuffer,d0
(1)  137/  C1D212 : 0200 00F0               andi.b  #$F0,d0
(1)  138/  C1D216 : B03C 00F0               cmp.b   #$F0,d0
(1)  139/  C1D21A : 661A                    bne     .fail
(1)  140/  C1D21C :                     
(1)  141/  C1D21C :                         ; Ok, retrieve data
(1)  142/  C1D21C : 41F9 00C1 E000      	lea     CPLDREG_DATA,a0
(1)  143/  C1D222 : 43F9 0010 FD84          lea     BIOS_GAME_DIP,a1   ; Already word-aligned
(1)  144/  C1D228 : 283C 0000 0008          move.l  #16/2,d4           ; Data size in words
(1)  145/  C1D22E :                     .readdata:
(1)  146/  C1D22E : 32D0                	move.w  (a0),(a1)+
(1)  147/  C1D230 : 5304                	subq.b  #1,d4
(1)  148/  C1D232 : 66FA                	bne     .readdata
(1)  149/  C1D234 :                     
 AS V1.42 Beta [Bld 311] - Source File main.asm(sdips.asm) - Page 133 - 9/11/2026 23:43:16


(1)  150/  C1D234 : 4E75                	rts
(1)  151/  C1D236 :                     
(1)  152/  C1D236 :                     .fail:
(1)  153/  C1D236 :                         ; Silently ignore errors in IGM, too much of a mess to handle and there shouldn't be any !
(1)  154/  C1D236 :                     
(1)  155/  C1D236 : 4E75                	rts
(1)  156/  C1D238 :                     
(1)  157/  C1D238 :                     
(1)  158/  C1D238 :                     ; Builds a list of the settings to facilitate display as a menu
(1)  159/  C1D238 :                     ; Each entry is 4 bytes:
(1)  160/  C1D238 :                     ; Byte, xxTTCCCC T=Type(0:normal, 1:count, 2:timer) C=Count(max-1)
(1)  161/  C1D238 :                     ; Byte, 12-char string index
(1)  162/  C1D238 :                     ; Byte, padding
(1)  163/  C1D238 :                     ; Byte, setting index (not address !) in BIOS_GAME_DIP (0~13), used to map menu cursor position to setting address
(1)  164/  C1D238 :                     InitSDIPList:
(1)  165/  C1D238 : 43F9 0011 C1C8          lea     SDIPItems,a1
(1)  166/  C1D23E : 7400                    moveq.l #0,d2          ; Current string index
(1)  167/  C1D240 : 2602                    move.l  d2,d3          ; Entry index
(1)  168/  C1D242 : 2802                    move.l  d2,d4          ; Enabled entry counter
(1)  169/  C1D244 :                     
(1)  170/  C1D244 :                         ; Hide Japanese-only soft DIPs options for a few games
(1)  171/  C1D244 :                         ; No space to load the Japanese charset for now
(1)  172/  C1D244 : 41F9 00C1 D3CC          lea     HideSoftDIPNGHs,a0
(1)  173/  C1D24A : 3038 0108               move.w  HEADER_NGH,d0
(1)  174/  C1D24E :                     .search:
(1)  175/  C1D24E : 3218                    move.w  (a0)+,d1
(1)  176/  C1D250 : 6706                    beq     .showsdips     ; Reached terminator
(1)  177/  C1D252 : B041                    cmp.w   d1,d0
(1)  178/  C1D254 : 6740                    beq     .nosdips       ; Found NGH
(1)  179/  C1D256 : 60F6                    bra     .search
(1)  180/  C1D258 :                     .showsdips:
(1)  181/  C1D258 :                     
(1)  182/  C1D258 : 2079 0011 C1C2          move.l  SDIPAddr,a0
(1)  183/  C1D25E : 41E8 0010               lea     16(a0),a0      ; Skip game name string
(1)  184/  C1D262 :                     
(1)  185/  C1D262 : 4EB9 00C1 D2A0          jsr     SDIPParseTime  ; Special setting 1
(1)  186/  C1D268 : 4EB9 00C1 D2A0          jsr     SDIPParseTime  ; Special setting 2
(1)  187/  C1D26E : 4EB9 00C1 D2B8          jsr     SDIPParseCount ; Special setting 3
(1)  188/  C1D274 : 4EB9 00C1 D2B8          jsr     SDIPParseCount ; Special setting 4
(1)  189/  C1D27A :                     
(1)  190/  C1D27A :                         ; Simple settings
(1)  191/  C1D27A : 7E0A                    moveq.l #10,d7
(1)  192/  C1D27C :                     .ssloop:
(1)  193/  C1D27C : 1018                    move.b  (a0)+,d0
(1)  194/  C1D27E : 6710                    beq     .ssunused
(1)  195/  C1D280 : 0200 000F               andi.b  #15,d0
(1)  196/  C1D284 : 12C0                    move.b  d0,(a1)+       ; Store type 0, count
(1)  197/  C1D286 : 12C2                    move.b  d2,(a1)+       ; Store string index
(1)  198/  C1D288 : 32C3                    move.w  d3,(a1)+       ; Store BIOS_GAME_DIP index
(1)  199/  C1D28A : D400                    add.b   d0,d2          ; Consumed count+1 strings
(1)  200/  C1D28C : 5202                    addq.b  #1,d2
(1)  201/  C1D28E : 5204                    addq.b  #1,d4          ; One more entry used
(1)  202/  C1D290 :                     .ssunused:
(1)  203/  C1D290 : 5203                    addq.b  #1,d3
(1)  204/  C1D292 : 5307                    subq.b  #1,d7
(1)  205/  C1D294 : 66E6                    bne     .ssloop
(1)  206/  C1D296 :                     
(1)  207/  C1D296 :                     .nosdips:
(1)  208/  C1D296 : 50D9                    st.b    (a1)+          ; List terminator
(1)  209/  C1D298 : 13C4 0011 C1C6          move.b  d4,SDIPCount
 AS V1.42 Beta [Bld 311] - Source File main.asm(sdips.asm) - Page 134 - 9/11/2026 23:43:16


(1)  210/  C1D29E : 4E75                    rts
(1)  211/  C1D2A0 :                     
(1)  212/  C1D2A0 :                     SDIPParseTime:
(1)  213/  C1D2A0 : 0C58 FFFF               cmp.w   #$FFFF,(a0)+
(1)  214/  C1D2A4 : 670E                    beq     SDIPUnused
(1)  215/  C1D2A6 : 123C 0020               move.b  #2<<4,d1       ; Time special setting type
(1)  216/  C1D2AA :                     SDIPAddEntry:
(1)  217/  C1D2AA : 12C1                    move.b  d1,(a1)+       ; Store type, count is implicit so unused
(1)  218/  C1D2AC : 12C2                    move.b  d2,(a1)+       ; Store string index
(1)  219/  C1D2AE : 32C3                    move.w  d3,(a1)+       ; Store BIOS_GAME_DIP index
(1)  220/  C1D2B0 : 5202                    addq.b  #1,d2          ; Consumed 1 string
(1)  221/  C1D2B2 : 5204                    addq.b  #1,d4          ; One more entry used
(1)  222/  C1D2B4 :                     SDIPUnused:
(1)  223/  C1D2B4 : 5203                    addq.b  #1,d3
(1)  224/  C1D2B6 : 4E75                    rts
(1)  225/  C1D2B8 :                     
(1)  226/  C1D2B8 :                     SDIPParseCount:
(1)  227/  C1D2B8 : 0C18 00FF               cmp.b   #$FF,(a0)+
(1)  228/  C1D2BC : 67F6                    beq     SDIPUnused
(1)  229/  C1D2BE : 123C 0010               move.b  #1<<4,d1       ; Count special setting type
(1)  230/  C1D2C2 : 60E6                    bra     SDIPAddEntry
(1)  231/  C1D2C4 :                     
(1)  232/  C1D2C4 :                     
(1)  233/  C1D2C4 :                     JT_SDIPInc:
(1)  234/  C1D2C4 : 00C1 D2D0               dc.l    SDIPIncNormal
(1)  235/  C1D2C8 : 00C1 D2F4               dc.l    SDIPIncCount
(1)  236/  C1D2CC : 00C1 D2FE               dc.l    SDIPIncTime
(1)  237/  C1D2D0 :                     
(1)  238/  C1D2D0 :                     SDIPIncNormal:
(1)  239/  C1D2D0 :                         ; Increment value if lower than count
(1)  240/  C1D2D0 : 1239 0011 C1BD          move.b  IGMCursor,d1
(1)  241/  C1D2D6 : D201                    add.b   d1,d1
(1)  242/  C1D2D8 : D201                    add.b   d1,d1
(1)  243/  C1D2DA : 41F9 0011 C1C8          lea     SDIPItems,a0
(1)  244/  C1D2E0 : 1230 1000               move.b  0(a0,d1),d1    ; Get count
(1)  245/  C1D2E4 : 0201 000F               andi.b  #15,d1
(1)  246/  C1D2E8 : 6708                    beq     .done          ; No options, just text line
(1)  247/  C1D2EA : 5301                    subq.b  #1,d1          ; Max = count - 1
(1)  248/  C1D2EC : B001                    cmp.b   d1,d0
(1)  249/  C1D2EE : 6402                    bhs     .done
(1)  250/  C1D2F0 : 5200                    addq.b  #1,d0
(1)  251/  C1D2F2 :                     .done:
(1)  252/  C1D2F2 : 4E75                    rts
(1)  253/  C1D2F4 :                     
(1)  254/  C1D2F4 :                     SDIPIncCount:
(1)  255/  C1D2F4 :                         ; Increment value if lower than 100
(1)  256/  C1D2F4 : B03C 0064               cmp.b   #100,d0
(1)  257/  C1D2F8 : 6402                    bhs     .done
(1)  258/  C1D2FA : 5200                    addq.b  #1,d0
(1)  259/  C1D2FC :                     .done:
(1)  260/  C1D2FC : 4E75                    rts
(1)  261/  C1D2FE :                     
(1)  262/  C1D2FE :                     SDIPIncTime:
(1)  263/  C1D2FE : 7201                    moveq.l #1,d1
(1)  264/  C1D300 :                         ; Increment seconds value
(1)  265/  C1D300 : B03C 0059               cmp.b   #$59,d0
(1)  266/  C1D304 : 6408                    bhs     .smax
(1)  267/  C1D306 : 44FC 0000               move.w  #0,ccr
(1)  268/  C1D30A : C101                    abcd.b  d1,d0
(1)  269/  C1D30C : 4E75                    rts
 AS V1.42 Beta [Bld 311] - Source File main.asm(sdips.asm) - Page 135 - 9/11/2026 23:43:16


(1)  270/  C1D30E :                     .smax:
(1)  271/  C1D30E :                         ; Increment minutes value
(1)  272/  C1D30E : E058                    ror.w   #8,d0
(1)  273/  C1D310 : B03C 0029               cmp.b   #$29,d0
(1)  274/  C1D314 : 640A                    bhs     .mmax
(1)  275/  C1D316 : 0240 00FF               andi.w  #$00FF,d0	; Reset seconds
(1)  276/  C1D31A : 44FC 0000               move.w  #0,ccr
(1)  277/  C1D31E : C101                    abcd.b  d1,d0
(1)  278/  C1D320 :                     .mmax:
(1)  279/  C1D320 : E158                    rol.w   #8,d0
(1)  280/  C1D322 : 4E75                    rts
(1)  281/  C1D324 :                     
(1)  282/  C1D324 :                     
(1)  283/  C1D324 :                     JT_SDIPDec:
(1)  284/  C1D324 : 00C1 D330               dc.l    SDIPDecByte
(1)  285/  C1D328 : 00C1 D330               dc.l    SDIPDecByte
(1)  286/  C1D32C : 00C1 D338               dc.l    SDIPDecTime
(1)  287/  C1D330 :                     
(1)  288/  C1D330 :                     SDIPDecByte:
(1)  289/  C1D330 :                         ; Decrement byte value if non-zero
(1)  290/  C1D330 : 4A00                    tst.b   d0
(1)  291/  C1D332 : 6702                    beq     .done
(1)  292/  C1D334 : 5300                    subq.b  #1,d0
(1)  293/  C1D336 :                     .done:
(1)  294/  C1D336 : 4E75                    rts
(1)  295/  C1D338 :                     
(1)  296/  C1D338 :                     SDIPDecTime:
(1)  297/  C1D338 : 7201                    moveq.l #1,d1
(1)  298/  C1D33A :                         ; Decrement seconds value
(1)  299/  C1D33A : 4A00                    tst.b   d0
(1)  300/  C1D33C : 6704                    beq     .szero
(1)  301/  C1D33E : 8101                    sbcd.b  d1,d0
(1)  302/  C1D340 : 4E75                    rts
(1)  303/  C1D342 :                     .szero:
(1)  304/  C1D342 :                         ; Decrement minutes value
(1)  305/  C1D342 : E058                    ror.w   #8,d0
(1)  306/  C1D344 : 4A00                    tst.b   d0
(1)  307/  C1D346 : 6706                    beq     .mzero
(1)  308/  C1D348 : 0040 5900               ori.w   #$5900,d0	; Set seconds to 59
(1)  309/  C1D34C : 8101                    sbcd.b  d1,d0
(1)  310/  C1D34E :                     .mzero:
(1)  311/  C1D34E : E158                    rol.w   #8,d0
(1)  312/  C1D350 : 4E75                    rts
(1)  313/  C1D352 :                     
(1)  314/  C1D352 :                     ; Also multiply result by 4 to index jumptable
(1)  315/  C1D352 :                     GetSDIPEntryType:
(1)  316/  C1D352 : 41F9 0011 C1C8          lea     SDIPItems,a0
(1)  317/  C1D358 : 7000                    moveq.l #0,d0
(1)  318/  C1D35A : 1039 0011 C1BD          move.b  IGMCursor,d0
(1)  319/  C1D360 : D000                    add.b   d0,d0
(1)  320/  C1D362 : D000                    add.b   d0,d0
(1)  321/  C1D364 : 41F0 0000               lea     0(a0,d0),a0
(1)  322/  C1D368 : 1010                    move.b  (a0),d0
(1)  323/  C1D36A : E808                    lsr.b   #4,d0
(1)  324/  C1D36C : D000                    add.b   d0,d0
(1)  325/  C1D36E : D000                    add.b   d0,d0
(1)  326/  C1D370 : 4E75                    rts
(1)  327/  C1D372 :                         
(1)  328/  C1D372 :                     ; d0.b/w: Return SDIP's value currently pointed by IGMCursor
(1)  329/  C1D372 :                     ; Uses d1 and a2
 AS V1.42 Beta [Bld 311] - Source File main.asm(sdips.asm) - Page 136 - 9/11/2026 23:43:16


(1)  330/  C1D372 :                     GetSDIPValueCursor:
(1)  331/  C1D372 : 4EB9 00C1 D3B4          jsr     GetSDIPIndexCursor
(1)  332/  C1D378 : 1001                    move.b  d1,d0
(1)  333/  C1D37A :                     ; d0.b/w: Return SDIP's value indexed in BIOS_GAME_DIP by d0.b
(1)  334/  C1D37A :                     GetSDIPValueIndex:
(1)  335/  C1D37A : 45F9 0010 FD84          lea     BIOS_GAME_DIP,a2
(1)  336/  C1D380 : B03C 0002               cmp.b   #2,d0
(1)  337/  C1D384 : 6506                    blo     .time
(1)  338/  C1D386 : 1032 0002               move.b  2(a2,d0),d0    ; Skip over the two time (word) values: d1=2 -> +4, d1=3 -> +5...
(1)  339/  C1D38A : 4E75                    rts
(1)  340/  C1D38C :                     .time:
(1)  341/  C1D38C : D000                    add.b   d0,d0
(1)  342/  C1D38E : 3032 0000               move.w  0(a2,d0),d0    ; Read a time (word) value at d1=0 -> +0 or d1=1 -> +2
(1)  343/  C1D392 : 4E75                    rts
(1)  344/  C1D394 :                     
(1)  345/  C1D394 :                     ; d0.b/w: Set SDIP's value currently pointed by IGMCursor
(1)  346/  C1D394 :                     ; Uses d1 and a2
(1)  347/  C1D394 :                     SetSDIPValue:
(1)  348/  C1D394 : 4EB9 00C1 D3B4          jsr     GetSDIPIndexCursor
(1)  349/  C1D39A : 45F9 0010 FD84          lea     BIOS_GAME_DIP,a2
(1)  350/  C1D3A0 : B23C 0002               cmp.b   #2,d1
(1)  351/  C1D3A4 : 6506                    blo     .time
(1)  352/  C1D3A6 : 1580 1002               move.b  d0,2(a2,d1)    ; Skip over the two time (word) values: d1=2 -> +4, d1=3 -> +5...
(1)  353/  C1D3AA : 4E75                    rts
(1)  354/  C1D3AC :                     .time:
(1)  355/  C1D3AC : D201                    add.b   d1,d1
(1)  356/  C1D3AE : 3580 1000               move.w  d0,0(a2,d1)    ; Write a time (word) value at d1=0 -> +0 or d1=1 -> +2
(1)  357/  C1D3B2 : 4E75                    rts
(1)  358/  C1D3B4 :                     
(1)  359/  C1D3B4 :                     ; d1.b: Return the index in BIOS_GAME_DIP of the SDIP currently pointed by IGMCursor
(1)  360/  C1D3B4 :                     ; Uses a2
(1)  361/  C1D3B4 :                     GetSDIPIndexCursor:
(1)  362/  C1D3B4 : 7200                    moveq.l #0,d1
(1)  363/  C1D3B6 : 1239 0011 C1BD          move.b  IGMCursor,d1
(1)  364/  C1D3BC : D201                    add.b   d1,d1
(1)  365/  C1D3BE : D201                    add.b   d1,d1
(1)  366/  C1D3C0 : 45F9 0011 C1C8          lea     SDIPItems,a2
(1)  367/  C1D3C6 : 1232 1003               move.b  3(a2,d1),d1
(1)  368/  C1D3CA : 4E75                    rts
(1)  369/  C1D3CC :                     
(1)  370/  C1D3CC :                     ; List of games to ignore because they have Japanese-only soft DIPs strings
(1)  371/  C1D3CC :                     HideSoftDIPNGHs:
(1)  372/  C1D3CC : 0027                    dc.w $0027  ; minasan
(1)  373/  C1D3CE : 0036                    dc.w $0036  ; bakatono
(1)  374/  C1D3D0 : 0048                    dc.w $0048  ; janshin
(1)  375/  C1D3D2 : 0206                    dc.w $0206  ; marukodq
(1)  376/  C1D3D4 : 0203                    dc.w $0203  ; moshougi
(1)  377/  C1D3D6 : 03E7                    dc.w $03E7  ; vliner
(1)  378/  C1D3D8 : 0000                    dc.w $0000  ; EOL
(1)  379/  C1D3DA :                     
     210/  C1D3DA :                     	INCLUDE "cheats.asm"
(1)    1/  C1D3DA :                     ; Copyright (C) 2020 Sean Gonsalves
(1)    2/  C1D3DA :                     ;
(1)    3/  C1D3DA :                     ; This file is part of Neo CD SD Loader.
(1)    4/  C1D3DA :                     ;
(1)    5/  C1D3DA :                     ; This program is free software; you can redistribute it and/or modify
(1)    6/  C1D3DA :                     ; it under the terms of the GNU General Public License as published by
(1)    7/  C1D3DA :                     ; the Free Software Foundation; either version 2, or (at your option)
(1)    8/  C1D3DA :                     ; any later version.
(1)    9/  C1D3DA :                     ;
 AS V1.42 Beta [Bld 311] - Source File main.asm(cheats.asm) - Page 137 - 9/11/2026 23:43:16


(1)   10/  C1D3DA :                     ; This program is distributed in the hope that it will be useful,
(1)   11/  C1D3DA :                     ; but WITHOUT ANY WARRANTY; without even the implied warranty of
(1)   12/  C1D3DA :                     ; MERCHANTABILITY or FITNESS FOR A PARTICULAR PURPOSE.  See the
(1)   13/  C1D3DA :                     ; GNU General Public License for more details.
(1)   14/  C1D3DA :                     ;
(1)   15/  C1D3DA :                     ; You should have received a copy of the GNU General Public License
(1)   16/  C1D3DA :                     ; along with this program; see the file COPYING.  If not, write to
(1)   17/  C1D3DA :                     ; the Free Software Foundation, Inc., 51 Franklin Street,
(1)   18/  C1D3DA :                     ; Boston, MA 02110-1301, USA.
(1)   19/  C1D3DA :                     
(1)   20/  C1D3DA :                     SystemIOCustom:
(1)   21/  C1D3DA :                         ; Check for start+select
(1)   22/  C1D3DA :                         ; If so: set a flag to bring up the In-Game Menu
(1)   23/  C1D3DA :                         ; Do NOT set up the IGM in SYSTEM_IO, because the game will then be able to mess with the fix during the current frame
(1)   24/  C1D3DA :                         ; In SYSTEM_INT1, check if the IGM flag is set. If so, set up the IGM:
(1)   25/  C1D3DA :                         ; Save fix bank #0 somewhere and the palette in extended RAM ($110000+)
(1)   26/  C1D3DA :                         ; Load the in-game menu fix bank in fix bank #0 and the IGM palette
(1)   27/  C1D3DA :                         ; Let inserted code in SYSTEM_INT1 (IGMVBL) handle the UI
(1)   28/  C1D3DA :                         
(1)   29/  C1D3DA :                         ; If no start+select, check VBL cheats list and run them
(1)   30/  C1D3DA :                     
(1)   31/  C1D3DA : 4A39 0011 C1B4          tst.b   IsLoading   ; Skip everything cheat-related during loading
(1)   32/  C1D3E0 : 662E                    bne     .done
(1)   33/  C1D3E2 :                     
(1)   34/  C1D3E2 :                         ; This must be fast to avoid wasting the game's VBL time !
(1)   35/  C1D3E2 : 1039 0010 FDAC          move.b  BIOS_STATCURNT,d0
(1)   36/  C1D3E8 : 1200                    move.b  d0,d1
(1)   37/  C1D3EA : 0200 0003               andi.b  #3,d0
(1)   38/  C1D3EE : B03C 0003               cmp.b   #3,d0
(1)   39/  C1D3F2 : 671E                    beq     .sspress
(1)   40/  C1D3F4 : 0201 000C               andi.b  #3<<2,d1
(1)   41/  C1D3F8 : B23C 000C               cmp.b   #3<<2,d1
(1)   42/  C1D3FC : 6714                    beq     .sspress
(1)   43/  C1D3FE :                     
(1)   44/  C1D3FE :                         ; No start+select press
(1)   45/  C1D3FE :                     
(1)   46/  C1D3FE :                         ; Run VBL cheats if there are any
(1)   47/  C1D3FE : 41F9 0011 C20B          lea     VBLCheatActions,a0
(1)   48/  C1D404 :                     .runcheats:
(1)   49/  C1D404 : 4A10                    tst.b   (a0)
(1)   50/  C1D406 : 6708                    beq     .done
(1)   51/  C1D408 : 4EB9 00C1 D4BC          jsr     RunCheatActions
(1)   52/  C1D40E : 60F4                    bra     .runcheats
(1)   53/  C1D410 :                     .done:
(1)   54/  C1D410 : 4E75                    rts
(1)   55/  C1D412 :                     
(1)   56/  C1D412 :                     .sspress:
(1)   57/  C1D412 :                         ; Got start+select press
(1)   58/  C1D412 : 4239 0010 FDAC          clr.b   BIOS_STATCURNT  ; Do not pass the caught start+select press to the game
(1)   59/  C1D418 : 4239 0010 FDAD          clr.b   BIOS_STATCHANGE
(1)   60/  C1D41E : 4239 0010 FEDC          clr.b   $10FEDC
(1)   61/  C1D424 : 4239 0010 FEDD          clr.b   $10FEDD
(1)   62/  C1D42A :                     
(1)   63/  C1D42A : 4A39 0010 F6B9          tst.b   $10F6B9		    ; Check "GameStartState" to see if game is running
(1)   64/  C1D430 : 6ADE                    bpl     .done           ; No: Can't open IGM
(1)   65/  C1D432 :                     
(1)   66/  C1D432 : 50F9 0011 C20A          st.b    FlagSelectStart     ; Ask for IGM setup on next VBL
(1)   67/  C1D438 : 23F8 0068 0011 C298     move.l  $68,VBLVectorCopy
(1)   68/  C1D440 : 21FC 00C0 0438 0068     move.l  #SYS_INT1,$68
(1)   69/  C1D448 : 4E75                    rts
 AS V1.42 Beta [Bld 311] - Source File main.asm(cheats.asm) - Page 138 - 9/11/2026 23:43:16


(1)   70/  C1D44A :                     
(1)   71/  C1D44A :                     
(1)   72/  C1D44A :                     InstallCheats:
(1)   73/  C1D44A :                         ; Process one-off cheats right now and prepare VBL cheats action list
(1)   74/  C1D44A : 2279 0011 C206          movea.l CheatDataAddr,a1
(1)   75/  C1D450 : 1E19                    move.b  (a1)+,d7                ; Cheats count
(1)   76/  C1D452 : 7A20                    moveq.l #32,d5                  ; Total iterations required for the ROR trick below to work
(1)   77/  C1D454 : 45F9 0011 C20B          lea     VBLCheatActions,a2
(1)   78/  C1D45A : 2639 0011 C202          move.l  CheatsBitmap,d3
(1)   79/  C1D460 :                     
(1)   80/  C1D460 :                     .process:
(1)   81/  C1D460 : E29B                    ror.l   #1,d3                   ; RORing allows easy reset of the one-off cheats
(1)   82/  C1D462 : 643C                    bcc     .skipcheat
(1)   83/  C1D464 : 4A07                    tst.b   d7
(1)   84/  C1D466 : 6738                    beq     .skipcheat              ; No more cheats to parse
(1)   85/  C1D468 : 7000                    moveq.l #0,d0
(1)   86/  C1D46A : 1019                    move.b  (a1)+,d0                ; Get action data offset
(1)   87/  C1D46C : E148                    lsl.w   #8,d0
(1)   88/  C1D46E : 1019                    move.b  (a1)+,d0
(1)   89/  C1D470 : 41F9 00C2 31EC          lea     CheatData,a0
(1)   90/  C1D476 : D1C0                    adda.l  d0,a0
(1)   91/  C1D478 :                     
(1)   92/  C1D478 :                         ; Run actions or add then to VBL list
(1)   93/  C1D478 : 1028 0001               move.b  1(a0),d0                ; Type byte
(1)   94/  C1D47C : EC08                    lsr.b   #6,d0
(1)   95/  C1D47E : 0200 0003               andi.b  #3,d0
(1)   96/  C1D482 : 5300                    subq.b  #1,d0                   ; Type is == 1 ?
(1)   97/  C1D484 : 6710                    beq     .vbltype
(1)   98/  C1D486 : 5300                    subq.b  #1,d0                   ; Type is == 2 ?
(1)   99/  C1D488 : 6618                    bne     .skipdesc               ; Invalid type, SHOULDN'T HAPPPEN !
(1)  100/  C1D48A : 4EB9 00C1 D4BC          jsr     RunCheatActions
(1)  101/  C1D490 : 0883 001F               bclr.l  #31,d3                  ; Reset one-off cheat that was just RORed
(1)  102/  C1D494 : 600C                    bra     .skipdesc
(1)  103/  C1D496 :                     .vbltype:
(1)  104/  C1D496 : 1C10                    move.b  0(a0),d6                ; Size of action data
(1)  105/  C1D498 :                     .vblcopy:
(1)  106/  C1D498 : 14D8                    move.b  (a0)+,(a2)+
(1)  107/  C1D49A : 5306                    subq.b  #1,d6
(1)  108/  C1D49C : 66FA                    bne     .vblcopy
(1)  109/  C1D49E : 6002                    bra     .skipdesc
(1)  110/  C1D4A0 :                     
(1)  111/  C1D4A0 :                     .skipcheat:
(1)  112/  C1D4A0 : 5489                    addq.l  #2,a1                   ; Skip action data offset
(1)  113/  C1D4A2 :                     .skipdesc:
(1)  114/  C1D4A2 : 4A19                    tst.b   (a1)+                   ; Skip description text
(1)  115/  C1D4A4 : 66FC                    bne     .skipdesc
(1)  116/  C1D4A6 :                     
(1)  117/  C1D4A6 : 4A07                    tst.b   d7
(1)  118/  C1D4A8 : 6702                    beq     .zero
(1)  119/  C1D4AA : 5307                    subq.b  #1,d7
(1)  120/  C1D4AC :                     .zero:
(1)  121/  C1D4AC : 5305                    subq.b  #1,d5
(1)  122/  C1D4AE : 66B0                    bne     .process
(1)  123/  C1D4B0 :                         
(1)  124/  C1D4B0 : 23C3 0011 C202          move.l  d3,CheatsBitmap
(1)  125/  C1D4B6 :                     
(1)  126/  C1D4B6 : 14FC 0000               move.b  #0,(a2)+                ; VBLCheatActions terminator
(1)  127/  C1D4BA : 4E75                    rts
(1)  128/  C1D4BC :                     
(1)  129/  C1D4BC :                     
 AS V1.42 Beta [Bld 311] - Source File main.asm(cheats.asm) - Page 139 - 9/11/2026 23:43:16


(1)  130/  C1D4BC :                     ; a0: Actions list
(1)  131/  C1D4BC :                     RunCheatActions:
(1)  132/  C1D4BC : 48E7 FF70               movem.l d0-d7/a1-a3,-(sp)
(1)  133/  C1D4C0 : 2448                    move.l  a0,a2
(1)  134/  C1D4C2 : 7000                    moveq.l #0,d0
(1)  135/  C1D4C4 : 1018                    move.b  (a0)+,d0    ; Action data size
(1)  136/  C1D4C6 : 6730                    beq     .done       ; Should not happen
(1)  137/  C1D4C8 : D5C0                    add.l   d0,a2       ; End address
(1)  138/  C1D4CA :                     .action:
(1)  139/  C1D4CA : 1018                    move.b  (a0)+,d0    ; Type byte
(1)  140/  C1D4CC : 1200                    move.b  d0,d1
(1)  141/  C1D4CE : 0240 0003               andi.w  #3,d0       ; Get opcode
(1)  142/  C1D4D2 : E548                	lsl.w   #2,d0       ; JTOpCodes has 4-byte entries
(1)  143/  C1D4D4 : 43F9 00C1 D4FE          lea     JTOpCodes,a1
(1)  144/  C1D4DA : 2271 0000           	move.l  0(a1,d0),a1
(1)  145/  C1D4DE :                     
(1)  146/  C1D4DE : E609                    lsr.b   #3,d1       ; Get data size
(1)  147/  C1D4E0 : 0201 0007               andi.b  #7,d1
(1)  148/  C1D4E4 :                     
(1)  149/  C1D4E4 : 1018                    move.b  (a0)+,d0    ; Get address MSB
(1)  150/  C1D4E6 : E148                    lsl.w   #8,d0
(1)  151/  C1D4E8 : 1018                    move.b  (a0)+,d0    ; Get address LSB
(1)  152/  C1D4EA : 0080 0010 0000          ori.l   #RAMSTART,d0
(1)  153/  C1D4F0 : 2640                    movea.l d0,a3
(1)  154/  C1D4F2 :                     
(1)  155/  C1D4F2 : 4E91                	jsr     (a1)
(1)  156/  C1D4F4 :                     
(1)  157/  C1D4F4 : B5C8                	cmpa.l  a0,a2
(1)  158/  C1D4F6 : 66D2                    bne     .action     ; This may cause a crash if a0 goes over a2 (shouldn't happen if cheat data is formed correctly)
(1)  159/  C1D4F8 :                     .done:
(1)  160/  C1D4F8 : 4CDF 0EFF               movem.l (sp)+,d0-d7/a1-a3
(1)  161/  C1D4FC : 4E75                    rts
(1)  162/  C1D4FE :                     
(1)  163/  C1D4FE :                     JTOpCodes:
(1)  164/  C1D4FE : 00C1 D50E               dc.l Opcode0
(1)  165/  C1D502 : 00C1 D51A               dc.l Opcode1
(1)  166/  C1D506 : 00C1 D528               dc.l Opcode2
(1)  167/  C1D50A : 00C1 D536               dc.l Opcode3
(1)  168/  C1D50E :                     
(1)  169/  C1D50E :                     Opcode0:
(1)  170/  C1D50E :                         ; Write value to RAM address
(1)  171/  C1D50E : 4A01                    tst.b   d1
(1)  172/  C1D510 : 6706                    beq     .done
(1)  173/  C1D512 : 16D8                    move.b  (a0)+,(a3)+
(1)  174/  C1D514 : 5301                    subq.b  #1,d1
(1)  175/  C1D516 : 60F6                    bra     Opcode0
(1)  176/  C1D518 :                     .done:
(1)  177/  C1D518 : 4E75                    rts
(1)  178/  C1D51A :                     
(1)  179/  C1D51A :                     Opcode1:
(1)  180/  C1D51A :                         ; Write value to pointed RAM address + offset
(1)  181/  C1D51A : 7000                    moveq.l #0,d0
(1)  182/  C1D51C : 1018                    move.b  (a0)+,d0    ; Get offset MSB
(1)  183/  C1D51E : E148                    lsl.w   #8,d0
(1)  184/  C1D520 : 1018                    move.b  (a0)+,d0    ; Get offset LSB
(1)  185/  C1D522 : D093                    add.l   (a3),d0
(1)  186/  C1D524 : 2640                    movea.l d0,a3
(1)  187/  C1D526 : 60E6                    bra     Opcode0
(1)  188/  C1D528 :                     
(1)  189/  C1D528 :                     Opcode2:
 AS V1.42 Beta [Bld 311] - Source File main.asm(cheats.asm) - Page 140 - 9/11/2026 23:43:16


(1)  190/  C1D528 :                         ; Mask (clear)
(1)  191/  C1D528 : 4A01                    tst.b   d1
(1)  192/  C1D52A : 6708                    beq     .done
(1)  193/  C1D52C : 1018                    move.b  (a0)+,d0
(1)  194/  C1D52E : C11B                    and.b   d0,(a3)+
(1)  195/  C1D530 : 5301                    subq.b  #1,d1
(1)  196/  C1D532 : 60F4                    bra     Opcode2
(1)  197/  C1D534 :                     .done:
(1)  198/  C1D534 : 4E75                    rts
(1)  199/  C1D536 :                     
(1)  200/  C1D536 :                     Opcode3:
(1)  201/  C1D536 :                         ; Mask (clear) and set
(1)  202/  C1D536 : 4A01                    tst.b   d1
(1)  203/  C1D538 : 6716                    beq     .done
(1)  204/  C1D53A : 7400                    moveq.l #0,d2
(1)  205/  C1D53C : 1401                    move.b  d1,d2       ; Data size used as constant offset in data for data and mask byte groups
(1)  206/  C1D53E :                     .process:
(1)  207/  C1D53E : 1013                    move.b  (a3),d0     ; Get data to modify
(1)  208/  C1D540 : C010                    and.b   (a0),d0     ; Mask byte
(1)  209/  C1D542 : 8030 2000               or.b    0(a0,d2),d0 ; Set byte
(1)  210/  C1D546 : 16C0                    move.b  d0,(a3)+    ; Write back
(1)  211/  C1D548 : 5288                    addq.l  #1,a0
(1)  212/  C1D54A : 5301                    subq.b  #1,d1
(1)  213/  C1D54C : 66F0                    bne     .process
(1)  214/  C1D54E : D1C2                    adda.l  d2,a0
(1)  215/  C1D550 :                     .done:
(1)  216/  C1D550 : 4E75                    rts
(1)  217/  C1D552 :                     
     211/  C1D552 : =>FALSE             	if TARGET==1
     212/  C1D552 :                     	INCLUDE "front.asm"
     213/  C1D552 : [211]                   ENDIF
     214/  C1D552 :                     
     215/  C1D552 :                         ALIGN 2
     216/  C1D552 :                     map_logo:
     217/  C1D552 :                     	BINCLUDE "gfxdata\menu_logo.map"
     218/  C1D570 :                     
     219/  C1D570 :                     CodeEndA:
     220/  C1D570 : =>FALSE                 IF CodeEndA > $C1E000
     221/  C1D570 :                             FATAL "\aAdded code in zone A is too large !"
     222/  C1D570 : =>TRUE                  ELSE
     223/  C1D570 : =>FALSE                     IF MOMPASS==1
     224/  C1D570 :                                 OUTRADIX 10
     225/  C1D570 :                                 MESSAGE "\aFree space zone A: \{($C1E000-CodeEndA)} bytes"
     226/  C1D570 : [223]                       ENDIF
     227/  C1D570 : [220]                   ENDIF
     228/  C1D570 :                         
     229/  C1D570 :                         ; CPLD registers here, so useful data or code MUST NOT be in C1E000~C1E2FF
     230/  C1D570 :                     
     231/  C1E300 :                     	ORG $C1E300
     232/  C1E300 :                     	INCLUDE "util.asm"
(1)    1/  C1E300 :                     ; Copyright (C) 2020 Sean Gonsalves
(1)    2/  C1E300 :                     ;
(1)    3/  C1E300 :                     ; This file is part of Neo CD SD Loader.
(1)    4/  C1E300 :                     ;
(1)    5/  C1E300 :                     ; This program is free software; you can redistribute it and/or modify
(1)    6/  C1E300 :                     ; it under the terms of the GNU General Public License as published by
(1)    7/  C1E300 :                     ; the Free Software Foundation; either version 2, or (at your option)
(1)    8/  C1E300 :                     ; any later version.
(1)    9/  C1E300 :                     ;
(1)   10/  C1E300 :                     ; This program is distributed in the hope that it will be useful,
 AS V1.42 Beta [Bld 311] - Source File main.asm(util.asm) - Page 141 - 9/11/2026 23:43:16


(1)   11/  C1E300 :                     ; but WITHOUT ANY WARRANTY; without even the implied warranty of
(1)   12/  C1E300 :                     ; MERCHANTABILITY or FITNESS FOR A PARTICULAR PURPOSE.  See the
(1)   13/  C1E300 :                     ; GNU General Public License for more details.
(1)   14/  C1E300 :                     ;
(1)   15/  C1E300 :                     ; You should have received a copy of the GNU General Public License
(1)   16/  C1E300 :                     ; along with this program; see the file COPYING.  If not, write to
(1)   17/  C1E300 :                     ; the Free Software Foundation, Inc., 51 Franklin Street,
(1)   18/  C1E300 :                     ; Boston, MA 02110-1301, USA.
(1)   19/  C1E300 :                     
(1)   20/  C1E300 :                     ; Clear whole fix layer
(1)   21/  C1E300 :                     ClearFix:
(1)   22/  C1E300 : 33FC 7000 003C 0000 	move.w  #$7000,REG_VRAMADDR
(1)   23/  C1E308 : 33FC 0001 003C 0004 	move.w  #1,REG_VRAMMOD
(1)   24/  C1E310 : 3E3C 04FF           	move.w  #(32*40)-1,d7
(1)   25/  C1E314 :                     .clear:
(1)   26/  C1E314 : 13C0 0030 0001      	move.b  d0,REG_DIPSW
(1)   27/  C1E31A : 4E71                	nop
(1)   28/  C1E31C : 33FC 00FF 003C 0002     move.w  #$00FF,REG_VRAMRW
(1)   29/  C1E324 : 51CF FFEE           	dbra    d7,.clear
(1)   30/  C1E328 : 4E75                	rts
(1)   31/  C1E32A :                     
(1)   32/  C1E32A :                     
(1)   33/  C1E32A :                     ; Clear top 28*40 fix rectangle
(1)   34/  C1E32A :                     ClearFixTop:
(1)   35/  C1E32A : 303C 7000           	move.w  #$7000,d0
(1)   36/  C1E32E : 33FC 0001 003C 0004 	move.w  #1,REG_VRAMMOD  
(1)   37/  C1E336 : 7C27                	moveq.l #40-1,d6
(1)   38/  C1E338 :                     .line:
(1)   39/  C1E338 : 33C0 003C 0000          move.w  d0,REG_VRAMADDR
(1)   40/  C1E33E : 7E1B                	moveq.l #(32-4)-1,d7
(1)   41/  C1E340 :                     .col:
(1)   42/  C1E340 : 13C0 0030 0001      	move.b  d0,REG_DIPSW
(1)   43/  C1E346 : 4E71                	nop
(1)   44/  C1E348 : 33FC 00FF 003C 0002     move.w  #$00FF,REG_VRAMRW
(1)   45/  C1E350 : 51CF FFEE           	dbra    d7,.col
(1)   46/  C1E354 : 0640 0020           	addi.w  #32,d0
(1)   47/  C1E358 : 51CE FFDE           	dbra    d6,.line
(1)   48/  C1E35C : 4E75                	rts
(1)   49/  C1E35E :                     
(1)   50/  C1E35E :                     
(1)   51/  C1E35E :                     ; Clear whole file list
(1)   52/  C1E35E :                     ClearFileList:
(1)   53/  C1E35E : 7000                	moveq.l #0,d0
(1)   54/  C1E360 : 41F9 0011 C900      	lea     FileList,a0
(1)   55/  C1E366 : 3E3C 0191           	move.w  #(FILE_LIST_LEN>>4)-1,d7
(1)   56/  C1E36A :                     .lp:
(1)   57/  C1E36A : 20C0                	move.l  d0,(a0)+
(1)   58/  C1E36C : 20C0                	move.l  d0,(a0)+
(1)   59/  C1E36E : 20C0                	move.l  d0,(a0)+
(1)   60/  C1E370 : 20C0                	move.l  d0,(a0)+
(1)   61/  C1E372 : 51CF FFF6           	dbra    d7,.lp
(1)   62/  C1E376 : 4279 0010 D004      	clr.w   TotalFileCount
(1)   63/  C1E37C : 4E75                	rts
(1)   64/  C1E37E :                     
(1)   65/  C1E37E :                     
(1)   66/  C1E37E :                     ; Hex digit to ASCII char
(1)   67/  C1E37E :                     ; d1.b: Hex nibble in / ASCII out
(1)   68/  C1E37E :                     Hexify:
(1)   69/  C1E37E : 0C01 0009           	cmpi.b  #9,d1
(1)   70/  C1E382 : 6304                	bls     .deci
 AS V1.42 Beta [Bld 311] - Source File main.asm(util.asm) - Page 142 - 9/11/2026 23:43:16


(1)   71/  C1E384 : 0601 0007               addi.b  #7,d1
(1)   72/  C1E388 :                     .deci:
(1)   73/  C1E388 : 0601 0030               addi.b  #'0',d1
(1)   74/  C1E38C : 4E75                    rts
(1)   75/  C1E38E :                     
(1)   76/  C1E38E :                     ; d0.b: Hex byte in / BCD out
(1)   77/  C1E38E :                     HexToBCD:
(1)   78/  C1E38E : 7200                	moveq.l #0,d1
(1)   79/  C1E390 : 1200                	move.b  d0,d1
(1)   80/  C1E392 : 82FC 000A           	divu.w  #10,d1
(1)   81/  C1E396 : 3001                	move.w  d1,d0
(1)   82/  C1E398 : E948                	lsl.w   #4,d0
(1)   83/  C1E39A : 4841                	swap.l  d1
(1)   84/  C1E39C : D041                	add.w   d1,d0
(1)   85/  C1E39E : 4E75                	rts
(1)   86/  C1E3A0 :                     
(1)   87/  C1E3A0 :                     
(1)   88/  C1E3A0 :                     ; a0.l: Pointer to map data
(1)   89/  C1E3A0 :                     AutoMap:
(1)   90/  C1E3A0 : 1218                    move.b  (a0)+,d1 				; Width
(1)   91/  C1E3A2 : 5201                    addq.b  #1,d1
(1)   92/  C1E3A4 : 1418                    move.b  (a0)+,d2 				; Height
(1)   93/  C1E3A6 : 5202                    addq.b  #1,d2
(1)   94/  C1E3A8 : ED4B                    lsl.w   #6,d3					; *64
(1)   95/  C1E3AA :                     .map_sprites:
(1)   96/  C1E3AA : 33C3 003C 0000      	move.w  d3,REG_VRAMADDR
(1)   97/  C1E3B0 : 3802                	move.w  d2,d4					; Restore height
(1)   98/  C1E3B2 :                     .map_tiles:
(1)   99/  C1E3B2 : 3A18                	move.w  (a0)+,d5
(1)  100/  C1E3B4 : 3C05                	move.w  d5,d6
(1)  101/  C1E3B6 : 0246 0FFF               andi.w  #$0FFF,d6				; Keep tile #
(1)  102/  C1E3BA : 33C6 003C 0002      	move.w  d6,REG_VRAMRW
(1)  103/  C1E3C0 : 0245 F000           	andi.w  #$F000,d5				; Keep palette # (4 bits)
(1)  104/  C1E3C4 : E84D                	lsr.w   #4,d5
(1)  105/  C1E3C6 : 33C5 003C 0002          move.w  d5,REG_VRAMRW
(1)  106/  C1E3CC : 5304                	subq.b  #1,d4
(1)  107/  C1E3CE : 66E2                	bne     .map_tiles
(1)  108/  C1E3D0 : 0643 0040           	addi.w  #2*32,d3				; Next sprite
(1)  109/  C1E3D4 : 5301                	subq.b  #1,d1
(1)  110/  C1E3D6 : 66D2                	bne     .map_sprites
(1)  111/  C1E3D8 : 4E75                	rts
(1)  112/  C1E3DA :                     
(1)  113/  C1E3DA :                     
(1)  114/  C1E3DA :                     ; d0.w: First sprite #
(1)  115/  C1E3DA :                     ; d1.w: Scaling value
(1)  116/  C1E3DA :                     ; d7.w: Sprite count
(1)  117/  C1E3DA :                     SetSprZ:
(1)  118/  C1E3DA : 0640 8000           	addi.w  #SCB2,d0
(1)  119/  C1E3DE : 33C0 003C 0000      	move.w  d0,REG_VRAMADDR
(1)  120/  C1E3E4 : 4E71                	nop
(1)  121/  C1E3E6 :                     .set_z:
(1)  122/  C1E3E6 : 4E71                	nop
(1)  123/  C1E3E8 : 4E71                	nop
(1)  124/  C1E3EA : 33C1 003C 0002      	move.w  d1,REG_VRAMRW
(1)  125/  C1E3F0 : 5347                	subq.w  #1,d7
(1)  126/  C1E3F2 : 66F2                	bne     .set_z
(1)  127/  C1E3F4 : 4E75                	rts
(1)  128/  C1E3F6 :                     
(1)  129/  C1E3F6 :                     
(1)  130/  C1E3F6 :                     ; d0.w: First sprite #
 AS V1.42 Beta [Bld 311] - Source File main.asm(util.asm) - Page 143 - 9/11/2026 23:43:16


(1)  131/  C1E3F6 :                     ; d1.w: SCB3 value
(1)  132/  C1E3F6 :                     ; d7.w: Sprite count
(1)  133/  C1E3F6 :                     SetSprY:
(1)  134/  C1E3F6 : 0640 8200           	addi.w  #SCB3,d0
(1)  135/  C1E3FA : 33C0 003C 0000      	move.w  d0,REG_VRAMADDR
(1)  136/  C1E400 : 4E71                	nop
(1)  137/  C1E402 :                     .set_y:
(1)  138/  C1E402 : 4E71                	nop
(1)  139/  C1E404 : 4E71                	nop
(1)  140/  C1E406 : 33C1 003C 0002      	move.w  d1,REG_VRAMRW
(1)  141/  C1E40C : 0041 0040           	ori.w   #64,d1					; Set chain bit
(1)  142/  C1E410 : 5347                	subq.w  #1,d7
(1)  143/  C1E412 : 66EE                	bne     .set_y
(1)  144/  C1E414 : 4E75                	rts
(1)  145/  C1E416 :                     
(1)  146/  C1E416 :                     
(1)  147/  C1E416 :                     ; d0.w: First sprite #
(1)  148/  C1E416 :                     ; d1.w: X position
(1)  149/  C1E416 :                     ; d7.w: Sprite count
(1)  150/  C1E416 :                     SetSprX:
(1)  151/  C1E416 : 0640 8400           	addi.w  #SCB4,d0
(1)  152/  C1E41A : 33C0 003C 0000      	move.w  d0,REG_VRAMADDR
(1)  153/  C1E420 : EF49                	lsl.w   #7,d1
(1)  154/  C1E422 :                     .set_x:
(1)  155/  C1E422 : 4E71                	nop
(1)  156/  C1E424 : 4E71                	nop
(1)  157/  C1E426 : 33C1 003C 0002      	move.w  d1,REG_VRAMRW
(1)  158/  C1E42C : 5347                	subq.w  #1,d7
(1)  159/  C1E42E : 66F2                	bne     .set_x
(1)  160/  C1E430 : 4E75                	rts
(1)  161/  C1E432 :                     
(1)  162/  C1E432 :                     
(1)  163/  C1E432 :                     ; d0.w: Width
(1)  164/  C1E432 :                     ; d1.w: Height
(1)  165/  C1E432 :                     ; d2.w: VRAM start address
(1)  166/  C1E432 :                     SaveFixMap:
(1)  167/  C1E432 : (MACRO)[148]            DIIRQ
(1)  167/  C1E432 : 13C0 0030 0001          move.b  d0,REG_DIPSW
(1)  167/  C1E438 : 40E7                        move.w  sr,-(a7)
(1)  167/  C1E43A : 007C 0700                   ori.w   #$0700,sr
(1)  168/  C1E43E : 41F9 0011 0804          lea     FixMapBuffer,a0
(1)  169/  C1E444 :                     .row:
(1)  170/  C1E444 : 3602                    move.w  d2,d3
(1)  171/  C1E446 : 3E00                    move.w  d0,d7
(1)  172/  C1E448 :                     .col:
(1)  173/  C1E448 : 33C3 003C 0000          move.w  d3,REG_VRAMADDR
(1)  174/  C1E44E : 0643 0020               addi.w  #32,d3
(1)  175/  C1E452 : 4E71                    nop
(1)  176/  C1E454 : 30F9 003C 0002          move.w  REG_VRAMRW,(a0)+
(1)  177/  C1E45A : 5347                    subq.w  #1,d7
(1)  178/  C1E45C : 66EA                    bne     .col
(1)  179/  C1E45E : 5242                    addq.w  #1,d2
(1)  180/  C1E460 : 5341                    subq.w  #1,d1
(1)  181/  C1E462 : 66E0                    bne     .row
(1)  182/  C1E464 : (MACRO)[149]        	ENIRQ
(1)  182/  C1E464 : 33FC 0007 003C 000C         move.w  #7,REG_IRQACK
(1)  182/  C1E46C : 46DF                        move.w  (a7)+,sr
(1)  183/  C1E46E : 4E75                    rts
(1)  184/  C1E470 :                     
(1)  185/  C1E470 :                     
 AS V1.42 Beta [Bld 311] - Source File main.asm(util.asm) - Page 144 - 9/11/2026 23:43:16


(1)  186/  C1E470 :                     ; d0.w: Width
(1)  187/  C1E470 :                     ; d1.w: Height
(1)  188/  C1E470 :                     ; d2.w: VRAM start address
(1)  189/  C1E470 :                     RestoreFixMap:
(1)  190/  C1E470 : (MACRO)[150]            DIIRQ
(1)  190/  C1E470 : 13C0 0030 0001          move.b  d0,REG_DIPSW
(1)  190/  C1E476 : 40E7                        move.w  sr,-(a7)
(1)  190/  C1E478 : 007C 0700                   ori.w   #$0700,sr
(1)  191/  C1E47C : 13C0 0030 0001          move.b  d0,REG_DIPSW
(1)  192/  C1E482 : 40E7                	move.w  sr,-(a7)
(1)  193/  C1E484 : 007C 0700           	ori.w   #$0700,sr
(1)  194/  C1E488 : 41F9 0011 0804          lea     FixMapBuffer,a0
(1)  195/  C1E48E :                     .row:
(1)  196/  C1E48E : 3602                    move.w  d2,d3
(1)  197/  C1E490 : 3E00                    move.w  d0,d7
(1)  198/  C1E492 :                     .col:
(1)  199/  C1E492 : 33C3 003C 0000          move.w  d3,REG_VRAMADDR
(1)  200/  C1E498 : 0643 0020               addi.w  #32,d3
(1)  201/  C1E49C : 4E71                    nop
(1)  202/  C1E49E : 33D8 003C 0002          move.w  (a0)+,REG_VRAMRW
(1)  203/  C1E4A4 : 5347                    subq.w  #1,d7
(1)  204/  C1E4A6 : 66EA                    bne     .col
(1)  205/  C1E4A8 : 5242                    addq.w  #1,d2
(1)  206/  C1E4AA : 5341                    subq.w  #1,d1
(1)  207/  C1E4AC : 66E0                    bne     .row
(1)  208/  C1E4AE : 46DF                	move.w  (a7)+,sr
(1)  209/  C1E4B0 : (MACRO)[151]        	ENIRQ
(1)  209/  C1E4B0 : 33FC 0007 003C 000C         move.w  #7,REG_IRQACK
(1)  209/  C1E4B8 : 46DF                        move.w  (a7)+,sr
(1)  210/  C1E4BA : 4E75                    rts
(1)  211/  C1E4BC :                     
(1)  212/  C1E4BC :                     
(1)  213/  C1E4BC :                     CopyPalette:
(1)  214/  C1E4BC :                         REPT 8
(1)  215/  C1E4BC :                         move.l  (a0)+,(a1)+
(1)  216/  C1E4BC :                         ENDM
(1)  215/  C1E4BC : 22D8                    move.l  (a0)+,(a1)+
(1)  215/  C1E4BE : 22D8                    move.l  (a0)+,(a1)+
(1)  215/  C1E4C0 : 22D8                    move.l  (a0)+,(a1)+
(1)  215/  C1E4C2 : 22D8                    move.l  (a0)+,(a1)+
(1)  215/  C1E4C4 : 22D8                    move.l  (a0)+,(a1)+
(1)  215/  C1E4C6 : 22D8                    move.l  (a0)+,(a1)+
(1)  215/  C1E4C8 : 22D8                    move.l  (a0)+,(a1)+
(1)  215/  C1E4CA : 22D8                    move.l  (a0)+,(a1)+
(1)  217/  C1E4CC : 4E75                    rts
(1)  218/  C1E4CE :                         
(1)  219/  C1E4CE :                     
(1)  220/  C1E4CE :                     WaitVBL:
(1)  221/  C1E4CE : 3039 003C 0006          move.w  REG_LSPCMODE,d0
(1)  222/  C1E4D4 : EE48                    lsr.w   #7,d0
(1)  223/  C1E4D6 : B07C 00F8               cmp.w   #$F8,d0
(1)  224/  C1E4DA : 66F2                    bne     WaitVBL
(1)  225/  C1E4DC : 4E75                    rts
(1)  226/  C1E4DE :                     
(1)  227/  C1E4DE :                     ; Sets carry on error
(1)  228/  C1E4DE :                     InitSD:
(1)  229/  C1E4DE :                         ; Tell MCU to init SD and get card type
(1)  230/  C1E4DE : 13FC 000A 0010 D080     move.b  #10,RetryCounter
(1)  231/  C1E4E6 :                     .retry:
(1)  232/  C1E4E6 : (MACRO)[160]            MCUCMD  MCU_CMD_INITSD
 AS V1.42 Beta [Bld 311] - Source File main.asm(util.asm) - Page 145 - 9/11/2026 23:43:16


(1)  232/  C1E4E6 : 163C 0005               move.b  #MCU_CMD_INITSD,d3
(1)  232/  C1E4EA : 4EB9 00C1 C756          jsr     MCUCommand
(1)  233/  C1E4F0 : 6408                    bcc     .notimeout
(1)  234/  C1E4F2 : 4EB9 00C1 9914          jsr     DispErrorTimeout
(1)  235/  C1E4F8 : 6022                    bra     .error
(1)  236/  C1E4FA :                     .notimeout:
(1)  237/  C1E4FA : 4EB9 00C1 C85A          jsr     MCURead4Words
(1)  238/  C1E500 : 4EB9 00C1 C89A          jsr     CheckACK
(1)  239/  C1E506 : 641A                    bcc     .initok
(1)  240/  C1E508 : 4EB9 00C1 E4CE          jsr     WaitVBL            ; Let at least one frame go by
(1)  241/  C1E50E : 4EB9 00C1 E4CE          jsr     WaitVBL
(1)  242/  C1E514 : 5339 0010 D080          subq.b  #1,RetryCounter
(1)  243/  C1E51A : 66CA                    bne     .retry
(1)  244/  C1E51C :                     .error:
(1)  245/  C1E51C : 003C 0001               ori.b   #1,CCR             ; Error occured
(1)  246/  C1E520 : 4E75                    rts
(1)  247/  C1E522 :                     .initok:
(1)  248/  C1E522 : 023C 00FE               andi.b  #$FE,CCR           ; Ok
(1)  249/  C1E526 : 4E75                    rts
(1)  250/  C1E528 :                         
     233/  C1E528 :                     	INCLUDE "print.asm"
(1)    1/  C1E528 :                     ; Copyright (C) 2020 Sean Gonsalves
(1)    2/  C1E528 :                     ;
(1)    3/  C1E528 :                     ; Neo CD SD Loader system ROM patch
(1)    4/  C1E528 :                     ; This file is part of Neo CD SD Loader.
(1)    5/  C1E528 :                     ;
(1)    6/  C1E528 :                     ; This program is free software; you can redistribute it and/or modify
(1)    7/  C1E528 :                     ; it under the terms of the GNU General Public License as published by
(1)    8/  C1E528 :                     ; the Free Software Foundation; either version 2, or (at your option)
(1)    9/  C1E528 :                     ; any later version.
(1)   10/  C1E528 :                     ;
(1)   11/  C1E528 :                     ; This program is distributed in the hope that it will be useful,
(1)   12/  C1E528 :                     ; but WITHOUT ANY WARRANTY; without even the implied warranty of
(1)   13/  C1E528 :                     ; MERCHANTABILITY or FITNESS FOR A PARTICULAR PURPOSE.  See the
(1)   14/  C1E528 :                     ; GNU General Public License for more details.
(1)   15/  C1E528 :                     ;
(1)   16/  C1E528 :                     ; You should have received a copy of the GNU General Public License
(1)   17/  C1E528 :                     ; along with this program; see the file COPYING.  If not, write to
(1)   18/  C1E528 :                     ; the Free Software Foundation, Inc., 51 Franklin Street,
(1)   19/  C1E528 :                     ; Boston, MA 02110-1301, USA.
(1)   20/  C1E528 :                     
(1)   21/  C1E528 :                     ;$00: End of string
(1)   22/  C1E528 :                     ;$01: Move from origin X, Y
(1)   23/  C1E528 :                     ;$A0: Restore palette to the one in FixWriteConfig
(1)   24/  C1E528 :                     ;$AF: Escape next char
(1)   25/  C1E528 :                     ;$Bx: Print button picto, x must be A, B, C or D
(1)   26/  C1E528 :                     ;$Cx: Change palette to x
(1)   27/  C1E528 :                     ;$Ex: Print stored byte in FixValueList at index x
(1)   28/  C1E528 :                     ;$Fx: Print stored longword in FixValueList at index x
(1)   29/  C1E528 :                     WriteFix:
(1)   30/  C1E528 : 13C0 0030 0001      	move.b  d0,REG_DIPSW
(1)   31/  C1E52E : 48E7 7F40               movem.l d1-d7/a1,-(sp)
(1)   32/  C1E532 : 3239 0011 C18A      	move.w  FixWriteConfig,d1
(1)   33/  C1E538 : 33FC 0020 003C 0004 	move.w  #32,REG_VRAMMOD
(1)   34/  C1E540 : 4E71                    nop
(1)   35/  C1E542 : 4E71                    nop
(1)   36/  C1E544 : 4E71                    nop
(1)   37/  C1E546 : 33C0 003C 0000          move.w  d0,REG_VRAMADDR
(1)   38/  C1E54C :                     .write:
(1)   39/  C1E54C : 1218                    move.b  (a0)+,d1
 AS V1.42 Beta [Bld 311] - Source File main.asm(print.asm) - Page 146 - 9/11/2026 23:43:16


(1)   40/  C1E54E : 4A01                    tst.b   d1
(1)   41/  C1E550 : 6748                    beq     .strend
(1)   42/  C1E552 : B23C 0001               cmp.b   #1,d1
(1)   43/  C1E556 : 6700 008E           	beq     .reloc
(1)   44/  C1E55A : B23C 00AF               cmp.b   #$AF,d1
(1)   45/  C1E55E : 660A                	bne     .noescape
(1)   46/  C1E560 : 1218                    move.b  (a0)+,d1
(1)   47/  C1E562 : 33C1 003C 0002      	move.w  d1,REG_VRAMRW
(1)   48/  C1E568 : 60E2                    bra     .write
(1)   49/  C1E56A :                     .noescape:
(1)   50/  C1E56A : 0C01 00A0               cmpi.b  #$A0,d1
(1)   51/  C1E56E : 6408                    bhs     .special
(1)   52/  C1E570 : 33C1 003C 0002      	move.w  d1,REG_VRAMRW
(1)   53/  C1E576 : 60D4                    bra     .write
(1)   54/  C1E578 :                     .special:
(1)   55/  C1E578 : 0C01 00F0               cmpi.b  #$F0,d1
(1)   56/  C1E57C : 647C                    bhs     .valuelong
(1)   57/  C1E57E : 0C01 00E0               cmpi.b  #$E0,d1
(1)   58/  C1E582 : 6400 00B2               bhs     .valuebyte
(1)   59/  C1E586 : 0C01 00C0               cmpi.b  #$C0,d1
(1)   60/  C1E58A : 641C                    bhs     .changepal
(1)   61/  C1E58C : 0C01 00B0               cmpi.b  #$B0,d1
(1)   62/  C1E590 : 6426                    bhs     .picto
(1)   63/  C1E592 : 0C01 00A0               cmpi.b  #$A0,d1
(1)   64/  C1E596 : 6708                    beq     .restorepal
(1)   65/  C1E598 :                     	;Invalid char
(1)   66/  C1E598 : 60B2                    bra     .write
(1)   67/  C1E59A :                     .strend:
(1)   68/  C1E59A : 4CDF 02FE               movem.l (sp)+,d1-d7/a1
(1)   69/  C1E59E : 4E75                	rts
(1)   70/  C1E5A0 :                     
(1)   71/  C1E5A0 :                     .restorepal:
(1)   72/  C1E5A0 : 3239 0011 C18A      	move.w  FixWriteConfig,d1
(1)   73/  C1E5A6 : 60A4                    bra     .write
(1)   74/  C1E5A8 :                     
(1)   75/  C1E5A8 :                     .changepal:
(1)   76/  C1E5A8 : 3401                    move.w  d1,d2
(1)   77/  C1E5AA : 0242 000F               andi.w  #$000F,d2
(1)   78/  C1E5AE : E85A                    ror.w   #4,d2
(1)   79/  C1E5B0 : 0241 0FFF               andi.w  #$0FFF,d1
(1)   80/  C1E5B4 : 8242                    or.w    d2,d1
(1)   81/  C1E5B6 : 6094                    bra     .write
(1)   82/  C1E5B8 :                     
(1)   83/  C1E5B8 :                     .picto:
(1)   84/  C1E5B8 : 363C 1500               move.w  #$1500,d3       ; Palette #1 bank 5
(1)   85/  C1E5BC : 3401                    move.w  d1,d2
(1)   86/  C1E5BE : 0242 000F               andi.w  #$0F,d2
(1)   87/  C1E5C2 : D402                    add.b   d2,d2
(1)   88/  C1E5C4 : 43F9 00C1 E670          lea     ButtonPictoLUT,a1
(1)   89/  C1E5CA : 1631 2000               move.b  0(a1,d2),d3
(1)   90/  C1E5CE : 33C3 003C 0002      	move.w  d3,REG_VRAMRW
(1)   91/  C1E5D4 : 4E71                	nop
(1)   92/  C1E5D6 : 4E71                	nop
(1)   93/  C1E5D8 : 1631 2001               move.b  1(a1,d2),d3
(1)   94/  C1E5DC : 33C3 003C 0002      	move.w  d3,REG_VRAMRW
(1)   95/  C1E5E2 : 6000 FF68               bra     .write
(1)   96/  C1E5E6 :                     
(1)   97/  C1E5E6 :                     
(1)   98/  C1E5E6 :                     .reloc:
(1)   99/  C1E5E6 : 7600                    moveq.l #0,d3
 AS V1.42 Beta [Bld 311] - Source File main.asm(print.asm) - Page 147 - 9/11/2026 23:43:16


(1)  100/  C1E5E8 : 1618                    move.b  (a0)+,d3
(1)  101/  C1E5EA : EB4B                    lsl.w   #5,d3
(1)  102/  C1E5EC : D640                    add.w   d0,d3
(1)  103/  C1E5EE : D618                    add.b   (a0)+,d3
(1)  104/  C1E5F0 : 33C3 003C 0000          move.w  d3,REG_VRAMADDR
(1)  105/  C1E5F6 : 6000 FF54               bra     .write
(1)  106/  C1E5FA :                     
(1)  107/  C1E5FA :                     .valuelong:
(1)  108/  C1E5FA : 7600                    moveq.l #0,d3
(1)  109/  C1E5FC : 1601                    move.b  d1,d3
(1)  110/  C1E5FE : 0203 000F               andi.b  #15,d3
(1)  111/  C1E602 : E54B                    lsl.w   #2,d3
(1)  112/  C1E604 : 43F9 0011 C140          lea     FixValueList,a1
(1)  113/  C1E60A : 2631 3000               move.l  (a1,d3),d3
(1)  114/  C1E60E : 3401                	move.w  d1,d2
(1)  115/  C1E610 : 7E08                    moveq.l #8,d7
(1)  116/  C1E612 :                     .writelong:
(1)  117/  C1E612 : E99B                	rol.l   #4,d3
(1)  118/  C1E614 : 1403                	move.b  d3,d2
(1)  119/  C1E616 : 0202 000F           	andi.b  #$F,d2
(1)  120/  C1E61A : 0C02 0009           	cmpi.b  #9,d2
(1)  121/  C1E61E : 6304                	bls     .deci
(1)  122/  C1E620 : 0602 0007               addi.b  #7,d2
(1)  123/  C1E624 :                     .deci:
(1)  124/  C1E624 : 0602 0030               addi.b  #$30,d2
(1)  125/  C1E628 : 33C2 003C 0002      	move.w  d2,REG_VRAMRW
(1)  126/  C1E62E : 5307                	subq.b  #1,d7
(1)  127/  C1E630 : 66E0                	bne     .writelong
(1)  128/  C1E632 : 6000 FF18               bra     .write
(1)  129/  C1E636 :                         
(1)  130/  C1E636 :                     .valuebyte:
(1)  131/  C1E636 : 7600                    moveq.l #0,d3
(1)  132/  C1E638 : 1601                    move.b  d1,d3
(1)  133/  C1E63A : 0203 000F               andi.b  #15,d3
(1)  134/  C1E63E : 43F9 0011 C140          lea     FixValueList,a1
(1)  135/  C1E644 : 1631 3000               move.b  (a1,d3),d3
(1)  136/  C1E648 : 3401                	move.w  d1,d2
(1)  137/  C1E64A : 7E02                    moveq.l #2,d7
(1)  138/  C1E64C :                     .writebyte:
(1)  139/  C1E64C : E91B                	rol.b   #4,d3
(1)  140/  C1E64E : 1403                	move.b  d3,d2
(1)  141/  C1E650 : 0202 000F           	andi.b  #$F,d2
(1)  142/  C1E654 : 0C02 0009           	cmpi.b  #9,d2
(1)  143/  C1E658 : 6304                	bls     .deci2
(1)  144/  C1E65A : 0602 0007               addi.b  #7,d2
(1)  145/  C1E65E :                     .deci2:
(1)  146/  C1E65E : 0602 0030               addi.b  #$30,d2
(1)  147/  C1E662 : 33C2 003C 0002      	move.w  d2,REG_VRAMRW
(1)  148/  C1E668 : 5307                	subq.b  #1,d7
(1)  149/  C1E66A : 66E0                	bne     .writebyte
(1)  150/  C1E66C : 6000 FEDE               bra     .write
(1)  151/  C1E670 :                         
(1)  152/  C1E670 : =>UNDEFINED             IFDEF DEBUGBUILD
(1)  153/  C1E670 :                     WriteWord:
(1)  154/  C1E670 :                     	move.w  #32,REG_VRAMMOD
(1)  155/  C1E670 :                     	move.w  FixWriteConfig,d1
(1)  156/  C1E670 :                         nop
(1)  157/  C1E670 :                         move.w  d0,REG_VRAMADDR
(1)  158/  C1E670 :                         moveq.l #4,d7
(1)  159/  C1E670 :                     .writeword:
 AS V1.42 Beta [Bld 311] - Source File main.asm(print.asm) - Page 148 - 9/11/2026 23:43:16


(1)  160/  C1E670 :                     	rol.w   #4,d2
(1)  161/  C1E670 :                     	moveq.l #0,d3
(1)  162/  C1E670 :                     	move.b  d2,d3
(1)  163/  C1E670 :                     	andi.b  #$F,d3
(1)  164/  C1E670 :                     	cmpi.b  #9,d3
(1)  165/  C1E670 :                     	bls     .deci
(1)  166/  C1E670 :                         addq.b  #7,d3
(1)  167/  C1E670 :                     .deci:
(1)  168/  C1E670 :                         addi.b  #$30,d3
(1)  169/  C1E670 :                         or.w    d1,d3
(1)  170/  C1E670 :                     	move.w  d3,REG_VRAMRW
(1)  171/  C1E670 :                     	subq.b  #1,d7
(1)  172/  C1E670 :                     	bne     .writeword
(1)  173/  C1E670 :                     	rts
(1)  174/  C1E670 : [152]               	ENDIF
(1)  175/  C1E670 :                     
(1)  176/  C1E670 :                     ButtonPictoLUT:
(1)  177/  C1E670 : 0000                    dc.b $00,$00
(1)  178/  C1E672 : 0000                    dc.b $00,$00
(1)  179/  C1E674 : 0000                    dc.b $00,$00
(1)  180/  C1E676 : 0000                    dc.b $00,$00
(1)  181/  C1E678 : 0000                    dc.b $00,$00
(1)  182/  C1E67A : 0000                    dc.b $00,$00
(1)  183/  C1E67C : 0000                    dc.b $00,$00
(1)  184/  C1E67E : 0000                    dc.b $00,$00
(1)  185/  C1E680 : 0000                    dc.b $00,$00
(1)  186/  C1E682 : 0000                    dc.b $00,$00
(1)  187/  C1E684 : 8C8D                    dc.b $8C,$8D    ; A button
(1)  188/  C1E686 : 8E8F                    dc.b $8E,$8F    ; B button
(1)  189/  C1E688 : 9C9D                    dc.b $9C,$9D    ; C button
(1)  190/  C1E68A : 9E9F                    dc.b $9E,$9F    ; D button
(1)  191/  C1E68C : 0000                    dc.b $00,$00
(1)  192/  C1E68E : 0000                    dc.b $00,$00
(1)  193/  C1E690 :                     
(1)  194/  C1E690 :                     ; a0.l: Data pointer
(1)  195/  C1E690 :                     ; a2.l: Dictionary pointer
(1)  196/  C1E690 :                     ; d0.w: VRAM address
(1)  197/  C1E690 :                     WriteFixDict:
(1)  198/  C1E690 : 13C0 0030 0001      	move.b  d0,REG_DIPSW
(1)  199/  C1E696 : 33FC 0020 003C 0004 	move.w  #32,REG_VRAMMOD
(1)  200/  C1E69E : 48E7 E040               movem.l d0-d2/a1,-(sp)
(1)  201/  C1E6A2 : 7400                    moveq.l #0,d2
(1)  202/  C1E6A4 : 3239 0011 C18A      	move.w  FixWriteConfig,d1
(1)  203/  C1E6AA : 33C0 003C 0000          move.w  d0,REG_VRAMADDR
(1)  204/  C1E6B0 :                     .write:
(1)  205/  C1E6B0 : 1218                    move.b  (a0)+,d1
(1)  206/  C1E6B2 : 4A01                    tst.b   d1
(1)  207/  C1E6B4 : 672A                    beq     .strend
(1)  208/  C1E6B6 : 6A1E                    bpl     .char
(1)  209/  C1E6B8 :                         ; Alias
(1)  210/  C1E6B8 : 7000                    moveq.l #0,d0
(1)  211/  C1E6BA : 1001                    move.b  d1,d0
(1)  212/  C1E6BC : 0400 0080               subi.b  #128,d0
(1)  213/  C1E6C0 : E948                    lsl.w   #4,d0
(1)  214/  C1E6C2 : 43F2 0000               lea     0(a2,d0),a1
(1)  215/  C1E6C6 :                     .awrite:
(1)  216/  C1E6C6 : 1219                    move.b  (a1)+,d1
(1)  217/  C1E6C8 : 4A01                    tst.b   d1
(1)  218/  C1E6CA : 67E4                    beq     .write
(1)  219/  C1E6CC : 33C1 003C 0002      	move.w  d1,REG_VRAMRW
 AS V1.42 Beta [Bld 311] - Source File main.asm(print.asm) - Page 149 - 9/11/2026 23:43:16


(1)  220/  C1E6D2 : 5202                	addq.b  #1,d2
(1)  221/  C1E6D4 : 60F0                    bra     .awrite
(1)  222/  C1E6D6 :                     .char:
(1)  223/  C1E6D6 : 33C1 003C 0002      	move.w  d1,REG_VRAMRW
(1)  224/  C1E6DC : 5202                	addq.b  #1,d2
(1)  225/  C1E6DE : 60D0                    bra     .write
(1)  226/  C1E6E0 :                     .strend:
(1)  227/  C1E6E0 :                         ; Pad to MAX_CHEAT_DESC if needed
(1)  228/  C1E6E0 : 123C 0020               move.b  #' ',d1
(1)  229/  C1E6E4 :                     .pad:
(1)  230/  C1E6E4 : B43C 0018               cmp.b   #MAX_CHEAT_DESC,d2
(1)  231/  C1E6E8 : 670A                    beq     .done
(1)  232/  C1E6EA : 33C1 003C 0002      	move.w  d1,REG_VRAMRW
(1)  233/  C1E6F0 : 5202                	addq.b  #1,d2
(1)  234/  C1E6F2 : 60F0                	bra     .pad
(1)  235/  C1E6F4 :                     .done:
(1)  236/  C1E6F4 : 4CDF 0207               movem.l (sp)+,d0-d2/a1
(1)  237/  C1E6F8 : 4E75                    rts
(1)  238/  C1E6FA :                     
(1)  239/  C1E6FA :                     
(1)  240/  C1E6FA :                     ; d0.b: Byte to write
(1)  241/  C1E6FA :                     ; Uses d1
(1)  242/  C1E6FA :                     WriteByte:
(1)  243/  C1E6FA : 4EB9 00C1 E700          jsr     .writebyte
(1)  244/  C1E700 :                     .writebyte:
(1)  245/  C1E700 : 3239 0011 C18A      	move.w  FixWriteConfig,d1
(1)  246/  C1E706 : E918                	rol.b   #4,d0
(1)  247/  C1E708 : 1200                	move.b  d0,d1
(1)  248/  C1E70A : 0201 000F           	andi.b  #$F,d1
(1)  249/  C1E70E : 0C01 0009           	cmpi.b  #9,d1
(1)  250/  C1E712 : 6304                	bls     .deci
(1)  251/  C1E714 : 0601 0007               addi.b  #7,d1
(1)  252/  C1E718 :                     .deci:
(1)  253/  C1E718 : 0601 0030               addi.b  #$30,d1
(1)  254/  C1E71C : 33C1 003C 0002      	move.w  d1,REG_VRAMRW
(1)  255/  C1E722 : 4E75                	rts
(1)  256/  C1E724 :                     
     234/  C1E724 :                     	INCLUDE "debug.asm"
(1)    1/  C1E724 :                     ; Copyright (C) 2020 Sean Gonsalves
(1)    2/  C1E724 :                     ;
(1)    3/  C1E724 :                     ; This file is part of Neo CD SD Loader.
(1)    4/  C1E724 :                     ;
(1)    5/  C1E724 :                     ; This program is free software; you can redistribute it and/or modify
(1)    6/  C1E724 :                     ; it under the terms of the GNU General Public License as published by
(1)    7/  C1E724 :                     ; the Free Software Foundation; either version 2, or (at your option)
(1)    8/  C1E724 :                     ; any later version.
(1)    9/  C1E724 :                     ;
(1)   10/  C1E724 :                     ; This program is distributed in the hope that it will be useful,
(1)   11/  C1E724 :                     ; but WITHOUT ANY WARRANTY; without even the implied warranty of
(1)   12/  C1E724 :                     ; MERCHANTABILITY or FITNESS FOR A PARTICULAR PURPOSE.  See the
(1)   13/  C1E724 :                     ; GNU General Public License for more details.
(1)   14/  C1E724 :                     ;
(1)   15/  C1E724 :                     ; You should have received a copy of the GNU General Public License
(1)   16/  C1E724 :                     ; along with this program; see the file COPYING.  If not, write to
(1)   17/  C1E724 :                     ; the Free Software Foundation, Inc., 51 Franklin Street,
(1)   18/  C1E724 :                     ; Boston, MA 02110-1301, USA.
(1)   19/  C1E724 :                     
(1)   20/  C1E724 : =>UNDEFINED             IFDEF DEBUGBUILD
(1)   21/  C1E724 :                     WarmResetTest:
(1)   22/  C1E724 :                         move.b  #0,REG_ENVIDEO      ; Copied from original routine, disables video
 AS V1.42 Beta [Bld 311] - Source File main.asm(debug.asm) - Page 150 - 9/11/2026 23:43:16


(1)   23/  C1E724 :                         cmp.w   #$201,$108          ; mslug NGH = 201
(1)   24/  C1E724 :                         ;beq     .gotmslug
(1)   25/  C1E724 :                         rts
(1)   26/  C1E724 :                     .gotmslug:
(1)   27/  C1E724 :                         move.b  #1,REG_DISBLSPR
(1)   28/  C1E724 :                         move.b  #0,REG_DISBLFIX
(1)   29/  C1E724 :                         move.b  #1,REG_ENVIDEO
(1)   30/  C1E724 :                         move.l  #NullIRQ,$68
(1)   31/  C1E724 :                     
(1)   32/  C1E724 :                         move.l  2(a7),PCERROR       ; Store PC from stack frame
(1)   33/  C1E724 :                         movem.l d0-d7/a0-a6,-(a7)   ; Store registers
(1)   34/  C1E724 :                         move.w  #RED,BACKDROP
(1)   35/  C1E724 :                         lea     FixStrWarmReset,a0
(1)   36/  C1E724 :                         jmp     DispExc
(1)   37/  C1E724 :                     
(1)   38/  C1E724 :                     NullIRQ:
(1)   39/  C1E724 :                         movem.l d0-a6,-(sp)
(1)   40/  C1E724 :                         move.b  d0,REG_DIPSW
(1)   41/  C1E724 :                         move.w  #4,REG_IRQACK
(1)   42/  C1E724 :                         movem.l (sp)+,d0-a6
(1)   43/  C1E724 :                         rte
(1)   44/  C1E724 :                     
(1)   45/  C1E724 :                     ;DrawProgressAnimation:
(1)   46/  C1E724 :                     ;	; Display sector counter at 20,16
(1)   47/  C1E724 :                     ;	move.w  #$3100,FixWriteConfig
(1)   48/  C1E724 :                     ;	move.w  #FIXMAP+16+(20*32),d0
(1)   49/  C1E724 :                     ;	move.w  $10F688,d2			; "SectorCounter"
(1)   50/  C1E724 :                     ;    jsr     WriteWord
(1)   51/  C1E724 :                     ;	rts
(1)   52/  C1E724 :                     	
(1)   53/  C1E724 :                     DebugDispFileName:
(1)   54/  C1E724 :                     	move.w  #$3100,FixWriteConfig
(1)   55/  C1E724 :                     
(1)   56/  C1E724 :                         lea     FixStrClear,a0
(1)   57/  C1E724 :                     	move.w  #FIXMAP+16+(4*32),d0
(1)   58/  C1E724 :                         jsr     WriteFix 			; Clear file name line
(1)   59/  C1E724 :                     
(1)   60/  C1E724 :                         movea.l $10F6A0,a0			; "FilenamePtr"
(1)   61/  C1E724 :                     	move.w  #FIXMAP+16+(4*32),d0
(1)   62/  C1E724 :                         jsr     WriteFix 			; Display filename
(1)   63/  C1E724 :                         rts
(1)   64/  C1E724 :                         
(1)   65/  C1E724 :                     DebugDispMSF:
(1)   66/  C1E724 :                         ; Display requested MSF at 6,3
(1)   67/  C1E724 :                     	;move.l  $10F6C8,d0			; Retrieve requested MSF
(1)   68/  C1E724 :                     	move.l  MSFCounter,d0
(1)   69/  C1E724 :                         lsr.l   #8,d0               ; Rightmost byte is unused
(1)   70/  C1E724 :                     	move.l  d0,FixValueList
(1)   71/  C1E724 :                         lea     FixStrReqSec,a0
(1)   72/  C1E724 :                     	move.w  #FIXMAP+3+(6*32),d0
(1)   73/  C1E724 :                     	jsr     WriteFix
(1)   74/  C1E724 :                     	move.b  d0,REG_DIPSW
(1)   75/  C1E724 :                     	rts
(1)   76/  C1E724 :                     
(1)   77/  C1E724 :                     DebugDispCDSectors:
(1)   78/  C1E724 :                         ; Display number of CD sectors to load at 6,5
(1)   79/  C1E724 :                     	moveq.l #0,d0
(1)   80/  C1E724 :                     	move.w  $10F688,d0			; Retrieve requested sector count to load
(1)   81/  C1E724 :                     	move.l  d0,FixValueList
(1)   82/  C1E724 :                         lea     FixStrCDSecCnt,a0
 AS V1.42 Beta [Bld 311] - Source File main.asm(debug.asm) - Page 151 - 9/11/2026 23:43:16


(1)   83/  C1E724 :                     	move.w  #FIXMAP+5+(6*32),d0
(1)   84/  C1E724 :                     	jsr     WriteFix
(1)   85/  C1E724 :                     	move.b  d0,REG_DIPSW
(1)   86/  C1E724 :                     	rts
(1)   87/  C1E724 : [20]                    ENDIF
(1)   88/  C1E724 :                     
(1)   89/  C1E724 :                     RefreshDump:
(1)   90/  C1E724 : 4EB9 00C1 E300      	jsr     ClearFix
(1)   91/  C1E72A :                     
(1)   92/  C1E72A : 33FC 3000 0011 C18A 	move.w  #$3000,FixWriteConfig	; Palette 3, bank 0
(1)   93/  C1E732 :                     
(1)   94/  C1E732 :                     	; Print address
(1)   95/  C1E732 : 41F9 0011 C140      	lea     FixValueList,a0
(1)   96/  C1E738 : 20C9                	move.l  a1,(a0)+
(1)   97/  C1E73A : 41F9 00C1 F4EC          lea     FixStrLongwordVal,a0
(1)   98/  C1E740 : 303C 7043           	move.w  #FIXMAP+3+(2*32),d0
(1)   99/  C1E744 : 4EB9 00C1 E528      	jsr     WriteFix
(1)  100/  C1E74A :                     
(1)  101/  C1E74A : 2449                	movea.l a1,a2
(1)  102/  C1E74C : 33FC 0020 003C 0004 	move.w  #32,REG_VRAMMOD
(1)  103/  C1E754 : 303C 70C5               move.w  #FIXMAP+5+(6*32),d0
(1)  104/  C1E758 : 3E3C 0018           	move.w  #24,d7			; 24 lines
(1)  105/  C1E75C :                     .writeblock:
(1)  106/  C1E75C : 33C0 003C 0000      	move.w  d0,REG_VRAMADDR
(1)  107/  C1E762 : 7200                	moveq.l #0,d1
(1)  108/  C1E764 : 3C3C 0010           	move.w  #16,d6			; 16 bytes per line (32 chars)
(1)  109/  C1E768 :                     .writeline:
(1)  110/  C1E768 : 13C0 0030 0001      	move.b  d0,REG_DIPSW
(1)  111/  C1E76E : 141A                	move.b  (a2)+,d2		; Read byte from memory
(1)  112/  C1E770 : 1202                	move.b  d2,d1 			; Split in nibbles
(1)  113/  C1E772 :                     
(1)  114/  C1E772 : E809                	lsr.b   #4,d1
(1)  115/  C1E774 : 4EB9 00C1 E37E      	jsr     Hexify
(1)  116/  C1E77A : 8279 0011 C18A      	or.w    FixWriteConfig,d1
(1)  117/  C1E780 : 33C1 003C 0002      	move.w  d1,REG_VRAMRW
(1)  118/  C1E786 :                     	
(1)  119/  C1E786 : 1202                	move.b  d2,d1
(1)  120/  C1E788 : 0201 000F           	andi.b  #$F,d1
(1)  121/  C1E78C : 4EB9 00C1 E37E      	jsr     Hexify
(1)  122/  C1E792 : 33C1 003C 0002      	move.w  d1,REG_VRAMRW
(1)  123/  C1E798 :                     
(1)  124/  C1E798 : 5306                	subq.b  #1,d6
(1)  125/  C1E79A : 66CC                	bne     .writeline
(1)  126/  C1E79C :                     
(1)  127/  C1E79C : 0640 0001           	addi.w  #1,d0			; Go down one line in the fix map
(1)  128/  C1E7A0 : 5307                	subq.b  #1,d7
(1)  129/  C1E7A2 : 66B8                	bne     .writeblock
(1)  130/  C1E7A4 : 4E75                	rts
(1)  131/  C1E7A6 :                     
(1)  132/  C1E7A6 :                     MemoryViewer:
(1)  133/  C1E7A6 : 13C0 0030 0001      	move.b  d0,REG_DIPSW
(1)  134/  C1E7AC :                     
(1)  135/  C1E7AC : 41F9 0040 0060      	lea     (2*16*3)+PALETTES,a0	; Set up palette 3 for text
(1)  136/  C1E7B2 : 30FC 8000           	move.w  #BLACK,(a0)+
(1)  137/  C1E7B6 : 30FC 7FFF           	move.w  #WHITE,(a0)+
(1)  138/  C1E7BA : 30BC 8000           	move.w  #BLACK,(a0)
(1)  139/  C1E7BE :                     
(1)  140/  C1E7BE : 4EB9 00C1 E724      	jsr     RefreshDump
(1)  141/  C1E7C4 :                     
(1)  142/  C1E7C4 : 13FC 0001 00FF 0119 	move.b  #1,REG_ENVIDEO
 AS V1.42 Beta [Bld 311] - Source File main.asm(debug.asm) - Page 152 - 9/11/2026 23:43:16


(1)  143/  C1E7CC : 13FC 0000 00FF 0111 	move.b  #0,REG_DISBLSPR
(1)  144/  C1E7D4 : 13FC 0000 00FF 0115 	move.b  #0,REG_DISBLFIX
(1)  145/  C1E7DC :                     
(1)  146/  C1E7DC :                     .loop:
(1)  147/  C1E7DC : 13C0 0030 0001      	move.b  d0,REG_DIPSW
(1)  148/  C1E7E2 :                     
(1)  149/  C1E7E2 : 1039 0030 0000      	move.b  REG_P1CNT,d0
(1)  150/  C1E7E8 : 4600                	not.b   d0
(1)  151/  C1E7EA : 1200                	move.b  d0,d1
(1)  152/  C1E7EC : B103                	eor.b   d0,d3
(1)  153/  C1E7EE : C600                    and.b   d0,d3
(1)  154/  C1E7F0 :                         
(1)  155/  C1E7F0 : 2EC1                    move.l  d1,(a7)+
(1)  156/  C1E7F2 :                     
(1)  157/  C1E7F2 : B63C 0001               cmp.b   #$01,d3
(1)  158/  C1E7F6 : 660C                    bne     .no_up
(1)  159/  C1E7F8 : 93FC 0000 0010      	subi.l  #16,a1				; UP: Address -= 16
(1)  160/  C1E7FE : 4EB9 00C1 E724      	jsr     RefreshDump
(1)  161/  C1E804 :                     .no_up:
(1)  162/  C1E804 : B63C 0002               cmp.b   #$02,d3
(1)  163/  C1E808 : 660C                    bne     .no_down
(1)  164/  C1E80A : D3FC 0000 0010      	addi.l  #16,a1				; DOWN: Address += 16
(1)  165/  C1E810 : 4EB9 00C1 E724      	jsr     RefreshDump
(1)  166/  C1E816 :                     .no_down:
(1)  167/  C1E816 : B63C 0004               cmp.b   #$04,d3
(1)  168/  C1E81A : 660C                    bne     .no_left
(1)  169/  C1E81C : 93FC 0000 0100      	subi.l  #256,a1				; LEFT: Address -= 256
(1)  170/  C1E822 : 4EB9 00C1 E724      	jsr     RefreshDump
(1)  171/  C1E828 :                     .no_left:
(1)  172/  C1E828 : B63C 0008               cmp.b   #$08,d3
(1)  173/  C1E82C : 660C                    bne     .no_right
(1)  174/  C1E82E : D3FC 0000 0100      	addi.l  #256,a1				; RIGHT: Address += 256
(1)  175/  C1E834 : 4EB9 00C1 E724      	jsr     RefreshDump
(1)  176/  C1E83A :                     .no_right:
(1)  177/  C1E83A :                     
(1)  178/  C1E83A : 2227                    move.l  -(a7),d1
(1)  179/  C1E83C :                     
(1)  180/  C1E83C : 1601                    move.b  d1,d3
(1)  181/  C1E83E : 609C                    bra     .loop
(1)  182/  C1E840 :                         
(1)  183/  C1E840 : =>UNDEFINED             IFDEF MAMEDEBUG
(1)  184/  C1E840 :                     DebugSetupMain:
(1)  185/  C1E840 :                         ; Set up a fake game file list for debugging
(1)  186/  C1E840 :                     	lea     GameDebugList,a0
(1)  187/  C1E840 :                     	lea     FileList,a1
(1)  188/  C1E840 :                     	move.w  #DEBUGFILECOUNT*FileEntry_LEN,d7
(1)  189/  C1E840 :                     .debug_game_list:
(1)  190/  C1E840 :                     	move.b  (a0)+,(a1)+
(1)  191/  C1E840 :                     	subq.w  #1,d7
(1)  192/  C1E840 :                     	bne     .debug_game_list
(1)  193/  C1E840 :                     	move.w  #DEBUGFILECOUNT,TotalFileCount
(1)  194/  C1E840 :                     
(1)  195/  C1E840 :                     	; DEBUG - Load embedded BMP data for custom bg
(1)  196/  C1E840 :                     	lea     DebugCustomBgData,a0
(1)  197/  C1E840 :                         ; Check BM magic at 00
(1)  198/  C1E840 :                         cmp.w   #$424D,$0(a0)
(1)  199/  C1E840 :                         bne     .bmpfail
(1)  200/  C1E840 :                         ; Check 320px at 12
(1)  201/  C1E840 :                         cmp.l   #$40010000,$12(a0)
(1)  202/  C1E840 :                         bne     .bmpfail
 AS V1.42 Beta [Bld 311] - Source File main.asm(debug.asm) - Page 153 - 9/11/2026 23:43:16


(1)  203/  C1E840 :                         ; Check 224px at 16
(1)  204/  C1E840 :                         cmp.l   #$E0000000,$16(a0)
(1)  205/  C1E840 :                         bne     .bmpfail
(1)  206/  C1E840 :                         ; Check 4bpp at 1C
(1)  207/  C1E840 :                         cmp.w   #$0400,$1C(a0)
(1)  208/  C1E840 :                         bne     .bmpfail
(1)  209/  C1E840 :                         ; Check no compression 0 at 1E
(1)  210/  C1E840 :                         cmp.l   #0,$1E(a0)
(1)  211/  C1E840 :                         bne     .bmpfail
(1)  212/  C1E840 :                         ; Get pixel data pointer from 0A
(1)  213/  C1E840 :                         move.l  $A(a0),d0       ; DD CC BB AA
(1)  214/  C1E840 :                         rol.w   #8,d0           ; DD CC AA BB
(1)  215/  C1E840 :                         swap.l  d0              ; AA BB DD CC
(1)  216/  C1E840 :                         rol.w   #8,d0           ; AA BB CC DD
(1)  217/  C1E840 :                         move.l  d0,a2
(1)  218/  C1E840 :                         add.l   a0,a2
(1)  219/  C1E840 :                         ; Get size of header from 0E
(1)  220/  C1E840 :                         move.l  $E(a0),d0       ; DD CC BB AA
(1)  221/  C1E840 :                         rol.w   #8,d0           ; DD CC AA BB
(1)  222/  C1E840 :                         swap.l  d0              ; AA BB DD CC
(1)  223/  C1E840 :                         rol.w   #8,d0           ; AA BB CC DD
(1)  224/  C1E840 :                         addi.l  #$E,d0
(1)  225/  C1E840 :                         add.l   d0,a0
(1)  226/  C1E840 :                         ; Load palette (4 bytes RGBA per entry * 16)
(1)  227/  C1E840 :                         lea     (PALETTES+(2*16*16)),a1     ; Palette #16
(1)  228/  C1E840 :                         moveq.l #16,d7
(1)  229/  C1E840 :                     .convertpal:
(1)  230/  C1E840 :                         moveq.l #0,d1
(1)  231/  C1E840 :                         move.b  (a0)+,d0    ; B
(1)  232/  C1E840 :                         lsr.b   #4,d0
(1)  233/  C1E840 :                         andi.w  #$000F,d0
(1)  234/  C1E840 :                         or.w    d0,d1
(1)  235/  C1E840 :                         move.b  (a0)+,d0    ; G
(1)  236/  C1E840 :                         lsr.b   #4,d0
(1)  237/  C1E840 :                         lsl.w   #4,d0
(1)  238/  C1E840 :                         andi.w  #$00F0,d0
(1)  239/  C1E840 :                         or.w    d0,d1
(1)  240/  C1E840 :                         move.b  (a0)+,d0    ; R
(1)  241/  C1E840 :                         lsr.b   #4,d0
(1)  242/  C1E840 :                         lsl.w   #8,d0
(1)  243/  C1E840 :                         andi.w  #$0F00,d0
(1)  244/  C1E840 :                         or.w    d0,d1
(1)  245/  C1E840 :                         move.w  d1,(a1)+
(1)  246/  C1E840 :                         move.b  (a0)+,d0    ; Skip A
(1)  247/  C1E840 :                         subq.w  #1,d7
(1)  248/  C1E840 :                         bne     .convertpal
(1)  249/  C1E840 :                         ; Copy color #0 to BACKDROP
(1)  250/  C1E840 :                         move.w  (PALETTES+(2*16*16)),BACKDROP
(1)  251/  C1E840 :                     
(1)  252/  C1E840 :                         move.b  #1,REG_DISBLSPR
(1)  253/  C1E840 :                         move.b  #1,REG_UPLOAD_EN
(1)  254/  C1E840 :                         move.b  d0,REG_UPMAPSPR
(1)  255/  C1E840 :                         move.b  #0,REG_TRANSAREA
(1)  256/  C1E840 :                     
(1)  257/  C1E840 :                         ; Load pixels
(1)  258/  C1E840 :                         lea     LUTIndexToBitplane,a0
(1)  259/  C1E840 :                         ; Start at bottom left pixel of bottom left tile
(1)  260/  C1E840 :                         ; Pen and paper required...
(1)  261/  C1E840 :                         lea     ($E00000+(256*128)+(128*14)-4),a4
(1)  262/  C1E840 :                     
 AS V1.42 Beta [Bld 311] - Source File main.asm(debug.asm) - Page 154 - 9/11/2026 23:43:16


(1)  263/  C1E840 :                         move.l  #14,d4
(1)  264/  C1E840 :                     .fullheight:
(1)  265/  C1E840 :                         move.l  a4,a3
(1)  266/  C1E840 :                         subi.l  #128,a4
(1)  267/  C1E840 :                     
(1)  268/  C1E840 :                         move.l  #16,d5
(1)  269/  C1E840 :                     .tileheight:
(1)  270/  C1E840 :                         move.l  a3,a1
(1)  271/  C1E840 :                         subi.l  #4,a3
(1)  272/  C1E840 :                     
(1)  273/  C1E840 :                         moveq.l #20,d6
(1)  274/  C1E840 :                     .sixteenpixelsrow:
(1)  275/  C1E840 :                     
(1)  276/  C1E840 :                         moveq.l #0,d0
(1)  277/  C1E840 :                         move.l  d0,d1
(1)  278/  C1E840 :                         move.l  d0,d2       ; 4 bitplane * 8 bit shift register
(1)  279/  C1E840 :                         moveq.l #4,d7
(1)  280/  C1E840 :                     .rowa:
(1)  281/  C1E840 :                         move.b  (a2)+,d1    ; Left pixel A
(1)  282/  C1E840 :                         move.b  d1,d0
(1)  283/  C1E840 :                         lsr.b   #4,d1
(1)  284/  C1E840 :                         lsl.b   #2,d1
(1)  285/  C1E840 :                         lsr.l   #1,d2
(1)  286/  C1E840 :                         or.l    0(a0,d1),d2
(1)  287/  C1E840 :                         andi.b  #$F,d0      ; Right pixel A
(1)  288/  C1E840 :                         lsl.b   #2,d0
(1)  289/  C1E840 :                         lsr.l   #1,d2
(1)  290/  C1E840 :                         or.l    0(a0,d0),d2
(1)  291/  C1E840 :                         subq.b  #1,d7
(1)  292/  C1E840 :                         bne     .rowa
(1)  293/  C1E840 :                         move.l  d2,0(a1)
(1)  294/  C1E840 :                     
(1)  295/  C1E840 :                         moveq.l #0,d0
(1)  296/  C1E840 :                         move.l  d0,d1
(1)  297/  C1E840 :                         move.l  d0,d2       ; 4 bitplane * 8 bit shift register
(1)  298/  C1E840 :                         moveq.l #4,d7
(1)  299/  C1E840 :                     .rowb:
(1)  300/  C1E840 :                         move.b  (a2)+,d1    ; Left pixel B
(1)  301/  C1E840 :                         move.b  d1,d0
(1)  302/  C1E840 :                         lsr.b   #4,d1
(1)  303/  C1E840 :                         lsl.b   #2,d1
(1)  304/  C1E840 :                         lsr.l   #1,d2
(1)  305/  C1E840 :                         or.l    0(a0,d1),d2
(1)  306/  C1E840 :                         andi.b  #$F,d0      ; Right pixel B
(1)  307/  C1E840 :                         lsl.b   #2,d0
(1)  308/  C1E840 :                         lsr.l   #1,d2
(1)  309/  C1E840 :                         or.l    0(a0,d0),d2
(1)  310/  C1E840 :                         subq.b  #1,d7
(1)  311/  C1E840 :                         bne     .rowb
(1)  312/  C1E840 :                         move.l  d2,-64(a1)
(1)  313/  C1E840 :                         
(1)  314/  C1E840 :                         lea     128*14(a1),a1
(1)  315/  C1E840 :                     
(1)  316/  C1E840 :                         subq.w  #1,d6
(1)  317/  C1E840 :                         bne     .sixteenpixelsrow
(1)  318/  C1E840 :                     
(1)  319/  C1E840 :                         subq.w  #1,d5
(1)  320/  C1E840 :                         bne     .tileheight
(1)  321/  C1E840 :                     
(1)  322/  C1E840 :                         subq.w  #1,d4
 AS V1.42 Beta [Bld 311] - Source File main.asm(debug.asm) - Page 155 - 9/11/2026 23:43:16


(1)  323/  C1E840 :                         bne     .fullheight
(1)  324/  C1E840 :                     
(1)  325/  C1E840 :                         st.b    CustomBGLoaded
(1)  326/  C1E840 :                     
(1)  327/  C1E840 :                         move.b  d0,REG_UPUNMAPSPR
(1)  328/  C1E840 :                         move.b  #0,REG_UPLOAD_EN
(1)  329/  C1E840 :                         move.b  #0,REG_DISBLSPR
(1)  330/  C1E840 :                     
(1)  331/  C1E840 :                     .bmpfail:
(1)  332/  C1E840 :                         rts
(1)  333/  C1E840 : [183]                   ENDIF
(1)  334/  C1E840 :                     
(1)  335/  C1E840 :                     	
(1)  336/  C1E840 :                     ; Required for mslug ! Otherwise a watchdog reset occurs after IPL
(1)  337/  C1E840 :                     SYSTEM_IO_WDKICK:
(1)  338/  C1E840 :                         ;lea    $108000,a0
(1)  339/  C1E840 : 13C0 0030 0001          move.b d0,REG_DIPSW
(1)  340/  C1E846 :                     
(1)  341/  C1E846 : =>DEFINED               IFDEF 0
(1)  342/  C1E846 :                         ; DEBUG: A+D -> Memory viewer
(1)  343/  C1E846 : 1039 0010 FD96          move.b  BIOS_P1CURRENT,d0
(1)  344/  C1E84C : B03C 0090           	cmp.b   #$90,d0
(1)  345/  C1E850 : 660C                    bne     .no_view
(1)  346/  C1E852 : 227C 0000 D190          movea.l #$00D190,a1
(1)  347/  C1E858 : 4EF9 00C1 E7A6          jmp     MemoryViewer
(1)  348/  C1E85E :                     .no_view:
(1)  349/  C1E85E :                     
(1)  350/  C1E85E :                         ; DEBUG: A+B -> Send $000000~$1FFFFF to MCU
(1)  351/  C1E85E : 1039 0010 FD96          move.b  BIOS_P1CURRENT,d0
(1)  352/  C1E864 : B03C 0030           	cmp.b   #$30,d0
(1)  353/  C1E868 : 6600 008E               bne     .no_dump
(1)  354/  C1E86C :                         
(1)  355/  C1E86C : 207C 0000 0000          movea.l #$000000,a0
(1)  356/  C1E872 : 363C 0000           	move.w  #MCU_CMD_TEST,d3
(1)  357/  C1E876 : 2C3C 0008 0000          move.l  #($200000)/4,d6
(1)  358/  C1E87C :                     .sendloop:
(1)  359/  C1E87C : 13C0 0030 0001          move.b  d0,REG_DIPSW
(1)  360/  C1E882 :                     
(1)  361/  C1E882 : 1039 0030 0000          move.b  REG_P1CNT,d0       ; C: Abort dump
(1)  362/  C1E888 : 0800 0006           	btst    #CNT_C,d0
(1)  363/  C1E88C : 676A                    beq     .no_dump
(1)  364/  C1E88E :                     
(1)  365/  C1E88E : 33C3 00C1 E000      	move.w  d3,CPLDREG_DATA    ; Write to MCU, lower byte of CPLDREG_DATA
(1)  366/  C1E894 : 4EB9 00C1 C7BE          jsr     MCUWaitAck
(1)  367/  C1E89A : 6556                    bcs     .timeout
(1)  368/  C1E89C : 2818                    move.l  (a0)+,d4
(1)  369/  C1E89E : E19C                	rol.l   #8,d4              ; BBCCDDAA
(1)  370/  C1E8A0 : 33C4 00C1 E000      	move.w  d4,CPLDREG_DATA    ; Write to MCU, lower byte of CPLDREG_DATA
(1)  371/  C1E8A6 : 4EB9 00C1 C7BE          jsr     MCUWaitAck
(1)  372/  C1E8AC : 6544                    bcs     .timeout
(1)  373/  C1E8AE : E19C                	rol.l   #8,d4              ; CCDDAABB
(1)  374/  C1E8B0 : 33C4 00C1 E000      	move.w  d4,CPLDREG_DATA    ; Write to MCU, lower byte of CPLDREG_DATA
(1)  375/  C1E8B6 : 4EB9 00C1 C7BE          jsr     MCUWaitAck
(1)  376/  C1E8BC : 6534                    bcs     .timeout
(1)  377/  C1E8BE : E19C                	rol.l   #8,d4              ; DDAABBCC
(1)  378/  C1E8C0 : 33C4 00C1 E000      	move.w  d4,CPLDREG_DATA    ; Write to MCU, lower byte of CPLDREG_DATA
(1)  379/  C1E8C6 : 4EB9 00C1 C7BE          jsr     MCUWaitAck
(1)  380/  C1E8CC : 6524                    bcs     .timeout
(1)  381/  C1E8CE : E19C                	rol.l   #8,d4              ; AABBCCDD
(1)  382/  C1E8D0 : 33C4 00C1 E000      	move.w  d4,CPLDREG_DATA    ; Write to MCU, lower byte of CPLDREG_DATA
 AS V1.42 Beta [Bld 311] - Source File main.asm(debug.asm) - Page 156 - 9/11/2026 23:43:16


(1)  383/  C1E8D6 : 4EB9 00C1 C7BE          jsr     MCUWaitAck
(1)  384/  C1E8DC : 6514                    bcs     .timeout
(1)  385/  C1E8DE :                     
(1)  386/  C1E8DE : 33C0 00C1 E100      	move.w  d0,CPLDREG_EXEC
(1)  387/  C1E8E4 : 4EB9 00C1 C7F0          jsr     MCUWaitExec
(1)  388/  C1E8EA : 6506                    bcs     .timeout
(1)  389/  C1E8EC :                     
(1)  390/  C1E8EC : 5386                    subq.l  #1,d6
(1)  391/  C1E8EE : 668C                    bne     .sendloop
(1)  392/  C1E8F0 :                     
(1)  393/  C1E8F0 : 6006                    bra     .no_dump
(1)  394/  C1E8F2 :                     
(1)  395/  C1E8F2 :                     .timeout:
(1)  396/  C1E8F2 : 4EB9 00C1 9914      	jsr     DispErrorTimeout
(1)  397/  C1E8F8 :                     
(1)  398/  C1E8F8 :                     .no_dump:
(1)  399/  C1E8F8 : [341]                   ENDIF
(1)  400/  C1E8F8 :                     
(1)  401/  C1E8F8 : 4BF9 0010 8000          lea    $108000,a5
(1)  402/  C1E8FE : 4E75                    rts
(1)  403/  C1E900 :                     
(1)  404/  C1E900 :                     
     235/  C1E900 :                         INCLUDE "exceptions.asm"
(1)    1/  C1E900 :                     ; Copyright (C) 2020 Sean Gonsalves
(1)    2/  C1E900 :                     ;
(1)    3/  C1E900 :                     ; This file is part of Neo CD SD Loader.
(1)    4/  C1E900 :                     ;
(1)    5/  C1E900 :                     ; This program is free software; you can redistribute it and/or modify
(1)    6/  C1E900 :                     ; it under the terms of the GNU General Public License as published by
(1)    7/  C1E900 :                     ; the Free Software Foundation; either version 2, or (at your option)
(1)    8/  C1E900 :                     ; any later version.
(1)    9/  C1E900 :                     ;
(1)   10/  C1E900 :                     ; This program is distributed in the hope that it will be useful,
(1)   11/  C1E900 :                     ; but WITHOUT ANY WARRANTY; without even the implied warranty of
(1)   12/  C1E900 :                     ; MERCHANTABILITY or FITNESS FOR A PARTICULAR PURPOSE.  See the
(1)   13/  C1E900 :                     ; GNU General Public License for more details.
(1)   14/  C1E900 :                     ;
(1)   15/  C1E900 :                     ; You should have received a copy of the GNU General Public License
(1)   16/  C1E900 :                     ; along with this program; see the file COPYING.  If not, write to
(1)   17/  C1E900 :                     ; the Free Software Foundation, Inc., 51 Franklin Street,
(1)   18/  C1E900 :                     ; Boston, MA 02110-1301, USA.
(1)   19/  C1E900 :                     
(1)   20/  C1E900 :                     ErrBus:
(1)   21/  C1E900 : 23EF 000A 0011 C186     move.l  10(a7),PCERROR      ; Store PC from stack frame
(1)   22/  C1E908 : 48E7 FFFE               movem.l d0-d7/a0-a6,-(a7)   ; Store registers
(1)   23/  C1E90C : 33FC 20F0 0040 1FFE     move.w  #GREEN,BACKDROP
(1)   24/  C1E914 : 41F9 00C1 F622          lea     FixStrErrBus,a0
(1)   25/  C1E91A : 4EF9 00C1 E9A0          jmp     DispExc
(1)   26/  C1E920 :                     
(1)   27/  C1E920 :                     ErrAddr:
(1)   28/  C1E920 : 23EF 000A 0011 C186     move.l  10(a7),PCERROR      ; Store PC from stack frame, 2(a7) is the address value that caused the error
(1)   29/  C1E928 : 48E7 FFFE               movem.l d0-d7/a0-a6,-(a7)   ; Store registers
(1)   30/  C1E92C : 33FC 100F 0040 1FFE     move.w  #BLUE,BACKDROP
(1)   31/  C1E934 : 41F9 00C1 F62C          lea     FixStrErrAddr,a0
(1)   32/  C1E93A : 4EF9 00C1 E9A0          jmp     DispExc
(1)   33/  C1E940 :                         
(1)   34/  C1E940 :                     ErrIllegal:
(1)   35/  C1E940 : 23EF 0002 0011 C186     move.l  2(a7),PCERROR       ; Store PC from stack frame
(1)   36/  C1E948 : 48E7 FFFE               movem.l d0-d7/a0-a6,-(a7)   ; Store registers
(1)   37/  C1E94C : 33FC 6FF0 0040 1FFE     move.w  #YELLOW,BACKDROP
 AS V1.42 Beta [Bld 311] - Source File main.asm(exceptions.asm) - Page 157 - 9/11/2026 23:43:16


(1)   38/  C1E954 : 41F9 00C1 F63A          lea     FixStrErrIllegal,a0
(1)   39/  C1E95A : 4EF9 00C1 E9A0          jmp     DispExc
(1)   40/  C1E960 :                     
(1)   41/  C1E960 :                     ErrGeneric:
(1)   42/  C1E960 : 23EF 0002 0011 C186     move.l  2(a7),PCERROR       ; Store PC from stack frame
(1)   43/  C1E968 : 48E7 FFFE               movem.l d0-d7/a0-a6,-(a7)   ; Store registers
(1)   44/  C1E96C : 33FC 5F0F 0040 1FFE     move.w  #MAGENTA,BACKDROP
(1)   45/  C1E974 : 41F9 00C1 F64E          lea     FixStrErrGeneric,a0
(1)   46/  C1E97A : 4EF9 00C1 E9A0          jmp     DispExc
(1)   47/  C1E980 :                     
(1)   48/  C1E980 :                     ErrUninit:
(1)   49/  C1E980 : 23EF 0002 0011 C186     move.l  2(a7),PCERROR       ; Store PC from stack frame
(1)   50/  C1E988 : 48E7 FFFE               movem.l d0-d7/a0-a6,-(a7)   ; Store registers
(1)   51/  C1E98C : 33FC 30FF 0040 1FFE     move.w  #CYAN,BACKDROP
(1)   52/  C1E994 : 41F9 00C1 F65B          lea     FixStrErrUninit,a0
(1)   53/  C1E99A : 4EF9 00C1 E9A0          jmp     DispExc
(1)   54/  C1E9A0 :                         
(1)   55/  C1E9A0 :                     
(1)   56/  C1E9A0 :                     DispExc:
(1)   57/  C1E9A0 : 13C0 0030 0001          move.b  d0,REG_DIPSW
(1)   58/  C1E9A6 : 007C 0700           	ori.w   #$0700,sr
(1)   59/  C1E9AA :                     
(1)   60/  C1E9AA :                     	; Load 8x8 charset
(1)   61/  C1E9AA : 13FC 0011 0010 FEDA     move.b  #$11,BIOS_UPZONE
(1)   62/  C1E9B2 : 42B9 0010 FEF4          clr.l   BIOS_UPDEST
(1)   63/  C1E9B8 : 23FC 0000 2000 0010     move.l  #$2000,BIOS_UPSIZE
           C1E9C0 : FEFC               
(1)   64/  C1E9C2 : 23FC 00C5 FEB0 0010     move.l  #$C5FEB0,BIOS_UPSRC
           C1E9CA : FEF8               
(1)   65/  C1E9CC : 4EB9 00C0 0546          jsr     $C00546             ; BIOSF_UPLOAD
(1)   66/  C1E9D2 :                     
(1)   67/  C1E9D2 : 13C0 0030 0001          move.b  d0,REG_DIPSW
(1)   68/  C1E9D8 : 33FC 3000 0011 C18A 	move.w  #$3000,FixWriteConfig
(1)   69/  C1E9E0 :                     
(1)   70/  C1E9E0 : 303C 7085           	move.w  #FIXMAP+5+(4*32),d0
(1)   71/  C1E9E4 : 4EB9 00C1 E528      	jsr     WriteFix
(1)   72/  C1E9EA :                     
(1)   73/  C1E9EA : 41F9 0040 0060      	lea     (2*16*3)+PALETTES,a0	; Set up palette 3 for text
(1)   74/  C1E9F0 : 30FC 8000           	move.w  #BLACK,(a0)+
(1)   75/  C1E9F4 : 30FC 7FFF           	move.w  #WHITE,(a0)+
(1)   76/  C1E9F8 : 30BC 8000           	move.w  #BLACK,(a0)
(1)   77/  C1E9FC :                     
(1)   78/  C1E9FC :                     	;subi.l  #60,a7				; Rewind stack pointer
(1)   79/  C1E9FC : 41F9 0011 C140          lea     FixValueList,a0
(1)   80/  C1EA02 : 1E3C 0008               move.b  #8,d7
(1)   81/  C1EA06 :                     .loadDRegs:
(1)   82/  C1EA06 : 20DF                	move.l  (a7)+,(a0)+
(1)   83/  C1EA08 : 5307                	subq.b  #1,d7
(1)   84/  C1EA0A : 66FA                	bne     .loadDRegs
(1)   85/  C1EA0C : 41F9 00C1 F675          lea     FixStrDRegsDump,a0
(1)   86/  C1EA12 : 303C 7086           	move.w  #FIXMAP+6+(4*32),d0
(1)   87/  C1EA16 : 4EB9 00C1 E528      	jsr     WriteFix
(1)   88/  C1EA1C :                     
(1)   89/  C1EA1C : 41F9 0011 C140          lea     FixValueList,a0
(1)   90/  C1EA22 : 1E3C 0007               move.b  #7,d7
(1)   91/  C1EA26 :                     .loadARegs:
(1)   92/  C1EA26 : 20DF                	move.l  (a7)+,(a0)+
(1)   93/  C1EA28 : 5307                	subq.b  #1,d7
(1)   94/  C1EA2A : 66FA                	bne     .loadARegs
(1)   95/  C1EA2C : 20B9 0011 C186      	move.l  PCERROR,(a0)
 AS V1.42 Beta [Bld 311] - Source File main.asm(exceptions.asm) - Page 158 - 9/11/2026 23:43:16


(1)   96/  C1EA32 : 41F9 00C1 F6AB          lea     FixStrARegsDump,a0
(1)   97/  C1EA38 : 303C 7206           	move.w  #FIXMAP+6+(16*32),d0
(1)   98/  C1EA3C : 4EB9 00C1 E528      	jsr     WriteFix
(1)   99/  C1EA42 :                     
(1)  100/  C1EA42 : 13C0 0030 0001          move.b  d0,REG_DIPSW
(1)  101/  C1EA48 : 41F9 0011 C140          lea     FixValueList,a0
(1)  102/  C1EA4E : 20F8 0068               move.l  $68,(a0)+
(1)  103/  C1EA52 : 10B9 00C0 AF6A          move.b  $C0AF6A,(a0)    ; Used to check patch version
(1)  104/  C1EA58 : 41F9 00C1 F614          lea     FixStrVBL,a0
(1)  105/  C1EA5E : 303C 708F           	move.w  #FIXMAP+15+(4*32),d0
(1)  106/  C1EA62 : 4EB9 00C1 E528      	jsr     WriteFix
(1)  107/  C1EA68 :                     
(1)  108/  C1EA68 : 41F9 0011 C140          lea     FixValueList,a0
(1)  109/  C1EA6E : 224F                    move.l  a7,a1
(1)  110/  C1EA70 : 20C9                	move.l  a1,(a0)+
(1)  111/  C1EA72 : 1E3C 0028               move.b  #40,d7
(1)  112/  C1EA76 :                     .loadstackvalues:
(1)  113/  C1EA76 : 10D9                	move.b  (a1)+,(a0)+
(1)  114/  C1EA78 : 5307                	subq.b  #1,d7
(1)  115/  C1EA7A : 66FA                	bne     .loadstackvalues
(1)  116/  C1EA7C : 41F9 00C1 F6E1          lea     FixStrStackDump,a0
(1)  117/  C1EA82 : 303C 7091           	move.w  #FIXMAP+17+(4*32),d0
(1)  118/  C1EA86 : 4EB9 00C1 E528      	jsr     WriteFix
(1)  119/  C1EA8C :                     
(1)  120/  C1EA8C : 13C0 0030 0001          move.b  d0,REG_DIPSW
(1)  121/  C1EA92 : 41F9 0011 C140          lea     FixValueList,a0
(1)  122/  C1EA98 : 2039 0011 C186          move.l  PCERROR,d0
(1)  123/  C1EA9E : 5180                    subq.l  #8,d0
(1)  124/  C1EAA0 : 2240                    movea.l d0,a1
(1)  125/  C1EAA2 : 1E3C 0010               move.b  #16,d7
(1)  126/  C1EAA6 :                     .loadatpcvalues:
(1)  127/  C1EAA6 : 10D9                	move.b  (a1)+,(a0)+
(1)  128/  C1EAA8 : 5307                	subq.b  #1,d7
(1)  129/  C1EAAA : 66FA                	bne     .loadatpcvalues
(1)  130/  C1EAAC : 41F9 00C1 F728          lea     FixStrAtPCDump,a0
(1)  131/  C1EAB2 : 303C 7098           	move.w  #FIXMAP+24+(4*32),d0
(1)  132/  C1EAB6 : 4EB9 00C1 E528      	jsr     WriteFix
(1)  133/  C1EABC :                     
(1)  134/  C1EABC : 13FC 0001 00FF 0119 	move.b  #1,REG_ENVIDEO
(1)  135/  C1EAC4 : 13FC 0000 00FF 0111 	move.b  #0,REG_DISBLSPR
(1)  136/  C1EACC : 13FC 0000 00FF 0115 	move.b  #0,REG_DISBLFIX
(1)  137/  C1EAD4 :                     
(1)  138/  C1EAD4 : 4EF9 00C1 EADA      	jmp     Lockup
(1)  139/  C1EADA :                     
(1)  140/  C1EADA :                     ;ErrSD:
(1)  141/  C1EADA :                     ;	move.w  #$0000,FixWriteConfig
(1)  142/  C1EADA :                     ;
(1)  143/  C1EADA :                     ;	lea     PALETTES,a0			; Set up palettes for text
(1)  144/  C1EADA :                     ;	move.w  #BLACK,(a0)+
(1)  145/  C1EADA :                     ;	move.w  #WHITE,(a0)+
(1)  146/  C1EADA :                     ;	move.w  #BLACK,(a0)
(1)  147/  C1EADA :                     ;
(1)  148/  C1EADA :                     ;	move.b  d0,REG_DIPSW
(1)  149/  C1EADA :                     ;
(1)  150/  C1EADA :                     ;	jsr     ClearFix
(1)  151/  C1EADA :                     ;
(1)  152/  C1EADA :                     ;	; Print error message
(1)  153/  C1EADA :                     ;    lea     ErrFixStrList,a0
(1)  154/  C1EADA :                     ;	add.w   d0,d0
(1)  155/  C1EADA :                     ;	add.w   d0,d0
 AS V1.42 Beta [Bld 311] - Source File main.asm(exceptions.asm) - Page 159 - 9/11/2026 23:43:16


(1)  156/  C1EADA :                     ;	adda.l  d0,a0
(1)  157/  C1EADA :                     ;	movea.l (a0),a0
(1)  158/  C1EADA :                     ;	move.w  #FIXMAP+4+(4*32),d0
(1)  159/  C1EADA :                     ;	jsr     WriteFix
(1)  160/  C1EADA :                     ;
(1)  161/  C1EADA :                     ;    ; Display requested MSF
(1)  162/  C1EADA :                     ;	move.l  $10F6C8,d0			; Retrieve requested MSF
(1)  163/  C1EADA :                     ;	lsr.l   #8,d0               ; Rightmost byte is unused
(1)  164/  C1EADA :                     ;	move.l  d0,FixValueList
(1)  165/  C1EADA :                     ;    lea     FixStrReqSec,a0
(1)  166/  C1EADA :                     ;	move.w  #FIXMAP+14+(4*32),d0
(1)  167/  C1EADA :                     ;	jsr     WriteFix
(1)  168/  C1EADA :                     ;
(1)  169/  C1EADA :                     ;	jsr     DebugDispFileName
(1)  170/  C1EADA :                     ;
(1)  171/  C1EADA :                     ;	move.b  #1,REG_ENVIDEO
(1)  172/  C1EADA :                     ;	move.b  #0,REG_DISBLSPR
(1)  173/  C1EADA :                     ;	move.b  #0,REG_DISBLFIX
(1)  174/  C1EADA :                     ;
(1)  175/  C1EADA :                     ;	jmp     Lockup
(1)  176/  C1EADA :                     ;
(1)  177/  C1EADA :                     
(1)  178/  C1EADA :                     Lockup:
(1)  179/  C1EADA : 13C0 0030 0001      	move.b  d0,REG_DIPSW
(1)  180/  C1EAE0 : 1039 0010 FD96          move.b  BIOS_P1CURRENT,d0
(1)  181/  C1EAE6 : B03C 00F0               cmp.b   #$F0,d0				; A+B+C+D
(1)  182/  C1EAEA : 66EE                    bne     Lockup
(1)  183/  C1EAEC : 4EF9 00C0 0402      	jmp     $C00402				; Reset
(1)  184/  C1EAF2 :                     
     236/  C1EAF2 :                     	INCLUDE "strings.asm"
(1)    1/  C1EAF2 :                     ; Copyright (C) 2020 Sean Gonsalves
(1)    2/  C1EAF2 :                     ;
(1)    3/  C1EAF2 :                     ; This file is part of Neo CD SD Loader.
(1)    4/  C1EAF2 :                     ;
(1)    5/  C1EAF2 :                     ; This program is free software; you can redistribute it and/or modify
(1)    6/  C1EAF2 :                     ; it under the terms of the GNU General Public License as published by
(1)    7/  C1EAF2 :                     ; the Free Software Foundation; either version 2, or (at your option)
(1)    8/  C1EAF2 :                     ; any later version.
(1)    9/  C1EAF2 :                     ;
(1)   10/  C1EAF2 :                     ; This program is distributed in the hope that it will be useful,
(1)   11/  C1EAF2 :                     ; but WITHOUT ANY WARRANTY; without even the implied warranty of
(1)   12/  C1EAF2 :                     ; MERCHANTABILITY or FITNESS FOR A PARTICULAR PURPOSE.  See the
(1)   13/  C1EAF2 :                     ; GNU General Public License for more details.
(1)   14/  C1EAF2 :                     ;
(1)   15/  C1EAF2 :                     ; You should have received a copy of the GNU General Public License
(1)   16/  C1EAF2 :                     ; along with this program; see the file COPYING.  If not, write to
(1)   17/  C1EAF2 :                     ; the Free Software Foundation, Inc., 51 Franklin Street,
(1)   18/  C1EAF2 :                     ; Boston, MA 02110-1301, USA.
(1)   19/  C1EAF2 :                     
(1)   20/  C1EAF2 :                     	PADDING OFF
(1)   21/  C1EAF2 :                     
(1)   22/  C1EAF2 :                     ; See print.asm for special char codes
(1)   23/  C1EAF2 : =>FALSE                 IF 0
(1)   24/  C1EAF2 :                     StrDebugSSVRAM:
(1)   25/  C1EAF2 :                         dc.b "VRAM...    ",0
(1)   26/  C1EAF2 :                     StrDebugSSPal:
(1)   27/  C1EAF2 :                         dc.b "Palettes...",0
(1)   28/  C1EAF2 :                     StrDebugSSFix:
(1)   29/  C1EAF2 :                         dc.b "Fix...     ",0
(1)   30/  C1EAF2 :                     StrDebugSSZ80:
 AS V1.42 Beta [Bld 311] - Source File main.asm(strings.asm) - Page 160 - 9/11/2026 23:43:16


(1)   31/  C1EAF2 :                         dc.b "Z80...     ",0
(1)   32/  C1EAF2 :                     StrDebugSSPRG:
(1)   33/  C1EAF2 :                         dc.b "PRG...     ",0
(1)   34/  C1EAF2 :                     StrDebugSSSPR:
(1)   35/  C1EAF2 :                         dc.b "SPR...     ",0
(1)   36/  C1EAF2 :                     StrDebugSSPCM:
(1)   37/  C1EAF2 :                         dc.b "PCM...     ",0
(1)   38/  C1EAF2 :                     StrDebugSSWRAM:
(1)   39/  C1EAF2 :                         dc.b "WRAM...    ",0
(1)   40/  C1EAF2 :                     StrDebugSSDone:
(1)   41/  C1EAF2 :                         dc.b "Done :)        ",0
(1)   42/  C1EAF2 :                     StrDebugSSFailed:
(1)   43/  C1EAF2 :                         dc.b "Failed :(      ",0
(1)   44/  C1EAF2 :                     StrDebugSSCountdown:
(1)   45/  C1EAF2 :                         dc.b $F0,0
(1)   46/  C1EAF2 : [23]                    ENDIF
(1)   47/  C1EAF2 :                     
(1)   48/  C1EAF2 :                     StrIGMItems:
(1)   49/  C1EAF2 : 4D65 6E75 2064 6F20     dc.b "Menu do Jogo",1,1,4
           C1EAFA : 4A6F 676F 0101 04
(1)   50/  C1EB01 : 4368 6561 7473 0101     dc.b "Cheats",1,1,5
           C1EB09 : 05               
(1)   51/  C1EB0A : 536F 6674 2044 4950     dc.b "Soft DIPs",1,1,7
           C1EB12 : 7301 0107         
(1)   52/  C1EB16 :                         ;dc.b "Save state (beta)",1,1,7
(1)   53/  C1EB16 :                         ;dc.b "Load state (beta)",1,1,9
(1)   54/  C1EB16 : 5361 6972 2064 6F20     dc.b "Sair do Jogo",1,0,11
           C1EB1E : 4A6F 676F 0100 0B
(1)   55/  C1EB25 : 413A 4163 6573 7361     dc.b "A:Acessar B:Sair",0
           C1EB2D : 7220 423A 5361 6972
           C1EB35 : 00               
(1)   56/  C1EB36 :                     
(1)   57/  C1EB36 :                     StrCheats:
(1)   58/  C1EB36 : 4348 4541 5453 0100     dc.b "CHEATS",1,0,11
           C1EB3E : 0B               
(1)   59/  C1EB3F : 413A 4174 6976 6172     dc.b "A:Ativar B:Sair",0
           C1EB47 : 2042 3A53 6169 7200
(1)   60/  C1EB4F :                     StrNoCheats
(1)   61/  C1EB4F : 4348 4541 5453 0100     dc.b "CHEATS",1,0,3
           C1EB57 : 03               
(1)   62/  C1EB58 : 4E65 6E68 756D 2063     dc.b "Nenhum cheat disponivel",1,0,4
           C1EB60 : 6865 6174 2064 6973
           C1EB68 : 706F 6E69 7665 6C01
           C1EB70 : 0004               
(1)   63/  C1EB72 : 7061 7261 2065 7374     dc.b "para este jogo :(",1,0,11
           C1EB7A : 6520 6A6F 676F 203A
           C1EB82 : 2801 000B         
(1)   64/  C1EB86 : 423A 5361 6972 00       dc.b "B:Sair",0
(1)   65/  C1EB8D :                     
(1)   66/  C1EB8D :                     StrSDIP:
(1)   67/  C1EB8D : 0101 0053 4F46 5420     dc.b 1,1,0,"SOFT DIPS",1,0,11
           C1EB95 : 4449 5053 0100 0B
(1)   68/  C1EB9C : 452F 443A 4D75 6461     dc.b "E/D:Mudar B:Sair C:Padrao",0
           C1EBA4 : 7220 423A 5361 6972
           C1EBAC : 2043 3A50 6164 7261
           C1EBB4 : 6F00               
(1)   69/  C1EBB6 :                     StrNoSDIP:
(1)   70/  C1EBB6 : 0101 0053 4F46 5420     dc.b 1,1,0,"SOFT DIPS",1,0,3
           C1EBBE : 4449 5053 0100 03
(1)   71/  C1EBC5 : 4E65 6E68 756D 2073     dc.b "Nenhum soft DIP",1,0,4
 AS V1.42 Beta [Bld 311] - Source File main.asm(strings.asm) - Page 161 - 9/11/2026 23:43:16


           C1EBCD : 6F66 7420 4449 5001
           C1EBD5 : 0004               
(1)   72/  C1EBD7 : 7061 7261 2065 7374     dc.b "para este jogo :(",1,0,11
           C1EBDF : 6520 6A6F 676F 203A
           C1EBE7 : 2801 000B         
(1)   73/  C1EBEB : 423A 5361 6972 00       dc.b "B:Sair",0
(1)   74/  C1EBF2 :                     StrWITHOUT:
(1)   75/  C1EBF2 : 5345 4D20 2020 2020     dc.b "SEM     ",0
           C1EBFA : 00               
(1)   76/  C1EBFB :                     StrINFINITE:
(1)   77/  C1EBFB : 494E 4649 4E49 544F     dc.b "INFINITO",0
           C1EC03 : 00               
(1)   78/  C1EC04 :                     
(1)   79/  C1EC04 :                     FixStrLoadingBG:
(1)   80/  C1EC04 : AF01 1616 1616 1616     dc.b $AF,$01,[18]$16,$02,1,0,1
           C1EC0C : 1616 1616 1616 1616
           C1EC14 : 1616 1616 0201 0001
(1)   81/  C1EC1C : 1443 6172 7265 6761     dc.b $14,"Carregando fundo  ",$15,1,0,2
           C1EC24 : 6E64 6F20 6675 6E64
           C1EC2C : 6F20 2015 0100 02
(1)   82/  C1EC33 : 1441 6775 6172 6465     dc.b $14,"Aguarde...        ",$15,1,0,3
           C1EC3B : 2E2E 2E20 2020 2020
           C1EC43 : 2020 2015 0100 03
(1)   83/  C1EC4A : 0317 1717 1717 1717     dc.b $03,[18]$17,$04,0
           C1EC52 : 1717 1717 1717 1717
           C1EC5A : 1717 1704 00      
(1)   84/  C1EC5F :                     
(1)   85/  C1EC5F :                     FixStrLoadingList:
(1)   86/  C1EC5F : AF01 1616 1616 1616     dc.b $AF,$01,[18]$16,$02,1,0,1
           C1EC67 : 1616 1616 1616 1616
           C1EC6F : 1616 1616 0201 0001
(1)   87/  C1EC77 : 1443 6172 7265 6761     dc.b $14,"Carregando jogos  ",$15,1,0,2
           C1EC7F : 6E64 6F20 6A6F 676F
           C1EC87 : 7320 2015 0100 02
(1)   88/  C1EC8E : 1441 6775 6172 6465     dc.b $14,"Aguarde...        ",$15,1,0,3
           C1EC96 : 2E2E 2E20 2020 2020
           C1EC9E : 2020 2015 0100 03
(1)   89/  C1ECA5 : 0317 1717 1717 1717     dc.b $03,[18]$17,$04,0
           C1ECAD : 1717 1717 1717 1717
           C1ECB5 : 1717 1704 00      
(1)   90/  C1ECBA :                     
(1)   91/  C1ECBA :                     FixStrMenu:
(1)   92/  C1ECBA : 436F 6E66 6967 7572     dc.b "Configuracoes",1,0,1
           C1ECC2 : 6163 6F65 7301 0001
(1)   93/  C1ECCA : 4D65 6E75 2064 6520     dc.b "Menu de saves",1,0,2
           C1ECD2 : 7361 7665 7301 0002
(1)   94/  C1ECDA : 5361 6C76 6172 2064     dc.b "Salvar dados",1,0,3
           C1ECE2 : 6164 6F73 0100 03
(1)   95/  C1ECE9 : 4361 7272 6567 6172     dc.b "Carregar dados",1,0,4
           C1ECF1 : 2064 6164 6F73 0100
           C1ECF9 : 04               
(1)   96/  C1ECFA : 4174 7561 6C69 7A61 	dc.b "Atualizar firmware",1,0,5
           C1ED02 : 7220 6669 726D 7761
           C1ED0A : 7265 0100 05      
(1)   97/  C1ED0F : 536F 6272 6501 0008 	dc.b "Sobre",1,0,8
(1)   98/  C1ED17 : BA3A 5365 6C65 632E     dc.b $BA,":Selec.    ",$BB,":Sair",0
           C1ED1F : 2020 2020 BB3A 5361
           C1ED27 : 6972 00            
(1)   99/  C1ED2A :                     
(1)  100/  C1ED2A :                     FixStrAbout:
 AS V1.42 Beta [Bld 311] - Source File main.asm(strings.asm) - Page 162 - 9/11/2026 23:43:16


(1)  101/  C1ED2A :                     ;         0123456789ABCDEF0123456789ABCDE
(1)  102/  C1ED2A :                     ;         SN: 01234567 01234567 01234567
(1)  103/  C1ED2A :                     ;         MENU: Vx.x
(1)  104/  C1ED2A :                     ;         MCU: Vxx.xx         0123456789A
(1)  105/  C1ED2A :                     ;         CPLD: Vxx.xx        0123456789A
(1)  106/  C1ED2A : 534E 3A20 F020 F120     dc.b "SN: ",$F0," ",$F1," ",$F2,1,0,1
           C1ED32 : F201 0001         
(1)  107/  C1ED36 : 4D65 6E75 3A20 56C3 	dc.b "Menu: V",$C3,"\{VERSION_MAJ}.\{VERSION_MIN_TENS}\{VERSION_MIN_ONES}",$A0,1,0,2
           C1ED3E : 302E 3132 A001 0002
(1)  108/  C1ED46 : 4D43 553A 2056 C3EC 	dc.b "MCU: V",$C3,$EC,".",$ED,$A0,"         "
           C1ED4E : 2EED A020 2020 2020
           C1ED56 : 2020 2020         
(1)  109/  C1ED5A : 0506 0708 090A 0B0C     dc.b 5,6,7,8,9,10,11,12,13,14,15,1,0,3
           C1ED62 : 0D0E 0F01 0003   
(1)  110/  C1ED68 : 4350 4C44 3A20 56C3 	dc.b "CPLD: V",$C3,$EE,".",$EF,$A0,"        "
           C1ED70 : EE2E EFA0 2020 2020
           C1ED78 : 2020 2020         
(1)  111/  C1ED7C : 1516 1718 191A 1B1C     dc.b 21,22,23,24,25,26,27,28,29,30,31,1,0,6
           C1ED84 : 1D1E 1F01 0006   
(1)  112/  C1ED8A : 4167 7261 6465 6369     dc.b "Agradecimentos:",1,0,7,$C3
           C1ED92 : 6D65 6E74 6F73 3A01
           C1ED9A : 0007 C3            
(1)  113/  C1ED9D : 4165 7267 616E 2C20     dc.b "Aergan, Bjorn, CeL, Elbarto,",1,0,8
           C1EDA5 : 426A 6F72 6E2C 2043
           C1EDAD : 654C 2C20 456C 6261
           C1EDB5 : 7274 6F2C 0100 08
(1)  114/  C1EDBC : 4761 6467 6574 554B     dc.b "GadgetUK164, Justin Gibbins,",1,0,9
           C1EDC4 : 3136 342C 204A 7573
           C1EDCC : 7469 6E20 4769 6262
           C1EDD4 : 696E 732C 0100 09
(1)  115/  C1EDDB : 4B61 6E65 6461 2C20     dc.b "Kaneda, Kuk, Pugsy, RetroRGB,",1,0,10
           C1EDE3 : 4B75 6B2C 2050 7567
           C1EDEB : 7379 2C20 5265 7472
           C1EDF3 : 6F52 4742 2C01 000A
(1)  116/  C1EDFB : 536B 3865 7230 3030     dc.b "Sk8er000, TurfMasta,",1,0,11
           C1EE03 : 2C20 5475 7266 4D61
           C1EE0B : 7374 612C 0100 0B
(1)  117/  C1EE12 : 5472 6164 7563 616F     dc.b "Traducao/Capa: Maniaco007",1,0,13
           C1EE1A : 2F43 6170 613A 204D
           C1EE22 : 616E 6961 636F 3030
           C1EE2A : 3701 000D         
(1)  118/  C1EE2E : 5661 6C74 6572 2043     dc.b "Valter Custodio",$A0,1,4,15
           C1EE36 : 7573 746F 6469 6FA0
           C1EE3E : 0104 0F            
(1)  119/  C1EE41 : 4F42 5249 4741 444F     dc.b     "OBRIGADO POR JOGAR",0
           C1EE49 : 2050 4F52 204A 4F47
           C1EE51 : 4152 00            
(1)  120/  C1EE54 :                     
(1)  121/  C1EE54 :                     FixStrIcon:
(1)  122/  C1EE54 : C1AF A6AF A7AF A801     dc.b $C1,$AF,$A6,$AF,$A7,$AF,$A8,1,0,1
           C1EE5C : 0001               
(1)  123/  C1EE5E : AFB6 AFB7 AFB8 0100     dc.b $AF,$B6,$AF,$B7,$AF,$B8,1,0,2
           C1EE66 : 02               
(1)  124/  C1EE67 : AFC6 AFC7 AFC8 00       dc.b $AF,$C6,$AF,$C7,$AF,$C8,0
(1)  125/  C1EE6E :                     
(1)  126/  C1EE6E :                     
(1)  127/  C1EE6E :                     ; Store save UI layout:
(1)  128/  C1EE6E :                     ; 01234567890123456789012345678901
(1)  129/  C1EE6E :                     ; Store saves to SD card
(1)  130/  C1EE6E :                     ;
 AS V1.42 Beta [Bld 311] - Source File main.asm(strings.asm) - Page 163 - 9/11/2026 23:43:16


(1)  131/  C1EE6E :                     ; File name:0123456789012345
(1)  132/  C1EE6E :                     ;           ^
(1)  133/  C1EE6E :                     ;
(1)  134/  C1EE6E :                     ; A B C D E F G H I J K L
(1)  135/  C1EE6E :                     ; M N O P Q R S T U V W X
(1)  136/  C1EE6E :                     ; Y Z 0 1 2 3 4 5 6 7 8 9
(1)  137/  C1EE6E :                     ;   ! # % & ( ) + - = @ _
(1)  138/  C1EE6E :                     ;     Exit        Save
(1)  139/  C1EE6E :                     ;
(1)  140/  C1EE6E :                     ; B:Backspace
(1)  141/  C1EE6E :                     ; C:Upper/lower case
(1)  142/  C1EE6E :                     
(1)  143/  C1EE6E :                     FixStrStoreSaveUI:
(1)  144/  C1EE6E : 5361 6C76 6172 2064     dc.b "Salvar dados no cartao SD",1,0,3
           C1EE76 : 6164 6F73 206E 6F20
           C1EE7E : 6361 7274 616F 2053
           C1EE86 : 4401 0003         
(1)  145/  C1EE8A : 4E6F 6D65 2064 6F20     dc.b "Nome do arquivo:",1,8,10
           C1EE92 : 6172 7175 6976 6F3A
           C1EE9A : 0108 0A            
(1)  146/  C1EE9D : 5361 6972 2020 2020     dc.b "Sair        Salvar",1,0,12
           C1EEA5 : 2020 2020 5361 6C76
           C1EEAD : 6172 0100 0C      
(1)  147/  C1EEB2 : BB3A 4170 6167 6172     dc.b $BB,":Apagar",1,0,13
           C1EEBA : 0100 0D            
(1)  148/  C1EEBD : BC3A 4D61 6975 7363     dc.b $BC,":Maiusc/minusc",0
           C1EEC5 : 2F6D 696E 7573 6300
(1)  149/  C1EECD :                     
(1)  150/  C1EECD :                     FixStrNoFileName:
(1)  151/  C1EECD : 4469 6769 7465 2075     dc.b "Digite um nome de",1,0,1
           C1EED5 : 6D20 6E6F 6D65 2064
           C1EEDD : 6501 0001         
(1)  152/  C1EEE1 : 6172 7175 6976 6F2E     dc.b "arquivo.",0
           C1EEE9 : 00               
(1)  153/  C1EEEA :                     
(1)  154/  C1EEEA :                     FixStrFileExists:
(1)  155/  C1EEEA : 4F20 6172 7175 6976     dc.b "O arquivo de save",1,0,1
           C1EEF2 : 6F20 6465 2073 6176
           C1EEFA : 6501 0001         
(1)  156/  C1EEFE : 6A61 2065 7869 7374     dc.b "ja existe.",1,0,2
           C1EF06 : 652E 0100 02      
(1)  157/  C1EF0B : 4465 7365 6A61 0100     dc.b "Deseja",1,0,3
           C1EF13 : 03               
(1)  158/  C1EF14 : 736F 6272 6573 6372     dc.b "sobrescrever ?",1,0,5
           C1EF1C : 6576 6572 203F 0100
           C1EF24 : 05               
(1)  159/  C1EF25 : BA3A 5369 6D20 20BB     dc.b $BA,":Sim  ",$BB,":Nao",0
           C1EF2D : 3A4E 616F 00      
(1)  160/  C1EF32 :                     
(1)  161/  C1EF32 :                     FileNameClear:
(1)  162/  C1EF32 : 2020 2020 2020 2020     dc.b "                ",1,0,1   ; This must match the max file name length
           C1EF3A : 2020 2020 2020 2020
           C1EF42 : 0100 01            
(1)  163/  C1EF45 : 2020 2020 2020 2020     dc.b "                 ",0      ; This must match the max file name length+1
           C1EF4D : 2020 2020 2020 2020
           C1EF55 : 2000               
(1)  164/  C1EF57 :                     
(1)  165/  C1EF57 :                     KeyboardMapUC:
(1)  166/  C1EF57 : 4142 4344 4546 4748     dc.b "ABCDEFGHIJKLMNOPQRSTUVWXYZ0123456789 !#%&()+-=@_",0
           C1EF5F : 494A 4B4C 4D4E 4F50
 AS V1.42 Beta [Bld 311] - Source File main.asm(strings.asm) - Page 164 - 9/11/2026 23:43:16


           C1EF67 : 5152 5354 5556 5758
           C1EF6F : 595A 3031 3233 3435
           C1EF77 : 3637 3839 2021 2325
           C1EF7F : 2628 292B 2D3D 405F
           C1EF87 : 00               
(1)  167/  C1EF88 :                     KeyboardMapLC:
(1)  168/  C1EF88 : 6162 6364 6566 6768     dc.b "abcdefghijklmnopqrstuvwxyz0123456789 !#%&()+-=@_",0
           C1EF90 : 696A 6B6C 6D6E 6F70
           C1EF98 : 7172 7374 7576 7778
           C1EFA0 : 797A 3031 3233 3435
           C1EFA8 : 3637 3839 2021 2325
           C1EFB0 : 2628 292B 2D3D 405F
           C1EFB8 : 00               
(1)  169/  C1EFB9 :                     
(1)  170/  C1EFB9 :                     FixStrLoadSaveUI:
(1)  171/  C1EFB9 : 4361 7272 6567 6172     dc.b "Carregar dados do cartao SD",1,0,1
           C1EFC1 : 2064 6164 6F73 2064
           C1EFC9 : 6F20 6361 7274 616F
           C1EFD1 : 2053 4401 0001   
(1)  172/  C1EFD7 : BA3A 4361 7272 6567     dc.b $BA,":Carregar ",$BB,":Sair ",$BC,":Apagar",0
           C1EFDF : 6172 20BB 3A53 6169
           C1EFE7 : 7220 BC3A 4170 6167
           C1EFEF : 6172 00            
(1)  173/  C1EFF2 :                     
(1)  174/  C1EFF2 :                     FixStrLoadConfirm:
(1)  175/  C1EFF2 : 4973 736F 2076 6169     dc.b "Isso vai sobrescrever",1,0,1
           C1EFFA : 2073 6F62 7265 7363
           C1F002 : 7265 7665 7201 0001
(1)  176/  C1F00A : 7365 7573 2073 6176     dc.b "seus saves atuais.",1,0,2
           C1F012 : 6573 2061 7475 6169
           C1F01A : 732E 0100 02      
(1)  177/  C1F01F : 5465 6D20 6365 7274     dc.b "Tem certeza que quer",1,0,3
           C1F027 : 657A 6120 7175 6520
           C1F02F : 7175 6572 0100 03
(1)  178/  C1F036 : 6361 7272 6567 6172     dc.b "carregar este save ?",1,0,5
           C1F03E : 2065 7374 6520 7361
           C1F046 : 7665 203F 0100 05
(1)  179/  C1F04D : BA3A 5369 6D20 20BB     dc.b $BA,":Sim  ",$BB,":Nao",0
           C1F055 : 3A4E 616F 00      
(1)  180/  C1F05A :                     
(1)  181/  C1F05A :                     FixStrDeleteConfirm:
(1)  182/  C1F05A : 5465 6D20 6365 7274     dc.b "Tem certeza que",1,0,1
           C1F062 : 657A 6120 7175 6501
           C1F06A : 0001               
(1)  183/  C1F06C : 7175 6572 2061 7061     dc.b "quer apagar este",1,0,2
           C1F074 : 6761 7220 6573 7465
           C1F07C : 0100 02            
(1)  184/  C1F07F : 6172 7175 6976 6F20     dc.b "arquivo de save ?",1,0,5
           C1F087 : 6465 2073 6176 6520
           C1F08F : 3F01 0005         
(1)  185/  C1F093 : BA3A 5369 6D20 20BB     dc.b $BA,":Sim  ",$BB,":Nao",0
           C1F09B : 3A4E 616F 00      
(1)  186/  C1F0A0 :                     
(1)  187/  C1F0A0 :                     FixStrLoadOK:
(1)  188/  C1F0A0 : 5361 7665 2063 6172     dc.b "Save carregado !",1,0,2
           C1F0A8 : 7265 6761 646F 2021
           C1F0B0 : 0100 02            
(1)  189/  C1F0B3 : BB3A 5361 6972 00   	dc.b $BB,":Sair",0
(1)  190/  C1F0BA :                     
(1)  191/  C1F0BA :                     FixStrSaveChkError:
 AS V1.42 Beta [Bld 311] - Source File main.asm(strings.asm) - Page 165 - 9/11/2026 23:43:16


(1)  192/  C1F0BA : 4661 6C68 6120 616F     dc.b "Falha ao carregar:",1,0,2
           C1F0C2 : 2063 6172 7265 6761
           C1F0CA : 723A 0100 02      
(1)  193/  C1F0CF : 4573 7465 2061 7271     dc.b "Este arquivo de save",1,0,3
           C1F0D7 : 7569 766F 2064 6520
           C1F0DF : 7361 7665 0100 03
(1)  194/  C1F0E6 : 6573 7461 2063 6F72     dc.b "esta corrompido.",0
           C1F0EE : 726F 6D70 6964 6F2E
           C1F0F6 : 00               
(1)  195/  C1F0F7 :                         
(1)  196/  C1F0F7 :                     StrMsgBoxResetConfirm:
(1)  197/  C1F0F7 : 5265 696E 6963 6961     dc.b "Reiniciar console no",1,0,1
           C1F0FF : 7220 636F 6E73 6F6C
           C1F107 : 6520 6E6F 0100 01
(1)  198/  C1F10E : 6D6F 646F 2043 4420     dc.b "modo CD com a regiao",1,0,2
           C1F116 : 636F 6D20 6120 7265
           C1F11E : 6769 616F 0100 02
(1)  199/  C1F125 : 6465 6669 6E69 6461     dc.b "definida atualmente ?",1,0,5
           C1F12D : 2061 7475 616C 6D65
           C1F135 : 6E74 6520 3F01 0005
(1)  200/  C1F13D : BA3A 5369 6D20 20BB     dc.b $BA,":Sim  ",$BB,":Nao",0
           C1F145 : 3A4E 616F 00      
(1)  201/  C1F14A :                     
(1)  202/  C1F14A :                     ; Settings
(1)  203/  C1F14A :                     ; 
(1)  204/  C1F14A :                     ; Country: <      >
(1)  205/  C1F14A :                     ; Reset country
(1)  206/  C1F14A :                     ;
(1)  207/  C1F14A :                     ; Debug DIP 1: <        >
(1)  208/  C1F14A :                     ; Debug DIP 2: <        >
(1)  209/  C1F14A :                     ; Dev mode:    <        >
(1)  210/  C1F14A :                     ;
(1)  211/  C1F14A :                     ; Idle LED:    <       >
(1)  212/  C1F14A :                     ; Loading LED: <       >
(1)  213/  C1F14A :                     ; Screen saver:<        >
(1)  214/  C1F14A :                     ; Sound effects:<        >
(1)  215/  C1F14A :                     ; Startup animation:<   >
(1)  216/  C1F14A :                     ; Loading animation:<    >
(1)  217/  C1F14A :                     FixStrSettings:
(1)  218/  C1F14A : 436F 6E66 6967 7572     dc.b "Configuracoes",1,0,2
           C1F152 : 6163 6F65 7301 0002
(1)  219/  C1F15A : 5265 6769 616F 3A20     dc.b "Regiao:  ","      ",1,0,3
           C1F162 : 2020 2020 2020 2001
           C1F16A : 0003               
(1)  220/  C1F16C : 5265 7365 7461 7220     dc.b "Resetar regiao",1,0,5
           C1F174 : 7265 6769 616F 0100
           C1F17C : 05               
(1)  221/  C1F17D : 4465 6275 6720 4449     dc.b "Debug DIP 1: ","        ",1,0,6
           C1F185 : 5020 313A 2020 2020
           C1F18D : 2020 2020 2001 0006
(1)  222/  C1F195 : 4465 6275 6720 4449     dc.b "Debug DIP 2: ","        ",1,0,7
           C1F19D : 5020 323A 2020 2020
           C1F1A5 : 2020 2020 2001 0007
(1)  223/  C1F1AD : 4D6F 646F 2044 6576     dc.b "Modo Dev:    ","        ",1,0,9
           C1F1B5 : 3A20 2020 2020 2020
           C1F1BD : 2020 2020 2001 0009
(1)  224/  C1F1C5 : 4C45 4420 4F63 696F     dc.b "LED Ocioso:  ","       ",1,0,10
           C1F1CD : 736F 3A20 2020 2020
           C1F1D5 : 2020 2020 0100 0A
(1)  225/  C1F1DC : 4C45 4420 4361 7272     dc.b "LED Carreg.: ","       ",1,0,11
 AS V1.42 Beta [Bld 311] - Source File main.asm(strings.asm) - Page 166 - 9/11/2026 23:43:16


           C1F1E4 : 6567 2E3A 2020 2020
           C1F1EC : 2020 2020 0100 0B
(1)  226/  C1F1F3 : 5072 6F74 6574 6F72     dc.b "Protetor tela:","        ",1,0,12
           C1F1FB : 2074 656C 613A 2020
           C1F203 : 2020 2020 2020 0100
           C1F20B : 0C               
(1)  227/  C1F20C : 4566 6569 746F 7320     dc.b "Efeitos sonoros:","        ",1,0,13
           C1F214 : 736F 6E6F 726F 733A
           C1F21C : 2020 2020 2020 2020
           C1F224 : 0100 0D            
(1)  228/  C1F227 : 416E 696D 2E20 6465     dc.b "Anim. de inicio:","   ",1,0,14
           C1F22F : 2069 6E69 6369 6F3A
           C1F237 : 2020 2001 000E   
(1)  229/  C1F23D : 416E 696D 2E20 6465     dc.b "Anim. de carreg.:","    ",1,0,16
           C1F245 : 2063 6172 7265 672E
           C1F24D : 3A20 2020 2001 0010
(1)  230/  C1F255 : BA3A 5365 6C65 632E     dc.b $BA,":Selec./Alternar DIP",1,0,17
           C1F25D : 2F41 6C74 6572 6E61
           C1F265 : 7220 4449 5001 0011
(1)  231/  C1F26D : BB3A 5361 6972 00       dc.b $BB,":Sair",0
(1)  232/  C1F274 :                     
(1)  233/  C1F274 :                     FixStrRED:
(1)  234/  C1F274 : 5245 4420 2020 2000     dc.b "RED    ",0
(1)  235/  C1F27C :                     FixStrYELLOW:
(1)  236/  C1F27C : 5945 4C4C 4F57 2000     dc.b "YELLOW ",0
(1)  237/  C1F284 :                     FixStrGREEN:
(1)  238/  C1F284 : 4752 4545 4E20 2000     dc.b "GREEN  ",0
(1)  239/  C1F28C :                     FixStrCYAN:
(1)  240/  C1F28C : 4359 414E 2020 2000     dc.b "CYAN   ",0
(1)  241/  C1F294 :                     FixStrBLUE:
(1)  242/  C1F294 : 424C 5545 2020 2000     dc.b "BLUE   ",0
(1)  243/  C1F29C :                     FixStrMAGENTA:
(1)  244/  C1F29C : 4D41 4745 4E54 4100     dc.b "MAGENTA",0
(1)  245/  C1F2A4 :                     FixStrWHITE:
(1)  246/  C1F2A4 : 5748 4954 4520 2000     dc.b "WHITE  ",0
(1)  247/  C1F2AC :                     
(1)  248/  C1F2AC :                     FixStrJAPAN:
(1)  249/  C1F2AC : 4A41 5041 4F20 00       dc.b "JAPAO ",0
(1)  250/  C1F2B3 :                     FixStrUSA:
(1)  251/  C1F2B3 : 4555 4120 2020 00       dc.b "EUA   ",0
(1)  252/  C1F2BA :                     FixStrEUROPE:
(1)  253/  C1F2BA : 4555 524F 5041 00       dc.b "EUROPA",0
(1)  254/  C1F2C1 :                     FixStrBRAZIL:
(1)  255/  C1F2C1 : 4252 4153 494C 00       dc.b "BRASIL",0
(1)  256/  C1F2C8 :                         
(1)  257/  C1F2C8 :                     FixStrBrazilWarning:
(1)  258/  C1F2C8 : 4156 4953 4F3A 0100     dc.b "AVISO:",1,0,2
           C1F2D0 : 02               
(1)  259/  C1F2D1 : 416C 6775 6E73 206A     dc.b "Alguns jogos nao foram",1,0,3
           C1F2D9 : 6F67 6F73 206E 616F
           C1F2E1 : 2066 6F72 616D 0100
           C1F2E9 : 03               
(1)  260/  C1F2EA : 7072 6F6A 6574 6164     dc.b "projetados p/ suportar",1,0,4
           C1F2F2 : 6F73 2070 2F20 7375
           C1F2FA : 706F 7274 6172 0100
           C1F302 : 04               
(1)  261/  C1F303 : 6120 636F 6E66 6967     dc.b "a config. de regiao",1,0,5
           C1F30B : 2E20 6465 2072 6567
           C1F313 : 6961 6F01 0005   
(1)  262/  C1F319 : 4272 6173 696C 2E01     dc.b "Brasil.",1,0,7
 AS V1.42 Beta [Bld 311] - Source File main.asm(strings.asm) - Page 167 - 9/11/2026 23:43:16


           C1F321 : 0007               
(1)  263/  C1F323 : 506F 6465 6D20 7472     dc.b "Podem travar !",0
           C1F32B : 6176 6172 2021 00
(1)  264/  C1F332 :                     
(1)  265/  C1F332 : =>DEFINED               IFDEF 0
(1)  266/  C1F332 :                     FixStrROMDump:
(1)  267/  C1F332 : 4475 6D70 2073 7973     dc.b "Dump system ROM to",1,0,1
           C1F33A : 7465 6D20 524F 4D20
           C1F342 : 746F 0100 01      
(1)  268/  C1F347 : 5344 2063 6172 6420     dc.b "SD card ?",1,0,3
           C1F34F : 3F01 0003         
(1)  269/  C1F353 : 5741 524E 494E 473A     dc.b "WARNING: Console",1,0,4
           C1F35B : 2043 6F6E 736F 6C65
           C1F363 : 0100 04            
(1)  270/  C1F366 : 7769 6C6C 2072 6573     dc.b "will reset !",1,0,6
           C1F36E : 6574 2021 0100 06
(1)  271/  C1F375 : BA3A 4F4B 2020 2020     dc.b $BA,":OK     ",$BB,":Cancel",0
           C1F37D : 20BB 3A43 616E 6365
           C1F385 : 6C00               
(1)  272/  C1F387 : [265]                   ENDIF
(1)  273/  C1F387 :                         
(1)  274/  C1F387 :                     FixStrSaveStored:
(1)  275/  C1F387 : 4F20 6172 7175 6976     dc.b "O arquivo de save foi",1,0,1
           C1F38F : 6F20 6465 2073 6176
           C1F397 : 6520 666F 6901 0001
(1)  276/  C1F39F : 7361 6C76 6F20 636F     dc.b "salvo com sucesso !",0
           C1F3A7 : 6D20 7375 6365 7373
           C1F3AF : 6F20 2100         
(1)  277/  C1F3B3 :                     
(1)  278/  C1F3B3 :                     FixStrSaveLoaded:
(1)  279/  C1F3B3 : 4F20 6172 7175 6976     dc.b "O arquivo de save foi",1,0,1
           C1F3BB : 6F20 6465 2073 6176
           C1F3C3 : 6520 666F 6901 0001
(1)  280/  C1F3CB : 6361 7272 6567 6164     dc.b "carregado com sucesso !",0
           C1F3D3 : 6F20 636F 6D20 7375
           C1F3DB : 6365 7373 6F20 2100
(1)  281/  C1F3E3 :                     
(1)  282/  C1F3E3 :                     StrMsgBoxInvalidGame:
(1)  283/  C1F3E3 : 4441 444F 5320 444F     dc.b "DADOS DO JOGO INVALIDOS",1,0,2
           C1F3EB : 204A 4F47 4F20 494E
           C1F3F3 : 5641 4C49 444F 5301
           C1F3FB : 0002               
(1)  284/  C1F3FD : 5665 7269 6669 7175     dc.b "Verifique se e uma",1,0,3
           C1F405 : 6520 7365 2065 2075
           C1F40D : 6D61 0100 03      
(1)  285/  C1F412 : 636F 7069 6120 626F     dc.b "copia boa e",1,0,4
           C1F41A : 6120 6501 0004   
(1)  286/  C1F420 : 636F 6E68 6563 6964     dc.b "conhecida.",0
           C1F428 : 612E 00            
(1)  287/  C1F42B :                     
(1)  288/  C1F42B :                     StrMsgBoxNoUpdate:
(1)  289/  C1F42B : 5345 4D20 4152 5155     dc.b "SEM ARQUIVO DE UPDATE",1,0,2
           C1F433 : 4956 4F20 4445 2055
           C1F43B : 5044 4154 4501 0002
(1)  290/  C1F443 : 5665 7269 6669 7175     dc.b "Verifique se um",1,0,3
           C1F44B : 6520 7365 2075 6D01
           C1F453 : 0003               
(1)  291/  C1F455 : 6172 7175 6976 6F20     dc.b "arquivo de update",1,0,4
           C1F45D : 6465 2075 7064 6174
           C1F465 : 6501 0004         
 AS V1.42 Beta [Bld 311] - Source File main.asm(strings.asm) - Page 168 - 9/11/2026 23:43:16


(1)  292/  C1F469 : 7661 6C69 646F 2065     dc.b "valido esta presente",1,0,5
           C1F471 : 7374 6120 7072 6573
           C1F479 : 656E 7465 0100 05
(1)  293/  C1F480 : 6E61 2072 6169 7A20     dc.b "na raiz do cartao SD.",0
           C1F488 : 646F 2063 6172 7461
           C1F490 : 6F20 5344 2E00   
(1)  294/  C1F496 :                         
(1)  295/  C1F496 :                     StrMsgBoxExceedGames:
(1)  296/  C1F496 : 4578 6973 7465 6D20     dc.b "Existem jogos demais",1,0,1
           C1F49E : 6A6F 676F 7320 6465
           C1F4A6 : 6D61 6973 0100 01
(1)  297/  C1F4AD : 7061 7261 206C 6973     dc.b "para listar.",1,0,3
           C1F4B5 : 7461 722E 0100 03
(1)  298/  C1F4BC : 4170 656E 6173 2043     dc.b "Apenas \{MAX_FILES} serao",1,0,4
           C1F4C4 : 3820 7365 7261 6F01
           C1F4CC : 0004               
(1)  299/  C1F4CE : 6578 6962 6964 6F73     dc.b "exibidos.",0
           C1F4D6 : 2E00               
(1)  300/  C1F4D8 :                     
(1)  301/  C1F4D8 :                     FixStrBExit:
(1)  302/  C1F4D8 : BB3A 5361 6972 00       dc.b $BB,":Sair",0
(1)  303/  C1F4DF :                     
(1)  304/  C1F4DF :                     FixStrClear:
(1)  305/  C1F4DF : 2020 2020 2020 2020     dc.b "            ",0
           C1F4E7 : 2020 2020 00      
(1)  306/  C1F4EC :                     FixStrLongwordVal:
(1)  307/  C1F4EC : F000                	dc.b "",$F0,0
(1)  308/  C1F4EE :                     
(1)  309/  C1F4EE :                     ; Compact single-line action hints for the main menu footer (top-loader has
(1)  310/  C1F4EE :                     ; no eject button, so 3 actions fit on one line; front-loader adds Abrir/
(1)  311/  C1F4EE :                     ; Fechar and spills onto a second line via the 1,0,1 relocate).
(1)  312/  C1F4EE :                     FixStrFooterActionsTop:
(1)  313/  C1F4EE : BA3A 4A6F 6761 7220     dc.b $BA,":Jogar  ",$BC,":Opcoes  ",$BD,":Menu CD",0
           C1F4F6 : 20BC 3A4F 7063 6F65
           C1F4FE : 7320 20BD 3A4D 656E
           C1F506 : 7520 4344 00      
(1)  314/  C1F50B :                     
(1)  315/  C1F50B :                     FixStrFooterActionsFront:
(1)  316/  C1F50B : BA3A 4A6F 6761 7220     dc.b $BA,":Jogar   ",$BB,":Abrir/Fechar",1,0,1
           C1F513 : 2020 BB3A 4162 7269
           C1F51B : 722F 4665 6368 6172
           C1F523 : 0100 01            
(1)  317/  C1F526 : BC3A 4F70 636F 6573     dc.b $BC,":Opcoes  ",$BD,":Menu CD",0
           C1F52E : 2020 BD3A 4D65 6E75
           C1F536 : 2043 4400         
(1)  318/  C1F53A :                     
(1)  319/  C1F53A :                     FixMapFlagJP:
(1)  320/  C1F53A : 8081 8290 9192          dc.b $80,$81,$82,$90,$91,$92
(1)  321/  C1F540 :                     FixMapFlagUS:
(1)  322/  C1F540 : 8384 8593 9495          dc.b $83,$84,$85,$93,$94,$95
(1)  323/  C1F546 :                     FixMapFlagEU:
(1)  324/  C1F546 : 8687 8896 9798          dc.b $86,$87,$88,$96,$97,$98
(1)  325/  C1F54C :                     FixMapFlagBR:
(1)  326/  C1F54C : 898A 8B99 9A9B          dc.b $89,$8A,$8B,$99,$9A,$9B
(1)  327/  C1F552 :                     ;FixStrDebugPictos:
(1)  328/  C1F552 :                     ;    dc.b $8C,$8D,$8E,$8F,1,0,1
(1)  329/  C1F552 :                     ;    dc.b $9C,$9D,$9E,$9F,0
(1)  330/  C1F552 :                     
(1)  331/  C1F552 :                     MenuLetterList:
(1)  332/  C1F552 : 0041 4243 4445 4647     dc.b 0,"ABCDEFGHIJKLMNOPQRSTUVWXYZ"
 AS V1.42 Beta [Bld 311] - Source File main.asm(strings.asm) - Page 169 - 9/11/2026 23:43:16


           C1F55A : 4849 4A4B 4C4D 4E4F
           C1F562 : 5051 5253 5455 5657
           C1F56A : 5859 5A            
(1)  333/  C1F56D :                     LetterLUT:  ; For chars 64~127
(1)  334/  C1F56D : 0001 0203 0405 0607     dc.b  0, 1, 2, 3, 4, 5, 6, 7, 8, 9,10,11,12,13,14,15
           C1F575 : 0809 0A0B 0C0D 0E0F
(1)  335/  C1F57D : 1011 1213 1415 1617     dc.b 16,17,18,19,20,21,22,23,24,25,26, 0, 0, 0, 0, 0
           C1F585 : 1819 1A00 0000 0000
(1)  336/  C1F58D : 0001 0203 0405 0607     dc.b  0, 1, 2, 3, 4, 5, 6, 7, 8, 9,10,11,12,13,14,15
           C1F595 : 0809 0A0B 0C0D 0E0F
(1)  337/  C1F59D : 1011 1213 1415 1617     dc.b 16,17,18,19,20,21,22,23,24,25,26, 0, 0, 0, 0, 0
           C1F5A5 : 1819 1A00 0000 0000
(1)  338/  C1F5AD :                     FixStrNoFiles:
(1)  339/  C1F5AD : 4E65 6E68 756D 206A     dc.b "Nenhum jogo encontrado",0
           C1F5B5 : 6F67 6F20 656E 636F
           C1F5BD : 6E74 7261 646F 00
(1)  340/  C1F5C4 :                     FixStrNoCard:
(1)  341/  C1F5C4 : 4E65 6E68 756D 2063     dc.b "Nenhum cartao inserido",0
           C1F5CC : 6172 7461 6F20 696E
           C1F5D4 : 7365 7269 646F 00
(1)  342/  C1F5DB :                     
(1)  343/  C1F5DB :                     FixStrError:
(1)  344/  C1F5DB : 4E45 4F20 4344 2053     dc.b "NEO CD SD LOADER",1,0,2
           C1F5E3 : 4420 4C4F 4144 4552
           C1F5EB : 0100 02            
(1)  345/  C1F5EE : 436F 6469 676F 2064     dc.b "Codigo de erro:",1,0,3
           C1F5F6 : 6520 6572 726F 3A01
           C1F5FE : 0003               
(1)  346/  C1F600 : E02D E1E2 2DE3 E401     dc.b $E0,"-",$E1,$E2,"-",$E3,$E4,1,8,11
           C1F608 : 080B               
(1)  347/  C1F60A : E520 4DE6 E720 55E8     dc.b $E5," M",$E6,$E7," U",$E8,$E9,0
           C1F612 : E900               
(1)  348/  C1F614 :                     
(1)  349/  C1F614 :                     
(1)  350/  C1F614 : =>UNDEFINED             IFDEF MAMEDEBUG
(1)  351/  C1F614 :                     DEBUGFILECOUNT equ 23
(1)  352/  C1F614 :                     GameDebugList:
(1)  353/  C1F614 :                         dc.b $01,0, "2020 Baseball"
(1)  354/  C1F614 :                         dc.b 0,0,0,0,0,0,0,0,0,0,0,0,0,0,0,0,0
(1)  355/  C1F614 :                         dc.b $01,1, "3 Count Bout"
(1)  356/  C1F614 :                         dc.b 0,0,0,0,0,0,0,0,0,0,0,0,0,0,0,0,0,0
(1)  357/  C1F614 :                         dc.b $01,2, "double dragon" ; Lower case test
(1)  358/  C1F614 :                         dc.b 0,0,0,0,0,0,0,0,0,0,0,0,0,0,0,0,0
(1)  359/  C1F614 :                         dc.b $01,3, "Zintrick"
(1)  360/  C1F614 :                         dc.b 0,0,0,0,0,0,0,0,0,0,0,0,0,0,0,0,0,0
(1)  361/  C1F614 :                         dc.b 0,0,0,0
(1)  362/  C1F614 :                         dc.b $01,4, "Entry #0 9012345678901234",0,0,0,0,0
(1)  363/  C1F614 :                         dc.b $01,5, "Entry #1 9012345678901234",0,0,0,0,0
(1)  364/  C1F614 :                         dc.b $01,6, "Entry #2 9012345678901234",0,0,0,0,0
(1)  365/  C1F614 :                         dc.b $01,7, "Entry #3 9012345678901234",0,0,0,0,0
(1)  366/  C1F614 :                         dc.b $01,8, "Entry #4 9012345678901234",0,0,0,0,0
(1)  367/  C1F614 :                         dc.b $03,9, "Entry #5 A Long One 01234",0,0,0,0,0
(1)  368/  C1F614 :                         dc.b $01,10,"Entry #6 9012345678901234",0,0,0,0,0
(1)  369/  C1F614 :                         dc.b $01,11,"Entry #7 9012345678901234",0,0,0,0,0
(1)  370/  C1F614 :                         dc.b $01,12,"Entry #8 9012345678901234",0,0,0,0,0
(1)  371/  C1F614 :                         dc.b $01,13,"Entry #9 9012345678901234",0,0,0,0,0
(1)  372/  C1F614 :                         dc.b $01,14,"Entry #10 012345678901234",0,0,0,0,0
(1)  373/  C1F614 :                         dc.b $01,15,"Entry #11 012345678901234",0,0,0,0,0
(1)  374/  C1F614 :                         dc.b $01,16,"Entry #12 012345678901234",0,0,0,0,0
(1)  375/  C1F614 :                         dc.b $01,17,"Entry #13 012345678901234",0,0,0,0,0
 AS V1.42 Beta [Bld 311] - Source File main.asm(strings.asm) - Page 170 - 9/11/2026 23:43:16


(1)  376/  C1F614 :                         dc.b $01,18,"Entry #14 012345678901234",0,0,0,0,0
(1)  377/  C1F614 :                         dc.b $01,19,"Entry #15 012345678901234",0,0,0,0,0
(1)  378/  C1F614 :                         dc.b $01,20,"Entry #16 012345678901234",0,0,0,0,0
(1)  379/  C1F614 :                         dc.b $01,21,"Entry #17 012345678901234",0,0,0,0,0
(1)  380/  C1F614 :                         dc.b $01,22,"@special char entry 01234",0,0,0,0,0
(1)  381/  C1F614 :                         dc.b 0,0,0,0
(1)  382/  C1F614 :                     DEBUGSAVECOUNT equ 23
(1)  383/  C1F614 :                     SaveDebugList:
(1)  384/  C1F614 :                         dc.b $01,0, "Save file #0 345678901234",0,0,0,0,0
(1)  385/  C1F614 :                         dc.b $01,1, "Save file #1 345678901234",0,0,0,0,0
(1)  386/  C1F614 :                         dc.b $01,2, "Save file #2 345678901234",0,0,0,0,0
(1)  387/  C1F614 :                         dc.b $01,3, "Save file #3 345678901234",0,0,0,0,0
(1)  388/  C1F614 :                         dc.b $01,4, "Save file #4 345678901234",0,0,0,0,0
(1)  389/  C1F614 :                         dc.b $01,5, "Save file #5 345678901234",0,0,0,0,0
(1)  390/  C1F614 :                         dc.b $01,6, "Save file #6 345678901234",0,0,0,0,0
(1)  391/  C1F614 :                         dc.b $01,7, "Save file #7 345678901234",0,0,0,0,0
(1)  392/  C1F614 :                         dc.b $01,8, "Save file #8 345678901234",0,0,0,0,0
(1)  393/  C1F614 :                         dc.b $01,9, "Save file #9 345678901234",0,0,0,0,0
(1)  394/  C1F614 :                         dc.b $01,10, "Save file #10 45678901234",0,0,0,0,0
(1)  395/  C1F614 :                         dc.b $01,11, "Save file #11 45678901234",0,0,0,0,0
(1)  396/  C1F614 :                         dc.b $01,12, "Save file #12 45678901234",0,0,0,0,0
(1)  397/  C1F614 :                         dc.b $01,13, "Save file #13 45678901234",0,0,0,0,0
(1)  398/  C1F614 :                         dc.b $01,14, "Save file #14 45678901234",0,0,0,0,0
(1)  399/  C1F614 :                         dc.b $01,15, "Save file #15 45678901234",0,0,0,0,0
(1)  400/  C1F614 :                         dc.b $01,16, "Save file #16 45678901234",0,0,0,0,0
(1)  401/  C1F614 :                         dc.b $01,17, "Save file #17 45678901234",0,0,0,0,0
(1)  402/  C1F614 :                         dc.b $01,18, "Save file #18 45678901234",0,0,0,0,0
(1)  403/  C1F614 :                         dc.b $01,19, "Save file #19 45678901234",0,0,0,0,0
(1)  404/  C1F614 :                         dc.b $01,20, "Save file #20 45678901234",0,0,0,0,0
(1)  405/  C1F614 :                         dc.b $01,21, "Save file #21 45678901234",0,0,0,0,0
(1)  406/  C1F614 :                         dc.b $01,22, "Save file #22 45678901234",0,0,0,0,0
(1)  407/  C1F614 :                         dc.b 0,0,0,0
(1)  408/  C1F614 : [350]                   ENDIF
(1)  409/  C1F614 :                     
(1)  410/  C1F614 :                     ; Debug strings
(1)  411/  C1F614 : =>UNDEFINED             IFDEF LOADTEST
(1)  412/  C1F614 :                     FixStrDebugLoad:
(1)  413/  C1F614 :                         dc.b "Loading test",1,7,2
(1)  414/  C1F614 :                     	dc.b "Runs:",$F0,1,7,3
(1)  415/  C1F614 :                     	dc.b "Pass:",$F1,1,6,4
(1)  416/  C1F614 :                     	dc.b "Wrong:",$F2,1,0,5
(1)  417/  C1F614 :                     	dc.b "Last error @",$F3,0
(1)  418/  C1F614 : [411]               	ENDIF
(1)  419/  C1F614 :                     
(1)  420/  C1F614 : =>UNDEFINED             IFDEF DEBUGBUILD
(1)  421/  C1F614 :                     FixStrGameLoad:
(1)  422/  C1F614 :                     	dc.b "A:Load #0   B:Exit",0
(1)  423/  C1F614 :                     FixStrReqSec:
(1)  424/  C1F614 :                         dc.b "LOAD MMSSFF ",$F0,0
(1)  425/  C1F614 :                     FixStrCDSecCnt:
(1)  426/  C1F614 :                     	dc.b "CD SECTORS  ",$F0,0
(1)  427/  C1F614 :                     FixStrDebug:
(1)  428/  C1F614 :                         dc.b "MCU comm test",1,0,2
(1)  429/  C1F614 :                     	dc.b "   Next:",$F0,1,0,3
(1)  430/  C1F614 :                     	dc.b "   Pass:",$F1,1,0,4
(1)  431/  C1F614 :                     	dc.b "  Wrong:",$F2,1,0,5
(1)  432/  C1F614 :                     	dc.b "Timeout:",$F3,1,0,6
(1)  433/  C1F614 :                     	dc.b "   Last:",$F4,1,0,8
(1)  434/  C1F614 :                     	dc.b "A:Pause   B:Exit",0
(1)  435/  C1F614 :                     FixStrFileCount:
 AS V1.42 Beta [Bld 311] - Source File main.asm(strings.asm) - Page 171 - 9/11/2026 23:43:16


(1)  436/  C1F614 :                         dc.b "File count: ",$F0,0
(1)  437/  C1F614 :                     FixStrCmdDumpNOK:
(1)  438/  C1F614 :                         dc.b "DUMP ROM NOK",0
(1)  439/  C1F614 :                     FixStrSDV1:
(1)  440/  C1F614 :                         dc.b "SD OK, Type: SD/MMC",0
(1)  441/  C1F614 :                     FixStrSDV2:
(1)  442/  C1F614 :                         dc.b "SD OK, Type: SDHC",0       
(1)  443/  C1F614 : [420]                   ENDIF
(1)  444/  C1F614 :                     
(1)  445/  C1F614 :                     FixStrVBL:
(1)  446/  C1F614 : 5642 4C3A F020 4249     dc.b "VBL:",$F0," BIOSV:",$E4,0
           C1F61C : 4F53 563A E400   
(1)  447/  C1F622 :                     FixStrErrBus:
(1)  448/  C1F622 : 4255 5320 4552 524F     dc.b "BUS ERROR",0
           C1F62A : 5200               
(1)  449/  C1F62C :                     FixStrErrAddr:
(1)  450/  C1F62C : 4144 4452 4553 5320     dc.b "ADDRESS ERROR",0
           C1F634 : 4552 524F 5200   
(1)  451/  C1F63A :                     FixStrErrIllegal:
(1)  452/  C1F63A : 494C 4C45 4741 4C20     dc.b "ILLEGAL INSTRUCTION",0
           C1F642 : 494E 5354 5255 4354
           C1F64A : 494F 4E00         
(1)  453/  C1F64E :                     FixStrErrGeneric:
(1)  454/  C1F64E : 5245 5345 5433 2045     dc.b "RESET3 ERROR",0
           C1F656 : 5252 4F52 00      
(1)  455/  C1F65B :                     FixStrErrUninit:
(1)  456/  C1F65B : 554E 494E 4954 2E20     dc.b "UNINIT. VECTOR",0
           C1F663 : 5645 4354 4F52 00
(1)  457/  C1F66A :                     FixStrWarmReset:
(1)  458/  C1F66A : 5741 524D 2052 4553     dc.b "WARM RESET",0
           C1F672 : 4554 00            
(1)  459/  C1F675 :                     FixStrDRegsDump:
(1)  460/  C1F675 : 4430 3AF0 0100 01       dc.b "D0:",$F0,1,0,1
(1)  461/  C1F67C : 4431 3AF1 0100 02       dc.b "D1:",$F1,1,0,2
(1)  462/  C1F683 : 4432 3AF2 0100 03       dc.b "D2:",$F2,1,0,3
(1)  463/  C1F68A : 4433 3AF3 0100 04       dc.b "D3:",$F3,1,0,4
(1)  464/  C1F691 : 4434 3AF4 0100 05       dc.b "D4:",$F4,1,0,5
(1)  465/  C1F698 : 4435 3AF5 0100 06       dc.b "D5:",$F5,1,0,6
(1)  466/  C1F69F : 4436 3AF6 0100 07       dc.b "D6:",$F6,1,0,7
(1)  467/  C1F6A6 : 4437 3AF7 00            dc.b "D7:",$F7,0
(1)  468/  C1F6AB :                     FixStrARegsDump:
(1)  469/  C1F6AB : 4130 3AF0 0100 01       dc.b "A0:",$F0,1,0,1
(1)  470/  C1F6B2 : 4131 3AF1 0100 02       dc.b "A1:",$F1,1,0,2
(1)  471/  C1F6B9 : 4132 3AF2 0100 03       dc.b "A2:",$F2,1,0,3
(1)  472/  C1F6C0 : 4133 3AF3 0100 04       dc.b "A3:",$F3,1,0,4
(1)  473/  C1F6C7 : 4134 3AF4 0100 05       dc.b "A4:",$F4,1,0,5
(1)  474/  C1F6CE : 4135 3AF5 0100 06       dc.b "A5:",$F5,1,0,6
(1)  475/  C1F6D5 : 4136 3AF6 0100 07       dc.b "A6:",$F6,1,0,7
(1)  476/  C1F6DC : 5043 3AF7 00            dc.b "PC:",$F7,0
(1)  477/  C1F6E1 :                     FixStrStackDump:
(1)  478/  C1F6E1 : 2053 503A F001 0001     dc.b " SP:",$F0,1,0,1
(1)  479/  C1F6E9 : 202B 303A F120 2B34     dc.b " +0:",$F1," +4:",$F2,1,0,2
           C1F6F1 : 3AF2 0100 02      
(1)  480/  C1F6F6 : 202B 383A F320 2B43     dc.b " +8:",$F3," +C:",$F4,1,0,3
           C1F6FE : 3AF4 0100 03      
(1)  481/  C1F703 : 2B31 303A F52B 3134     dc.b "+10:",$F5,"+14:",$F6,1,0,4
           C1F70B : 3AF6 0100 04      
(1)  482/  C1F710 : 2B31 383A F72B 3143     dc.b "+18:",$F7,"+1C:",$F8,1,0,5
           C1F718 : 3AF8 0100 05      
(1)  483/  C1F71D : 2B32 303A F92B 3234     dc.b "+20:",$F9,"+24:",$FA,0
 AS V1.42 Beta [Bld 311] - Source File main.asm(strings.asm) - Page 172 - 9/11/2026 23:43:16


           C1F725 : 3AFA 00            
(1)  484/  C1F728 :                     FixStrAtPCDump:
(1)  485/  C1F728 : 2850 4329 3A01 0001     dc.b "(PC):",1,0,1
(1)  486/  C1F730 : 202D 343A F020 2B30     dc.b " -4:",$F0," +0:",$F1,1,0,2
           C1F738 : 3AF1 0100 02      
(1)  487/  C1F73D : 202B 343A F220 2B38     dc.b " +4:",$F2," +8:",$F3,0
           C1F745 : 3AF3 00            
(1)  488/  C1F748 :                     
     237/  C1F748 :                     
     238/  C1F748 :                     CodeEndB:
     239/  C1F748 : =>FALSE                 IF CodeEndB > $C1FF00
     240/  C1F748 :                             FATAL "\aAdded code in zone B is too large !"
     241/  C1F748 : =>TRUE                  ELSE
     242/  C1F748 : =>FALSE                     IF MOMPASS==1
     243/  C1F748 :                                 OUTRADIX 10
     244/  C1F748 :                                 MESSAGE "\aFree space zone B: \{($C1FF00-CodeEndB)} bytes"
     245/  C1F748 : [242]                       ENDIF
     246/  C1F748 : [239]                   ENDIF
     247/  C1F748 :                         ; Approx 52kB of free space starting at $C23000
     248/  C23000 :                     	ORG $C23000
     249/  C23000 :                     
     250/  C23000 :                     map_ssaver_sprite:
     251/  C23000 :                     	BINCLUDE "gfxdata\ssaver_sprite.map"
     252/  C2300A :                     bg_pal_map:
     253/  C2300A :                     	BINCLUDE "gfxdata\bg_pal_map.bin"	; Palette numbers for default bg tiles
     254/  C2314A :                     map_splash_sdcard:
     255/  C2314A :                         BINCLUDE "gfxdata\sdcard.map"
     256/  C231CC :                     pal_sd_card:
     257/  C231CC :                     	BINCLUDE "gfxdata\sdcard.pal"
     258/  C231EC :                     
     259/  C231EC :                         ALIGN 2
     260/  C231EC :                     CheatData:
     261/  C231EC :                     	BINCLUDE "cheats\out.bin"
     262/  C27485 :                     CheatDataEnd:
     263/  C27485 : =>FALSE                 IF CheatDataEnd > $C30000
     264/  C27485 :                             FATAL "\aCheat data is too large !"
     265/  C27485 : [263]                   ENDIF
     266/  C27485 :                     
     267/  C27485 : =>UNDEFINED             IFDEF MAMEDEBUG
     268/  C27485 :                         ALIGN 2
     269/  C27485 :                     DebugCustomBgData:
     270/  C27485 :                         dc.b 0
     271/  C27485 :                     ;    BINCLUDE "gfxdata\debug_custom_bg.bmp"
     272/  C27485 : [267]                   ENDIF
     273/  C27485 :                     
     274/  C7FFFE :                     	ORG $C7FFFE
     275/  C7FFFE : 600D                    dc.w $600D                  ; "GOOD" magic word
     276/  C80000 :                     
 AS V1.42 Beta [Bld 311] - Source File main.asm - Page 173 - 9/11/2026 23:43:16


  Symbol Table (* = unused):
  --------------------------

 ACTIVELETTERS :             10D00A C |
*ARCHITECTURE :                                        "i386-unknown-win32" - |
 AUTOMAP :                   C1E3A0 C |  AUTOMAP.MAP_SPRITES :       C1E3AA C |
 AUTOMAP.MAP_TILES :         C1E3B2 C |  BACKDROP :                  401FFE - |
 BANKCOUNTER :                 7EDB - |  BGACTIVEBUFFER :            11C28F C |
 BGDECODEBUFFER :            11C290 C |  BG_BOX_H_TILES :                 8 - |
 BG_BOX_W_TILES :                 8 - |  BG_BOX_X :                      B0 - |
 BG_BOX_Y :                      30 - |  BG_CODE :                       FF - |
*BG_PAL_MAP :                C2300A C |  BIOSF_CDDACMD :             C1CF0C C |
 BIOS_COUNTRY_CODE :         10FD83 - | *BIOS_CRDF :                 10FDC4 - |
*BIOS_CRDFILE :              10FDD0 - | *BIOS_CRDNGH :               10FDCE - |
*BIOS_CRDPTR :               10FDC8 - | *BIOS_CRDRESULT :            10FDC6 - |
*BIOS_CRDSIZE :              10FDCC - | *BIOS_DAY :                  10FDD4 - |
 BIOS_DEVMODE :              10FE80 - |  BIOS_GAME_DIP :             10FD84 - |
*BIOS_HOUR :                 10FDD6 - | *BIOS_MESS_BUSY :            10FDC2 - |
*BIOS_MESS_POINT :           10FDBE - | *BIOS_MINUTE :               10FDD7 - |
*BIOS_MONTH :                10FDD3 - | *BIOS_MVS_FLAG :             10FD82 - |
 BIOS_P1CHANGE :             10FD97 - |  BIOS_P1CURRENT :            10FD96 - |
 BIOS_P1PREVIOUS :           10FD95 - |  BIOS_P1REPEAT :             10FD98 - |
*BIOS_P1STATUS :             10FD94 - | *BIOS_P1TIMER :              10FD99 - |
 BIOS_P2CHANGE :             10FD9D - |  BIOS_P2CURRENT :            10FD9C - |
 BIOS_P2PREVIOUS :           10FD9B - |  BIOS_P2REPEAT :             10FD9E - |
*BIOS_P2STATUS :             10FD9A - | *BIOS_P2TIMER :              10FD99 - |
*BIOS_SECOND :               10FDD8 - | *BIOS_SELECT_TIMER :         10FDDA - |
*BIOS_START_FLAG :           10FDB4 - |  BIOS_STATCHANGE :           10FDAD - |
 BIOS_STATCURNT :            10FDAC - | *BIOS_SYSTEM_MODE :          10FD80 - |
*BIOS_UPBANK :               10FEDB - |  BIOS_UPDEST :               10FEF4 - |
 BIOS_UPSIZE :               10FEFC - |  BIOS_UPSRC :                10FEF8 - |
 BIOS_UPZONE :               10FEDA - | *BIOS_USER_MODE :            10FDAF - |
*BIOS_USER_REQUEST :         10FDAE - | *BIOS_WEEKDAY :              10FDD5 - |
*BIOS_YEAR :                 10FDD2 - |  BLACK :                       8000 - |
 BLUE :                        100F - |  BOXDRAWROW :                C19868 C |
 BOXDRAWROW.COL :            C19870 C |  BUILDFILELIST :             C1A1C2 C |
 BUILDFILELIST.DONE :        C1A1E8 C |  BUILDFILELIST.FILL :        C1A1E0 C |
 BUILDFILELIST.KEEPCURSOR :  C1A20E C |  BUTTONPICTOLUT :            C1E670 C |
 CALLNAVPROC :               C1B376 C |  CARDEVENT :                 11C295 C |
*CASESENSITIVE :                  0 - |  CDCHECKDONE :               C1936E C |
 CDCHECKDONE.VALID :         C19398 C |  CDCHECKDONEEND :            C0EE4E - |
 CDDACOMMAND :               C1CEB8 C |  CDDACOMMAND.NOTIMEOUT :     C1CEDC C |
 CDDACOMMAND.OK :            C1CEC4 C | *CDDAPENDING :               11C1BA C |
 CDLOADBUSY :                10F6B6 - |  CDPCONTROLLERSTUFF :        C0E9A0 - |
 CDPLAYERVBLPROC :           C194A4 C |  CDPLAYERVBLPROC.GETSTAT :   C194C6 C |
 CDPLAYERVBLPROC.NO_KICK :   C194E2 C |  CDPLAYERVBLPROC.NO_MSGBOX : C1952E C |
 CDPLAYERVBLPROC.NO_SS :     C19538 C |  CDPLAYERVBLPROC.SKIPSTAT :  C194CC C |
 CDPLAYER_INIT :             C1915A C |  CDPPALDATA :                C209AE - |
 CDSECTORBUFFER :            111204 - |  CDSECTORCOUNT :             11C180 C |
 CDVALIDFLAG :               10F656 - |  CD_SECTOR_SIZE :               800 - |
 CHAR_ARROW_DOWN :               13 - | *CHAR_ARROW_LEFT :               10 - |
 CHAR_ARROW_RIGHT :              11 - |  CHAR_ARROW_UP :                 12 - |
 CHAR_BOX :                       5 - |  CHAR_BOX_CHECKED :               6 - |
 CHEATDATA :                 C231EC C |  CHEATDATAADDR :             11C206 C |
 CHEATDATAEND :              C27485 C |  CHEATSBITMAP :              11C202 C |
 CHECKACK :                  C1C89A C |  CHECKACK.ACK :              C1C8B4 C |
 CHECKCDVALID :              C0EB96 - |  CLEARFILELIST :             C1E35E C |
 CLEARFILELIST.LP :          C1E36A C |  CLEARFIX :                  C1E300 C |
 CLEARFIX.CLEAR :            C1E314 C |  CLEARFIXTOP :               C1E32A C |
 CLEARFIXTOP.COL :           C1E340 C |  CLEARFIXTOP.LINE :          C1E338 C |
 AS V1.42 Beta [Bld 311] - Source File main.asm - Page 174 - 9/11/2026 23:43:16


 CLEARIGM :                  C1BA6C C |  CLEARIGM.ROWFILL :          C1BA8E C |
 CLEARMAINSPRITES :          C1964A C |  CLEARMAINSPRITES.CLRSPR :   C19662 C |
 CLOSEIGM :                  C1B960 C |  CLOSEIGM.COPY :             C1B9A6 C |
 CNT_A :                          4 - |  CNT_B :                          5 - |
 CNT_C :                          6 - |  CNT_D :                          7 - |
 CNT_DOWN :                       1 - |  CNT_LEFT :                       2 - |
 CNT_RIGHT :                      3 - | *CNT_SELECT1 :                    1 - |
*CNT_SELECT2 :                    3 - | *CNT_START1 :                     0 - |
*CNT_START2 :                     2 - |  CNT_UP :                         0 - |
 CODEENDA :                  C1D570 C |  CODEENDB :                  C1F748 C |
 COLORLIST :                 C1B2AA C |  CONSOLESTART :              C1908C C |
*CONSTPI :        3.141592653589793 - |  COPYBYTESTOWORDCPU :        C1C6F4 C |
 COPYBYTESTOWORDCPU.COPY1 :  C1C74C C |  COPYBYTESTOWORDCPU.COPY16 : C1C6FE C |
 COPYBYTESTOWORDCPU.EXIT :   C1C754 C |  COPYPALETTE :               C1E4BC C |
 COUNTRYLIST :               C1B29A C |  COUNTRYNOBRAZIL :           C19190 C |
 COUNTRYNOBRAZIL.NOTBR :     C1919E C |  CPLDREG_DATA :              C1E000 - |
 CPLDREG_EXEC :              C1E100 - |  CPLDREG_STAT :              C1E200 - |
 CURRENTMSGBOX :             10D046 C |  CURRENTSCREEN :             10D03C C |
 CURRENTSCREENPREV :         10D044 C |  CURSORSVALID :              11C294 C |
*CUSTOMBGBACKDROP :          11C28C C |  CUSTOMBGFAIL :              C19CBC C |
 CUSTOMBGLOADED :            11C1BB C |  CYAN :                        30FF - |
*DATE :                 "9/11/2026" - | *DBGLAST :                   10D038 C |
*DBGPASS :                   10D02C C | *DBGTIMEOUT :                10D034 C |
*DBGTOTAL :                  10D028 C | *DBGWRONG :                  10D030 C |
 DEBUGDIP1 :                 10D026 C |  DEBUGDIP2 :                 10D027 C |
 DELETECONFIRM :             C1AE44 C |  DELETECONFIRM.NO_A :        C1AE70 C |
 DELETESAVES :               C1C560 C |  DELETESAVES.CMDOK :         C1C59A C |
 DELETESAVES.NOTIMEOUT :     C1C57E C | *DIPSW_CHUTES :                   1 - |
*DIPSW_CTRL :                     2 - | *DIPSW_FREEPLAY :                 6 - |
*DIPSW_FREEZE :                   7 - | *DIPSW_ID0 :                      3 - |
*DIPSW_ID1 :                      4 - | *DIPSW_MULTI :                    5 - |
*DIPSW_SETTINGS :                 0 - |  DISPERROR :                 C19922 C |
 DISPERROR2 :                C1992C C |  DISPERROR2.NOLOADING :      C19974 C |
 DISPERRORTIMEOUT :          C19914 C |  DISPEXC :                   C1E9A0 C |
 DISPEXC.LOADAREGS :         C1EA26 C |  DISPEXC.LOADATPCVALUES :    C1EAA6 C |
 DISPEXC.LOADDREGS :         C1EA06 C |  DISPEXC.LOADSTACKVALUES :   C1EA76 C |
 DMACLEARPALETTES :          C1C636 C |  DMACLEARPALETTES.FILL :     C1C65C C |
 DMACLEARPCMDRAM :           C1C67E C |  DMACLEARPCMDRAM.CLEAR :     C1C6D2 C |
 DMACLEARPCMDRAM.FILL :      C1C6DC C |  DOUPDATE :                  C1B556 C |
 DOUPDATE.NOTIMEOUT :        C1B568 C |  DOUPDATE.OK :               C1B594 C |
 DRAWCHEATLIST :             C1BD62 C |  DRAWCHEATLIST.DISABLED :    C1BE14 C |
 DRAWCHEATLIST.DONE :        C1BE34 C |  DRAWCHEATLIST.DRAWLINE :    C1BDE2 C |
 DRAWCHEATLIST.FOUND :       C1BD8A C |  DRAWCHEATLIST.LIST :        C1BDD0 C |
 DRAWCHEATLIST.NOCUR :       C1BDF8 C |  DRAWCHEATLIST.NO_ARROW :    C1BE64 C |
 DRAWCHEATLIST.SEARCH :      C1BD7C C |  DRAWCHEATLIST.SKIPDESC :    C1BDD8 C |
 DRAWFILELIST :              C19578 C |  DRAWFILELIST.CARDPRESENT :  C195D4 C |
 DRAWFILELIST.CL_CHAR :      C1959A C |  DRAWFILELIST.CL_LINE :      C19590 C |
 DRAWFILELIST.DISP :         C19600 C |  DRAWFILELIST.DONE :         C19648 C |
 DRAWFILELIST.FILES :        C195E8 C |  DRAWFILELIST.TRUNC :        C19622 C |
 DRAWFILELIST.TRUNCDONE :    C1962E C |  DRAWIGMBOX :                C1B9FA C |
 DRAWIGMBOX.ROWFILL :        C1BA3C C |  DRAWIGMCURSOR :             C1B8EA C |
 DRAWKEYBOARD :              C1ABB8 C |  DRAWKEYBOARD.CHAR :         C1ABEE C |
 DRAWKEYBOARD.DONE :         C1AC14 C |  DRAWKEYBOARD.LOWERCASE :    C1ABD0 C |
 DRAWKEYBOARD.ROW :          C1ABE2 C |  DRAWPROGRESSANIMATION :     C0E712 - |
 DRAWSDIP :                  C1C0A8 C |  DRAWSDIP.DONE :             C1C13C C |
 DRAWSDIP.DRAWLP :           C1C0E0 C |  DRAWSDIP.FIRSTPAGE :        C1C0C8 C |
 DRAWSDIPCURSOR :            C1C03C C |  DRAWSDIPSTRING :            C1C214 C |
 DRAWSDIPSTRING.WRITENAME :  C1C21C C |  ERRADDR :                   C1E920 C |
 ERRBUS :                    C1E900 C |  ERRGENERIC :                C1E960 C |
 ERRILLEGAL :                C1E940 C |  ERRUNINIT :                 C1E980 C |
 AS V1.42 Beta [Bld 311] - Source File main.asm - Page 175 - 9/11/2026 23:43:16


 EXCEED_CODE :                   FE - |  EXITFILEEXISTS :            C1C496 C |
 EXITFILEEXISTS.NO_A :       C1C4B0 C |  EXITLOADCONFIRM :           C1AE16 C |
 EXITLOADCONFIRM.NO_A :      C1AE3A C |  EXITSETTINGS :              C1B1CE C |
*FALSE :                          0 - |  FILECURSOR :                10D000 C |
 FILECURSORPREV :            10D001 C | *FILEENTRY_FILENAME :             2 - |
*FILEENTRY_INDEX :                0 - |  FILEENTRY_LEN :                 20 - |
*FILEENTRY_RESERVED :            1C - |  FILELIST :                  11C900 C |
 FILELISTNAV :               C19670 C |  FILELISTNAV.NO_DOWN :       C1971E C |
 FILELISTNAV.NO_UP :         C196C4 C |  FILELISTNAV.SCROLLDOWN :    C19710 C |
 FILELISTNAV.TOP :           C196A4 C |  FILENAMEBUFFER :            10D04C C |
 FILENAMECLEAR :             C1EF32 C |  FILENAMECURSOR :            10D05D C |
 FILE_LIST_LEN :               1920 - |  FIRSTLOADBANK :               7EDE - |
 FIRSTPRGSECTOR :            110004 - |  FIXBANKBUFFER :             11F000 C |
 FIXBANKZERO :               C5FEB0 C |  FIXMAP :                      7000 - |
 FIXMAPBUFFER :              110804 - |  FIXMAPBUFFER_SIZE :            1A4 - |
 FIXMAPFLAGBR :              C1F54C C |  FIXMAPFLAGEU :              C1F546 C |
 FIXMAPFLAGJP :              C1F53A C |  FIXMAPFLAGUS :              C1F540 C |
 FIXMAPIGMBOT :              C1BBA2 C |  FIXMAPIGMROW :              C1BB66 C |
 FIXMAPIGMTOPA :             C1BAEE C |  FIXMAPIGMTOPB :             C1BB2A C |
 FIXMAPMSGBOXBOT :           C198E4 C |  FIXMAPMSGBOXROW :           C198B4 C |
 FIXMAPMSGBOXTOP :           C19884 C |  FIXSIZECHECKA :             C61EB0 C |
 FIXSIZECHECKB :             C6BEB0 C |  FIXSTRABOUT :               C1ED2A C |
 FIXSTRAREGSDUMP :           C1F6AB C |  FIXSTRATPCDUMP :            C1F728 C |
*FIXSTRBEXIT :               C1F4D8 C |  FIXSTRBLUE :                C1F294 C |
 FIXSTRBRAZIL :              C1F2C1 C |  FIXSTRBRAZILWARNING :       C1F2C8 C |
*FIXSTRCLEAR :               C1F4DF C |  FIXSTRCLEARDIPS :           C1AEDA C |
 FIXSTRCYAN :                C1F28C C |  FIXSTRDELETECONFIRM :       C1F05A C |
 FIXSTRDISABLED :            C1AEEC C |  FIXSTRDREGSDUMP :           C1F675 C |
 FIXSTRENABLED :             C1AEE3 C |  FIXSTRERRADDR :             C1F62C C |
 FIXSTRERRBUS :              C1F622 C |  FIXSTRERRGENERIC :          C1F64E C |
 FIXSTRERRILLEGAL :          C1F63A C |  FIXSTRERROR :               C1F5DB C |
 FIXSTRERRUNINIT :           C1F65B C |  FIXSTREUROPE :              C1F2BA C |
 FIXSTRFAST :                C1AEFD C |  FIXSTRFILEEXISTS :          C1EEEA C |
*FIXSTRFOOTERACTIONSFRONT :  C1F50B C |  FIXSTRFOOTERACTIONSTOP :    C1F4EE C |
 FIXSTRGREEN :               C1F284 C |  FIXSTRICON :                C1EE54 C |
 FIXSTRJAPAN :               C1F2AC C |  FIXSTRLOADCONFIRM :         C1EFF2 C |
 FIXSTRLOADINGBG :           C1EC04 C |  FIXSTRLOADINGLIST :         C1EC5F C |
*FIXSTRLOADOK :              C1F0A0 C |  FIXSTRLOADSAVEUI :          C1EFB9 C |
 FIXSTRLONGWORDVAL :         C1F4EC C |  FIXSTRMAGENTA :             C1F29C C |
 FIXSTRMENU :                C1ECBA C |  FIXSTRNEW :                 C1AEF5 C |
 FIXSTRNOCARD :              C1F5C4 C |  FIXSTRNOFILENAME :          C1EECD C |
 FIXSTRNOFILES :             C1F5AD C |  FIXSTROLD :                 C1AEF9 C |
 FIXSTRRED :                 C1F274 C | *FIXSTRROMDUMP :             C1F332 C |
 FIXSTRSAVECHKERROR :        C1F0BA C |  FIXSTRSAVELOADED :          C1F3B3 C |
 FIXSTRSAVESTORED :          C1F387 C |  FIXSTRSETTINGS :            C1F14A C |
 FIXSTRSLOW :                C1AF02 C |  FIXSTRSTACKDUMP :           C1F6E1 C |
 FIXSTRSTORESAVEUI :         C1EE6E C |  FIXSTRUSA :                 C1F2B3 C |
 FIXSTRVBL :                 C1F614 C | *FIXSTRWARMRESET :           C1F66A C |
 FIXSTRWHITE :               C1F2A4 C |  FIXSTRYELLOW :              C1F27C C |
 FIXVALUELIST :              11C140 C |  FIXWRITECONFIG :            11C18A C |
 FLAGLUT :                   C1A23E C |  FLAGSELECTSTART :           11C20A C |
*FLOATMAX :      1.797693134866E308 - |  FRAMECOUNTER :              10D040 C |
*FULLPMMU :                       1 - |  GETBMPSECTOR :              C1CE56 C |
 GETBMPSECTOR.ERR :          C1CE9C C |  GETBMPSECTOR.NOTIMEOUT :    C1CE78 C |
 GETCDSECTORBYTESHEAD :      C1CAC0 C |  GETCDSECTORBYTESHEAD.DONE : C1CB2C C |
 GETCDSECTORBYTESHEAD.READSECTOR :                                   C1CADC C |
 GETCDSECTORBYTESHEAD.WAIT : C1CB24 C |  GETCDSECTORBYTESTAIL :      C1CB38 C |
*GETCDSECTORBYTESTAIL.DONE : C1CBCC C |
 GETCDSECTORBYTESTAIL.READSECTOR :                                   C1CB5A C |
 GETCDSECTORBYTESTAIL.WAIT : C1CBC2 C |  GETCDSECTORRAWFULL :        C1C958 C |
 AS V1.42 Beta [Bld 311] - Source File main.asm - Page 176 - 9/11/2026 23:43:16


 GETCDSECTORRAWFULL.READSECTOR :                                     C1C974 C |
 GETCDSECTORRAWFULL.WAIT :   C1C978 C |  GETCDSECTORRAWHEAD :        C1C98E C |
 GETCDSECTORRAWHEAD.DONE :   C1C9F6 C |
 GETCDSECTORRAWHEAD.READSECTOR :                                     C1C9AA C |
 GETCDSECTORRAWHEAD.WAIT :   C1C9EE C |  GETCDSECTORRAWTAIL :        C1CA02 C |
 GETCDSECTORRAWTAIL.DONE :   C1CAB4 C |
 GETCDSECTORRAWTAIL.READSECTOR :                                     C1CA24 C |
 GETCDSECTORRAWTAIL.WAIT :   C1CAA8 C |  GETMCUSTATUS :              C190E4 C |
 GETMCUSTATUS.CMDOK :        C1913A C |  GETMCUSTATUS.NOCARDEVENT :  C19158 C |
 GETMCUSTATUS.NOSET :        C19116 C |  GETMCUSTATUS.NOTIMEOUT :    C1912A C |
 GETNAVYPOS :                C1B396 C |  GETNEWBMPSECTOR :           C19CCC C |
 GETSDIPENTRYTYPE :          C1D352 C |  GETSDIPINDEXCURSOR :        C1D3B4 C |
 GETSDIPVALUECURSOR :        C1D372 C |  GETSDIPVALUEINDEX :         C1D37A C |
 GETSDIPVALUEINDEX.TIME :    C1D38C C |  GREEN :                       20F0 - |
 GUBUFFER :                  11E2E8 C | *HAS64 :                          1 - |
*HASFPU :                         0 - | *HASPMMU :                        0 - |
 HEADER_NGH :                   108 - |  HEADER_SDIPS_EU :              11E - |
*HEADER_SDIPS_JP :              116 - |  HEADER_SDIPS_US :              11A - |
 HEXIFY :                    C1E37E C |  HEXIFY.DECI :               C1E388 C |
 HEXTOBCD :                  C1E38E C |  HIDESOFTDIPNGHS :           C1D3CC C |
 IGMCURSOR :                 11C1BD C |  IGMCURSORSHIFT :            11C1BF C |
 IGMITEMS :                  11C1C0 C |  IGMITEMSY :                 C1BBDE C |
 IGMMODE :                   11C1C1 C |  IGMPALETTES :               C1BAAE C |
 IGMSETUPCHEATS :            C1BC0C C |  IGMSETUPCHEATS.NOCHEATS :   C1BC5C C |
 IGMSETUPSDIP :              C1BE6C C |  IGMSETUPSDIP.NOSDIPS :      C1BEC2 C |
 IGMVBL :                    C1B800 C |  IGMVBL.NOF :                C1B822 C |
 IGMVBL.NOIGM :              C1B840 C |  IGMVBLPROCCHEATS :          C1BC6E C |
 IGMVBLPROCCHEATS.CLOSE :    C1BD5A C |  IGMVBLPROCCHEATS.NOCHEATS : C1BD2E C |
 IGMVBLPROCCHEATS.NO_A :     C1BD2E C |  IGMVBLPROCCHEATS.NO_B :     C1BD60 C |
 IGMVBLPROCCHEATS.NO_DOWN :  C1BD00 C |  IGMVBLPROCCHEATS.NO_UP :    C1BCB4 C |
 IGMVBLPROCCHEATS.SCROLLDOWN :                                       C1BCF4 C |
 IGMVBLPROCCHEATS.TOP :      C1BCA0 C |  IGMVBLPROCSDIP :            C1BEE6 C |
 IGMVBLPROCSDIP.DONE_DOWN :  C1BF68 C |  IGMVBLPROCSDIP.DONE_UP :    C1BF24 C |
 IGMVBLPROCSDIP.LPDEF :      C1C002 C |  IGMVBLPROCSDIP.NOSDIPS :    C1C018 C |
 IGMVBLPROCSDIP.NO_B :       C1C03A C |  IGMVBLPROCSDIP.NO_C :       C1C018 C |
 IGMVBLPROCSDIP.NO_DOWN :    C1BF6E C |  IGMVBLPROCSDIP.NO_LEFT :    C1BFA4 C |
 IGMVBLPROCSDIP.NO_RIGHT :   C1BFDA C |  IGMVBLPROCSDIP.NO_UP :      C1BF2A C |
 IGMVBLPROCSELECT :          C1B842 C |  IGMVBLPROCSELECT.NO_A :     C1B8BA C |
 IGMVBLPROCSELECT.NO_B :     C1B8E8 C |  IGMVBLPROCSELECT.NO_DOWN :  C1B890 C |
 IGMVBLPROCSELECT.NO_UP :    C1B868 C |  IGM_HEIGHT :                     E - |
 IGM_WIDTH :                     1E - |  INCMSF :                    C1C8BA C |
 INCMSF.INCDONE :            C1C928 C |  INCMSF.NOCAP :              C1C8D4 C |
 INITLOAD :                  C191C8 C |  INITRAM :                   C19170 C |
 INITSD :                    C1E4DE C |  INITSD.ERROR :              C1E51C C |
 INITSD.INITOK :             C1E522 C |  INITSD.NOTIMEOUT :          C1E4FA C |
 INITSD.RETRY :              C1E4E6 C |  INITSDIPLIST :              C1D238 C |
 INITSDIPLIST.NOSDIPS :      C1D296 C |  INITSDIPLIST.SEARCH :       C1D24E C |
 INITSDIPLIST.SHOWSDIPS :    C1D258 C |  INITSDIPLIST.SSLOOP :       C1D27C C |
 INITSDIPLIST.SSUNUSED :     C1D290 C |  INITSOFTDIPS :              C191B0 C |
 INSTALLCHEATS :             C1D44A C |  INSTALLCHEATS.PROCESS :     C1D460 C |
 INSTALLCHEATS.SKIPCHEAT :   C1D4A0 C |  INSTALLCHEATS.SKIPDESC :    C1D4A2 C |
 INSTALLCHEATS.VBLCOPY :     C1D498 C |  INSTALLCHEATS.VBLTYPE :     C1D496 C |
 INSTALLCHEATS.ZERO :        C1D4AC C |  INSTALLPALETTES :           C1CFA4 C |
 INSTALLPALETTES.LDPAL :     C1CFB4 C |  INSTALLPALETTES.NEWANIM :   C1CFC4 C |
*INSUPMODE :                      1 - | *INTWIDTH :                      40 - |
 ISINIGM :                   11C1BC C |  ISLOADING :                 11C1B4 C |
 JTFILELOADERS :             C0F60A - |  JTOPCODES :                 C1D4FE C |
 JT_IGMSETUPS :              C1BBE4 C |  JT_IGMVBLPROCS :            C1BBF0 C |
 JT_MENUSETUPS :             C1A818 C |  JT_SDIPDEC :                C1D324 C |
 JT_SDIPDRAW :               C1C148 C |  JT_SDIPINC :                C1D2C4 C |
 AS V1.42 Beta [Bld 311] - Source File main.asm - Page 177 - 9/11/2026 23:43:16


 JT_VBLPROCS :               C19720 C |  JUMPTOLETTER :              C1A5B8 C |
 JUMPTOLETTER.CANSCROLL :    C1A618 C |  JUMPTOLETTER.DONE :         C1A654 C |
 JUMPTOLETTER.FOUND :        C1A606 C |  JUMPTOLETTER.HAVESHIFT :    C1A61C C |
 JUMPTOLETTER.LETTER :       C1A5E8 C |  JUMPTOLETTER.NOCLAMP :      C1A624 C |
 JUMPTOLETTER.SCAN :         C1A5D6 C |  JUMPTOLETTER.SKIP :         C1A646 C |
 KEYBOARDMAPLC :             C1EF88 C |  KEYBOARDMAPUC :             C1EF57 C |
 LASTBGGAMEINDEX :           11C28E C |  LASTFILECURSOR :            11C291 C |
 LASTLETTERCURSOR :          11C293 C |  LASTMCUCMD :                11C193 C |
 LASTMENUSHIFT :             11C292 C |  LASTSCREEN :                10D03E C |
 LETTERCOUNT :               10D00E C |  LETTERCURSOR :              10D007 C |
 LETTERCURSORPREV :          10D008 C |  LETTERGAMECOUNT :           10D006 C |
 LETTERLUT :                 C1F56D C |  LISTNAMESCRATCH :           10D013 C |
*LISTON :                         1 - |  LIST_CURSOR_COL :                0 - |
 LIST_NAME_COL :                  1 - |  LIST_NAME_WIDTH :               12 - |
 LIST_START_ROW :                 4 - |  LOADANIMSLOWDOWN :          11C296 C |
 LOADCDSECTORFROMSD :        C1CE26 C |  LOADCDSECTORFROMSD.EXIT :   C1CE54 C |
 LOADCUSTOMBG :              C19B04 C |  LOADCUSTOMBGSILENT :        C19B1C C |
 LOADCUSTOMBGSILENT.CONVERTPAL :                                     C19BB6 C |
 LOADCUSTOMBGSILENT.FULLHEIGHT :                                     C19C12 C |
 LOADCUSTOMBGSILENT.NORELOADA :                                      C19C5A C |
 LOADCUSTOMBGSILENT.NORELOADB :                                      C19C90 C |
 LOADCUSTOMBGSILENT.PAL_BUF0 :                                       C19BB4 C |
 LOADCUSTOMBGSILENT.ROWA :   C19C32 C |  LOADCUSTOMBGSILENT.ROWB :   C19C68 C |
 LOADCUSTOMBGSILENT.SIXTEENPIXELSROW :                               C19C2A C |
 LOADCUSTOMBGSILENT.TILEHEIGHT :                                     C19C20 C |
 LOADCUSTOMBGSILENT.TILE_BUF0 :                                      C19C0C C |
 LOADDEBUGDIPS :             C191A2 C |  LOADFILE :                  C19320 C |
 LOADFROMCD :                C193B4 C |  LOADGAME :                  C19402 C |
 LOADGAME.INVALID :          C194A2 C |  LOADGAME.NOTIMEOUT :        C19422 C |
 LOADGAMEBG :                C19A58 C |  LOADGAMEBG.APPLY :          C19AFC C |
 LOADGAMEBG.DONE :           C19B02 C |  LOADGAMEBG.TRYROOT :        C19ACA C |
 LOADINGFINISHED :           C1930A C |  LOADPCMSECTORFROMSD :       C1CCFE C |
 LOADPCMSECTORFROMSD.DONE :  C1CDEC C |
 LOADPCMSECTORFROMSD.FULLSECTOR :                                    C1CD88 C |
 LOADPCMSECTORFROMSD.LOC_C0BE7E :                                    C1CE0E C |
 LOADPCMSECTORFROMSD.READSECTOR :                                    C1CDB0 C |
 LOADPCMSECTORFROMSD.WAIT :  C1CDD8 C |  LOADPCMSECTORSPATCH :       C192B6 C |
 LOADPCMSECTORSPATCH.LOADPCMSECTORS :                                C192BC C |
 LOADPRGSECTORFROMSD :       C1CBD8 C |  LOADPRGSECTORFROMSD.DONE :  C1CC14 C |
 LOADPRGSECTORFROMSD.EXIT :  C1CC32 C |  LOADPRGSECTORFROMSD.FULL :  C1CC0E C |
 LOADPRGSECTORSPATCH :       C191E0 C |
 LOADPRGSECTORSPATCH.LOADPRGSECTORS :                                C19208 C |
 LOADPRGSECTORSPATCH.NOTFIRST :                                      C19204 C |
 LOADPRGSECTORSPATCH.NOTSSRPG :                                      C19260 C |
 LOADPRGVECTORTABLE :        C19336 C |  LOADPRGVECTORTABLE.COPY1 :  C19358 C |
 LOADPRGVECTORTABLE.COPY2 :  C19366 C |  LOADSAVES :                 C1C4B2 C |
 LOADSAVES.CHECKCSUM :       C1C52E C |  LOADSAVES.CMDOK :           C1C4FE C |
 LOADSAVES.CSUM_OK :         C1C54A C |  LOADSAVES.LOADCHUNK :       C1C4C2 C |
 LOADSAVES.NOTIMEOUT :       C1C4E2 C |  LOADSAVES.READDATA :        C1C514 C |
 LOADSDIPS :                 C1D1A4 C |  LOADSDIPS.FAIL :            C1D236 C |
 LOADSDIPS.READDATA :        C1D22E C |  LOADSETTINGS :              C1C2A4 C |
 LOADSETTINGS.OK1 :          C1C310 C |  LOADSETTINGS.OK2 :          C1C326 C |
 LOADSPRSECTORFROMSD :       C1CC34 C |  LOADSPRSECTORFROMSD.DONE :  C1CCE6 C |
 LOADSPRSECTORFROMSD.EXIT :  C1CCFC C |
 LOADSPRSECTORFROMSD.FULLSECTOR :                                    C1CCCC C |
 LOADSPRSECTORSPATCH :       C19266 C |
 LOADSPRSECTORSPATCH.LOADSPRSECTORS :                                C1926C C |
 LOADSPRSECTORSPATCH.NOTEOB :                                        C19294 C |
 LOCKUP :                    C1EADA C |  LUTINDEXTOBITPLANE :        C19CF0 C |
*MACEXP :                         7 - |  MAGENTA :                     5F0F - |
 AS V1.42 Beta [Bld 311] - Source File main.asm - Page 178 - 9/11/2026 23:43:16


 MAINLOOPEND :               C0CB7C - | *MAP_LOGO :                  C1D552 C |
 MAP_SPLASH_SDCARD :         C2314A C |  MAP_SSAVER_SPRITE :         C23000 C |
 MAX_CHEAT_DESC :                18 - |  MAX_CHEAT_LINES :                8 - |
 MAX_FILENAME :                  1A - |  MAX_FILES :                     C8 - |
 MAX_MENU_LINES :                14 - |  MAX_MENU_LIST :                 C8 - |
 MCUCMDPARAMS :              11C194 C |  MCUCOMMAND :                C1C756 C |
 MCUCOMMAND.TIMEOUT :        C1C7B0 C |  MCUCOMMAND.TXPARAM :        C1C780 C |
 MCUREAD4WORDS :             C1C85A C |  MCUREAD4WORDSMULT :         C1C85E C |
 MCUREAD4WORDSMULT.MULTIPLEOF4 :                                     C1C86E C |
 MCUREAD4WORDSMULT.RDLOOP :  C1C876 C |  MCUREAD4WORDSMULT.ZERO :    C1C898 C |
 MCUREPLYBUFFER :            11C100 C |  MCUSTATUS :                 10D042 C |
 MCUVERSION :                11C1B8 C |  MCUWAITACK :                C1C7BE C |
 MCUWAITACK.DONE :           C1C7EA C |  MCUWAITACK.WAIT :           C1C7C6 C |
 MCUWAITEXEC :               C1C7F0 C |  MCUWAITEXEC.DONE :          C1C81C C |
 MCUWAITEXEC.WAIT :          C1C7F8 C |  MCUWAITREFILL :             C1C828 C |
 MCUWAITREFILL.DONE :        C1C854 C |  MCUWAITREFILL.WAIT :        C1C830 C |
 MCU_CMD_CDDA :                   9 - | *MCU_CMD_DUMPROM :                A - |
 MCU_CMD_GETGAMES :               6 - |  MCU_CMD_GETID :                  1 - |
 MCU_CMD_GETSAVES :               B - |  MCU_CMD_GETSTATUS :              2 - |
 MCU_CMD_INITSD :                 5 - |  MCU_CMD_LOADSAVE :               D - |
 MCU_CMD_LOADSECT :               8 - |  MCU_CMD_RESET :                  4 - |
 MCU_CMD_SELECTGAME :             7 - |  MCU_CMD_STORESAVE :              C - |
 MCU_CMD_TEST :                   0 - |  MCU_CMD_UPDATE :                 3 - |
 MEMCARD :                   800000 - |  MEMCARDMENU :               C1404E - |
 MEMORYVIEWER :              C1E7A6 C |  MEMORYVIEWER.LOOP :         C1E7DC C |
 MEMORYVIEWER.NO_DOWN :      C1E816 C |  MEMORYVIEWER.NO_LEFT :      C1E828 C |
 MEMORYVIEWER.NO_RIGHT :     C1E83A C |  MEMORYVIEWER.NO_UP :        C1E804 C |
 MENUINDEXLIST :             11E220 C |  MENULETTERLIST :            C1F552 C |
 MENUSHIFT :                 10D002 C |  MESSAGEBOX :                C19760 C |
 MESSAGEBOXCLOSE :           C19834 C |  MESSAGEBOXCLOSE.NOCALL :    C19866 C |
 MESSAGEBOXCUSTOM :          C19764 C |  MESSAGEBOXCUSTOM.ABORT :    C1980A C |
 MESSAGEBOXCUSTOM.ROWFILL :  C197CC C | *MIDBLUE :                     1007 - |
*MIDCYAN :                     3077 - | *MIDGREEN :                    2070 - |
*MIDGREY :                     7777 - | *MIDMAGENTA :                  5707 - |
*MIDRED :                      4700 - | *MIDYELLOW :                   6770 - |
*MOMCPU :                     68000 - | *MOMCPUNAME :               "68000" - |
 MSFCOUNTER :                11C182 C |  MSGBOXEXITCALL :            10D048 C |
 MSGBOX_HEIGHT :                  E - |  MSGBOX_WIDTH :                  18 - |
 NAVPROCANIMLR :             C1B51E C |  NAVPROCCOUNTRYL :           C1B3A6 C |
 NAVPROCCOUNTRYR :           C1B3C0 C |  NAVPROCDDIPA :              C1B460 C |
 NAVPROCDDIPA.DIP1 :         C1B470 C |  NAVPROCDDIPL :              C1B42C C |
 NAVPROCDDIPR :              C1B446 C |  NAVPROCDEVMODELR :          C1B48C C |
 NAVPROCDEVMODELR.NODEVMODE :                                        C1B4A6 C |
 NAVPROCLEDL :               C1B4B8 C |  NAVPROCLEDL.LEDIDLE :       C1B4C8 C |
 NAVPROCLEDL.SUBOK :         C1B4D2 C |  NAVPROCLEDR :               C1B4EA C |
 NAVPROCLEDR.ADDOK :         C1B506 C |  NAVPROCLEDR.LEDIDLE :       C1B4FA C |
 NAVPROCLOADLR :             C1B53A C |  NAVPROCNULL :               C1B3A4 C |
 NAVPROCRSTCOUNTRY :         C1B3DA C |  NAVPROCSFXLR :              C1B410 C |
 NAVPROCSSAVERLR :           C1B3F4 C | *NESTMAX :                      100 - |
 NEWSPRITEINITDATA :         C1CFE2 C |  NO_B :                      C1B1DE C |
 NO_B.NO_A :                 C1B298 C |  NO_B.NO_DOWN :              C1B24A C |
 NO_B.NO_LEFT :              C1B264 C |  NO_B.NO_RIGHT :             C1B27E C |
 NO_B.NO_UP :                C1B212 C |  OPCODE0 :                   C1D50E C |
 OPCODE0.DONE :              C1D518 C |  OPCODE1 :                   C1D51A C |
 OPCODE2 :                   C1D528 C |  OPCODE2.DONE :              C1D534 C |
 OPCODE3 :                   C1D536 C |  OPCODE3.DONE :              C1D550 C |
 OPCODE3.PROCESS :           C1D53E C | *ORANGE :                      6F70 - |
*PADDING :                        0 - |  PALETTEBUFFER :             11C24C C |
 PALETTES :                  400000 - |  PAL_SD_CARD :               C231CC C |
 PCERROR :                   11C186 C |  PLAYSFX :                   C19568 C |
 AS V1.42 Beta [Bld 311] - Source File main.asm - Page 179 - 9/11/2026 23:43:16


 PLAYSFX.NOSFX :             C19576 C |  POLLSTATUS :                11C1B6 C |
 PREVIGMCURSOR :             11C1BE C |  PROCESSCDDACMDS :           C0D022 - |
 PROCESSZ80CDDA :            C1CEEA C |  PROGRESSBARCODEPTR :        11C80C - |
 PUPPETSTUFF :               C19002 C |  PUPPETSTUFF.DONE :          C1908A C |
 RAMENDA :                   10D081 C |  RAMENDB :                   11C29C C |
 RAMENDC :                   11E4E8 C |  RAMENDD :                   120000 C |
 RAMSTART :                  100000 - |  READCDDAFROMZ80END :        C0CF1A - |
*RED :                         4F00 - |  REFRESHDUMP :               C1E724 C |
 REFRESHDUMP.WRITEBLOCK :    C1E75C C |  REFRESHDUMP.WRITELINE :     C1E768 C |
 REFRESHFLAGS :              10D003 C |  REGIONPATCH :               C0CA40 - |
*REG_BRDFIX :                3A000B - |  REG_CDCONFIG :              FF011C - |
*REG_CDDCTRL :               FF0165 - | *REG_CDDINPUT :              FF0161 - |
*REG_CDDOUTPUT :             FF0163 - | *REG_CDRST :                 FF0181 - |
 REG_CRDBANK :               380011 - |  REG_CRDNORMAL :             3A0019 - |
*REG_CRTFIX :                3A001B - |  REG_DIPSW :                 300001 - |
 REG_DISBLFIX :              FF0115 - |  REG_DISBLSPR :              FF0111 - |
 REG_ENVIDEO :               FF0119 - |  REG_IRQACK :                3C000C - |
 REG_LSPCMODE :              3C0006 - |  REG_NOSHADOW :              3A0001 - |
 REG_P1CNT :                 300000 - | *REG_P2CNT :                 340000 - |
*REG_PALBANK0 :              3A001F - | *REG_PALBANK1 :              3A000F - |
 REG_PCMBANK :               FF01A3 - | *REG_POUTPUT :               380001 - |
*REG_SHADOW :                3A0011 - | *REG_SLOT :                  380021 - |
 REG_SOUND :                 320000 - |  REG_SPRBANK :               FF01A1 - |
*REG_STATUS_A :              320001 - | *REG_STATUS_B :              380000 - |
 REG_SWPROM :                3A0013 - | *REG_TIMERHIGH :             3C0008 - |
*REG_TIMERLOW :              3C000A - | *REG_TIMERSTOP :             3C000E - |
 REG_TRANSAREA :             FF0105 - |  REG_UPLOAD_EN :             FF016F - |
 REG_UPMAPFIX :              FF0129 - |  REG_UPMAPPCM :              FF0123 - |
 REG_UPMAPSPR :              FF0121 - | *REG_UPMAPZ80 :              FF0127 - |
 REG_UPUNMAPFIX :            FF0149 - |  REG_UPUNMAPPCM :            FF0143 - |
 REG_UPUNMAPSPR :            FF0141 - | *REG_UPUNMAPZ80 :            FF0147 - |
 REG_VRAMADDR :              3C0000 - |  REG_VRAMMOD :               3C0004 - |
 REG_VRAMRW :                3C0002 - |  REG_Z80RST :                FF0183 - |
*RELAXED :                        0 - |  REQCDSECTOR :               C1C92A C |
 REQCDSECTOR.LOCKUP :        C1C946 C |  REQCDSECTOR.NOTIMEOUT :     C1C948 C |
 RESETCONFIRM :              C1A656 C |  RESETCONFIRM.NO_A :         C1A696 C |
 RESETCONFIRM.TIMEOUT :      C1A690 C |  RESETCOUNTRY :              C1917A C |
 RESOLVELETTERCURSOR :       C1A216 C |
 RESOLVELETTERCURSOR.COUNTBITS :                                     C1A224 C |
 RESOLVELETTERCURSOR.FOUND : C1A232 C |  RESOLVELETTERCURSOR.ZERO :  C1A22E C |
 RESTOREFIXMAP :             C1E470 C |  RESTOREFIXMAP.COL :         C1E492 C |
 RESTOREFIXMAP.ROW :         C1E48E C |  RETRYCOUNTER :              10D080 C |
 RUNCHEATACTIONS :           C1D4BC C |  RUNCHEATACTIONS.ACTION :    C1D4CA C |
 RUNCHEATACTIONS.DONE :      C1D4F8 C |  RUNDMADIRECT :              C1C5A6 C |
 RUNDMADIRECT.COPY2 :        C1C5F4 C |  RUNDMADIRECT.COPY32 :       C1C5C0 C |
 RUNDMADIRECT.EXIT :         C1C5FA C |  RUNDMADIRECT.SKIP :         C1C5EA C |
 SAVEFIXMAP :                C1E432 C |  SAVEFIXMAP.COL :            C1E448 C |
 SAVEFIXMAP.ROW :            C1E444 C |  SAVESETTINGS :              C1C22C C |
 SAVE_DATA1 :                800001 - |  SAVE_DATA2 :                800009 - |
 SCB1 :                           0 - |  SCB2 :                        8000 - |
 SCB3 :                        8200 - |  SCB4 :                        8400 - |
 SCREEN_ABOUT :                   C - |  SCREEN_IDLE :                    0 - |
 SCREEN_LOAD_SAVE :               9 - |  SCREEN_MAIN :                    1 - |
 SCREEN_MENU :                    7 - |  SCREEN_MSGBOX :                  F - |
 SCREEN_SETTINGS :                A - |  SCREEN_SSAVER :                  D - |
 SCREEN_STORE_SAVE :              8 - |  SCROLLTIMER :               10D011 C |
 SCROLLX :                   10D012 C |  SDIPADDENTRY :              C1D2AA C |
 SDIPADDR :                  11C1C2 C |  SDIPCOUNT :                 11C1C6 C |
 SDIPDECBYTE :               C1D330 C |  SDIPDECBYTE.DONE :          C1D336 C |
 SDIPDECTIME :               C1D338 C |  SDIPDECTIME.MZERO :         C1D34E C |
 AS V1.42 Beta [Bld 311] - Source File main.asm - Page 180 - 9/11/2026 23:43:16


 SDIPDECTIME.SZERO :         C1D342 C |  SDIPDRAWCOUNT :             C1C16E C |
 SDIPDRAWCOUNT.CLEARCHAR :   C1C196 C |  SDIPDRAWCOUNT.INFINITE :    C1C1BC C |
 SDIPDRAWCOUNT.WITHOUT :     C1C1A4 C |  SDIPDRAWNORMAL :            C1C154 C |
 SDIPDRAWTIMER :             C1C1D4 C |  SDIPINCCOUNT :              C1D2F4 C |
 SDIPINCCOUNT.DONE :         C1D2FC C |  SDIPINCNORMAL :             C1D2D0 C |
 SDIPINCNORMAL.DONE :        C1D2F2 C |  SDIPINCTIME :               C1D2FE C |
 SDIPINCTIME.MMAX :          C1D320 C |  SDIPINCTIME.SMAX :          C1D30E C |
 SDIPITEMS :                 11C1C8 C |  SDIPPARSECOUNT :            C1D2B8 C |
 SDIPPARSETIME :             C1D2A0 C |  SDIPUNUSED :                C1D2B4 C |
 SECTORCOUNTER :               7688 - |  SECTORLOADBUFFER :            7EF8 - |
 SECTORLOADCOUNTER :           7DE2 - |  SECTORLOADDEST :              7EF4 - |
 SECTORLOADSIZE :              7EFC - |  SECTORREQDEST :               7EE2 - |
 SETKBDVRAMADDR :            C1AC1E C |  SETKBDVRAMADDR.KBDZONE :    C1AC30 C |
 SETLEDSTARTUP :             C190D8 C |  SETMCUCONFIG :              11C1B7 C |
 SETSDIPVALUE :              C1D394 C |  SETSDIPVALUE.TIME :         C1D3AC C |
 SETSPRX :                   C1E416 C |  SETSPRX.SET_X :             C1E422 C |
 SETSPRY :                   C1E3F6 C |  SETSPRY.SET_Y :             C1E402 C |
 SETSPRZ :                   C1E3DA C |  SETSPRZ.SET_Z :             C1E3E6 C |
 SETTINGBOOTANIM :           11C191 C |  SETTINGCOUNTRY :            11C18C C |
 SETTINGLEDIDLE :            11C18E C |  SETTINGLEDLOAD :            11C18F C |
 SETTINGLOADANIM :           11C192 C |  SETTINGSFX :                11C190 C |
 SETTINGSNAVTABLE :          C1B2C6 C |  SETTINGSSAVER :             11C18D C |
 SETUPABOUT :                C1B596 C |  SETUPABOUT.CLDATA :         C1B5C4 C |
 SETUPABOUT.CLDATALP :       C1B5CE C |  SETUPABOUT.COPY :           C1B5F6 C |
 SETUPABOUT.DONE :           C1B5E8 C |  SETUPABOUT.NOERROR :        C1B63E C |
 SETUPABOUT.NOTIMEOUT :      C1B5D6 C |  SETUPBGSPRITES :            C199B2 C |
 SETUPBGSPRITES.BGDONE :     C19A20 C |  SETUPBGSPRITES.BUF0 :       C199DA C |
 SETUPBGSPRITES.HIDEBOX :    C19A0C C |
 SETUPBGSPRITES.SETUP_C_MAP :                                        C199E2 C |
 SETUPBGSPRITES.SETUP_C_TILES :                                      C199EC C |
 SETUPIGM :                  C1B664 C |  SETUPIGM.CLEAR :            C1B714 C |
 SETUPIGM.COPY :             C1B6FC C |  SETUPIGM.SAVEFIX :          C1B6E0 C |
 SETUPIGM.WRITECHAR :        C1B7B4 C |  SETUPLOADSAVE :             C1AC44 C |
 SETUPLOADSAVE.CP :          C1ACDC C |  SETUPLOADSAVE.LISTFILES :   C1ACC2 C |
 SETUPLOADSAVE.LISTLP :      C1AD0E C |  SETUPLOADSAVE.NOTIMEOUT :   C1AC96 C |
 SETUPLOADSAVE.SETUP_INTERFACE :                                     C1ACFA C |
 SETUPMAIN :                 C19EBC C |  SETUPMAIN.ALREADYSET :      C1A0D6 C |
 SETUPMAIN.CP :              C1A078 C |  SETUPMAIN.INVALID :         C1A11C C |
 SETUPMAIN.LISTFILES :       C1A052 C |  SETUPMAIN.NOACTIVE :        C1A0E4 C |
 SETUPMAIN.NOCUSTOMBG :      C19FE2 C |  SETUPMAIN.NOEXCEED :        C1A03C C |
 SETUPMAIN.NOTIMEOUTA :      C19FCA C |  SETUPMAIN.NOTIMEOUTC :      C1A014 C |
 SETUPMAIN.NOTLETTER :       C1A0D0 C |  SETUPMAIN.NOTLOADED :       C19FAE C |
 SETUPMAIN.SETUPACTIVE :     C1A0B4 C |  SETUPMAIN.SETUP_INTERFACE : C1A08E C |
 SETUPMAIN.SHORTNAME :       C1A070 C |  SETUPMENU :                 C1A6A0 C |
 SETUPSAVESMENU :            C1C32E C |  SETUPSETTINGS :             C1AE7A C |
 SETUPSSAVER :               C19D30 C |  SETUPSSAVER.CLRSPR :        C19D58 C |
 SETUPSSAVER.SETSPR :        C19D70 C |  SETUPSSAVER.SETVARS :       C19DCC C |
 SETUPSTORESAVE :            C1A830 C |  SFX_EXIT :                      45 - |
 SFX_MOVE :                      41 - |  SFX_NEG :                       43 - |
 SFX_POS :                       42 - |  SFX_VAL :                       44 - |
 SOFTDIPSPTRS :              C1BBFC C | *SOUND_STOP :                D00046 - |
 SPLASHINIT :                C1CF1C C |  SPLASHINIT.NEWANIM :        C1CF3C C |
 SPLASHLETTERCURVE :         C1CF6A C |  SPLASHLETTERCURVE.NEWANIM : C1CF7A C |
 SPLASHMAPSPRITE :           C1CF82 C |  SPLASHMAPSPRITE.NSPR0 :     C1CF9A C |
 SPLASHSTARTCURVE :          C1CF4E C |  SPLASHSTARTCURVE.NEWANIM :  C1CF60 C |
 SPRITEDATAEND :             C74DB0 C |  SPRITEINITDATA :            C16DF8 - |
*SPR_ARROW_L :                   3E - | *SPR_ARROW_R :                   3F - |
 SPR_BG :                         1 - |  SPR_LETTERS :                   20 - |
*SPR_LETTER_CUR :                3C - | *SPR_LOGO :                      15 - |
 SSAVERTIMER :               10D05E C |  SSAVER_TIMEOUT :                1E - |
 AS V1.42 Beta [Bld 311] - Source File main.asm - Page 181 - 9/11/2026 23:43:16


 SSAVER_VARS :               10D060 C |  STARTGAMECD :               C0EB44 - |
 STOPCDDA :                  C1CEA6 C |  STORESAVES :                C1C344 C |
 STORESAVES.CMDOK :          C1C3D8 C |  STORESAVES.CP :             C1C366 C |
 STORESAVES.ERROR :          C1C3D2 C |  STORESAVES.LOOP :           C1C41C C |
 STORESAVES.NOCHECK :        C1C35A C |  STORESAVES.NOTIMEOUT :      C1C396 C |
 STORESAVES.NULLCHAR :       C1C370 C |
 STORESAVES.STOREFAILTIMEOUT :                                       C1C390 C |
 STORESDIPS :                C1D0C0 C |  STORESDIPS.CONVHEX :        C1D0D8 C |
 STORESDIPS.FAIL :           C1D1A2 C |  STORESDIPS.LOOP :           C1D164 C |
 STRCHEATS :                 C1EB36 C |  STRIGMITEMS :               C1EAF2 C |
 STRINFINITE :               C1EBFB C |  STRMSGBOXEXCEEDGAMES :      C1F496 C |
 STRMSGBOXINVALIDGAME :      C1F3E3 C |  STRMSGBOXNOUPDATE :         C1F42B C |
 STRMSGBOXRESETCONFIRM :     C1F0F7 C |  STRNOCHEATS :               C1EB4F C |
 STRNOSDIP :                 C1EBB6 C |  STRSDIP :                   C1EB8D C |
 STRWITHOUT :                C1EBF2 C | *SYSROM :                    C00000 - |
 SYSTEMIOCUSTOM :            C1D3DA C |  SYSTEMIOCUSTOM.DONE :       C1D410 C |
 SYSTEMIOCUSTOM.RUNCHEATS :  C1D404 C |  SYSTEMIOCUSTOM.SSPRESS :    C1D412 C |
 SYSTEM_IO_WDKICK :          C1E840 C |  SYSTEM_IO_WDKICK.NO_DUMP :  C1E8F8 C |
 SYSTEM_IO_WDKICK.NO_VIEW :  C1E85E C |  SYSTEM_IO_WDKICK.SENDLOOP : C1E87C C |
 SYSTEM_IO_WDKICK.TIMEOUT :  C1E8F2 C | *SYS_CARD :                  C00468 - |
*SYS_CARD_ERROR :            C0046E - |  SYS_CDPLAYER :              C0055E - |
*SYS_CREDIT_CHECK :          C00450 - | *SYS_CREDIT_DOWN :           C00456 - |
*SYS_FIX_CLEAR :             C004C2 - | *SYS_HOWTOPLAY :             C00474 - |
 SYS_INT1 :                  C00438 - | *SYS_IO :                    C0044A - |
*SYS_LSP_1ST :               C004C8 - | *SYS_MESS_OUT :              C004CE - |
*SYS_READ_CALENDAR :         C0045C - | *SYS_RETURN :                C00444 - |
 TARGET :                         2 - | *TILE_CURSOR :                   58 - |
*TIME :                  "23:43:16" - |  TIMEOUTSTAGE :              11C1B5 C |
 TIMEOUT_ACK :                2F3FE - |  TIMEOUT_EXEC :               BD038 - |
 TOTALFILECOUNT :            10D004 C | *TRUE :                           1 - |
 UITEMP :                    10D010 C |  UPDATELOADANIM :            C192D6 C |
 UPDATELOADANIM.FAST :       C192FE C |  UPDATELOADANIM.SKIP :       C19304 C |
 UPLOADDMABYTES :            C1C5FC C |  UPLOADDMABYTES.COPY :       C1C612 C |
 VBLCHEATACTIONS :           11C20B C |  VBLPROCABOUT :              C1B640 C |
 VBLPROCABOUT.NO_PRESS :     C1B662 C | *VBLPROCBEXIT :              C1954E C |
 VBLPROCBEXIT.NO_B :         C19566 C |  VBLPROCLOADSAVE :           C1AD30 C |
 VBLPROCLOADSAVE.NOFILES :   C1ADF2 C |
 VBLPROCLOADSAVE.NOREFRESH0 :                                        C1AD40 C |
 VBLPROCLOADSAVE.NOREFRESH_CUR :                                     C1AD9C C |
 VBLPROCLOADSAVE.NO_A :      C1ADCE C |  VBLPROCLOADSAVE.NO_B :      C1AE14 C |
 VBLPROCLOADSAVE.NO_C :      C1ADF2 C |  VBLPROCMAIN :               C1A24E C |
 VBLPROCMAIN.CANTMOVE :      C1A560 C |  VBLPROCMAIN.IDLE :          C1A5B6 C |
 VBLPROCMAIN.INITSCROLL :    C1A420 C |  VBLPROCMAIN.LEFT :          C1A4B4 C |
 VBLPROCMAIN.LEFT_DONE :     C1A4BA C |  VBLPROCMAIN.NEEDFETCH :     C1A3CE C |
 VBLPROCMAIN.NOBGLOAD :      C1A488 C |  VBLPROCMAIN.NOCARDEVENT :   C1A262 C |
 VBLPROCMAIN.NOMSGBOX :      C1A366 C |  VBLPROCMAIN.NOREDRAW :      C1A2EC C |
 VBLPROCMAIN.NOREFRESH0 :    C1A282 C |  VBLPROCMAIN.NOREFRESH_CUR : C1A2F4 C |
 VBLPROCMAIN.NOSCROLL :      C1A46A C |  VBLPROCMAIN.NOSCROLLING :   C1A348 C |
*VBLPROCMAIN.NOTIMEOUT :     C1A5A6 C |  VBLPROCMAIN.NO_A :          C1A560 C |
 VBLPROCMAIN.NO_C :          C1A582 C |  VBLPROCMAIN.NO_D :          C1A5A6 C |
 VBLPROCMAIN.NO_LEFT :       C1A4CA C |  VBLPROCMAIN.NO_RIGHT :      C1A50C C |
 VBLPROCMAIN.READDATA :      C1A410 C |  VBLPROCMAIN.RIGHT :         C1A4F6 C |
 VBLPROCMAIN.RIGHT_DONE :    C1A4FC C |  VBLPROCMAIN.SCROLL :        C1A430 C |
 VBLPROCMAIN.SCROLLING :     C1A470 C |  VBLPROCMAIN.SHORTCOPY :     C1A3C2 C |
 VBLPROCMAIN.STREND :        C1A340 C |  VBLPROCMAIN.WRITE :         C1A330 C |
 VBLPROCMENU :               C1A6FE C |  VBLPROCMENU.NOREFRESH_CUR : C1A756 C |
 VBLPROCMENU.NO_A :          C1A7F4 C |  VBLPROCMENU.NO_B :          C1A816 C |
 VBLPROCMENU.NO_DOWN :       C1A7C2 C |  VBLPROCMENU.NO_UP :         C1A78A C |
 VBLPROCMSGBOX :             C1980C C |  VBLPROCMSGBOX.NOLOADING :   C1982C C |
 VBLPROCMSGBOX.NO_PUSH :     C19832 C |  VBLPROCNOTHING :            C19546 C |
 AS V1.42 Beta [Bld 311] - Source File main.asm - Page 182 - 9/11/2026 23:43:16


 VBLPROCSETTINGS :           C1AF08 C |  VBLPROCSETTINGS.BIT :       C1AF80 C |
 VBLPROCSETTINGS.DISABLEDA : C1B05A C |  VBLPROCSETTINGS.DISABLEDB : C1B094 C |
 VBLPROCSETTINGS.DISABLEDC : C1B128 C |
 VBLPROCSETTINGS.DRAWBITVALUES :                                     C1AF7E C |
 VBLPROCSETTINGS.FAST :      C1B184 C |  VBLPROCSETTINGS.NEW :       C1B162 C |
 VBLPROCSETTINGS.NOREFRESH_ANIM :                                    C1B196 C |
 VBLPROCSETTINGS.NOREFRESH_COUNTRY :                                 C1AFD6 C |
 VBLPROCSETTINGS.NOREFRESH_CUR :                                     C1B03C C |
 VBLPROCSETTINGS.NOREFRESH_DEVMODE :                                 C1B06C C |
 VBLPROCSETTINGS.NOREFRESH_DIPS :                                    C1AF96 C |
 VBLPROCSETTINGS.NOREFRESH_LED :                                     C1B100 C |
 VBLPROCSETTINGS.NOREFRESH_SFX :                                     C1B13A C |
 VBLPROCSETTINGS.NOREFRESH_SSAVER :                                  C1B0A6 C |
 VBLPROCSETTINGS.ZERO :      C1AF8C C |  VBLPROCSSAVER :             C19E06 C |
 VBLPROCSSAVER.ANIM :        C19E52 C |  VBLPROCSSAVER.NO_EXIT :     C19EBA C |
 VBLPROCSSAVER.NO_HIT_BOTTOM :                                       C19E88 C |
 VBLPROCSSAVER.NO_HIT_LEFT : C19E7E C |
 VBLPROCSSAVER.NO_HIT_RIGHT :                                        C19E74 C |
 VBLPROCSSAVER.NO_HIT_TOP :  C19E92 C |  VBLPROCSSAVER.SETSPRXY :    C19E10 C |
 VBLPROCSTORESAVE :          C1A8A8 C |  VBLPROCSTORESAVE.EXIT :     C1AAF0 C |
 VBLPROCSTORESAVE.KBD_A :    C1AB00 C |
 VBLPROCSTORESAVE.LOWERCASE :                                        C1AB34 C |
 VBLPROCSTORESAVE.NOREFRESH_CUR :                                    C1A936 C |
 VBLPROCSTORESAVE.NOREFRESH_FILENAME :                               C1A998 C |
 VBLPROCSTORESAVE.NOREFRESH_KBD :                                    C1A8D2 C |
 VBLPROCSTORESAVE.NO_A :     C1AB58 C |  VBLPROCSTORESAVE.NO_B :     C1AB94 C |
 VBLPROCSTORESAVE.NO_C :     C1ABB6 C |  VBLPROCSTORESAVE.NO_DOWN :  C1AA20 C |
 VBLPROCSTORESAVE.NO_LAST :  C1AA08 C |  VBLPROCSTORESAVE.NO_LAST2 : C1AA4E C |
 VBLPROCSTORESAVE.NO_LAST3 : C1AA94 C |  VBLPROCSTORESAVE.NO_LAST4 : C1AAA8 C |
 VBLPROCSTORESAVE.NO_LEFT :  C1AA66 C |  VBLPROCSTORESAVE.NO_RIGHT : C1AAAE C |
 VBLPROCSTORESAVE.NO_UP :    C1A9D2 C |  VBLPROCSTORESAVE.NO_ZERO :  C1A9CC C |
 VBLPROCSTORESAVE.NO_ZERO2 : C1AA60 C |
 VBLPROCSTORESAVE.STORESAVES :                                       C1AAE8 C |
 VBLVECTORCOPY :             11C298 C | *VERSION :                     142F - |
 VERSION_MAJ :                    0 - |  VERSION_MIN :                    C - |
 VERSION_MIN_ONES :               2 - |  VERSION_MIN_TENS :               1 - |
 WAITVBL :                   C1E4CE C |  WHITE :                       7FFF - |
 WRITEBYTE :                 C1E6FA C |  WRITEBYTE.DECI :            C1E718 C |
 WRITEBYTE.WRITEBYTE :       C1E700 C |  WRITEFIX :                  C1E528 C |
 WRITEFIX.CHANGEPAL :        C1E5A8 C |  WRITEFIX.DECI :             C1E624 C |
 WRITEFIX.DECI2 :            C1E65E C |  WRITEFIX.NOESCAPE :         C1E56A C |
 WRITEFIX.PICTO :            C1E5B8 C |  WRITEFIX.RELOC :            C1E5E6 C |
 WRITEFIX.RESTOREPAL :       C1E5A0 C |  WRITEFIX.SPECIAL :          C1E578 C |
 WRITEFIX.STREND :           C1E59A C |  WRITEFIX.VALUEBYTE :        C1E636 C |
 WRITEFIX.VALUELONG :        C1E5FA C |  WRITEFIX.WRITE :            C1E54C C |
 WRITEFIX.WRITEBYTE :        C1E64C C |  WRITEFIX.WRITELONG :        C1E612 C |
 WRITEFIXDICT :              C1E690 C |  WRITEFIXDICT.AWRITE :       C1E6C6 C |
 WRITEFIXDICT.CHAR :         C1E6D6 C |  WRITEFIXDICT.DONE :         C1E6F4 C |
 WRITEFIXDICT.PAD :          C1E6E4 C |  WRITEFIXDICT.STREND :       C1E6E0 C |
 WRITEFIXDICT.WRITE :        C1E6B0 C |  YELLOW :                      6FF0 - |

   1108 symbols
    130 unused symbols

 AS V1.42 Beta [Bld 311] - Source File main.asm - Page 183 - 9/11/2026 23:43:16


  Defined Macros:
  ---------------

DIIRQ                                 | ENDIAN_CHG_L                         
ENIRQ                                 | MCUCMD                               
TESTCHANGE                            | TESTREPEAT                           

      6 macros

 AS V1.42 Beta [Bld 311] - Source File main.asm - Page 184 - 9/11/2026 23:43:16


  Defined Structures/Unions:
  --------------------------

FILEENTRY
  0      (I16) INDEX
  2      (I8) FILENAME
 1C      (I8) RESERVED
1 structure
 AS V1.42 Beta [Bld 311] - Source File main.asm - Page 185 - 9/11/2026 23:43:16


  Defined Functions:
  ------------------

FIXPOS                                |

 AS V1.42 Beta [Bld 311] - Source File main.asm - Page 186 - 9/11/2026 23:43:16


  Code Pages:
  ----------

STANDARD (0 changed characters)

1 code page

0.29 seconds assembly time

   9411 lines source file
   9919 lines incl. macro expansions
      5 passes
      0 errors
      1 warning
